"REF_AREA_LABEL","INDICATOR_LABEL","TIME_PERIOD","OBS_VALUE"
"Afghanistan","Physicians (per 1,000 people)",1960,0.035
"Albania","Physicians (per 1,000 people)",1960,0.276
"Algeria","Physicians (per 1,000 people)",1960,0.173
"Angola","Physicians (per 1,000 people)",1960,0.067
"Antigua and Barbuda","Physicians (per 1,000 people)",1960,0.294
"Argentina","Physicians (per 1,000 people)",1960,1.351
"Austria","Physicians (per 1,000 people)",1960,1.2
"Bahamas, The","Physicians (per 1,000 people)",1960,0.496
"Bahrain","Physicians (per 1,000 people)",1960,0.45
"Barbados","Physicians (per 1,000 people)",1960,0.329
"Belgium","Physicians (per 1,000 people)",1960,1.3
"Belize","Physicians (per 1,000 people)",1960,0.242
"Benin","Physicians (per 1,000 people)",1960,0.04
"Bolivia","Physicians (per 1,000 people)",1960,0.267
"Botswana","Physicians (per 1,000 people)",1960,0.042
"Brazil","Physicians (per 1,000 people)",1960,0.374
"Bulgaria","Physicians (per 1,000 people)",1960,1.405
"Burkina Faso","Physicians (per 1,000 people)",1960,0.011
"Burundi","Physicians (per 1,000 people)",1960,0.01
"Cabo Verde","Physicians (per 1,000 people)",1960,0.077
"Cambodia","Physicians (per 1,000 people)",1960,0.028
"Cameroon","Physicians (per 1,000 people)",1960,0.034
"Central African Republic","Physicians (per 1,000 people)",1960,0.02
"Chad","Physicians (per 1,000 people)",1960,0.014
"Channel Islands","Physicians (per 1,000 people)",1960,1.019
"Chile","Physicians (per 1,000 people)",1960,0.559
"Colombia","Physicians (per 1,000 people)",1960,0.354
"Congo, Dem. Rep.","Physicians (per 1,000 people)",1960,0.015
"Congo, Rep.","Physicians (per 1,000 people)",1960,0.06
"Costa Rica","Physicians (per 1,000 people)",1960,0.391
"Cote d'Ivoire","Physicians (per 1,000 people)",1960,0.033
"Cuba","Physicians (per 1,000 people)",1960,0.946
"Djibouti","Physicians (per 1,000 people)",1960,0.157
"Dominica","Physicians (per 1,000 people)",1960,0.133
"Dominican Republic","Physicians (per 1,000 people)",1960,0.121
"Ecuador","Physicians (per 1,000 people)",1960,0.396
"Egypt, Arab Rep.","Physicians (per 1,000 people)",1960,0.391
"El Salvador","Physicians (per 1,000 people)",1960,0.187
"Equatorial Guinea","Physicians (per 1,000 people)",1960,0.167
"Eswatini","Physicians (per 1,000 people)",1960,0.104
"Ethiopia","Physicians (per 1,000 people)",1960,0.009
"Fiji","Physicians (per 1,000 people)",1960,0.495
"Gabon","Physicians (per 1,000 people)",1960,0.117
"Gambia, The","Physicians (per 1,000 people)",1960,0.043
"Ghana","Physicians (per 1,000 people)",1960,0.047
"Greece","Physicians (per 1,000 people)",1960,1.3
"Greenland","Physicians (per 1,000 people)",1960,1.169
"Grenada","Physicians (per 1,000 people)",1960,0.222
"Guatemala","Physicians (per 1,000 people)",1960,0.184
"Guinea","Physicians (per 1,000 people)",1960,0.036
"Guinea-Bissau","Physicians (per 1,000 people)",1960,0.045
"Guyana","Physicians (per 1,000 people)",1960,0.255
"Haiti","Physicians (per 1,000 people)",1960,0.105
"Honduras","Physicians (per 1,000 people)",1960,0.081
"Hong Kong SAR, China","Physicians (per 1,000 people)",1960,0.327
"Hungary","Physicians (per 1,000 people)",1960,1.5
"Iceland","Physicians (per 1,000 people)",1960,1.2
"India","Physicians (per 1,000 people)",1960,0.21
"Indonesia","Physicians (per 1,000 people)",1960,0.021
"Iran, Islamic Rep.","Physicians (per 1,000 people)",1960,0.244
"Iraq","Physicians (per 1,000 people)",1960,0.195
"Isle of Man","Physicians (per 1,000 people)",1960,0.248
"Israel","Physicians (per 1,000 people)",1960,2.472
"Jamaica","Physicians (per 1,000 people)",1960,0.386
"Japan","Physicians (per 1,000 people)",1960,1
"Jordan","Physicians (per 1,000 people)",1960,0.346
"Kenya","Physicians (per 1,000 people)",1960,0.092
"Kiribati","Physicians (per 1,000 people)",1960,0.541
"Kuwait","Physicians (per 1,000 people)",1960,0.871
"Lao PDR","Physicians (per 1,000 people)",1960,0.02
"Lebanon","Physicians (per 1,000 people)",1960,0.778
"Lesotho","Physicians (per 1,000 people)",1960,0.042
"Liberia","Physicians (per 1,000 people)",1960,0.077
"Libya","Physicians (per 1,000 people)",1960,0.152
"Luxembourg","Physicians (per 1,000 people)",1960,1
"Macao SAR, China","Physicians (per 1,000 people)",1960,0.41
"Madagascar","Physicians (per 1,000 people)",1960,0.115
"Malawi","Physicians (per 1,000 people)",1960,0.027
"Malaysia","Physicians (per 1,000 people)",1960,0.143
"Mali","Physicians (per 1,000 people)",1960,0.014
"Malta","Physicians (per 1,000 people)",1960,0.891
"Mauritania","Physicians (per 1,000 people)",1960,0.024
"Mauritius","Physicians (per 1,000 people)",1960,0.215
"Mongolia","Physicians (per 1,000 people)",1960,0.91
"Morocco","Physicians (per 1,000 people)",1960,0.106
"Mozambique","Physicians (per 1,000 people)",1960,0.043
"Myanmar","Physicians (per 1,000 people)",1960,0.065
"Nepal","Physicians (per 1,000 people)",1960,0.013
"Netherlands","Physicians (per 1,000 people)",1960,1.1
"Nicaragua","Physicians (per 1,000 people)",1960,0.34
"Niger","Physicians (per 1,000 people)",1960,0.011
"Nigeria","Physicians (per 1,000 people)",1960,0.017
"Norway","Physicians (per 1,000 people)",1960,1.2
"Oman","Physicians (per 1,000 people)",1960,0.03
"Pakistan","Physicians (per 1,000 people)",1960,0.185
"Panama","Physicians (per 1,000 people)",1960,0.356
"Paraguay","Physicians (per 1,000 people)",1960,0.534
"Peru","Physicians (per 1,000 people)",1960,0.51
"Philippines","Physicians (per 1,000 people)",1960,0.146
"Poland","Physicians (per 1,000 people)",1960,1
"Portugal","Physicians (per 1,000 people)",1960,0.8
"Romania","Physicians (per 1,000 people)",1960,1.269
"Rwanda","Physicians (per 1,000 people)",1960,0.008
"Samoa","Physicians (per 1,000 people)",1960,0.441
"Sao Tome and Principe","Physicians (per 1,000 people)",1960,0.3
"Saudi Arabia","Physicians (per 1,000 people)",1960,0.061
"Senegal","Physicians (per 1,000 people)",1960,0.044
"Seychelles","Physicians (per 1,000 people)",1960,0.312
"Sierra Leone","Physicians (per 1,000 people)",1960,0.047
"Singapore","Physicians (per 1,000 people)",1960,0.42
"Solomon Islands","Physicians (per 1,000 people)",1960,0.186
"Somalia","Physicians (per 1,000 people)",1960,0.024
"Sri Lanka","Physicians (per 1,000 people)",1960,0.223
"St. Kitts and Nevis","Physicians (per 1,000 people)",1960,0.235
"St. Lucia","Physicians (per 1,000 people)",1960,0.139
"St. Vincent and the Grenadines","Physicians (per 1,000 people)",1960,0.1
"Sudan","Physicians (per 1,000 people)",1960,0.03
"Suriname","Physicians (per 1,000 people)",1960,0.51
"Sweden","Physicians (per 1,000 people)",1960,1
"Switzerland","Physicians (per 1,000 people)",1960,1.4
"Syrian Arab Republic","Physicians (per 1,000 people)",1960,0.216
"Tanzania","Physicians (per 1,000 people)",1960,0.055
"Thailand","Physicians (per 1,000 people)",1960,0.129
"Togo","Physicians (per 1,000 people)",1960,0.021
"Tonga","Physicians (per 1,000 people)",1960,0.375
"Trinidad and Tobago","Physicians (per 1,000 people)",1960,0.418
"Tunisia","Physicians (per 1,000 people)",1960,0.1
"Turkiye","Physicians (per 1,000 people)",1960,0.3
"Uganda","Physicians (per 1,000 people)",1960,0.074
"United Kingdom","Physicians (per 1,000 people)",1960,0.8
"United States","Physicians (per 1,000 people)",1960,1.1
"Uruguay","Physicians (per 1,000 people)",1960,1.064
"Vanuatu","Physicians (per 1,000 people)",1960,0.277
"Venezuela, RB","Physicians (per 1,000 people)",1960,0.666
"Yemen, Rep.","Physicians (per 1,000 people)",1960,0.023
"Zambia","Physicians (per 1,000 people)",1960,0.107
"Zimbabwe","Physicians (per 1,000 people)",1960,0.202
"Australia","Physicians (per 1,000 people)",1961,1.1
"Austria","Physicians (per 1,000 people)",1961,1.4
"Belgium","Physicians (per 1,000 people)",1961,1.3
"Canada","Physicians (per 1,000 people)",1961,1.1
"Greece","Physicians (per 1,000 people)",1961,1.2
"Hungary","Physicians (per 1,000 people)",1961,1.6
"Iceland","Physicians (per 1,000 people)",1961,1.2
"Japan","Physicians (per 1,000 people)",1961,1
"Luxembourg","Physicians (per 1,000 people)",1961,1
"Netherlands","Physicians (per 1,000 people)",1961,1.1
"New Zealand","Physicians (per 1,000 people)",1961,1.1
"Poland","Physicians (per 1,000 people)",1961,1
"Portugal","Physicians (per 1,000 people)",1961,0.8
"Sweden","Physicians (per 1,000 people)",1961,1
"Switzerland","Physicians (per 1,000 people)",1961,1.4
"Tanzania","Physicians (per 1,000 people)",1961,0.04
"Turkiye","Physicians (per 1,000 people)",1961,0.3
"United Kingdom","Physicians (per 1,000 people)",1961,0.9
"Austria","Physicians (per 1,000 people)",1962,1.4
"Belgium","Physicians (per 1,000 people)",1962,1.4
"Canada","Physicians (per 1,000 people)",1962,1.2
"Greece","Physicians (per 1,000 people)",1962,1.3
"Hungary","Physicians (per 1,000 people)",1962,1.7
"Iceland","Physicians (per 1,000 people)",1962,1.2
"Japan","Physicians (per 1,000 people)",1962,1
"Luxembourg","Physicians (per 1,000 people)",1962,1
"Netherlands","Physicians (per 1,000 people)",1962,1.1
"Norway","Physicians (per 1,000 people)",1962,1.2
"Poland","Physicians (per 1,000 people)",1962,1.1
"Portugal","Physicians (per 1,000 people)",1962,0.9
"Sweden","Physicians (per 1,000 people)",1962,1
"Switzerland","Physicians (per 1,000 people)",1962,1.4
"Turkiye","Physicians (per 1,000 people)",1962,0.4
"United Kingdom","Physicians (per 1,000 people)",1962,0.9
"Austria","Physicians (per 1,000 people)",1963,1.4
"Belgium","Physicians (per 1,000 people)",1963,1.4
"Canada","Physicians (per 1,000 people)",1963,1.3
"Greece","Physicians (per 1,000 people)",1963,1.3
"Hungary","Physicians (per 1,000 people)",1963,1.7
"Iceland","Physicians (per 1,000 people)",1963,1.2
"Japan","Physicians (per 1,000 people)",1963,1
"Luxembourg","Physicians (per 1,000 people)",1963,1
"Netherlands","Physicians (per 1,000 people)",1963,1.1
"Norway","Physicians (per 1,000 people)",1963,1.1
"Poland","Physicians (per 1,000 people)",1963,1.1
"Portugal","Physicians (per 1,000 people)",1963,0.8
"Sweden","Physicians (per 1,000 people)",1963,1
"Switzerland","Physicians (per 1,000 people)",1963,1.4
"Turkiye","Physicians (per 1,000 people)",1963,0.4
"United Kingdom","Physicians (per 1,000 people)",1963,0.9
"Austria","Physicians (per 1,000 people)",1964,1.4
"Belgium","Physicians (per 1,000 people)",1964,1.4
"Canada","Physicians (per 1,000 people)",1964,1.3
"Greece","Physicians (per 1,000 people)",1964,1.4
"Hungary","Physicians (per 1,000 people)",1964,1.8
"Iceland","Physicians (per 1,000 people)",1964,1.2
"Japan","Physicians (per 1,000 people)",1964,1
"Luxembourg","Physicians (per 1,000 people)",1964,1
"Netherlands","Physicians (per 1,000 people)",1964,1.1
"Norway","Physicians (per 1,000 people)",1964,1.2
"Poland","Physicians (per 1,000 people)",1964,1.2
"Portugal","Physicians (per 1,000 people)",1964,0.8
"Sweden","Physicians (per 1,000 people)",1964,1.1
"Switzerland","Physicians (per 1,000 people)",1964,1.4
"Turkiye","Physicians (per 1,000 people)",1964,0.3
"United Kingdom","Physicians (per 1,000 people)",1964,0.9
"Afghanistan","Physicians (per 1,000 people)",1965,0.063
"Albania","Physicians (per 1,000 people)",1965,0.481
"Algeria","Physicians (per 1,000 people)",1965,0.116
"Angola","Physicians (per 1,000 people)",1965,0.076
"Argentina","Physicians (per 1,000 people)",1965,1.667
"Austria","Physicians (per 1,000 people)",1965,1.4
"Bangladesh","Physicians (per 1,000 people)",1965,0.123
"Belgium","Physicians (per 1,000 people)",1965,1.5
"Benin","Physicians (per 1,000 people)",1965,0.03
"Bolivia","Physicians (per 1,000 people)",1965,0.311
"Botswana","Physicians (per 1,000 people)",1965,0.036
"Brazil","Physicians (per 1,000 people)",1965,0.4
"Bulgaria","Physicians (per 1,000 people)",1965,1.667
"Burkina Faso","Physicians (per 1,000 people)",1965,0.014
"Burundi","Physicians (per 1,000 people)",1965,0.017
"Cambodia","Physicians (per 1,000 people)",1965,0.045
"Cameroon","Physicians (per 1,000 people)",1965,0.037
"Canada","Physicians (per 1,000 people)",1965,1.3
"Central African Republic","Physicians (per 1,000 people)",1965,0.03
"Chad","Physicians (per 1,000 people)",1965,0.014
"Chile","Physicians (per 1,000 people)",1965,0.473
"China","Physicians (per 1,000 people)",1965,1.07
"Colombia","Physicians (per 1,000 people)",1965,0.377
"Congo, Dem. Rep.","Physicians (per 1,000 people)",1965,0.028
"Congo, Rep.","Physicians (per 1,000 people)",1965,0.068
"Costa Rica","Physicians (per 1,000 people)",1965,0.517
"Cote d'Ivoire","Physicians (per 1,000 people)",1965,0.048
"Cuba","Physicians (per 1,000 people)",1965,0.876
"Dominican Republic","Physicians (per 1,000 people)",1965,0.588
"Ecuador","Physicians (per 1,000 people)",1965,0.335
"Egypt, Arab Rep.","Physicians (per 1,000 people)",1965,0.435
"Ethiopia","Physicians (per 1,000 people)",1965,0.014
"Ghana","Physicians (per 1,000 people)",1965,0.073
"Greece","Physicians (per 1,000 people)",1965,1.4
"Guatemala","Physicians (per 1,000 people)",1965,0.271
"Guinea","Physicians (per 1,000 people)",1965,0.022
"Haiti","Physicians (per 1,000 people)",1965,0.07
"Honduras","Physicians (per 1,000 people)",1965,0.19
"Hong Kong SAR, China","Physicians (per 1,000 people)",1965,0.396
"Hungary","Physicians (per 1,000 people)",1965,1.9
"Iceland","Physicians (per 1,000 people)",1965,1.2
"India","Physicians (per 1,000 people)",1965,0.205
"Indonesia","Physicians (per 1,000 people)",1965,0.032
"Iran, Islamic Rep.","Physicians (per 1,000 people)",1965,0.257
"Iraq","Physicians (per 1,000 people)",1965,0.2
"Isle of Man","Physicians (per 1,000 people)",1965,0.26
"Israel","Physicians (per 1,000 people)",1965,2.5
"Jamaica","Physicians (per 1,000 people)",1965,0.502
"Japan","Physicians (per 1,000 people)",1965,1
"Jordan","Physicians (per 1,000 people)",1965,0.37
"Kenya","Physicians (per 1,000 people)",1965,0.075
"Kuwait","Physicians (per 1,000 people)",1965,1.263
"Lao PDR","Physicians (per 1,000 people)",1965,0.041
"Lebanon","Physicians (per 1,000 people)",1965,0.938
"Lesotho","Physicians (per 1,000 people)",1965,0.048
"Liberia","Physicians (per 1,000 people)",1965,0.08
"Libya","Physicians (per 1,000 people)",1965,0.259
"Luxembourg","Physicians (per 1,000 people)",1965,1
"Madagascar","Physicians (per 1,000 people)",1965,0.093
"Malawi","Physicians (per 1,000 people)",1965,0.021
"Malaysia","Physicians (per 1,000 people)",1965,0.161
"Mali","Physicians (per 1,000 people)",1965,0.019
"Mauritania","Physicians (per 1,000 people)",1965,0.027
"Mauritius","Physicians (per 1,000 people)",1965,0.255
"Mongolia","Physicians (per 1,000 people)",1965,1.378
"Morocco","Physicians (per 1,000 people)",1965,0.082
"Mozambique","Physicians (per 1,000 people)",1965,0.056
"Myanmar","Physicians (per 1,000 people)",1965,0.085
"Nepal","Physicians (per 1,000 people)",1965,0.021
"Netherlands","Physicians (per 1,000 people)",1965,1.2
"Nicaragua","Physicians (per 1,000 people)",1965,0.378
"Niger","Physicians (per 1,000 people)",1965,0.016
"Nigeria","Physicians (per 1,000 people)",1965,0.043
"Norway","Physicians (per 1,000 people)",1965,1.3
"Oman","Physicians (per 1,000 people)",1965,0.038
"Panama","Physicians (per 1,000 people)",1965,0.478
"Papua New Guinea","Physicians (per 1,000 people)",1965,0.079
"Paraguay","Physicians (per 1,000 people)",1965,0.533
"Peru","Physicians (per 1,000 people)",1965,0.605
"Poland","Physicians (per 1,000 people)",1965,1.2
"Portugal","Physicians (per 1,000 people)",1965,0.9
"Romania","Physicians (per 1,000 people)",1965,1.316
"Rwanda","Physicians (per 1,000 people)",1965,0.014
"Saudi Arabia","Physicians (per 1,000 people)",1965,0.106
"Senegal","Physicians (per 1,000 people)",1965,0.051
"Sierra Leone","Physicians (per 1,000 people)",1965,0.059
"Singapore","Physicians (per 1,000 people)",1965,0.526
"Somalia","Physicians (per 1,000 people)",1965,0.027
"South Africa","Physicians (per 1,000 people)",1965,0.488
"Sri Lanka","Physicians (per 1,000 people)",1965,0.172
"Sudan","Physicians (per 1,000 people)",1965,0.041
"Sweden","Physicians (per 1,000 people)",1965,1.1
"Switzerland","Physicians (per 1,000 people)",1965,1.4
"Syrian Arab Republic","Physicians (per 1,000 people)",1965,0.185
"Tanzania","Physicians (per 1,000 people)",1965,0.045
"Thailand","Physicians (per 1,000 people)",1965,0.14
"Togo","Physicians (per 1,000 people)",1965,0.043
"Trinidad and Tobago","Physicians (per 1,000 people)",1965,0.262
"Tunisia","Physicians (per 1,000 people)",1965,0.125
"Turkiye","Physicians (per 1,000 people)",1965,0.4
"Uganda","Physicians (per 1,000 people)",1965,0.09
"United Kingdom","Physicians (per 1,000 people)",1965,0.9
"United States","Physicians (per 1,000 people)",1965,1.2
"Uruguay","Physicians (per 1,000 people)",1965,1.136
"Venezuela, RB","Physicians (per 1,000 people)",1965,0.815
"Yemen, Rep.","Physicians (per 1,000 people)",1965,0.032
"Zambia","Physicians (per 1,000 people)",1965,0.088
"Zimbabwe","Physicians (per 1,000 people)",1965,0.125
"Australia","Physicians (per 1,000 people)",1966,1.2
"Austria","Physicians (per 1,000 people)",1966,1.4
"Belgium","Physicians (per 1,000 people)",1966,1.5
"Canada","Physicians (per 1,000 people)",1966,1.3
"China","Physicians (per 1,000 people)",1966,0.96
"Greece","Physicians (per 1,000 people)",1966,1.4
"Hungary","Physicians (per 1,000 people)",1966,1.9
"Iceland","Physicians (per 1,000 people)",1966,1.2
"Japan","Physicians (per 1,000 people)",1966,1
"Luxembourg","Physicians (per 1,000 people)",1966,1
"Netherlands","Physicians (per 1,000 people)",1966,1.2
"New Zealand","Physicians (per 1,000 people)",1966,1.1
"Norway","Physicians (per 1,000 people)",1966,1.3
"Poland","Physicians (per 1,000 people)",1966,1.3
"Portugal","Physicians (per 1,000 people)",1966,0.9
"Sweden","Physicians (per 1,000 people)",1966,1.1
"Switzerland","Physicians (per 1,000 people)",1966,1.4
"Turkiye","Physicians (per 1,000 people)",1966,0.4
"United Kingdom","Physicians (per 1,000 people)",1966,0.9
"Austria","Physicians (per 1,000 people)",1967,1.4
"Belgium","Physicians (per 1,000 people)",1967,1.5
"Canada","Physicians (per 1,000 people)",1967,1.3
"China","Physicians (per 1,000 people)",1967,0.94
"Greece","Physicians (per 1,000 people)",1967,1.5
"Hungary","Physicians (per 1,000 people)",1967,2
"Iceland","Physicians (per 1,000 people)",1967,1.2
"Japan","Physicians (per 1,000 people)",1967,1
"Luxembourg","Physicians (per 1,000 people)",1967,1
"Netherlands","Physicians (per 1,000 people)",1967,1.2
"Norway","Physicians (per 1,000 people)",1967,1.3
"Poland","Physicians (per 1,000 people)",1967,1.3
"Portugal","Physicians (per 1,000 people)",1967,0.9
"Sweden","Physicians (per 1,000 people)",1967,1.2
"Switzerland","Physicians (per 1,000 people)",1967,1.4
"Turkiye","Physicians (per 1,000 people)",1967,0.4
"United Kingdom","Physicians (per 1,000 people)",1967,0.9
"Austria","Physicians (per 1,000 people)",1968,1.4
"Belgium","Physicians (per 1,000 people)",1968,1.6
"Canada","Physicians (per 1,000 people)",1968,1.3
"China","Physicians (per 1,000 people)",1968,0.91
"Greece","Physicians (per 1,000 people)",1968,1.5
"Hungary","Physicians (per 1,000 people)",1968,1.9
"Iceland","Physicians (per 1,000 people)",1968,1.3
"Japan","Physicians (per 1,000 people)",1968,1
"Luxembourg","Physicians (per 1,000 people)",1968,1.1
"Netherlands","Physicians (per 1,000 people)",1968,1.2
"Norway","Physicians (per 1,000 people)",1968,1.4
"Poland","Physicians (per 1,000 people)",1968,1.4
"Portugal","Physicians (per 1,000 people)",1968,1
"Sweden","Physicians (per 1,000 people)",1968,1.2
"Switzerland","Physicians (per 1,000 people)",1968,1.4
"Turkiye","Physicians (per 1,000 people)",1968,0.4
"United Kingdom","Physicians (per 1,000 people)",1968,0.9
"Austria","Physicians (per 1,000 people)",1969,1.4
"Belgium","Physicians (per 1,000 people)",1969,1.6
"Canada","Physicians (per 1,000 people)",1969,1.4
"China","Physicians (per 1,000 people)",1969,0.88
"Greece","Physicians (per 1,000 people)",1969,1.6
"Hungary","Physicians (per 1,000 people)",1969,2
"Iceland","Physicians (per 1,000 people)",1969,1.3
"Japan","Physicians (per 1,000 people)",1969,1.1
"Luxembourg","Physicians (per 1,000 people)",1969,1.1
"Netherlands","Physicians (per 1,000 people)",1969,1.2
"Norway","Physicians (per 1,000 people)",1969,1.4
"Poland","Physicians (per 1,000 people)",1969,1.4
"Portugal","Physicians (per 1,000 people)",1969,0.9
"Sweden","Physicians (per 1,000 people)",1969,1.3
"Switzerland","Physicians (per 1,000 people)",1969,1.5
"Turkiye","Physicians (per 1,000 people)",1969,0.4
"United Kingdom","Physicians (per 1,000 people)",1969,0.9
"Afghanistan","Physicians (per 1,000 people)",1970,0.065
"Albania","Physicians (per 1,000 people)",1970,0.739
"Algeria","Physicians (per 1,000 people)",1970,0.123
"Angola","Physicians (per 1,000 people)",1970,0.116
"Antigua and Barbuda","Physicians (per 1,000 people)",1970,0.349
"Argentina","Physicians (per 1,000 people)",1970,1.892
"Austria","Physicians (per 1,000 people)",1970,1.4
"Bahamas, The","Physicians (per 1,000 people)",1970,0.76
"Bahrain","Physicians (per 1,000 people)",1970,0.429
"Bangladesh","Physicians (per 1,000 people)",1970,0.119
"Barbados","Physicians (per 1,000 people)",1970,0.523
"Belize","Physicians (per 1,000 people)",1970,0.342
"Benin","Physicians (per 1,000 people)",1970,0.034
"Bolivia","Physicians (per 1,000 people)",1970,0.509
"Botswana","Physicians (per 1,000 people)",1970,0.064
"Brazil","Physicians (per 1,000 people)",1970,0.492
"Brunei Darussalam","Physicians (per 1,000 people)",1970,0.3
"Bulgaria","Physicians (per 1,000 people)",1970,1.863
"Burkina Faso","Physicians (per 1,000 people)",1970,0.01
"Burundi","Physicians (per 1,000 people)",1970,0.017
"Cabo Verde","Physicians (per 1,000 people)",1970,0.082
"Cambodia","Physicians (per 1,000 people)",1970,0.062
"Cameroon","Physicians (per 1,000 people)",1970,0.034
"Canada","Physicians (per 1,000 people)",1970,1.4
"Central African Republic","Physicians (per 1,000 people)",1970,0.023
"Chad","Physicians (per 1,000 people)",1970,0.016
"Channel Islands","Physicians (per 1,000 people)",1970,1.2
"Chile","Physicians (per 1,000 people)",1970,0.463
"China","Physicians (per 1,000 people)",1970,0.86
"Colombia","Physicians (per 1,000 people)",1970,0.42
"Congo, Dem. Rep.","Physicians (per 1,000 people)",1970,0.035
"Congo, Rep.","Physicians (per 1,000 people)",1970,0.101
"Costa Rica","Physicians (per 1,000 people)",1970,0.614
"Cote d'Ivoire","Physicians (per 1,000 people)",1970,0.064
"Cuba","Physicians (per 1,000 people)",1970,0.822
"Czechia","Physicians (per 1,000 people)",1970,1.8
"Djibouti","Physicians (per 1,000 people)",1970,0.284
"Dominica","Physicians (per 1,000 people)",1970,0.161
"Ecuador","Physicians (per 1,000 people)",1970,0.348
"Egypt, Arab Rep.","Physicians (per 1,000 people)",1970,0.527
"El Salvador","Physicians (per 1,000 people)",1970,0.243
"Equatorial Guinea","Physicians (per 1,000 people)",1970,0.086
"Eswatini","Physicians (per 1,000 people)",1970,0.124
"Ethiopia","Physicians (per 1,000 people)",1970,0.012
"Fiji","Physicians (per 1,000 people)",1970,0.471
"France","Physicians (per 1,000 people)",1970,1.2
"Gabon","Physicians (per 1,000 people)",1970,0.191
"Gambia, The","Physicians (per 1,000 people)",1970,0.041
"Georgia","Physicians (per 1,000 people)",1970,3.2
"Ghana","Physicians (per 1,000 people)",1970,0.078
"Greece","Physicians (per 1,000 people)",1970,1.6
"Greenland","Physicians (per 1,000 people)",1970,0.905
"Grenada","Physicians (per 1,000 people)",1970,0.346
"Guatemala","Physicians (per 1,000 people)",1970,0.274
"Guinea","Physicians (per 1,000 people)",1970,0.02
"Guinea-Bissau","Physicians (per 1,000 people)",1970,0.052
"Guyana","Physicians (per 1,000 people)",1970,0.235
"Haiti","Physicians (per 1,000 people)",1970,0.08
"Honduras","Physicians (per 1,000 people)",1970,0.269
"Hong Kong SAR, China","Physicians (per 1,000 people)",1970,0.663
"Hungary","Physicians (per 1,000 people)",1970,2
"Iceland","Physicians (per 1,000 people)",1970,1.4
"India","Physicians (per 1,000 people)",1970,0.205
"Indonesia","Physicians (per 1,000 people)",1970,0.037
"Iran, Islamic Rep.","Physicians (per 1,000 people)",1970,0.306
"Iraq","Physicians (per 1,000 people)",1970,0.309
"Isle of Man","Physicians (per 1,000 people)",1970,0.308
"Israel","Physicians (per 1,000 people)",1970,2.881
"Jamaica","Physicians (per 1,000 people)",1970,0.38
"Japan","Physicians (per 1,000 people)",1970,1.1
"Jordan","Physicians (per 1,000 people)",1970,0.404
"Kenya","Physicians (per 1,000 people)",1970,0.125
"Kiribati","Physicians (per 1,000 people)",1970,0.613
"Kuwait","Physicians (per 1,000 people)",1970,0.954
"Lao PDR","Physicians (per 1,000 people)",1970,0.066
"Lebanon","Physicians (per 1,000 people)",1970,0.726
"Lesotho","Physicians (per 1,000 people)",1970,0.032
"Liberia","Physicians (per 1,000 people)",1970,0.079
"Libya","Physicians (per 1,000 people)",1970,0.368
"Luxembourg","Physicians (per 1,000 people)",1970,1.1
"Macao SAR, China","Physicians (per 1,000 people)",1970,0.634
"Madagascar","Physicians (per 1,000 people)",1970,0.097
"Malawi","Physicians (per 1,000 people)",1970,0.013
"Malaysia","Physicians (per 1,000 people)",1970,0.232
"Maldives","Physicians (per 1,000 people)",1970,0.033
"Mali","Physicians (per 1,000 people)",1970,0.023
"Malta","Physicians (per 1,000 people)",1970,1.072
"Mauritania","Physicians (per 1,000 people)",1970,0.056
"Mauritius","Physicians (per 1,000 people)",1970,0.24
"Monaco","Physicians (per 1,000 people)",1970,2.4
"Mongolia","Physicians (per 1,000 people)",1970,1.729
"Morocco","Physicians (per 1,000 people)",1970,0.076
"Mozambique","Physicians (per 1,000 people)",1970,0.053
"Myanmar","Physicians (per 1,000 people)",1970,0.114
"Nepal","Physicians (per 1,000 people)",1970,0.019
"Netherlands","Physicians (per 1,000 people)",1970,1.2
"Nicaragua","Physicians (per 1,000 people)",1970,0.453
"Niger","Physicians (per 1,000 people)",1970,0.017
"Nigeria","Physicians (per 1,000 people)",1970,0.05
"North Macedonia","Physicians (per 1,000 people)",1970,0.89
"Norway","Physicians (per 1,000 people)",1970,1.4
"Pakistan","Physicians (per 1,000 people)",1970,0.232
"Panama","Physicians (per 1,000 people)",1970,0.613
"Papua New Guinea","Physicians (per 1,000 people)",1970,0.086
"Paraguay","Physicians (per 1,000 people)",1970,0.435
"Peru","Physicians (per 1,000 people)",1970,0.521
"Philippines","Physicians (per 1,000 people)",1970,0.111
"Poland","Physicians (per 1,000 people)",1970,1.4
"Portugal","Physicians (per 1,000 people)",1970,0.9
"Qatar","Physicians (per 1,000 people)",1970,0.513
"Romania","Physicians (per 1,000 people)",1970,1.185
"Rwanda","Physicians (per 1,000 people)",1970,0.017
"Samoa","Physicians (per 1,000 people)",1970,0.35
"Sao Tome and Principe","Physicians (per 1,000 people)",1970,0.233
"Saudi Arabia","Physicians (per 1,000 people)",1970,0.134
"Senegal","Physicians (per 1,000 people)",1970,0.063
"Seychelles","Physicians (per 1,000 people)",1970,0.224
"Sierra Leone","Physicians (per 1,000 people)",1970,0.056
"Singapore","Physicians (per 1,000 people)",1970,0.657
"Solomon Islands","Physicians (per 1,000 people)",1970,0.205
"Somalia","Physicians (per 1,000 people)",1970,0.037
"Sri Lanka","Physicians (per 1,000 people)",1970,0.169
"St. Kitts and Nevis","Physicians (per 1,000 people)",1970,0.312
"St. Lucia","Physicians (per 1,000 people)",1970,0.187
"St. Vincent and the Grenadines","Physicians (per 1,000 people)",1970,0.182
"Sudan","Physicians (per 1,000 people)",1970,0.068
"Suriname","Physicians (per 1,000 people)",1970,0.465
"Sweden","Physicians (per 1,000 people)",1970,1.3
"Switzerland","Physicians (per 1,000 people)",1970,1.5
"Syrian Arab Republic","Physicians (per 1,000 people)",1970,0.259
"Tanzania","Physicians (per 1,000 people)",1970,0.044
"Thailand","Physicians (per 1,000 people)",1970,0.121
"Togo","Physicians (per 1,000 people)",1970,0.035
"Tonga","Physicians (per 1,000 people)",1970,0.256
"Trinidad and Tobago","Physicians (per 1,000 people)",1970,0.445
"Tunisia","Physicians (per 1,000 people)",1970,0.169
"Uganda","Physicians (per 1,000 people)",1970,0.108
"United Arab Emirates","Physicians (per 1,000 people)",1970,0.909
"United Kingdom","Physicians (per 1,000 people)",1970,0.9
"United States","Physicians (per 1,000 people)",1970,1.2
"Uruguay","Physicians (per 1,000 people)",1970,1.093
"Vanuatu","Physicians (per 1,000 people)",1970,0.301
"Venezuela, RB","Physicians (per 1,000 people)",1970,0.883
"Yemen, Rep.","Physicians (per 1,000 people)",1970,0.029
"Zambia","Physicians (per 1,000 people)",1970,0.073
"Zimbabwe","Physicians (per 1,000 people)",1970,0.162
"Albania","Physicians (per 1,000 people)",1971,0.911
"Australia","Physicians (per 1,000 people)",1971,1.2
"Austria","Physicians (per 1,000 people)",1971,1.4
"Belgium","Physicians (per 1,000 people)",1971,1.5
"Bulgaria","Physicians (per 1,000 people)",1971,1.896
"Canada","Physicians (per 1,000 people)",1971,1.5
"China","Physicians (per 1,000 people)",1971,0.85
"Czechia","Physicians (per 1,000 people)",1971,1.9
"France","Physicians (per 1,000 people)",1971,1.3
"Georgia","Physicians (per 1,000 people)",1971,3.3
"Greece","Physicians (per 1,000 people)",1971,1.7
"Hungary","Physicians (per 1,000 people)",1971,2.1
"Iceland","Physicians (per 1,000 people)",1971,1.5
"Israel","Physicians (per 1,000 people)",1971,2.974
"Japan","Physicians (per 1,000 people)",1971,1.1
"Luxembourg","Physicians (per 1,000 people)",1971,1.2
"Malta","Physicians (per 1,000 people)",1971,1.026
"Monaco","Physicians (per 1,000 people)",1971,1.958
"Netherlands","Physicians (per 1,000 people)",1971,1.3
"New Zealand","Physicians (per 1,000 people)",1971,1.1
"North Macedonia","Physicians (per 1,000 people)",1971,0.919
"Norway","Physicians (per 1,000 people)",1971,1.5
"Poland","Physicians (per 1,000 people)",1971,1.5
"Portugal","Physicians (per 1,000 people)",1971,1
"Romania","Physicians (per 1,000 people)",1971,1.208
"Sweden","Physicians (per 1,000 people)",1971,1.4
"Switzerland","Physicians (per 1,000 people)",1971,1.6
"United Kingdom","Physicians (per 1,000 people)",1971,1
"Albania","Physicians (per 1,000 people)",1972,0.845
"Austria","Physicians (per 1,000 people)",1972,1.4
"Belgium","Physicians (per 1,000 people)",1972,1.6
"Bulgaria","Physicians (per 1,000 people)",1972,1.985
"Canada","Physicians (per 1,000 people)",1972,1.6
"China","Physicians (per 1,000 people)",1972,0.86
"Czechia","Physicians (per 1,000 people)",1972,1.9
"France","Physicians (per 1,000 people)",1972,1.3
"Georgia","Physicians (per 1,000 people)",1972,3.32
"Greece","Physicians (per 1,000 people)",1972,1.7
"Hungary","Physicians (per 1,000 people)",1972,2.1
"Iceland","Physicians (per 1,000 people)",1972,1.6
"Israel","Physicians (per 1,000 people)",1972,3.156
"Japan","Physicians (per 1,000 people)",1972,1.1
"Luxembourg","Physicians (per 1,000 people)",1972,1.2
"Monaco","Physicians (per 1,000 people)",1972,2.208
"Netherlands","Physicians (per 1,000 people)",1972,1.4
"North Macedonia","Physicians (per 1,000 people)",1972,0.953
"Norway","Physicians (per 1,000 people)",1972,1.5
"Poland","Physicians (per 1,000 people)",1972,1.5
"Portugal","Physicians (per 1,000 people)",1972,1
"Sweden","Physicians (per 1,000 people)",1972,1.5
"Switzerland","Physicians (per 1,000 people)",1972,1.6
"United Kingdom","Physicians (per 1,000 people)",1972,1
"Austria","Physicians (per 1,000 people)",1973,1.4
"Belgium","Physicians (per 1,000 people)",1973,1.7
"Bulgaria","Physicians (per 1,000 people)",1973,2.042
"Canada","Physicians (per 1,000 people)",1973,1.6
"China","Physicians (per 1,000 people)",1973,0.89
"Czechia","Physicians (per 1,000 people)",1973,1.9
"France","Physicians (per 1,000 people)",1973,1.4
"Georgia","Physicians (per 1,000 people)",1973,3.4
"Greece","Physicians (per 1,000 people)",1973,1.9
"Hungary","Physicians (per 1,000 people)",1973,2.2
"Iceland","Physicians (per 1,000 people)",1973,1.6
"Israel","Physicians (per 1,000 people)",1973,3.304
"Japan","Physicians (per 1,000 people)",1973,1.1
"Luxembourg","Physicians (per 1,000 people)",1973,1.2
"Monaco","Physicians (per 1,000 people)",1973,2.25
"Netherlands","Physicians (per 1,000 people)",1973,1.4
"New Zealand","Physicians (per 1,000 people)",1973,1.2
"North Macedonia","Physicians (per 1,000 people)",1973,1.012
"Norway","Physicians (per 1,000 people)",1973,1.6
"Papua New Guinea","Physicians (per 1,000 people)",1973,0.056
"Poland","Physicians (per 1,000 people)",1973,1.5
"Portugal","Physicians (per 1,000 people)",1973,1.1
"Romania","Physicians (per 1,000 people)",1973,1.242
"Sweden","Physicians (per 1,000 people)",1973,1.5
"Switzerland","Physicians (per 1,000 people)",1973,1.7
"United Kingdom","Physicians (per 1,000 people)",1973,1.1
"Austria","Physicians (per 1,000 people)",1974,1.4
"Belgium","Physicians (per 1,000 people)",1974,1.8
"Bulgaria","Physicians (per 1,000 people)",1974,2.102
"Canada","Physicians (per 1,000 people)",1974,1.6
"China","Physicians (per 1,000 people)",1974,0.92
"Czechia","Physicians (per 1,000 people)",1974,2
"France","Physicians (per 1,000 people)",1974,1.4
"Georgia","Physicians (per 1,000 people)",1974,3.475
"Greece","Physicians (per 1,000 people)",1974,2
"Hungary","Physicians (per 1,000 people)",1974,2.2
"Iceland","Physicians (per 1,000 people)",1974,1.7
"Japan","Physicians (per 1,000 people)",1974,1.1
"Luxembourg","Physicians (per 1,000 people)",1974,1.2
"Monaco","Physicians (per 1,000 people)",1974,2.375
"Netherlands","Physicians (per 1,000 people)",1974,1.5
"North Macedonia","Physicians (per 1,000 people)",1974,1.025
"Norway","Physicians (per 1,000 people)",1974,1.7
"Poland","Physicians (per 1,000 people)",1974,1.6
"Portugal","Physicians (per 1,000 people)",1974,1.2
"Sweden","Physicians (per 1,000 people)",1974,1.6
"Switzerland","Physicians (per 1,000 people)",1974,1.8
"United Kingdom","Physicians (per 1,000 people)",1974,1.1
"Venezuela, RB","Physicians (per 1,000 people)",1974,0.904
"Argentina","Physicians (per 1,000 people)",1975,1.869
"Austria","Physicians (per 1,000 people)",1975,1.5
"Belgium","Physicians (per 1,000 people)",1975,1.9
"Bolivia","Physicians (per 1,000 people)",1975,0.49
"Botswana","Physicians (per 1,000 people)",1975,0.133
"Brazil","Physicians (per 1,000 people)",1975,0.624
"Bulgaria","Physicians (per 1,000 people)",1975,2.152
"Burundi","Physicians (per 1,000 people)",1975,0.012
"Cameroon","Physicians (per 1,000 people)",1975,0.072
"Canada","Physicians (per 1,000 people)",1975,1.7
"China","Physicians (per 1,000 people)",1975,0.96
"Congo, Dem. Rep.","Physicians (per 1,000 people)",1975,0.036
"Czechia","Physicians (per 1,000 people)",1975,2
"Dominican Republic","Physicians (per 1,000 people)",1975,0.435
"Ecuador","Physicians (per 1,000 people)",1975,0.351
"Egypt, Arab Rep.","Physicians (per 1,000 people)",1975,0.536
"El Salvador","Physicians (per 1,000 people)",1975,0.242
"Ethiopia","Physicians (per 1,000 people)",1975,0.012
"Fiji","Physicians (per 1,000 people)",1975,0.476
"France","Physicians (per 1,000 people)",1975,1.5
"Gambia, The","Physicians (per 1,000 people)",1975,0.04
"Georgia","Physicians (per 1,000 people)",1975,3.63
"Ghana","Physicians (per 1,000 people)",1975,0.078
"Greece","Physicians (per 1,000 people)",1975,2
"Guyana","Physicians (per 1,000 people)",1975,0.249
"Haiti","Physicians (per 1,000 people)",1975,0.081
"Honduras","Physicians (per 1,000 people)",1975,0.269
"Hong Kong SAR, China","Physicians (per 1,000 people)",1975,0.672
"Hungary","Physicians (per 1,000 people)",1975,2.2
"Iceland","Physicians (per 1,000 people)",1975,1.8
"India","Physicians (per 1,000 people)",1975,0.204
"Indonesia","Physicians (per 1,000 people)",1975,0.037
"Japan","Physicians (per 1,000 people)",1975,1.1
"Jordan","Physicians (per 1,000 people)",1975,0.378
"Kenya","Physicians (per 1,000 people)",1975,0.127
"Lesotho","Physicians (per 1,000 people)",1975,0.032
"Liberia","Physicians (per 1,000 people)",1975,0.08
"Luxembourg","Physicians (per 1,000 people)",1975,1.3
"Madagascar","Physicians (per 1,000 people)",1975,0.096
"Malaysia","Physicians (per 1,000 people)",1975,0.234
"Mali","Physicians (per 1,000 people)",1975,0.023
"Malta","Physicians (per 1,000 people)",1975,1.276
"Mauritania","Physicians (per 1,000 people)",1975,0.055
"Mauritius","Physicians (per 1,000 people)",1975,0.235
"Monaco","Physicians (per 1,000 people)",1975,2.36
"Morocco","Physicians (per 1,000 people)",1975,0.076
"Nepal","Physicians (per 1,000 people)",1975,0.019
"Netherlands","Physicians (per 1,000 people)",1975,1.6
"Nicaragua","Physicians (per 1,000 people)",1975,0.46
"Niger","Physicians (per 1,000 people)",1975,0.016
"Nigeria","Physicians (per 1,000 people)",1975,0.049
"North Macedonia","Physicians (per 1,000 people)",1975,1.121
"Norway","Physicians (per 1,000 people)",1975,1.7
"Pakistan","Physicians (per 1,000 people)",1975,0.233
"Panama","Physicians (per 1,000 people)",1975,0.597
"Papua New Guinea","Physicians (per 1,000 people)",1975,0.085
"Paraguay","Physicians (per 1,000 people)",1975,0.439
"Peru","Physicians (per 1,000 people)",1975,0.526
"Philippines","Physicians (per 1,000 people)",1975,0.113
"Poland","Physicians (per 1,000 people)",1975,1.6
"Portugal","Physicians (per 1,000 people)",1975,1.2
"Romania","Physicians (per 1,000 people)",1975,1.318
"Rwanda","Physicians (per 1,000 people)",1975,0.017
"Senegal","Physicians (per 1,000 people)",1975,0.061
"Seychelles","Physicians (per 1,000 people)",1975,0.218
"Sierra Leone","Physicians (per 1,000 people)",1975,0.054
"Singapore","Physicians (per 1,000 people)",1975,0.667
"Somalia","Physicians (per 1,000 people)",1975,0.038
"South Africa","Physicians (per 1,000 people)",1975,0.539
"Sri Lanka","Physicians (per 1,000 people)",1975,0.169
"Sudan","Physicians (per 1,000 people)",1975,0.068
"Sweden","Physicians (per 1,000 people)",1975,1.7
"Switzerland","Physicians (per 1,000 people)",1975,1.9
"Syrian Arab Republic","Physicians (per 1,000 people)",1975,0.256
"Tanzania","Physicians (per 1,000 people)",1975,0.044
"Togo","Physicians (per 1,000 people)",1975,0.035
"Trinidad and Tobago","Physicians (per 1,000 people)",1975,0.454
"Tunisia","Physicians (per 1,000 people)",1975,0.169
"Uganda","Physicians (per 1,000 people)",1975,0.108
"United Kingdom","Physicians (per 1,000 people)",1975,1.1
"United States","Physicians (per 1,000 people)",1975,1.3
"Uruguay","Physicians (per 1,000 people)",1975,1.111
"Venezuela, RB","Physicians (per 1,000 people)",1975,0.904
"Zambia","Physicians (per 1,000 people)",1975,0.074
"Zimbabwe","Physicians (per 1,000 people)",1975,0.158
"Australia","Physicians (per 1,000 people)",1976,1.5
"Austria","Physicians (per 1,000 people)",1976,1.5
"Belgium","Physicians (per 1,000 people)",1976,1.9
"Bulgaria","Physicians (per 1,000 people)",1976,2.205
"Canada","Physicians (per 1,000 people)",1976,1.7
"China","Physicians (per 1,000 people)",1976,1
"Czechia","Physicians (per 1,000 people)",1976,2.1
"France","Physicians (per 1,000 people)",1976,1.5
"Georgia","Physicians (per 1,000 people)",1976,3.72
"Greece","Physicians (per 1,000 people)",1976,2.1
"Hungary","Physicians (per 1,000 people)",1976,2.3
"Iceland","Physicians (per 1,000 people)",1976,1.9
"Japan","Physicians (per 1,000 people)",1976,1.1
"Lao PDR","Physicians (per 1,000 people)",1976,0.051
"Luxembourg","Physicians (per 1,000 people)",1976,1.3
"Monaco","Physicians (per 1,000 people)",1976,2.417
"Netherlands","Physicians (per 1,000 people)",1976,1.7
"New Zealand","Physicians (per 1,000 people)",1976,1.3
"North Macedonia","Physicians (per 1,000 people)",1976,1.114
"Norway","Physicians (per 1,000 people)",1976,1.8
"Poland","Physicians (per 1,000 people)",1976,1.6
"Portugal","Physicians (per 1,000 people)",1976,1.3
"Romania","Physicians (per 1,000 people)",1976,1.332
"Sweden","Physicians (per 1,000 people)",1976,1.8
"Switzerland","Physicians (per 1,000 people)",1976,2
"United Kingdom","Physicians (per 1,000 people)",1976,1.2
"United States","Physicians (per 1,000 people)",1976,1.3
"Venezuela, RB","Physicians (per 1,000 people)",1976,0.904
"Albania","Physicians (per 1,000 people)",1977,1.036
"Austria","Physicians (per 1,000 people)",1977,1.5
"Belgium","Physicians (per 1,000 people)",1977,2
"Bulgaria","Physicians (per 1,000 people)",1977,2.258
"Canada","Physicians (per 1,000 people)",1977,1.7
"China","Physicians (per 1,000 people)",1977,1.03
"Colombia","Physicians (per 1,000 people)",1977,0.478
"Czechia","Physicians (per 1,000 people)",1977,2.1
"Ecuador","Physicians (per 1,000 people)",1977,0.637
"France","Physicians (per 1,000 people)",1977,1.6
"Georgia","Physicians (per 1,000 people)",1977,3.81
"Greece","Physicians (per 1,000 people)",1977,2.2
"Hungary","Physicians (per 1,000 people)",1977,2.3
"Iceland","Physicians (per 1,000 people)",1977,1.9
"Japan","Physicians (per 1,000 people)",1977,1.2
"Luxembourg","Physicians (per 1,000 people)",1977,1.3
"Mauritania","Physicians (per 1,000 people)",1977,0.069
"Monaco","Physicians (per 1,000 people)",1977,2.4
"Netherlands","Physicians (per 1,000 people)",1977,1.7
"New Zealand","Physicians (per 1,000 people)",1977,1.4
"North Macedonia","Physicians (per 1,000 people)",1977,1.158
"Norway","Physicians (per 1,000 people)",1977,1.9
"Poland","Physicians (per 1,000 people)",1977,1.7
"Portugal","Physicians (per 1,000 people)",1977,1.5
"Romania","Physicians (per 1,000 people)",1977,1.355
"Sweden","Physicians (per 1,000 people)",1977,1.9
"Switzerland","Physicians (per 1,000 people)",1977,2.1
"United Kingdom","Physicians (per 1,000 people)",1977,1.2
"United States","Physicians (per 1,000 people)",1977,1.3
"Austria","Physicians (per 1,000 people)",1978,1.5
"Belgium","Physicians (per 1,000 people)",1978,2.1
"Bulgaria","Physicians (per 1,000 people)",1978,2.321
"Canada","Physicians (per 1,000 people)",1978,1.8
"Chad","Physicians (per 1,000 people)",1978,0.021
"Congo, Rep.","Physicians (per 1,000 people)",1978,0.174
"Czechia","Physicians (per 1,000 people)",1978,2.1
"France","Physicians (per 1,000 people)",1978,1.7
"Georgia","Physicians (per 1,000 people)",1978,3.95
"Greece","Physicians (per 1,000 people)",1978,2.3
"Hungary","Physicians (per 1,000 people)",1978,2.4
"Iceland","Physicians (per 1,000 people)",1978,2
"Japan","Physicians (per 1,000 people)",1978,1.2
"Luxembourg","Physicians (per 1,000 people)",1978,1.5
"Monaco","Physicians (per 1,000 people)",1978,2.32
"Netherlands","Physicians (per 1,000 people)",1978,1.8
"New Zealand","Physicians (per 1,000 people)",1978,1.4
"North Macedonia","Physicians (per 1,000 people)",1978,1.238
"Norway","Physicians (per 1,000 people)",1978,1.9
"Poland","Physicians (per 1,000 people)",1978,1.7
"Portugal","Physicians (per 1,000 people)",1978,1.7
"Romania","Physicians (per 1,000 people)",1978,1.377
"South Africa","Physicians (per 1,000 people)",1978,0.551
"Sweden","Physicians (per 1,000 people)",1978,2
"Switzerland","Physicians (per 1,000 people)",1978,2.2
"United Kingdom","Physicians (per 1,000 people)",1978,1.2
"United States","Physicians (per 1,000 people)",1978,1.4
"Algeria","Physicians (per 1,000 people)",1979,0.38
"Austria","Physicians (per 1,000 people)",1979,1.6
"Belgium","Physicians (per 1,000 people)",1979,2.2
"Bulgaria","Physicians (per 1,000 people)",1979,2.408
"Cameroon","Physicians (per 1,000 people)",1979,0.071
"Canada","Physicians (per 1,000 people)",1979,1.8
"Chile","Physicians (per 1,000 people)",1979,0.516
"China","Physicians (per 1,000 people)",1979,1.12
"Congo, Dem. Rep.","Physicians (per 1,000 people)",1979,0.073
"Costa Rica","Physicians (per 1,000 people)",1979,0.679
"Czechia","Physicians (per 1,000 people)",1979,2.2
"France","Physicians (per 1,000 people)",1979,1.8
"Georgia","Physicians (per 1,000 people)",1979,4
"Greece","Physicians (per 1,000 people)",1979,2.3
"Honduras","Physicians (per 1,000 people)",1979,0.331
"Hungary","Physicians (per 1,000 people)",1979,2.5
"Iceland","Physicians (per 1,000 people)",1979,2
"Indonesia","Physicians (per 1,000 people)",1979,0.085
"Israel","Physicians (per 1,000 people)",1979,2.694
"Jamaica","Physicians (per 1,000 people)",1979,0.361
"Japan","Physicians (per 1,000 people)",1979,1.2
"Lebanon","Physicians (per 1,000 people)",1979,1.693
"Luxembourg","Physicians (per 1,000 people)",1979,1.6
"Monaco","Physicians (per 1,000 people)",1979,2.36
"Netherlands","Physicians (per 1,000 people)",1979,1.8
"New Zealand","Physicians (per 1,000 people)",1979,1.5
"North Macedonia","Physicians (per 1,000 people)",1979,1.311
"Norway","Physicians (per 1,000 people)",1979,1.9
"Paraguay","Physicians (per 1,000 people)",1979,0.563
"Peru","Physicians (per 1,000 people)",1979,0.692
"Poland","Physicians (per 1,000 people)",1979,1.7
"Portugal","Physicians (per 1,000 people)",1979,1.9
"Romania","Physicians (per 1,000 people)",1979,1.413
"Sweden","Physicians (per 1,000 people)",1979,2
"Switzerland","Physicians (per 1,000 people)",1979,2.4
"United Kingdom","Physicians (per 1,000 people)",1979,1.3
"United States","Physicians (per 1,000 people)",1979,1.4
"Albania","Physicians (per 1,000 people)",1980,1.367
"Azerbaijan","Physicians (per 1,000 people)",1980,3.362
"Bahamas, The","Physicians (per 1,000 people)",1980,0.938
"Bahrain","Physicians (per 1,000 people)",1980,1.087
"Bangladesh","Physicians (per 1,000 people)",1980,0.12
"Belgium","Physicians (per 1,000 people)",1980,2.3
"Benin","Physicians (per 1,000 people)",1980,0.059
"Bosnia and Herzegovina","Physicians (per 1,000 people)",1980,1.033
"Botswana","Physicians (per 1,000 people)",1980,0.123
"Brunei Darussalam","Physicians (per 1,000 people)",1980,0.435
"Bulgaria","Physicians (per 1,000 people)",1980,2.46
"Burkina Faso","Physicians (per 1,000 people)",1980,0.018
"Cabo Verde","Physicians (per 1,000 people)",1980,0.176
"Canada","Physicians (per 1,000 people)",1980,1.8
"Central African Republic","Physicians (per 1,000 people)",1980,0.043
"Channel Islands","Physicians (per 1,000 people)",1980,1.457
"Croatia","Physicians (per 1,000 people)",1980,1.673
"Egypt, Arab Rep.","Physicians (per 1,000 people)",1980,1.065
"El Salvador","Physicians (per 1,000 people)",1980,0.326
"Estonia","Physicians (per 1,000 people)",1980,2.938
"Ethiopia","Physicians (per 1,000 people)",1980,0.011
"Fiji","Physicians (per 1,000 people)",1980,0.448
"France","Physicians (per 1,000 people)",1980,1.9
"Georgia","Physicians (per 1,000 people)",1980,4.123
"Greece","Physicians (per 1,000 people)",1980,2.4
"Greenland","Physicians (per 1,000 people)",1980,1.135
"Guinea-Bissau","Physicians (per 1,000 people)",1980,0.141
"Hong Kong SAR, China","Physicians (per 1,000 people)",1980,0.826
"Hungary","Physicians (per 1,000 people)",1980,2.3
"Iceland","Physicians (per 1,000 people)",1980,2.1
"India","Physicians (per 1,000 people)",1980,0.371
"Iraq","Physicians (per 1,000 people)",1980,0.563
"Jordan","Physicians (per 1,000 people)",1980,0.786
"Kiribati","Physicians (per 1,000 people)",1980,0.516
"Kuwait","Physicians (per 1,000 people)",1980,1.698
"Latvia","Physicians (per 1,000 people)",1980,3.623
"Libya","Physicians (per 1,000 people)",1980,1.333
"Luxembourg","Physicians (per 1,000 people)",1980,1.7
"Macao SAR, China","Physicians (per 1,000 people)",1980,1.067
"Malaysia","Physicians (per 1,000 people)",1980,0.255
"Mali","Physicians (per 1,000 people)",1980,0.039
"Mauritius","Physicians (per 1,000 people)",1980,0.521
"Moldova","Physicians (per 1,000 people)",1980,2.816
"Monaco","Physicians (per 1,000 people)",1980,2.385
"Mozambique","Physicians (per 1,000 people)",1980,0.025
"Nepal","Physicians (per 1,000 people)",1980,0.034
"New Zealand","Physicians (per 1,000 people)",1980,1.6
"Nicaragua","Physicians (per 1,000 people)",1980,0.416
"Nigeria","Physicians (per 1,000 people)",1980,0.113
"Norway","Physicians (per 1,000 people)",1980,2
"Pakistan","Physicians (per 1,000 people)",1980,0.285
"Papua New Guinea","Physicians (per 1,000 people)",1980,0.062
"Peru","Physicians (per 1,000 people)",1980,0.716
"Philippines","Physicians (per 1,000 people)",1980,0.128
"Poland","Physicians (per 1,000 people)",1980,1.8
"Romania","Physicians (per 1,000 people)",1980,1.476
"Rwanda","Physicians (per 1,000 people)",1980,0.032
"Samoa","Physicians (per 1,000 people)",1980,0.361
"San Marino","Physicians (per 1,000 people)",1980,2.06
"Sao Tome and Principe","Physicians (per 1,000 people)",1980,0.438
"Sierra Leone","Physicians (per 1,000 people)",1980,0.058
"Singapore","Physicians (per 1,000 people)",1980,0.851
"Slovenia","Physicians (per 1,000 people)",1980,1.771
"Somalia","Physicians (per 1,000 people)",1980,0.046
"St. Kitts and Nevis","Physicians (per 1,000 people)",1980,0.36
"Sudan","Physicians (per 1,000 people)",1980,0.11
"Sweden","Physicians (per 1,000 people)",1980,2.2
"Switzerland","Physicians (per 1,000 people)",1980,2.5
"Syrian Arab Republic","Physicians (per 1,000 people)",1980,0.446
"Thailand","Physicians (per 1,000 people)",1980,0.147
"Togo","Physicians (per 1,000 people)",1980,0.055
"Tonga","Physicians (per 1,000 people)",1980,0.362
"Trinidad and Tobago","Physicians (per 1,000 people)",1980,0.726
"Tunisia","Physicians (per 1,000 people)",1980,0.271
"Turkmenistan","Physicians (per 1,000 people)",1980,2.839
"Ukraine","Physicians (per 1,000 people)",1980,3.515
"United Arab Emirates","Physicians (per 1,000 people)",1980,1.068
"United States","Physicians (per 1,000 people)",1980,1.5
"Uzbekistan","Physicians (per 1,000 people)",1980,2.669
"Vanuatu","Physicians (per 1,000 people)",1980,0.191
"Venezuela, RB","Physicians (per 1,000 people)",1980,0.83
"Viet Nam","Physicians (per 1,000 people)",1980,0.241
"Zambia","Physicians (per 1,000 people)",1980,0.076
"Zimbabwe","Physicians (per 1,000 people)",1980,0.161
"Afghanistan","Physicians (per 1,000 people)",1981,0.077
"Australia","Physicians (per 1,000 people)",1981,1.8
"Belgium","Physicians (per 1,000 people)",1981,2.4
"Benin","Physicians (per 1,000 people)",1981,0.059
"Bhutan","Physicians (per 1,000 people)",1981,0.125
"Bolivia","Physicians (per 1,000 people)",1981,0.523
"Bosnia and Herzegovina","Physicians (per 1,000 people)",1981,1.089
"Botswana","Physicians (per 1,000 people)",1981,0.134
"Brazil","Physicians (per 1,000 people)",1981,0.767
"Brunei Darussalam","Physicians (per 1,000 people)",1981,0.487
"Bulgaria","Physicians (per 1,000 people)",1981,2.484
"Burkina Faso","Physicians (per 1,000 people)",1981,0.018
"Canada","Physicians (per 1,000 people)",1981,1.8
"Central African Republic","Physicians (per 1,000 people)",1981,0.044
"Channel Islands","Physicians (per 1,000 people)",1981,1.522
"China","Physicians (per 1,000 people)",1981,1.25
"Croatia","Physicians (per 1,000 people)",1981,1.738
"Cuba","Physicians (per 1,000 people)",1981,1.388
"Djibouti","Physicians (per 1,000 people)",1981,0.224
"Egypt, Arab Rep.","Physicians (per 1,000 people)",1981,1.364
"El Salvador","Physicians (per 1,000 people)",1981,0.387
"Ethiopia","Physicians (per 1,000 people)",1981,0.011
"France","Physicians (per 1,000 people)",1981,2
"Gabon","Physicians (per 1,000 people)",1981,0.457
"Georgia","Physicians (per 1,000 people)",1981,4.212
"Greece","Physicians (per 1,000 people)",1981,2.5
"Guinea","Physicians (per 1,000 people)",1981,0.022
"Haiti","Physicians (per 1,000 people)",1981,0.11
"Honduras","Physicians (per 1,000 people)",1981,0.332
"Hungary","Physicians (per 1,000 people)",1981,2.3
"Iceland","Physicians (per 1,000 people)",1981,2.2
"India","Physicians (per 1,000 people)",1981,0.27
"Indonesia","Physicians (per 1,000 people)",1981,0.08
"Iran, Islamic Rep.","Physicians (per 1,000 people)",1981,0.338
"Iraq","Physicians (per 1,000 people)",1981,0.568
"Isle of Man","Physicians (per 1,000 people)",1981,0.684
"Jamaica","Physicians (per 1,000 people)",1981,0.359
"Japan","Physicians (per 1,000 people)",1981,1.3
"Jordan","Physicians (per 1,000 people)",1981,1.114
"Kenya","Physicians (per 1,000 people)",1981,0.099
"Korea, Rep.","Physicians (per 1,000 people)",1981,0.5
"Kuwait","Physicians (per 1,000 people)",1981,1.412
"Kyrgyz Republic","Physicians (per 1,000 people)",1981,3.088
"Lebanon","Physicians (per 1,000 people)",1981,1.714
"Liberia","Physicians (per 1,000 people)",1981,0.106
"Libya","Physicians (per 1,000 people)",1981,1.633
"Luxembourg","Physicians (per 1,000 people)",1981,1.5
"Macao SAR, China","Physicians (per 1,000 people)",1981,1.122
"Madagascar","Physicians (per 1,000 people)",1981,0.099
"Malawi","Physicians (per 1,000 people)",1981,0.019
"Malaysia","Physicians (per 1,000 people)",1981,0.255
"Maldives","Physicians (per 1,000 people)",1981,0.049
"Mali","Physicians (per 1,000 people)",1981,0.038
"Malta","Physicians (per 1,000 people)",1981,1.172
"Mauritius","Physicians (per 1,000 people)",1981,0.552
"Moldova","Physicians (per 1,000 people)",1981,2.895
"Monaco","Physicians (per 1,000 people)",1981,2.231
"Morocco","Physicians (per 1,000 people)",1981,0.054
"Mozambique","Physicians (per 1,000 people)",1981,0.027
"Myanmar","Physicians (per 1,000 people)",1981,0.203
"New Zealand","Physicians (per 1,000 people)",1981,1.6
"Nicaragua","Physicians (per 1,000 people)",1981,0.426
"Norway","Physicians (per 1,000 people)",1981,2
"Pakistan","Physicians (per 1,000 people)",1981,0.344
"Panama","Physicians (per 1,000 people)",1981,0.993
"Papua New Guinea","Physicians (per 1,000 people)",1981,0.062
"Paraguay","Physicians (per 1,000 people)",1981,0.579
"Peru","Physicians (per 1,000 people)",1981,0.76
"Philippines","Physicians (per 1,000 people)",1981,0.15
"Poland","Physicians (per 1,000 people)",1981,1.8
"Qatar","Physicians (per 1,000 people)",1981,0.738
"Romania","Physicians (per 1,000 people)",1981,1.541
"Rwanda","Physicians (per 1,000 people)",1981,0.031
"Samoa","Physicians (per 1,000 people)",1981,0.404
"San Marino","Physicians (per 1,000 people)",1981,2.218
"Sao Tome and Principe","Physicians (per 1,000 people)",1981,0.419
"Saudi Arabia","Physicians (per 1,000 people)",1981,0.55
"Senegal","Physicians (per 1,000 people)",1981,0.079
"Sierra Leone","Physicians (per 1,000 people)",1981,0.053
"Singapore","Physicians (per 1,000 people)",1981,0.877
"Somalia","Physicians (per 1,000 people)",1981,0.041
"Sri Lanka","Physicians (per 1,000 people)",1981,0.134
"Sudan","Physicians (per 1,000 people)",1981,0.101
"Sweden","Physicians (per 1,000 people)",1981,2.3
"Switzerland","Physicians (per 1,000 people)",1981,2.6
"Syrian Arab Republic","Physicians (per 1,000 people)",1981,0.463
"Togo","Physicians (per 1,000 people)",1981,0.049
"Tonga","Physicians (per 1,000 people)",1981,0.602
"Trinidad and Tobago","Physicians (per 1,000 people)",1981,0.673
"Tunisia","Physicians (per 1,000 people)",1981,0.275
"Uganda","Physicians (per 1,000 people)",1981,0.047
"Ukraine","Physicians (per 1,000 people)",1981,3.631
"United States","Physicians (per 1,000 people)",1981,1.5
"Uruguay","Physicians (per 1,000 people)",1981,1.997
"Vanuatu","Physicians (per 1,000 people)",1981,0.189
"Venezuela, RB","Physicians (per 1,000 people)",1981,0.996
"Viet Nam","Physicians (per 1,000 people)",1981,0.247
"Yemen, Rep.","Physicians (per 1,000 people)",1981,0.145
"Zambia","Physicians (per 1,000 people)",1981,0.126
"Zimbabwe","Physicians (per 1,000 people)",1981,0.139
"Belgium","Physicians (per 1,000 people)",1982,2.5
"Bhutan","Physicians (per 1,000 people)",1982,0.102
"Bosnia and Herzegovina","Physicians (per 1,000 people)",1982,1.17
"Bulgaria","Physicians (per 1,000 people)",1982,2.588
"Canada","Physicians (per 1,000 people)",1982,1.9
"Central African Republic","Physicians (per 1,000 people)",1982,0.043
"China","Physicians (per 1,000 people)",1982,1.3
"Congo, Rep.","Physicians (per 1,000 people)",1982,0.119
"Croatia","Physicians (per 1,000 people)",1982,1.808
"Egypt, Arab Rep.","Physicians (per 1,000 people)",1982,1.365
"Fiji","Physicians (per 1,000 people)",1982,0.494
"France","Physicians (per 1,000 people)",1982,2.1
"Georgia","Physicians (per 1,000 people)",1982,4.319
"Greece","Physicians (per 1,000 people)",1982,2.6
"Guinea","Physicians (per 1,000 people)",1982,0.022
"Hungary","Physicians (per 1,000 people)",1982,2.4
"Iceland","Physicians (per 1,000 people)",1982,2.3
"Jordan","Physicians (per 1,000 people)",1982,1.128
"Kenya","Physicians (per 1,000 people)",1982,0.12
"Korea, Dem. People's Rep.","Physicians (per 1,000 people)",1982,2.549
"Korea, Rep.","Physicians (per 1,000 people)",1982,0.5
"Kuwait","Physicians (per 1,000 people)",1982,1.62
"Libya","Physicians (per 1,000 people)",1982,1.562
"Luxembourg","Physicians (per 1,000 people)",1982,1.7
"Maldives","Physicians (per 1,000 people)",1982,0.065
"Malta","Physicians (per 1,000 people)",1982,1.266
"Moldova","Physicians (per 1,000 people)",1982,3.007
"Monaco","Physicians (per 1,000 people)",1982,2.185
"Morocco","Physicians (per 1,000 people)",1982,0.064
"Mozambique","Physicians (per 1,000 people)",1982,0.026
"New Zealand","Physicians (per 1,000 people)",1982,1.6
"Nigeria","Physicians (per 1,000 people)",1982,0.149
"Norway","Physicians (per 1,000 people)",1982,2.1
"Oman","Physicians (per 1,000 people)",1982,0.549
"Pakistan","Physicians (per 1,000 people)",1982,0.342
"Peru","Physicians (per 1,000 people)",1982,0.846
"Poland","Physicians (per 1,000 people)",1982,1.8
"Romania","Physicians (per 1,000 people)",1982,1.635
"San Marino","Physicians (per 1,000 people)",1982,2.181
"Senegal","Physicians (per 1,000 people)",1982,0.077
"Slovenia","Physicians (per 1,000 people)",1982,1.843
"Sri Lanka","Physicians (per 1,000 people)",1982,0.134
"Sweden","Physicians (per 1,000 people)",1982,2.3
"Switzerland","Physicians (per 1,000 people)",1982,2.6
"Tonga","Physicians (per 1,000 people)",1982,0.6
"Uganda","Physicians (per 1,000 people)",1982,0.046
"Ukraine","Physicians (per 1,000 people)",1982,3.741
"United States","Physicians (per 1,000 people)",1982,1.6
"Venezuela, RB","Physicians (per 1,000 people)",1982,0.833
"Albania","Physicians (per 1,000 people)",1983,1.415
"Belgium","Physicians (per 1,000 people)",1983,2.8
"Benin","Physicians (per 1,000 people)",1983,0.075
"Bosnia and Herzegovina","Physicians (per 1,000 people)",1983,1.207
"Botswana","Physicians (per 1,000 people)",1983,0.144
"Bulgaria","Physicians (per 1,000 people)",1983,2.688
"Burkina Faso","Physicians (per 1,000 people)",1983,0.018
"Cabo Verde","Physicians (per 1,000 people)",1983,0.2
"Cambodia","Physicians (per 1,000 people)",1983,0.058
"Canada","Physicians (per 1,000 people)",1983,1.9
"China","Physicians (per 1,000 people)",1983,1.32
"Croatia","Physicians (per 1,000 people)",1983,1.858
"Eswatini","Physicians (per 1,000 people)",1983,0.053
"France","Physicians (per 1,000 people)",1983,2.1
"Gabon","Physicians (per 1,000 people)",1983,0.433
"Georgia","Physicians (per 1,000 people)",1983,4.333
"Greece","Physicians (per 1,000 people)",1983,2.8
"Hungary","Physicians (per 1,000 people)",1983,2.4
"Iceland","Physicians (per 1,000 people)",1983,2.3
"Indonesia","Physicians (per 1,000 people)",1983,0.106
"Korea, Dem. People's Rep.","Physicians (per 1,000 people)",1983,2.511
"Korea, Rep.","Physicians (per 1,000 people)",1983,0.5
"Lebanon","Physicians (per 1,000 people)",1983,1.255
"Liberia","Physicians (per 1,000 people)",1983,0.107
"Libya","Physicians (per 1,000 people)",1983,1.44
"Luxembourg","Physicians (per 1,000 people)",1983,1.7
"Moldova","Physicians (per 1,000 people)",1983,3.089
"New Caledonia","Physicians (per 1,000 people)",1983,0.653
"New Zealand","Physicians (per 1,000 people)",1983,1.7
"Norway","Physicians (per 1,000 people)",1983,2.1
"Peru","Physicians (per 1,000 people)",1983,0.902
"Poland","Physicians (per 1,000 people)",1983,1.9
"Romania","Physicians (per 1,000 people)",1983,1.972
"Rwanda","Physicians (per 1,000 people)",1983,0.029
"San Marino","Physicians (per 1,000 people)",1983,2.247
"Sao Tome and Principe","Physicians (per 1,000 people)",1983,0.537
"Seychelles","Physicians (per 1,000 people)",1983,0.407
"Sweden","Physicians (per 1,000 people)",1983,2.4
"Switzerland","Physicians (per 1,000 people)",1983,2.6
"Ukraine","Physicians (per 1,000 people)",1983,3.82
"United States","Physicians (per 1,000 people)",1983,1.6
"Zambia","Physicians (per 1,000 people)",1983,0.14
"Albania","Physicians (per 1,000 people)",1984,1.407
"Algeria","Physicians (per 1,000 people)",1984,0.427
"American Samoa","Physicians (per 1,000 people)",1984,0.772
"Angola","Physicians (per 1,000 people)",1984,0.059
"Argentina","Physicians (per 1,000 people)",1984,2.683
"Australia","Physicians (per 1,000 people)",1984,1.8
"Bahamas, The","Physicians (per 1,000 people)",1984,0.943
"Barbados","Physicians (per 1,000 people)",1984,0.891
"Belgium","Physicians (per 1,000 people)",1984,2.7
"Belize","Physicians (per 1,000 people)",1984,0.272
"Bolivia","Physicians (per 1,000 people)",1984,0.697
"Bosnia and Herzegovina","Physicians (per 1,000 people)",1984,1.28
"Brazil","Physicians (per 1,000 people)",1984,0.927
"Brunei Darussalam","Physicians (per 1,000 people)",1984,0.534
"Bulgaria","Physicians (per 1,000 people)",1984,2.759
"Burundi","Physicians (per 1,000 people)",1984,0.047
"Canada","Physicians (per 1,000 people)",1984,1.9
"Chile","Physicians (per 1,000 people)",1984,0.817
"China","Physicians (per 1,000 people)",1984,1.33
"Comoros","Physicians (per 1,000 people)",1984,0.084
"Costa Rica","Physicians (per 1,000 people)",1984,0.99
"Croatia","Physicians (per 1,000 people)",1984,1.88
"Cuba","Physicians (per 1,000 people)",1984,1.886
"Djibouti","Physicians (per 1,000 people)",1984,0.238
"Dominica","Physicians (per 1,000 people)",1984,0.339
"Dominican Republic","Physicians (per 1,000 people)",1984,0.564
"El Salvador","Physicians (per 1,000 people)",1984,0.352
"Ethiopia","Physicians (per 1,000 people)",1984,0.013
"France","Physicians (per 1,000 people)",1984,2.5
"Georgia","Physicians (per 1,000 people)",1984,4.471
"Ghana","Physicians (per 1,000 people)",1984,0.067
"Greece","Physicians (per 1,000 people)",1984,2.9
"Grenada","Physicians (per 1,000 people)",1984,0.49
"Guatemala","Physicians (per 1,000 people)",1984,0.47
"Guyana","Physicians (per 1,000 people)",1984,0.165
"Haiti","Physicians (per 1,000 people)",1984,0.141
"Honduras","Physicians (per 1,000 people)",1984,0.691
"Hungary","Physicians (per 1,000 people)",1984,2.5
"Iceland","Physicians (per 1,000 people)",1984,2.4
"India","Physicians (per 1,000 people)",1984,0.396
"Jamaica","Physicians (per 1,000 people)",1984,0.489
"Jordan","Physicians (per 1,000 people)",1984,1.159
"Korea, Rep.","Physicians (per 1,000 people)",1984,0.6
"Luxembourg","Physicians (per 1,000 people)",1984,1.7
"Malawi","Physicians (per 1,000 people)",1984,0.087
"Malta","Physicians (per 1,000 people)",1984,1.38
"Mauritania","Physicians (per 1,000 people)",1984,0.083
"Moldova","Physicians (per 1,000 people)",1984,3.193
"Nepal","Physicians (per 1,000 people)",1984,0.031
"New Zealand","Physicians (per 1,000 people)",1984,1.7
"Nicaragua","Physicians (per 1,000 people)",1984,0.637
"Niger","Physicians (per 1,000 people)",1984,0.025
"Norway","Physicians (per 1,000 people)",1984,2.2
"Panama","Physicians (per 1,000 people)",1984,1.021
"Paraguay","Physicians (per 1,000 people)",1984,0.701
"Peru","Physicians (per 1,000 people)",1984,0.908
"Philippines","Physicians (per 1,000 people)",1984,0.154
"Poland","Physicians (per 1,000 people)",1984,1.9
"Romania","Physicians (per 1,000 people)",1984,1.724
"San Marino","Physicians (per 1,000 people)",1984,2.166
"Sierra Leone","Physicians (per 1,000 people)",1984,0.075
"Slovenia","Physicians (per 1,000 people)",1984,1.861
"Somalia","Physicians (per 1,000 people)",1984,0.071
"St. Kitts and Nevis","Physicians (per 1,000 people)",1984,0.458
"St. Lucia","Physicians (per 1,000 people)",1984,0.285
"St. Vincent and the Grenadines","Physicians (per 1,000 people)",1984,0.266
"Sudan","Physicians (per 1,000 people)",1984,0.096
"Suriname","Physicians (per 1,000 people)",1984,0.791
"Sweden","Physicians (per 1,000 people)",1984,2.6
"Switzerland","Physicians (per 1,000 people)",1984,2.6
"Tanzania","Physicians (per 1,000 people)",1984,0.039
"Thailand","Physicians (per 1,000 people)",1984,0.16
"Togo","Physicians (per 1,000 people)",1984,0.117
"Trinidad and Tobago","Physicians (per 1,000 people)",1984,1.043
"Uganda","Physicians (per 1,000 people)",1984,0.044
"Ukraine","Physicians (per 1,000 people)",1984,3.909
"United Arab Emirates","Physicians (per 1,000 people)",1984,0.953
"Uruguay","Physicians (per 1,000 people)",1984,1.926
"Venezuela, RB","Physicians (per 1,000 people)",1984,1.436
"Albania","Physicians (per 1,000 people)",1985,1.406
"Argentina","Physicians (per 1,000 people)",1985,2.705
"Australia","Physicians (per 1,000 people)",1985,1.9
"Azerbaijan","Physicians (per 1,000 people)",1985,3.799
"Bahrain","Physicians (per 1,000 people)",1985,1.219
"Bangladesh","Physicians (per 1,000 people)",1985,0.154
"Belgium","Physicians (per 1,000 people)",1985,2.8
"Benin","Physicians (per 1,000 people)",1985,0.073
"Bosnia and Herzegovina","Physicians (per 1,000 people)",1985,1.362
"Brazil","Physicians (per 1,000 people)",1985,1.467
"Bulgaria","Physicians (per 1,000 people)",1985,2.865
"Canada","Physicians (per 1,000 people)",1985,2
"Congo, Rep.","Physicians (per 1,000 people)",1985,0.252
"Cote d'Ivoire","Physicians (per 1,000 people)",1985,0.071
"Estonia","Physicians (per 1,000 people)",1985,3.35
"France","Physicians (per 1,000 people)",1985,2.7
"French Polynesia","Physicians (per 1,000 people)",1985,1.252
"Gabon","Physicians (per 1,000 people)",1985,0.518
"Gambia, The","Physicians (per 1,000 people)",1985,0.081
"Georgia","Physicians (per 1,000 people)",1985,4.611
"Greece","Physicians (per 1,000 people)",1985,2.9
"Guinea","Physicians (per 1,000 people)",1985,0.026
"Guinea-Bissau","Physicians (per 1,000 people)",1985,0.144
"Guyana","Physicians (per 1,000 people)",1985,0.168
"Haiti","Physicians (per 1,000 people)",1985,0.137
"Hungary","Physicians (per 1,000 people)",1985,2.5
"Iceland","Physicians (per 1,000 people)",1985,2.6
"Japan","Physicians (per 1,000 people)",1985,1.5
"Kenya","Physicians (per 1,000 people)",1985,0.154
"Korea, Rep.","Physicians (per 1,000 people)",1985,0.6
"Lao PDR","Physicians (per 1,000 people)",1985,0.729
"Latvia","Physicians (per 1,000 people)",1985,4.099
"Lesotho","Physicians (per 1,000 people)",1985,0.071
"Lithuania","Physicians (per 1,000 people)",1985,3.72
"Luxembourg","Physicians (per 1,000 people)",1985,1.8
"Madagascar","Physicians (per 1,000 people)",1985,0.101
"Malaysia","Physicians (per 1,000 people)",1985,0.315
"Mali","Physicians (per 1,000 people)",1985,0.039
"Mauritania","Physicians (per 1,000 people)",1985,0.113
"Mauritius","Physicians (per 1,000 people)",1985,0.529
"Moldova","Physicians (per 1,000 people)",1985,3.297
"Mozambique","Physicians (per 1,000 people)",1985,0.021
"Myanmar","Physicians (per 1,000 people)",1985,0.27
"Nepal","Physicians (per 1,000 people)",1985,0.034
"New Zealand","Physicians (per 1,000 people)",1985,1.7
"Nigeria","Physicians (per 1,000 people)",1985,0.192
"Norway","Physicians (per 1,000 people)",1985,2.2
"Panama","Physicians (per 1,000 people)",1985,1.006
"Papua New Guinea","Physicians (per 1,000 people)",1985,0.162
"Paraguay","Physicians (per 1,000 people)",1985,0.675
"Peru","Physicians (per 1,000 people)",1985,0.929
"Philippines","Physicians (per 1,000 people)",1985,0.154
"Poland","Physicians (per 1,000 people)",1985,2
"Romania","Physicians (per 1,000 people)",1985,1.762
"Russian Federation","Physicians (per 1,000 people)",1985,3.871
"Rwanda","Physicians (per 1,000 people)",1985,0.027
"San Marino","Physicians (per 1,000 people)",1985,2.287
"Seychelles","Physicians (per 1,000 people)",1985,0.445
"Singapore","Physicians (per 1,000 people)",1985,0.998
"Slovenia","Physicians (per 1,000 people)",1985,1.879
"Sri Lanka","Physicians (per 1,000 people)",1985,0.181
"Sweden","Physicians (per 1,000 people)",1985,2.6
"Switzerland","Physicians (per 1,000 people)",1985,2.7
"Tajikistan","Physicians (per 1,000 people)",1985,2.527
"Tanzania","Physicians (per 1,000 people)",1985,0.035
"Turkmenistan","Physicians (per 1,000 people)",1985,3.304
"Ukraine","Physicians (per 1,000 people)",1985,4.002
"Uruguay","Physicians (per 1,000 people)",1985,1.947
"Uzbekistan","Physicians (per 1,000 people)",1985,2.694
"Venezuela, RB","Physicians (per 1,000 people)",1985,1.196
"Yemen, Rep.","Physicians (per 1,000 people)",1985,0.171
"Zambia","Physicians (per 1,000 people)",1985,0.141
"Afghanistan","Physicians (per 1,000 people)",1986,0.183
"Argentina","Physicians (per 1,000 people)",1986,2.984
"Australia","Physicians (per 1,000 people)",1986,2
"Azerbaijan","Physicians (per 1,000 people)",1986,3.877
"Bangladesh","Physicians (per 1,000 people)",1986,0.144
"Belgium","Physicians (per 1,000 people)",1986,2.9
"Belize","Physicians (per 1,000 people)",1986,0.451
"Bosnia and Herzegovina","Physicians (per 1,000 people)",1986,1.419
"Bulgaria","Physicians (per 1,000 people)",1986,2.953
"Burkina Faso","Physicians (per 1,000 people)",1986,0.004
"Burundi","Physicians (per 1,000 people)",1986,0.058
"Cabo Verde","Physicians (per 1,000 people)",1986,0.329
"Canada","Physicians (per 1,000 people)",1986,2
"Chad","Physicians (per 1,000 people)",1986,0.026
"China","Physicians (per 1,000 people)",1986,1.35
"Congo, Rep.","Physicians (per 1,000 people)",1986,0.252
"Egypt, Arab Rep.","Physicians (per 1,000 people)",1986,1.304
"Estonia","Physicians (per 1,000 people)",1986,3.408
"France","Physicians (per 1,000 people)",1986,2.8
"Georgia","Physicians (per 1,000 people)",1986,4.699
"Greece","Physicians (per 1,000 people)",1986,3.1
"Guam","Physicians (per 1,000 people)",1986,1.187
"Hong Kong SAR, China","Physicians (per 1,000 people)",1986,0.932
"Hungary","Physicians (per 1,000 people)",1986,2.6
"Iceland","Physicians (per 1,000 people)",1986,2.6
"Iran, Islamic Rep.","Physicians (per 1,000 people)",1986,0.347
"Iraq","Physicians (per 1,000 people)",1986,0.596
"Isle of Man","Physicians (per 1,000 people)",1986,0.787
"Kiribati","Physicians (per 1,000 people)",1986,0.497
"Korea, Rep.","Physicians (per 1,000 people)",1986,0.6
"Kuwait","Physicians (per 1,000 people)",1986,1.566
"Latvia","Physicians (per 1,000 people)",1986,4.077
"Lithuania","Physicians (per 1,000 people)",1986,3.816
"Luxembourg","Physicians (per 1,000 people)",1986,1.9
"Macao SAR, China","Physicians (per 1,000 people)",1986,2.428
"Malaysia","Physicians (per 1,000 people)",1986,0.335
"Moldova","Physicians (per 1,000 people)",1986,3.37
"New Zealand","Physicians (per 1,000 people)",1986,1.8
"Nigeria","Physicians (per 1,000 people)",1986,0.187
"Norway","Physicians (per 1,000 people)",1986,2.3
"Pakistan","Physicians (per 1,000 people)",1986,0.351
"Peru","Physicians (per 1,000 people)",1986,0.984
"Poland","Physicians (per 1,000 people)",1986,2
"Qatar","Physicians (per 1,000 people)",1986,1.676
"Romania","Physicians (per 1,000 people)",1986,1.783
"Russian Federation","Physicians (per 1,000 people)",1986,3.939
"Samoa","Physicians (per 1,000 people)",1986,0.28
"San Marino","Physicians (per 1,000 people)",1986,2.399
"Saudi Arabia","Physicians (per 1,000 people)",1986,1.346
"Singapore","Physicians (per 1,000 people)",1986,0.723
"Slovenia","Physicians (per 1,000 people)",1986,1.882
"Solomon Islands","Physicians (per 1,000 people)",1986,0.135
"Sudan","Physicians (per 1,000 people)",1986,0.09
"Sweden","Physicians (per 1,000 people)",1986,2.8
"Switzerland","Physicians (per 1,000 people)",1986,2.8
"Syrian Arab Republic","Physicians (per 1,000 people)",1986,0.807
"Tajikistan","Physicians (per 1,000 people)",1986,2.556
"Thailand","Physicians (per 1,000 people)",1986,0.182
"Togo","Physicians (per 1,000 people)",1986,0.085
"Tunisia","Physicians (per 1,000 people)",1986,0.461
"Turkmenistan","Physicians (per 1,000 people)",1986,3.44
"Ukraine","Physicians (per 1,000 people)",1986,4.06
"United States","Physicians (per 1,000 people)",1986,1.7
"Uzbekistan","Physicians (per 1,000 people)",1986,3.255
"Vanuatu","Physicians (per 1,000 people)",1986,0.204
"Venezuela, RB","Physicians (per 1,000 people)",1986,1.399
"Viet Nam","Physicians (per 1,000 people)",1986,1.056
"Afghanistan","Physicians (per 1,000 people)",1987,0.179
"Australia","Physicians (per 1,000 people)",1987,2.1
"Azerbaijan","Physicians (per 1,000 people)",1987,3.906
"Belgium","Physicians (per 1,000 people)",1987,3
"Bosnia and Herzegovina","Physicians (per 1,000 people)",1987,1.485
"Bulgaria","Physicians (per 1,000 people)",1987,3.022
"Canada","Physicians (per 1,000 people)",1987,2.1
"China","Physicians (per 1,000 people)",1987,1.37
"Congo, Dem. Rep.","Physicians (per 1,000 people)",1987,0.075
"Costa Rica","Physicians (per 1,000 people)",1987,0.968
"Estonia","Physicians (per 1,000 people)",1987,3.484
"France","Physicians (per 1,000 people)",1987,2.8
"Georgia","Physicians (per 1,000 people)",1987,4.808
"Ghana","Physicians (per 1,000 people)",1987,0.049
"Greece","Physicians (per 1,000 people)",1987,3.3
"Hungary","Physicians (per 1,000 people)",1987,2.7
"Iceland","Physicians (per 1,000 people)",1987,2.7
"Iran, Islamic Rep.","Physicians (per 1,000 people)",1987,0.376
"Iraq","Physicians (per 1,000 people)",1987,0.576
"Korea, Rep.","Physicians (per 1,000 people)",1987,0.7
"Latvia","Physicians (per 1,000 people)",1987,4.112
"Lithuania","Physicians (per 1,000 people)",1987,3.885
"Luxembourg","Physicians (per 1,000 people)",1987,1.8
"Macao SAR, China","Physicians (per 1,000 people)",1987,1.562
"Malaysia","Physicians (per 1,000 people)",1987,0.348
"Mali","Physicians (per 1,000 people)",1987,0.043
"Malta","Physicians (per 1,000 people)",1987,2.032
"Moldova","Physicians (per 1,000 people)",1987,3.444
"Morocco","Physicians (per 1,000 people)",1987,0.217
"Nepal","Physicians (per 1,000 people)",1987,0.051
"New Zealand","Physicians (per 1,000 people)",1987,1.8
"Norway","Physicians (per 1,000 people)",1987,2.5
"Oman","Physicians (per 1,000 people)",1987,0.834
"Peru","Physicians (per 1,000 people)",1987,0.983
"Poland","Physicians (per 1,000 people)",1987,2.1
"Romania","Physicians (per 1,000 people)",1987,1.79
"Russian Federation","Physicians (per 1,000 people)",1987,4.004
"San Marino","Physicians (per 1,000 people)",1987,2.519
"Slovenia","Physicians (per 1,000 people)",1987,2.004
"South Africa","Physicians (per 1,000 people)",1987,0.613
"Sweden","Physicians (per 1,000 people)",1987,2.8
"Switzerland","Physicians (per 1,000 people)",1987,2.9
"Syrian Arab Republic","Physicians (per 1,000 people)",1987,0.783
"Tajikistan","Physicians (per 1,000 people)",1987,2.582
"Tanzania","Physicians (per 1,000 people)",1987,0.039
"Turkmenistan","Physicians (per 1,000 people)",1987,3.527
"Ukraine","Physicians (per 1,000 people)",1987,4.143
"United States","Physicians (per 1,000 people)",1987,1.8
"Uzbekistan","Physicians (per 1,000 people)",1987,3.319
"Venezuela, RB","Physicians (per 1,000 people)",1987,1.401
"Zimbabwe","Physicians (per 1,000 people)",1987,0.135
"Algeria","Physicians (per 1,000 people)",1988,0.429
"Argentina","Physicians (per 1,000 people)",1988,3.032
"Australia","Physicians (per 1,000 people)",1988,2.1
"Azerbaijan","Physicians (per 1,000 people)",1988,3.964
"Belgium","Physicians (per 1,000 people)",1988,3.1
"Belize","Physicians (per 1,000 people)",1988,0.472
"Botswana","Physicians (per 1,000 people)",1988,0.2
"Brazil","Physicians (per 1,000 people)",1988,1.185
"Cabo Verde","Physicians (per 1,000 people)",1988,0.342
"Canada","Physicians (per 1,000 people)",1988,2.1
"China","Physicians (per 1,000 people)",1988,1.47
"Comoros","Physicians (per 1,000 people)",1988,0.163
"Costa Rica","Physicians (per 1,000 people)",1988,0.881
"Cuba","Physicians (per 1,000 people)",1988,3
"Dominican Republic","Physicians (per 1,000 people)",1988,1.074
"El Salvador","Physicians (per 1,000 people)",1988,0.647
"Ethiopia","Physicians (per 1,000 people)",1988,0.031
"France","Physicians (per 1,000 people)",1988,2.9
"Gabon","Physicians (per 1,000 people)",1988,0.246
"Georgia","Physicians (per 1,000 people)",1988,4.868
"Grenada","Physicians (per 1,000 people)",1988,0.553
"Guatemala","Physicians (per 1,000 people)",1988,0.26
"Haiti","Physicians (per 1,000 people)",1988,0.143
"Honduras","Physicians (per 1,000 people)",1988,0.829
"Hungary","Physicians (per 1,000 people)",1988,2.7
"Iceland","Physicians (per 1,000 people)",1988,2.7
"India","Physicians (per 1,000 people)",1988,0.407
"Iran, Islamic Rep.","Physicians (per 1,000 people)",1988,0.318
"Korea, Rep.","Physicians (per 1,000 people)",1988,0.7
"Latvia","Physicians (per 1,000 people)",1988,4.183
"Lithuania","Physicians (per 1,000 people)",1988,3.941
"Luxembourg","Physicians (per 1,000 people)",1988,1.9
"Malaysia","Physicians (per 1,000 people)",1988,0.367
"Mali","Physicians (per 1,000 people)",1988,0.054
"Morocco","Physicians (per 1,000 people)",1988,0.214
"Nepal","Physicians (per 1,000 people)",1988,0.051
"New Zealand","Physicians (per 1,000 people)",1988,1.9
"Nicaragua","Physicians (per 1,000 people)",1988,0.471
"Panama","Physicians (per 1,000 people)",1988,1.793
"Paraguay","Physicians (per 1,000 people)",1988,0.64
"Peru","Physicians (per 1,000 people)",1988,0.965
"Romania","Physicians (per 1,000 people)",1988,1.805
"Russian Federation","Physicians (per 1,000 people)",1988,4.04
"San Marino","Physicians (per 1,000 people)",1988,2.538
"Singapore","Physicians (per 1,000 people)",1988,1.111
"Slovenia","Physicians (per 1,000 people)",1988,2.024
"Sweden","Physicians (per 1,000 people)",1988,2.8
"Switzerland","Physicians (per 1,000 people)",1988,3
"Thailand","Physicians (per 1,000 people)",1988,0.21
"Turkmenistan","Physicians (per 1,000 people)",1988,3.55
"Ukraine","Physicians (per 1,000 people)",1988,4.2
"United States","Physicians (per 1,000 people)",1988,1.8
"Venezuela, RB","Physicians (per 1,000 people)",1988,1.6
"Afghanistan","Physicians (per 1,000 people)",1989,0.129
"Australia","Physicians (per 1,000 people)",1989,2.1
"Azerbaijan","Physicians (per 1,000 people)",1989,3.99
"Belgium","Physicians (per 1,000 people)",1989,3.2
"Benin","Physicians (per 1,000 people)",1989,0.071
"Botswana","Physicians (per 1,000 people)",1989,0.194
"Burkina Faso","Physicians (per 1,000 people)",1989,0.029
"Cameroon","Physicians (per 1,000 people)",1989,0.084
"Canada","Physicians (per 1,000 people)",1989,2.1
"Central African Republic","Physicians (per 1,000 people)",1989,0.039
"Chad","Physicians (per 1,000 people)",1989,0.026
"China","Physicians (per 1,000 people)",1989,1.54
"Fiji","Physicians (per 1,000 people)",1989,0.358
"France","Physicians (per 1,000 people)",1989,3
"Gabon","Physicians (per 1,000 people)",1989,0.494
"Georgia","Physicians (per 1,000 people)",1989,4.971
"Ghana","Physicians (per 1,000 people)",1989,0.043
"Hungary","Physicians (per 1,000 people)",1989,2.7
"Iceland","Physicians (per 1,000 people)",1989,2.8
"Indonesia","Physicians (per 1,000 people)",1989,0.142
"Korea, Rep.","Physicians (per 1,000 people)",1989,0.8
"Latvia","Physicians (per 1,000 people)",1989,4.162
"Lebanon","Physicians (per 1,000 people)",1989,1.862
"Lithuania","Physicians (per 1,000 people)",1989,3.977
"Luxembourg","Physicians (per 1,000 people)",1989,2
"Malawi","Physicians (per 1,000 people)",1989,0.023
"Malaysia","Physicians (per 1,000 people)",1989,0.374
"Mauritius","Physicians (per 1,000 people)",1989,0.858
"Mozambique","Physicians (per 1,000 people)",1989,0.028
"Myanmar","Physicians (per 1,000 people)",1989,0.081
"Nepal","Physicians (per 1,000 people)",1989,0.054
"New Zealand","Physicians (per 1,000 people)",1989,1.9
"Nigeria","Physicians (per 1,000 people)",1989,0.192
"Oman","Physicians (per 1,000 people)",1989,0.883
"Peru","Physicians (per 1,000 people)",1989,1.035
"Philippines","Physicians (per 1,000 people)",1989,0.124
"Romania","Physicians (per 1,000 people)",1989,1.811
"Russian Federation","Physicians (per 1,000 people)",1989,4.085
"Rwanda","Physicians (per 1,000 people)",1989,0.04
"Samoa","Physicians (per 1,000 people)",1989,0.207
"San Marino","Physicians (per 1,000 people)",1989,2.423
"Sao Tome and Principe","Physicians (per 1,000 people)",1989,0.546
"Slovenia","Physicians (per 1,000 people)",1989,2.063
"Solomon Islands","Physicians (per 1,000 people)",1989,0.152
"Sri Lanka","Physicians (per 1,000 people)",1989,0.146
"Sweden","Physicians (per 1,000 people)",1989,2.8
"Switzerland","Physicians (per 1,000 people)",1989,2.9
"Syrian Arab Republic","Physicians (per 1,000 people)",1989,0.863
"Tonga","Physicians (per 1,000 people)",1989,0.492
"Turkmenistan","Physicians (per 1,000 people)",1989,3.6
"Uganda","Physicians (per 1,000 people)",1989,0.045
"Ukraine","Physicians (per 1,000 people)",1989,4.275
"United States","Physicians (per 1,000 people)",1989,1.8
"Vanuatu","Physicians (per 1,000 people)",1989,0.125
"Venezuela, RB","Physicians (per 1,000 people)",1989,1.695
"Viet Nam","Physicians (per 1,000 people)",1989,0.391
"Africa Eastern and Southern","Physicians (per 1,000 people)",1990,0.162232526068791
"Africa Western and Central","Physicians (per 1,000 people)",1990,0.127049508666766
"Arab World","Physicians (per 1,000 people)",1990,0.698807978226459
"Caribbean small states","Physicians (per 1,000 people)",1990,0.646711681613068
"Central Electricity Board (CEB)","Physicians (per 1,000 people)",1990,2.41446459459439
"Early-demographic dividend","Physicians (per 1,000 people)",1990,0.862322242729195
"East Asia & Pacific","Physicians (per 1,000 people)",1990,0.939129018700321
"East Asia & Pacific (excluding high income)","Physicians (per 1,000 people)",1990,0.869224246095351
"East Asia & Pacific (IDA & IBRD)","Physicians (per 1,000 people)",1990,0.869224246095351
"Euro area","Physicians (per 1,000 people)",1990,3.11656972995595
"Europe & Central Asia","Physicians (per 1,000 people)",1990,3.11453884868534
"Europe & Central Asia (excluding high income)","Physicians (per 1,000 people)",1990,2.88330746998551
"Europe & Central Asia (IDA & IBRD)","Physicians (per 1,000 people)",1990,3.33268689122717
"European Union","Physicians (per 1,000 people)",1990,2.93928621370274
"Fragile and conflict affected situations","Physicians (per 1,000 people)",1990,0.710477283826294
"Heavily indebted poor countries (HIPC)","Physicians (per 1,000 people)",1990,0.0874112183502737
"High income","Physicians (per 1,000 people)",1990,2.4902050467697
"IBRD only","Physicians (per 1,000 people)",1990,1.26375027269496
"IDA & IBRD total","Physicians (per 1,000 people)",1990,1.08604191294323
"IDA blend","Physicians (per 1,000 people)",1990,0.529183487764372
"IDA only","Physicians (per 1,000 people)",1990,0.174447870702663
"IDA total","Physicians (per 1,000 people)",1990,0.30046521982722
"Late-demographic dividend","Physicians (per 1,000 people)",1990,1.41102993820504
"Latin America & Caribbean","Physicians (per 1,000 people)",1990,1.21613652154429
"Latin America & Caribbean (excluding high income)","Physicians (per 1,000 people)",1990,1.18684668405787
"Latin America & Caribbean (IDA & IBRD)","Physicians (per 1,000 people)",1990,1.15544833010182
"Least developed countries: UN classification","Physicians (per 1,000 people)",1990,0.0878678007950505
"Low & middle income","Physicians (per 1,000 people)",1990,0.951402986377926
"Low income","Physicians (per 1,000 people)",1990,0.105934818739312
"Lower middle income","Physicians (per 1,000 people)",1990,0.826971623789028
"Middle East and North Africa","Physicians (per 1,000 people)",1990,0.581981919739809
"Middle East & North Africa (excluding high income)","Physicians (per 1,000 people)",1990,0.520704928210396
"Middle East & North Africa (IDA & IBRD)","Physicians (per 1,000 people)",1990,0.520704928210396
"Middle income","Physicians (per 1,000 people)",1990,0.992089889899815
"North America","Physicians (per 1,000 people)",1990,1.82995642941219
"OECD members","Physicians (per 1,000 people)",1990,2.03661101279227
"Other small states","Physicians (per 1,000 people)",1990,1.31766409497461
"Pacific island small states","Physicians (per 1,000 people)",1990,0.276852135195761
"Post-demographic dividend","Physicians (per 1,000 people)",1990,2.38993453708276
"Pre-demographic dividend","Physicians (per 1,000 people)",1990,0.131361420085398
"Small states","Physicians (per 1,000 people)",1990,0.995373428936416
"South Asia","Physicians (per 1,000 people)",1990,1.067783888087
"South Asia (IDA & IBRD)","Physicians (per 1,000 people)",1990,1.067783888087
"Sub-Saharan Africa","Physicians (per 1,000 people)",1990,0.145696892407105
"Sub-Saharan Africa (excluding high income)","Physicians (per 1,000 people)",1990,0.160055453318534
"Sub-Saharan Africa (IDA & IBRD)","Physicians (per 1,000 people)",1990,0.145696892407105
"Upper middle income","Physicians (per 1,000 people)",1990,1.12394158676542
"World","Physicians (per 1,000 people)",1990,1.29268221441439
"Afghanistan","Physicians (per 1,000 people)",1990,0.109
"Albania","Physicians (per 1,000 people)",1990,1.371
"Algeria","Physicians (per 1,000 people)",1990,0.942
"Angola","Physicians (per 1,000 people)",1990,0.042
"Antigua and Barbuda","Physicians (per 1,000 people)",1990,0.76
"Argentina","Physicians (per 1,000 people)",1990,2.68
"Australia","Physicians (per 1,000 people)",1990,2.17
"Austria","Physicians (per 1,000 people)",1990,3.009
"Azerbaijan","Physicians (per 1,000 people)",1990,3.701
"Bahamas, The","Physicians (per 1,000 people)",1990,1.29
"Bangladesh","Physicians (per 1,000 people)",1990,0.177
"Barbados","Physicians (per 1,000 people)",1990,1.14
"Belarus","Physicians (per 1,000 people)",1990,2.9109
"Belgium","Physicians (per 1,000 people)",1990,3.268
"Belize","Physicians (per 1,000 people)",1990,0.639
"Benin","Physicians (per 1,000 people)",1990,0.051
"Bhutan","Physicians (per 1,000 people)",1990,0.333
"Bolivia","Physicians (per 1,000 people)",1990,0.45
"Bosnia and Herzegovina","Physicians (per 1,000 people)",1990,1.565
"Brazil","Physicians (per 1,000 people)",1990,1.074
"Bulgaria","Physicians (per 1,000 people)",1990,3.25
"Burundi","Physicians (per 1,000 people)",1990,0.058
"Cameroon","Physicians (per 1,000 people)",1990,0.082
"Canada","Physicians (per 1,000 people)",1990,2.1
"Cayman Islands","Physicians (per 1,000 people)",1990,1.7
"Central African Republic","Physicians (per 1,000 people)",1990,0.038
"Chile","Physicians (per 1,000 people)",1990,1.1
"China","Physicians (per 1,000 people)",1990,1.129
"Colombia","Physicians (per 1,000 people)",1990,0.803
"Comoros","Physicians (per 1,000 people)",1990,0.113
"Congo, Dem. Rep.","Physicians (per 1,000 people)",1990,0.066
"Congo, Rep.","Physicians (per 1,000 people)",1990,0.276
"Costa Rica","Physicians (per 1,000 people)",1990,1.26
"Cote d'Ivoire","Physicians (per 1,000 people)",1990,0.088
"Croatia","Physicians (per 1,000 people)",1990,2.083
"Cuba","Physicians (per 1,000 people)",1990,3.641
"Cyprus","Physicians (per 1,000 people)",1990,1.519
"Czechia","Physicians (per 1,000 people)",1990,2.722
"Denmark","Physicians (per 1,000 people)",1990,2.494
"Djibouti","Physicians (per 1,000 people)",1990,0.162
"Dominica","Physicians (per 1,000 people)",1990,0.46
"Dominican Republic","Physicians (per 1,000 people)",1990,1.49
"Ecuador","Physicians (per 1,000 people)",1990,0.936
"Egypt, Arab Rep.","Physicians (per 1,000 people)",1990,0.76
"El Salvador","Physicians (per 1,000 people)",1990,0.84
"Equatorial Guinea","Physicians (per 1,000 people)",1990,0.281
"Estonia","Physicians (per 1,000 people)",1990,3.5
"Eswatini","Physicians (per 1,000 people)",1990,0.108
"Finland","Physicians (per 1,000 people)",1990,3.002
"France","Physicians (per 1,000 people)",1990,3.118
"Georgia","Physicians (per 1,000 people)",1990,4.926
"Greece","Physicians (per 1,000 people)",1990,3.333
"Grenada","Physicians (per 1,000 people)",1990,0.5
"Guatemala","Physicians (per 1,000 people)",1990,0.78
"Guinea","Physicians (per 1,000 people)",1990,0.134
"Guyana","Physicians (per 1,000 people)",1990,0.17
"Haiti","Physicians (per 1,000 people)",1990,0.08
"Honduras","Physicians (per 1,000 people)",1990,0.7
"Hungary","Physicians (per 1,000 people)",1990,2.942
"Iceland","Physicians (per 1,000 people)",1990,2.847
"Indonesia","Physicians (per 1,000 people)",1990,0.144
"Iraq","Physicians (per 1,000 people)",1990,0.603
"Ireland","Physicians (per 1,000 people)",1990,1.564
"Isle of Man","Physicians (per 1,000 people)",1990,0.577
"Israel","Physicians (per 1,000 people)",1990,2.992
"Italy","Physicians (per 1,000 people)",1990,4.695
"Jamaica","Physicians (per 1,000 people)",1990,0.57
"Japan","Physicians (per 1,000 people)",1990,1.649
"Kazakhstan","Physicians (per 1,000 people)",1990,3.93
"Kiribati","Physicians (per 1,000 people)",1990,0.193
"Korea, Rep.","Physicians (per 1,000 people)",1990,0.811
"Kyrgyz Republic","Physicians (per 1,000 people)",1990,3.423
"Lao PDR","Physicians (per 1,000 people)",1990,0.234
"Latvia","Physicians (per 1,000 people)",1990,3.51
"Lesotho","Physicians (per 1,000 people)",1990,0.043
"Libya","Physicians (per 1,000 people)",1990,1.071
"Lithuania","Physicians (per 1,000 people)",1990,3.908
"Luxembourg","Physicians (per 1,000 people)",1990,2.009
"Madagascar","Physicians (per 1,000 people)",1990,0.12
"Malawi","Physicians (per 1,000 people)",1990,0.022
"Malaysia","Physicians (per 1,000 people)",1990,0.392
"Maldives","Physicians (per 1,000 people)",1990,0.07
"Mali","Physicians (per 1,000 people)",1990,0.051
"Malta","Physicians (per 1,000 people)",1990,2.189
"Mauritania","Physicians (per 1,000 people)",1990,0.063
"Mauritius","Physicians (per 1,000 people)",1990,0.811
"Mexico","Physicians (per 1,000 people)",1990,1.002
"Moldova","Physicians (per 1,000 people)",1990,3.456
"Mongolia","Physicians (per 1,000 people)",1990,2.538
"Mozambique","Physicians (per 1,000 people)",1990,0.012
"Myanmar","Physicians (per 1,000 people)",1990,0.078
"Nepal","Physicians (per 1,000 people)",1990,0.051
"Netherlands","Physicians (per 1,000 people)",1990,2.507
"New Zealand","Physicians (per 1,000 people)",1990,1.866
"Nicaragua","Physicians (per 1,000 people)",1990,0.657
"Niger","Physicians (per 1,000 people)",1990,0.018
"North Macedonia","Physicians (per 1,000 people)",1990,2.151
"Oman","Physicians (per 1,000 people)",1990,0.799
"Pakistan","Physicians (per 1,000 people)",1990,0.462
"Panama","Physicians (per 1,000 people)",1990,1.122
"Papua New Guinea","Physicians (per 1,000 people)",1990,0.073
"Paraguay","Physicians (per 1,000 people)",1990,0.65
"Peru","Physicians (per 1,000 people)",1990,1.064
"Philippines","Physicians (per 1,000 people)",1990,0.119
"Poland","Physicians (per 1,000 people)",1990,2.145
"Portugal","Physicians (per 1,000 people)",1990,2.8
"Qatar","Physicians (per 1,000 people)",1990,1.5
"Romania","Physicians (per 1,000 people)",1990,1.831
"Russian Federation","Physicians (per 1,000 people)",1990,4.509
"Sao Tome and Principe","Physicians (per 1,000 people)",1990,0.53
"Saudi Arabia","Physicians (per 1,000 people)",1990,1.433
"Senegal","Physicians (per 1,000 people)",1990,0.055
"Singapore","Physicians (per 1,000 people)",1990,1.266
"Slovenia","Physicians (per 1,000 people)",1990,2.07
"Spain","Physicians (per 1,000 people)",1990,2.047
"St. Kitts and Nevis","Physicians (per 1,000 people)",1990,0.69
"St. Lucia","Physicians (per 1,000 people)",1990,0.35
"St. Vincent and the Grenadines","Physicians (per 1,000 people)",1990,0.46
"Suriname","Physicians (per 1,000 people)",1990,0.75
"Sweden","Physicians (per 1,000 people)",1990,3.253
"Switzerland","Physicians (per 1,000 people)",1990,2.984
"Syrian Arab Republic","Physicians (per 1,000 people)",1990,0.835
"Tajikistan","Physicians (per 1,000 people)",1990,2.497
"Thailand","Physicians (per 1,000 people)",1990,0.225
"Trinidad and Tobago","Physicians (per 1,000 people)",1990,0.72
"Tunisia","Physicians (per 1,000 people)",1990,0.524
"Turkiye","Physicians (per 1,000 people)",1990,0.932
"Turkmenistan","Physicians (per 1,000 people)",1990,3.614
"Ukraine","Physicians (per 1,000 people)",1990,4.29
"United Kingdom","Physicians (per 1,000 people)",1990,1.618
"United States","Physicians (per 1,000 people)",1990,1.8
"Uruguay","Physicians (per 1,000 people)",1990,3.68
"Uzbekistan","Physicians (per 1,000 people)",1990,3.361
"Venezuela, RB","Physicians (per 1,000 people)",1990,1.564
"Viet Nam","Physicians (per 1,000 people)",1990,0.404
"Virgin Islands (U.S.)","Physicians (per 1,000 people)",1990,1.65
"Yemen, Rep.","Physicians (per 1,000 people)",1990,0.007
"Zambia","Physicians (per 1,000 people)",1990,0.092
"Zimbabwe","Physicians (per 1,000 people)",1990,0.131
"Albania","Physicians (per 1,000 people)",1991,1.452
"Antigua and Barbuda","Physicians (per 1,000 people)",1991,0.919
"Australia","Physicians (per 1,000 people)",1991,2.336
"Austria","Physicians (per 1,000 people)",1991,3.088
"Azerbaijan","Physicians (per 1,000 people)",1991,3.732
"Bahrain","Physicians (per 1,000 people)",1991,1.315
"Bangladesh","Physicians (per 1,000 people)",1991,0.188
"Belarus","Physicians (per 1,000 people)",1991,2.8961
"Belgium","Physicians (per 1,000 people)",1991,3.331
"Benin","Physicians (per 1,000 people)",1991,0.042
"Bosnia and Herzegovina","Physicians (per 1,000 people)",1991,1.561
"Brunei Darussalam","Physicians (per 1,000 people)",1991,0.746
"Bulgaria","Physicians (per 1,000 people)",1991,3.068
"Burundi","Physicians (per 1,000 people)",1991,0.059
"Canada","Physicians (per 1,000 people)",1991,2.1
"Chile","Physicians (per 1,000 people)",1991,1.066
"Colombia","Physicians (per 1,000 people)",1991,0.859
"Croatia","Physicians (per 1,000 people)",1991,1.92
"Cuba","Physicians (per 1,000 people)",1991,3.979
"Cyprus","Physicians (per 1,000 people)",1991,1.583
"Czechia","Physicians (per 1,000 people)",1991,2.676
"Denmark","Physicians (per 1,000 people)",1991,2.429
"Dominica","Physicians (per 1,000 people)",1991,0.528
"Ecuador","Physicians (per 1,000 people)",1991,1.142
"Estonia","Physicians (per 1,000 people)",1991,3.526
"Finland","Physicians (per 1,000 people)",1991,3.074
"France","Physicians (per 1,000 people)",1991,3.171
"Gabon","Physicians (per 1,000 people)",1991,0.187
"Georgia","Physicians (per 1,000 people)",1991,4.898
"Germany","Physicians (per 1,000 people)",1991,2.762
"Greece","Physicians (per 1,000 people)",1991,3.584
"Honduras","Physicians (per 1,000 people)",1991,0.411
"Hungary","Physicians (per 1,000 people)",1991,3.029
"Iceland","Physicians (per 1,000 people)",1991,2.845
"India","Physicians (per 1,000 people)",1991,1.224
"Indonesia","Physicians (per 1,000 people)",1991,0.148
"Ireland","Physicians (per 1,000 people)",1991,1.711
"Israel","Physicians (per 1,000 people)",1991,3.189
"Italy","Physicians (per 1,000 people)",1991,4.874
"Jordan","Physicians (per 1,000 people)",1991,1.348
"Kazakhstan","Physicians (per 1,000 people)",1991,3.797
"Kiribati","Physicians (per 1,000 people)",1991,0.176
"Korea, Rep.","Physicians (per 1,000 people)",1991,0.875
"Kyrgyz Republic","Physicians (per 1,000 people)",1991,3.446
"Latvia","Physicians (per 1,000 people)",1991,3.573
"Lebanon","Physicians (per 1,000 people)",1991,1.326
"Lithuania","Physicians (per 1,000 people)",1991,3.813
"Luxembourg","Physicians (per 1,000 people)",1991,2.019
"Malaysia","Physicians (per 1,000 people)",1991,0.393
"Maldives","Physicians (per 1,000 people)",1991,0.19
"Malta","Physicians (per 1,000 people)",1991,2.373
"Mauritius","Physicians (per 1,000 people)",1991,0.835
"Mexico","Physicians (per 1,000 people)",1991,1.193
"Moldova","Physicians (per 1,000 people)",1991,3.383
"Mongolia","Physicians (per 1,000 people)",1991,2.695
"Namibia","Physicians (per 1,000 people)",1991,0.231
"Nepal","Physicians (per 1,000 people)",1991,0.062
"Netherlands","Physicians (per 1,000 people)",1991,2.597
"New Zealand","Physicians (per 1,000 people)",1991,1.889
"North Macedonia","Physicians (per 1,000 people)",1991,2.203
"Norway","Physicians (per 1,000 people)",1991,2.602
"Pakistan","Physicians (per 1,000 people)",1991,0.48
"Panama","Physicians (per 1,000 people)",1991,1.132
"Paraguay","Physicians (per 1,000 people)",1991,0.813
"Poland","Physicians (per 1,000 people)",1991,2.173
"Portugal","Physicians (per 1,000 people)",1991,2.838
"Romania","Physicians (per 1,000 people)",1991,1.843
"Russian Federation","Physicians (per 1,000 people)",1991,4.259
"Singapore","Physicians (per 1,000 people)",1991,1.32
"Slovenia","Physicians (per 1,000 people)",1991,2.088
"Spain","Physicians (per 1,000 people)",1991,3.931
"Sri Lanka","Physicians (per 1,000 people)",1991,0.14
"St. Kitts and Nevis","Physicians (per 1,000 people)",1991,0.691
"St. Lucia","Physicians (per 1,000 people)",1991,0.393
"St. Vincent and the Grenadines","Physicians (per 1,000 people)",1991,0.135
"Sweden","Physicians (per 1,000 people)",1991,3.37
"Switzerland","Physicians (per 1,000 people)",1991,3.031
"Tajikistan","Physicians (per 1,000 people)",1991,2.549
"Thailand","Physicians (per 1,000 people)",1991,0.228
"Togo","Physicians (per 1,000 people)",1991,0.088
"Tonga","Physicians (per 1,000 people)",1991,0.508
"Trinidad and Tobago","Physicians (per 1,000 people)",1991,0.732
"Tunisia","Physicians (per 1,000 people)",1991,0.522
"Turkiye","Physicians (per 1,000 people)",1991,0.985
"Turkmenistan","Physicians (per 1,000 people)",1991,3.673
"Ukraine","Physicians (per 1,000 people)",1991,4.345
"United Kingdom","Physicians (per 1,000 people)",1991,1.633
"United States","Physicians (per 1,000 people)",1991,1.9
"Uzbekistan","Physicians (per 1,000 people)",1991,3.35
"Vanuatu","Physicians (per 1,000 people)",1991,0.099
"Viet Nam","Physicians (per 1,000 people)",1991,0.407
"Albania","Physicians (per 1,000 people)",1992,1.593
"Argentina","Physicians (per 1,000 people)",1992,2.645
"Australia","Physicians (per 1,000 people)",1992,2.374
"Austria","Physicians (per 1,000 people)",1992,3.213
"Azerbaijan","Physicians (per 1,000 people)",1992,3.687
"Belarus","Physicians (per 1,000 people)",1992,2.9409
"Belgium","Physicians (per 1,000 people)",1992,3.401
"Benin","Physicians (per 1,000 people)",1992,0.055
"Brazil","Physicians (per 1,000 people)",1992,1.128
"Bulgaria","Physicians (per 1,000 people)",1992,3.119
"Cabo Verde","Physicians (per 1,000 people)",1992,0.234
"Cambodia","Physicians (per 1,000 people)",1992,0.107
"Cameroon","Physicians (per 1,000 people)",1992,0.084
"Canada","Physicians (per 1,000 people)",1992,2.1
"Chile","Physicians (per 1,000 people)",1992,0.99
"Colombia","Physicians (per 1,000 people)",1992,0.917
"Comoros","Physicians (per 1,000 people)",1992,0.127
"Croatia","Physicians (per 1,000 people)",1992,1.969
"Cuba","Physicians (per 1,000 people)",1992,4.345
"Cyprus","Physicians (per 1,000 people)",1992,1.688
"Czechia","Physicians (per 1,000 people)",1992,2.681
"Denmark","Physicians (per 1,000 people)",1992,2.596
"Ecuador","Physicians (per 1,000 people)",1992,1.178
"Estonia","Physicians (per 1,000 people)",1992,3.249
"Fiji","Physicians (per 1,000 people)",1992,0.472
"Finland","Physicians (per 1,000 people)",1992,3.149
"France","Physicians (per 1,000 people)",1992,3.223
"Georgia","Physicians (per 1,000 people)",1992,4.726
"Germany","Physicians (per 1,000 people)",1992,2.841
"Greece","Physicians (per 1,000 people)",1992,3.697
"Haiti","Physicians (per 1,000 people)",1992,0.084
"Hungary","Physicians (per 1,000 people)",1992,3.007
"Iceland","Physicians (per 1,000 people)",1992,2.951
"Ireland","Physicians (per 1,000 people)",1992,2.011
"Israel","Physicians (per 1,000 people)",1992,3.567
"Italy","Physicians (per 1,000 people)",1992,5.017
"Japan","Physicians (per 1,000 people)",1992,1.702
"Kazakhstan","Physicians (per 1,000 people)",1992,3.89
"Kiribati","Physicians (per 1,000 people)",1992,0.186
"Korea, Rep.","Physicians (per 1,000 people)",1992,0.948
"Kyrgyz Republic","Physicians (per 1,000 people)",1992,3.376
"Latvia","Physicians (per 1,000 people)",1992,3.076
"Lithuania","Physicians (per 1,000 people)",1992,3.493
"Luxembourg","Physicians (per 1,000 people)",1992,2.079
"Malaysia","Physicians (per 1,000 people)",1992,0.411
"Malta","Physicians (per 1,000 people)",1992,2.353
"Mauritius","Physicians (per 1,000 people)",1992,0.847
"Mexico","Physicians (per 1,000 people)",1992,1.35
"Moldova","Physicians (per 1,000 people)",1992,3.397
"Monaco","Physicians (per 1,000 people)",1992,2.727
"Mongolia","Physicians (per 1,000 people)",1992,2.618
"Namibia","Physicians (per 1,000 people)",1992,0.232
"Nepal","Physicians (per 1,000 people)",1992,0.076
"New Zealand","Physicians (per 1,000 people)",1992,1.903
"Niger","Physicians (per 1,000 people)",1992,0.027
"Nigeria","Physicians (per 1,000 people)",1992,0.185
"North Macedonia","Physicians (per 1,000 people)",1992,2.262
"Norway","Physicians (per 1,000 people)",1992,2.656
"Pakistan","Physicians (per 1,000 people)",1992,0.491
"Panama","Physicians (per 1,000 people)",1992,1.154
"Peru","Physicians (per 1,000 people)",1992,1.03
"Philippines","Physicians (per 1,000 people)",1992,0.108
"Poland","Physicians (per 1,000 people)",1992,2.189
"Portugal","Physicians (per 1,000 people)",1992,2.859
"Romania","Physicians (per 1,000 people)",1992,1.865
"Russian Federation","Physicians (per 1,000 people)",1992,4.285
"Samoa","Physicians (per 1,000 people)",1992,0.365
"Sao Tome and Principe","Physicians (per 1,000 people)",1992,0.328
"Senegal","Physicians (per 1,000 people)",1992,0.068
"Singapore","Physicians (per 1,000 people)",1992,1.348
"Slovenia","Physicians (per 1,000 people)",1992,2.094
"Solomon Islands","Physicians (per 1,000 people)",1992,0.157
"South Africa","Physicians (per 1,000 people)",1992,0.624
"Spain","Physicians (per 1,000 people)",1992,3.982
"Sri Lanka","Physicians (per 1,000 people)",1992,0.167
"St. Kitts and Nevis","Physicians (per 1,000 people)",1992,0.758
"Sweden","Physicians (per 1,000 people)",1992,3.479
"Switzerland","Physicians (per 1,000 people)",1992,3.013
"Tajikistan","Physicians (per 1,000 people)",1992,2.311
"Tunisia","Physicians (per 1,000 people)",1992,0.579
"Turkiye","Physicians (per 1,000 people)",1992,1.012
"Turkmenistan","Physicians (per 1,000 people)",1992,3.589
"Ukraine","Physicians (per 1,000 people)",1992,4.297
"United Kingdom","Physicians (per 1,000 people)",1992,1.646
"United States","Physicians (per 1,000 people)",1992,1.9
"Uruguay","Physicians (per 1,000 people)",1992,3.226
"Uzbekistan","Physicians (per 1,000 people)",1992,3.341
"Viet Nam","Physicians (per 1,000 people)",1992,0.437
"Afghanistan","Physicians (per 1,000 people)",1993,0.143
"Albania","Physicians (per 1,000 people)",1993,1.368
"Algeria","Physicians (per 1,000 people)",1993,0.821
"Antigua and Barbuda","Physicians (per 1,000 people)",1993,3.03
"Australia","Physicians (per 1,000 people)",1993,2.399
"Austria","Physicians (per 1,000 people)",1993,3.296
"Azerbaijan","Physicians (per 1,000 people)",1993,3.724
"Bahamas, The","Physicians (per 1,000 people)",1993,1.446
"Barbados","Physicians (per 1,000 people)",1993,1.254
"Belarus","Physicians (per 1,000 people)",1993,2.9571
"Belgium","Physicians (per 1,000 people)",1993,3.459
"Belize","Physicians (per 1,000 people)",1993,0.493
"Benin","Physicians (per 1,000 people)",1993,0.057
"Bolivia","Physicians (per 1,000 people)",1993,0.426
"Botswana","Physicians (per 1,000 people)",1993,0.194
"Brazil","Physicians (per 1,000 people)",1993,1.155
"Bulgaria","Physicians (per 1,000 people)",1993,3.305
"Burundi","Physicians (per 1,000 people)",1993,0.056
"Cambodia","Physicians (per 1,000 people)",1993,0.104
"Cameroon","Physicians (per 1,000 people)",1993,0.073
"Canada","Physicians (per 1,000 people)",1993,2.2
"Central African Republic","Physicians (per 1,000 people)",1993,0.055
"Colombia","Physicians (per 1,000 people)",1993,0.958
"Costa Rica","Physicians (per 1,000 people)",1993,0.883
"Croatia","Physicians (per 1,000 people)",1993,2.023
"Cuba","Physicians (per 1,000 people)",1993,4.709
"Cyprus","Physicians (per 1,000 people)",1993,1.745
"Czechia","Physicians (per 1,000 people)",1993,2.868
"Denmark","Physicians (per 1,000 people)",1993,2.613
"Dominican Republic","Physicians (per 1,000 people)",1993,1.054
"Ecuador","Physicians (per 1,000 people)",1993,1.091
"El Salvador","Physicians (per 1,000 people)",1993,0.66
"Eritrea","Physicians (per 1,000 people)",1993,0.019
"Estonia","Physicians (per 1,000 people)",1993,3.185
"Finland","Physicians (per 1,000 people)",1993,3.226
"France","Physicians (per 1,000 people)",1993,3.251
"Gabon","Physicians (per 1,000 people)",1993,0.211
"Gambia, The","Physicians (per 1,000 people)",1993,0.016
"Georgia","Physicians (per 1,000 people)",1993,5.003
"Germany","Physicians (per 1,000 people)",1993,2.937
"Greece","Physicians (per 1,000 people)",1993,3.798
"Grenada","Physicians (per 1,000 people)",1993,0.578
"Guatemala","Physicians (per 1,000 people)",1993,0.25
"Guyana","Physicians (per 1,000 people)",1993,0.112
"Haiti","Physicians (per 1,000 people)",1993,0.092
"Hong Kong SAR, China","Physicians (per 1,000 people)",1993,1.204
"Hungary","Physicians (per 1,000 people)",1993,2.955
"Iceland","Physicians (per 1,000 people)",1993,2.952
"Indonesia","Physicians (per 1,000 people)",1993,0.058
"Iran, Islamic Rep.","Physicians (per 1,000 people)",1993,0.318
"Iraq","Physicians (per 1,000 people)",1993,0.603
"Ireland","Physicians (per 1,000 people)",1993,2.034
"Israel","Physicians (per 1,000 people)",1993,3.582
"Italy","Physicians (per 1,000 people)",1993,5.51
"Jamaica","Physicians (per 1,000 people)",1993,0.472
"Kazakhstan","Physicians (per 1,000 people)",1993,3.797
"Kenya","Physicians (per 1,000 people)",1993,0.138
"Kiribati","Physicians (per 1,000 people)",1993,0.13
"Korea, Rep.","Physicians (per 1,000 people)",1993,1.012
"Kyrgyz Republic","Physicians (per 1,000 people)",1993,3.117
"Latvia","Physicians (per 1,000 people)",1993,2.822
"Lebanon","Physicians (per 1,000 people)",1993,1.862
"Lesotho","Physicians (per 1,000 people)",1993,0.05
"Libya","Physicians (per 1,000 people)",1993,1.441
"Lithuania","Physicians (per 1,000 people)",1993,3.507
"Luxembourg","Physicians (per 1,000 people)",1993,2.138
"Malawi","Physicians (per 1,000 people)",1993,0.028
"Malaysia","Physicians (per 1,000 people)",1993,0.431
"Maldives","Physicians (per 1,000 people)",1993,0.281
"Malta","Physicians (per 1,000 people)",1993,2.425
"Mauritania","Physicians (per 1,000 people)",1993,0.063
"Mauritius","Physicians (per 1,000 people)",1993,0.844
"Mexico","Physicians (per 1,000 people)",1993,1.499
"Micronesia, Fed. Sts.","Physicians (per 1,000 people)",1993,0.451
"Moldova","Physicians (per 1,000 people)",1993,3.44
"Morocco","Physicians (per 1,000 people)",1993,0.214
"Nepal","Physicians (per 1,000 people)",1993,0.074
"New Zealand","Physicians (per 1,000 people)",1993,1.923
"Nigeria","Physicians (per 1,000 people)",1993,0.192
"North Macedonia","Physicians (per 1,000 people)",1993,2.185
"Norway","Physicians (per 1,000 people)",1993,2.702
"Pakistan","Physicians (per 1,000 people)",1993,0.502
"Panama","Physicians (per 1,000 people)",1993,1.188
"Poland","Physicians (per 1,000 people)",1993,2.228
"Portugal","Physicians (per 1,000 people)",1993,2.871
"Romania","Physicians (per 1,000 people)",1993,1.772
"Russian Federation","Physicians (per 1,000 people)",1993,4.309
"Rwanda","Physicians (per 1,000 people)",1993,0.04
"Saudi Arabia","Physicians (per 1,000 people)",1993,1.335
"Seychelles","Physicians (per 1,000 people)",1993,1.027
"Singapore","Physicians (per 1,000 people)",1993,1.385
"Slovenia","Physicians (per 1,000 people)",1993,2.028
"Somalia","Physicians (per 1,000 people)",1993,0.042
"Spain","Physicians (per 1,000 people)",1993,4.041
"Sri Lanka","Physicians (per 1,000 people)",1993,0.208
"St. Kitts and Nevis","Physicians (per 1,000 people)",1993,0.773
"St. Lucia","Physicians (per 1,000 people)",1993,0.544
"Suriname","Physicians (per 1,000 people)",1993,0.762
"Sweden","Physicians (per 1,000 people)",1993,3.58
"Switzerland","Physicians (per 1,000 people)",1993,3.062
"Tajikistan","Physicians (per 1,000 people)",1993,2.122
"Thailand","Physicians (per 1,000 people)",1993,0.236
"Trinidad and Tobago","Physicians (per 1,000 people)",1993,0.658
"Tunisia","Physicians (per 1,000 people)",1993,0.586
"Turkiye","Physicians (per 1,000 people)",1993,1.066
"Turkmenistan","Physicians (per 1,000 people)",1993,3.57
"Uganda","Physicians (per 1,000 people)",1993,0.04
"Ukraine","Physicians (per 1,000 people)",1993,4.342
"United Kingdom","Physicians (per 1,000 people)",1993,1.684
"United States","Physicians (per 1,000 people)",1993,1.9
"Uzbekistan","Physicians (per 1,000 people)",1993,3.311
"Albania","Physicians (per 1,000 people)",1994,1.285
"Australia","Physicians (per 1,000 people)",1994,2.438
"Austria","Physicians (per 1,000 people)",1994,3.408
"Azerbaijan","Physicians (per 1,000 people)",1994,3.684
"Belarus","Physicians (per 1,000 people)",1994,3.0191
"Belgium","Physicians (per 1,000 people)",1994,3.524
"Benin","Physicians (per 1,000 people)",1994,0.061
"Bhutan","Physicians (per 1,000 people)",1994,0.17
"Botswana","Physicians (per 1,000 people)",1994,0.238
"Brazil","Physicians (per 1,000 people)",1994,1.184
"Bulgaria","Physicians (per 1,000 people)",1994,3.286
"Cambodia","Physicians (per 1,000 people)",1994,0.105
"Canada","Physicians (per 1,000 people)",1994,2.1
"Chad","Physicians (per 1,000 people)",1994,0.033
"Colombia","Physicians (per 1,000 people)",1994,1.003
"Costa Rica","Physicians (per 1,000 people)",1994,0.845
"Croatia","Physicians (per 1,000 people)",1994,1.993
"Cuba","Physicians (per 1,000 people)",1994,4.966
"Cyprus","Physicians (per 1,000 people)",1994,1.81
"Czechia","Physicians (per 1,000 people)",1994,2.936
"Denmark","Physicians (per 1,000 people)",1994,2.639
"Ecuador","Physicians (per 1,000 people)",1994,1.258
"Egypt, Arab Rep.","Physicians (per 1,000 people)",1994,1.84
"Estonia","Physicians (per 1,000 people)",1994,3.171
"Ethiopia","Physicians (per 1,000 people)",1994,0.029
"Fiji","Physicians (per 1,000 people)",1994,0.376
"Finland","Physicians (per 1,000 people)",1994,3.278
"France","Physicians (per 1,000 people)",1994,3.286
"Gabon","Physicians (per 1,000 people)",1994,0.253
"Georgia","Physicians (per 1,000 people)",1994,4.899
"Germany","Physicians (per 1,000 people)",1994,3.009
"Greece","Physicians (per 1,000 people)",1994,3.803
"Guinea","Physicians (per 1,000 people)",1994,0.152
"Guinea-Bissau","Physicians (per 1,000 people)",1994,0.177
"Hong Kong SAR, China","Physicians (per 1,000 people)",1994,1.271
"Hungary","Physicians (per 1,000 people)",1994,2.996
"Iceland","Physicians (per 1,000 people)",1994,2.994
"Ireland","Physicians (per 1,000 people)",1994,2.003
"Israel","Physicians (per 1,000 people)",1994,3.616
"Italy","Physicians (per 1,000 people)",1994,5.617
"Japan","Physicians (per 1,000 people)",1994,1.772
"Jordan","Physicians (per 1,000 people)",1994,1.625
"Kazakhstan","Physicians (per 1,000 people)",1994,3.637
"Korea, Rep.","Physicians (per 1,000 people)",1994,1.057
"Kyrgyz Republic","Physicians (per 1,000 people)",1994,3.084
"Latvia","Physicians (per 1,000 people)",1994,2.797
"Lithuania","Physicians (per 1,000 people)",1994,3.582
"Luxembourg","Physicians (per 1,000 people)",1994,2.164
"Malaysia","Physicians (per 1,000 people)",1994,0.449
"Mali","Physicians (per 1,000 people)",1994,0.047
"Mauritius","Physicians (per 1,000 people)",1994,0.845
"Mexico","Physicians (per 1,000 people)",1994,1.597
"Moldova","Physicians (per 1,000 people)",1994,3.457
"Morocco","Physicians (per 1,000 people)",1994,0.363
"New Zealand","Physicians (per 1,000 people)",1994,1.983
"Niger","Physicians (per 1,000 people)",1994,0.023
"North Macedonia","Physicians (per 1,000 people)",1994,2.193
"Norway","Physicians (per 1,000 people)",1994,2.785
"Pakistan","Physicians (per 1,000 people)",1994,0.512
"Panama","Physicians (per 1,000 people)",1994,1.135
"Paraguay","Physicians (per 1,000 people)",1994,0.28
"Poland","Physicians (per 1,000 people)",1994,2.286
"Portugal","Physicians (per 1,000 people)",1994,2.89
"Romania","Physicians (per 1,000 people)",1994,1.772
"Russian Federation","Physicians (per 1,000 people)",1994,4.279
"Senegal","Physicians (per 1,000 people)",1994,0.096
"Singapore","Physicians (per 1,000 people)",1994,1.411
"Slovenia","Physicians (per 1,000 people)",1994,2.187
"Spain","Physicians (per 1,000 people)",1994,4.091
"Sri Lanka","Physicians (per 1,000 people)",1994,0.186
"St. Kitts and Nevis","Physicians (per 1,000 people)",1994,0.929
"Sudan","Physicians (per 1,000 people)",1994,0.105
"Sweden","Physicians (per 1,000 people)",1994,3.68
"Switzerland","Physicians (per 1,000 people)",1994,3.116
"Tajikistan","Physicians (per 1,000 people)",1994,2.178
"Tanzania","Physicians (per 1,000 people)",1994,0.042
"Togo","Physicians (per 1,000 people)",1994,0.056
"Trinidad and Tobago","Physicians (per 1,000 people)",1994,0.788
"Tunisia","Physicians (per 1,000 people)",1994,0.585
"Turkiye","Physicians (per 1,000 people)",1994,1.129
"Turkmenistan","Physicians (per 1,000 people)",1994,3.535
"Ukraine","Physicians (per 1,000 people)",1994,4.314
"United Kingdom","Physicians (per 1,000 people)",1994,1.698
"Uzbekistan","Physicians (per 1,000 people)",1994,3.281
"Albania","Physicians (per 1,000 people)",1995,1.292
"Algeria","Physicians (per 1,000 people)",1995,0.846
"Andorra","Physicians (per 1,000 people)",1995,2.273
"Antigua and Barbuda","Physicians (per 1,000 people)",1995,0.76
"Aruba","Physicians (per 1,000 people)",1995,1.12
"Australia","Physicians (per 1,000 people)",1995,2.476
"Austria","Physicians (per 1,000 people)",1995,3.512
"Azerbaijan","Physicians (per 1,000 people)",1995,3.703
"Bahamas, The","Physicians (per 1,000 people)",1995,1.49
"Bangladesh","Physicians (per 1,000 people)",1995,0.201
"Barbados","Physicians (per 1,000 people)",1995,1.365
"Belarus","Physicians (per 1,000 people)",1995,3.0496
"Belgium","Physicians (per 1,000 people)",1995,3.558
"Belize","Physicians (per 1,000 people)",1995,0.6
"Benin","Physicians (per 1,000 people)",1995,0.058
"Bermuda","Physicians (per 1,000 people)",1995,1.2
"Bhutan","Physicians (per 1,000 people)",1995,0.16
"Bolivia","Physicians (per 1,000 people)",1995,0.34
"Brazil","Physicians (per 1,000 people)",1995,1.214
"Bulgaria","Physicians (per 1,000 people)",1995,3.429
"Burkina Faso","Physicians (per 1,000 people)",1995,0.034
"Burundi","Physicians (per 1,000 people)",1995,0.055
"Canada","Physicians (per 1,000 people)",1995,2.1
"Cayman Islands","Physicians (per 1,000 people)",1995,1.7
"Central African Republic","Physicians (per 1,000 people)",1995,0.035
"China","Physicians (per 1,000 people)",1995,1.194
"Colombia","Physicians (per 1,000 people)",1995,1.049
"Congo, Rep.","Physicians (per 1,000 people)",1995,0.251
"Costa Rica","Physicians (per 1,000 people)",1995,0.854
"Croatia","Physicians (per 1,000 people)",1995,2.023
"Cuba","Physicians (per 1,000 people)",1995,5.202
"Cyprus","Physicians (per 1,000 people)",1995,1.863
"Czechia","Physicians (per 1,000 people)",1995,3.001
"Denmark","Physicians (per 1,000 people)",1995,2.682
"Djibouti","Physicians (per 1,000 people)",1995,0.191
"Dominica","Physicians (per 1,000 people)",1995,0.47
"Dominican Republic","Physicians (per 1,000 people)",1995,1.5
"Ecuador","Physicians (per 1,000 people)",1995,1.234
"El Salvador","Physicians (per 1,000 people)",1995,0.91
"Equatorial Guinea","Physicians (per 1,000 people)",1995,0.208
"Estonia","Physicians (per 1,000 people)",1995,3.156
"Finland","Physicians (per 1,000 people)",1995,3.351
"France","Physicians (per 1,000 people)",1995,3.307
"Gabon","Physicians (per 1,000 people)",1995,0.286
"Georgia","Physicians (per 1,000 people)",1995,4.792
"Germany","Physicians (per 1,000 people)",1995,3.075
"Greece","Physicians (per 1,000 people)",1995,3.841
"Grenada","Physicians (per 1,000 people)",1995,0.65
"Guatemala","Physicians (per 1,000 people)",1995,1.1
"Guinea","Physicians (per 1,000 people)",1995,0.13
"Guyana","Physicians (per 1,000 people)",1995,0.33
"Haiti","Physicians (per 1,000 people)",1995,0.16
"Honduras","Physicians (per 1,000 people)",1995,0.65
"Hong Kong SAR, China","Physicians (per 1,000 people)",1995,1.319
"Hungary","Physicians (per 1,000 people)",1995,3.004
"Iceland","Physicians (per 1,000 people)",1995,3.022
"Ireland","Physicians (per 1,000 people)",1995,2.113
"Israel","Physicians (per 1,000 people)",1995,3.621
"Italy","Physicians (per 1,000 people)",1995,3.797
"Jamaica","Physicians (per 1,000 people)",1995,0.57
"Kazakhstan","Physicians (per 1,000 people)",1995,3.659
"Kenya","Physicians (per 1,000 people)",1995,0.132
"Korea, Dem. People's Rep.","Physicians (per 1,000 people)",1995,2.97
"Korea, Rep.","Physicians (per 1,000 people)",1995,1.116
"Kuwait","Physicians (per 1,000 people)",1995,1.783
"Kyrgyz Republic","Physicians (per 1,000 people)",1995,3.128
"Lao PDR","Physicians (per 1,000 people)",1995,0.336
"Latvia","Physicians (per 1,000 people)",1995,2.734
"Lesotho","Physicians (per 1,000 people)",1995,0.054
"Lithuania","Physicians (per 1,000 people)",1995,3.568
"Luxembourg","Physicians (per 1,000 people)",1995,2.242
"Madagascar","Physicians (per 1,000 people)",1995,0.272
"Malaysia","Physicians (per 1,000 people)",1995,0.478
"Mali","Physicians (per 1,000 people)",1995,0.043
"Mauritania","Physicians (per 1,000 people)",1995,0.138
"Mauritius","Physicians (per 1,000 people)",1995,0.85
"Mexico","Physicians (per 1,000 people)",1995,1.685
"Moldova","Physicians (per 1,000 people)",1995,3.417
"Myanmar","Physicians (per 1,000 people)",1995,0.293
"Nauru","Physicians (per 1,000 people)",1995,1.553
"Nepal","Physicians (per 1,000 people)",1995,0.04
"New Zealand","Physicians (per 1,000 people)",1995,2.05
"Nicaragua","Physicians (per 1,000 people)",1995,0.82
"North Macedonia","Physicians (per 1,000 people)",1995,2.27
"Norway","Physicians (per 1,000 people)",1995,2.953
"Oman","Physicians (per 1,000 people)",1995,1.14
"Pakistan","Physicians (per 1,000 people)",1995,0.524
"Panama","Physicians (per 1,000 people)",1995,1.177
"Paraguay","Physicians (per 1,000 people)",1995,0.73
"Peru","Physicians (per 1,000 people)",1995,0.98
"Poland","Physicians (per 1,000 people)",1995,2.329
"Portugal","Physicians (per 1,000 people)",1995,2.923
"Puerto Rico","Physicians (per 1,000 people)",1995,1.75
"Romania","Physicians (per 1,000 people)",1995,1.78
"Russian Federation","Physicians (per 1,000 people)",1995,4.4
"Senegal","Physicians (per 1,000 people)",1995,0.075
"Slovenia","Physicians (per 1,000 people)",1995,2.117
"Solomon Islands","Physicians (per 1,000 people)",1995,0.14
"Spain","Physicians (per 1,000 people)",1995,4.085
"Sri Lanka","Physicians (per 1,000 people)",1995,0.223
"St. Kitts and Nevis","Physicians (per 1,000 people)",1995,1.08
"St. Lucia","Physicians (per 1,000 people)",1995,0.56
"St. Vincent and the Grenadines","Physicians (per 1,000 people)",1995,0.46
"Suriname","Physicians (per 1,000 people)",1995,0.75
"Sweden","Physicians (per 1,000 people)",1995,2.838
"Switzerland","Physicians (per 1,000 people)",1995,3.165
"Tajikistan","Physicians (per 1,000 people)",1995,2.046
"Tanzania","Physicians (per 1,000 people)",1995,0.041
"Thailand","Physicians (per 1,000 people)",1995,0.239
"Togo","Physicians (per 1,000 people)",1995,0.076
"Trinidad and Tobago","Physicians (per 1,000 people)",1995,0.905
"Tunisia","Physicians (per 1,000 people)",1995,0.642
"Turkiye","Physicians (per 1,000 people)",1995,1.144
"Turkmenistan","Physicians (per 1,000 people)",1995,3.17
"Ukraine","Physicians (per 1,000 people)",1995,4.407
"United Kingdom","Physicians (per 1,000 people)",1995,1.757
"United States","Physicians (per 1,000 people)",1995,2.434
"Uruguay","Physicians (per 1,000 people)",1995,3.56
"Uzbekistan","Physicians (per 1,000 people)",1995,3.223
"Venezuela, RB","Physicians (per 1,000 people)",1995,1.94
"Virgin Islands (U.S.)","Physicians (per 1,000 people)",1995,1.645
"Yemen, Rep.","Physicians (per 1,000 people)",1995,0.247
"Zambia","Physicians (per 1,000 people)",1995,0.069
"Zimbabwe","Physicians (per 1,000 people)",1995,0.148
"Albania","Physicians (per 1,000 people)",1996,1.308
"Antigua and Barbuda","Physicians (per 1,000 people)",1996,1.141
"Australia","Physicians (per 1,000 people)",1996,2.403
"Austria","Physicians (per 1,000 people)",1996,3.589
"Azerbaijan","Physicians (per 1,000 people)",1996,3.673
"Bahamas, The","Physicians (per 1,000 people)",1996,1.518
"Belarus","Physicians (per 1,000 people)",1996,3.1175
"Belgium","Physicians (per 1,000 people)",1996,3.62
"Belize","Physicians (per 1,000 people)",1996,0.548
"Brazil","Physicians (per 1,000 people)",1996,1.245
"Brunei Darussalam","Physicians (per 1,000 people)",1996,0.848
"Bulgaria","Physicians (per 1,000 people)",1996,3.522
"Burkina Faso","Physicians (per 1,000 people)",1996,0.035
"Cabo Verde","Physicians (per 1,000 people)",1996,0.171
"Cambodia","Physicians (per 1,000 people)",1996,0.112
"Cameroon","Physicians (per 1,000 people)",1996,0.074
"Canada","Physicians (per 1,000 people)",1996,2.1
"China","Physicians (per 1,000 people)",1996,1.201
"Colombia","Physicians (per 1,000 people)",1996,1.09
"Congo, Dem. Rep.","Physicians (per 1,000 people)",1996,0.069
"Costa Rica","Physicians (per 1,000 people)",1996,0.864
"Cote d'Ivoire","Physicians (per 1,000 people)",1996,0.09
"Croatia","Physicians (per 1,000 people)",1996,2.125
"Cuba","Physicians (per 1,000 people)",1996,5.485
"Cyprus","Physicians (per 1,000 people)",1996,1.869
"Czechia","Physicians (per 1,000 people)",1996,2.99
"Denmark","Physicians (per 1,000 people)",1996,2.703
"Djibouti","Physicians (per 1,000 people)",1996,0.14
"Dominica","Physicians (per 1,000 people)",1996,0.493
"Ecuador","Physicians (per 1,000 people)",1996,1.307
"Egypt, Arab Rep.","Physicians (per 1,000 people)",1996,2.02
"Equatorial Guinea","Physicians (per 1,000 people)",1996,0.246
"Eritrea","Physicians (per 1,000 people)",1996,0.03
"Estonia","Physicians (per 1,000 people)",1996,3.107
"Eswatini","Physicians (per 1,000 people)",1996,0.151
"Ethiopia","Physicians (per 1,000 people)",1996,0.025
"Finland","Physicians (per 1,000 people)",1996,3.449
"France","Physicians (per 1,000 people)",1996,3.326
"Georgia","Physicians (per 1,000 people)",1996,3.119
"Germany","Physicians (per 1,000 people)",1996,3.124
"Ghana","Physicians (per 1,000 people)",1996,0.062
"Greece","Physicians (per 1,000 people)",1996,3.842
"Guinea-Bissau","Physicians (per 1,000 people)",1996,0.166
"Hungary","Physicians (per 1,000 people)",1996,3.041
"Iceland","Physicians (per 1,000 people)",1996,3.118
"Iran, Islamic Rep.","Physicians (per 1,000 people)",1996,0.85
"Ireland","Physicians (per 1,000 people)",1996,2.113
"Israel","Physicians (per 1,000 people)",1996,3.611
"Italy","Physicians (per 1,000 people)",1996,3.896
"Japan","Physicians (per 1,000 people)",1996,1.841
"Kazakhstan","Physicians (per 1,000 people)",1996,3.589
"Korea, Rep.","Physicians (per 1,000 people)",1996,1.169
"Kyrgyz Republic","Physicians (per 1,000 people)",1996,3.206
"Latvia","Physicians (per 1,000 people)",1996,2.749
"Lithuania","Physicians (per 1,000 people)",1996,3.597
"Luxembourg","Physicians (per 1,000 people)",1996,2.319
"Madagascar","Physicians (per 1,000 people)",1996,0.107
"Malaysia","Physicians (per 1,000 people)",1996,0.496
"Maldives","Physicians (per 1,000 people)",1996,0.656
"Mali","Physicians (per 1,000 people)",1996,0.063
"Marshall Islands","Physicians (per 1,000 people)",1996,0.422
"Mexico","Physicians (per 1,000 people)",1996,1.68
"Moldova","Physicians (per 1,000 people)",1996,3.478
"Nepal","Physicians (per 1,000 people)",1996,0.04
"New Zealand","Physicians (per 1,000 people)",1996,2.048
"Niger","Physicians (per 1,000 people)",1996,0.024
"North Macedonia","Physicians (per 1,000 people)",1996,2.227
"Norway","Physicians (per 1,000 people)",1996,3.047
"Pakistan","Physicians (per 1,000 people)",1996,0.541
"Panama","Physicians (per 1,000 people)",1996,1.216
"Philippines","Physicians (per 1,000 people)",1996,1.23
"Poland","Physicians (per 1,000 people)",1996,2.365
"Portugal","Physicians (per 1,000 people)",1996,3.002
"Qatar","Physicians (per 1,000 people)",1996,1.26
"Romania","Physicians (per 1,000 people)",1996,1.825
"Russian Federation","Physicians (per 1,000 people)",1996,4.515
"Samoa","Physicians (per 1,000 people)",1996,0.344
"Sao Tome and Principe","Physicians (per 1,000 people)",1996,0.467
"Senegal","Physicians (per 1,000 people)",1996,0.093
"Seychelles","Physicians (per 1,000 people)",1996,1.324
"Sierra Leone","Physicians (per 1,000 people)",1996,0.073
"Slovenia","Physicians (per 1,000 people)",1996,2.135
"South Africa","Physicians (per 1,000 people)",1996,0.593
"Spain","Physicians (per 1,000 people)",1996,2.74
"Sri Lanka","Physicians (per 1,000 people)",1996,0.279
"St. Kitts and Nevis","Physicians (per 1,000 people)",1996,1.114
"Sudan","Physicians (per 1,000 people)",1996,0.09
"Suriname","Physicians (per 1,000 people)",1996,0.252
"Sweden","Physicians (per 1,000 people)",1996,2.856
"Switzerland","Physicians (per 1,000 people)",1996,3.213
"Tajikistan","Physicians (per 1,000 people)",1996,1.982
"Trinidad and Tobago","Physicians (per 1,000 people)",1996,0.729
"Tunisia","Physicians (per 1,000 people)",1996,0.655
"Turkiye","Physicians (per 1,000 people)",1996,1.146
"Turkmenistan","Physicians (per 1,000 people)",1996,3.222
"Ukraine","Physicians (per 1,000 people)",1996,2.992
"United Kingdom","Physicians (per 1,000 people)",1996,1.798
"Uruguay","Physicians (per 1,000 people)",1996,3.703
"Uzbekistan","Physicians (per 1,000 people)",1996,3.125
"Yemen, Rep.","Physicians (per 1,000 people)",1996,0.23
"Afghanistan","Physicians (per 1,000 people)",1997,0.11
"Albania","Physicians (per 1,000 people)",1997,1.323
"Andorra","Physicians (per 1,000 people)",1997,2.442
"Angola","Physicians (per 1,000 people)",1997,0.059
"Australia","Physicians (per 1,000 people)",1997,2.401
"Austria","Physicians (per 1,000 people)",1997,3.668
"Azerbaijan","Physicians (per 1,000 people)",1997,3.609
"Bahrain","Physicians (per 1,000 people)",1997,1
"Bangladesh","Physicians (per 1,000 people)",1997,0.2
"Belarus","Physicians (per 1,000 people)",1997,3.161
"Belgium","Physicians (per 1,000 people)",1997,3.688
"Bermuda","Physicians (per 1,000 people)",1997,1.766
"Brazil","Physicians (per 1,000 people)",1997,1.281
"Bulgaria","Physicians (per 1,000 people)",1997,3.445
"Burkina Faso","Physicians (per 1,000 people)",1997,0.038
"Canada","Physicians (per 1,000 people)",1997,2.1
"Cayman Islands","Physicians (per 1,000 people)",1997,1.939
"Chad","Physicians (per 1,000 people)",1997,0.026
"China","Physicians (per 1,000 people)",1997,1.216
"Colombia","Physicians (per 1,000 people)",1997,1.133
"Comoros","Physicians (per 1,000 people)",1997,0.074
"Costa Rica","Physicians (per 1,000 people)",1997,0.872
"Croatia","Physicians (per 1,000 people)",1997,2.193
"Cuba","Physicians (per 1,000 people)",1997,5.694
"Cyprus","Physicians (per 1,000 people)",1997,1.877
"Czechia","Physicians (per 1,000 people)",1997,3.12
"Denmark","Physicians (per 1,000 people)",1997,2.78
"Dominica","Physicians (per 1,000 people)",1997,0.55
"Dominican Republic","Physicians (per 1,000 people)",1997,2.156
"Ecuador","Physicians (per 1,000 people)",1997,1.324
"Egypt, Arab Rep.","Physicians (per 1,000 people)",1997,1.6
"El Salvador","Physicians (per 1,000 people)",1997,1.071
"Estonia","Physicians (per 1,000 people)",1997,3.189
"Ethiopia","Physicians (per 1,000 people)",1997,0.023
"Fiji","Physicians (per 1,000 people)",1997,0.476
"Finland","Physicians (per 1,000 people)",1997,3.542
"France","Physicians (per 1,000 people)",1997,3.343
"Gambia, The","Physicians (per 1,000 people)",1997,0.035
"Georgia","Physicians (per 1,000 people)",1997,3.707
"Germany","Physicians (per 1,000 people)",1997,3.139
"Greece","Physicians (per 1,000 people)",1997,3.957
"Grenada","Physicians (per 1,000 people)",1997,0.389
"Guatemala","Physicians (per 1,000 people)",1997,0.933
"Guyana","Physicians (per 1,000 people)",1997,0.181
"Honduras","Physicians (per 1,000 people)",1997,0.832
"Hungary","Physicians (per 1,000 people)",1997,3.077
"Iceland","Physicians (per 1,000 people)",1997,3.257
"Ireland","Physicians (per 1,000 people)",1997,2.143
"Israel","Physicians (per 1,000 people)",1997,3.68
"Italy","Physicians (per 1,000 people)",1997,3.994
"Jordan","Physicians (per 1,000 people)",1997,1.66
"Kazakhstan","Physicians (per 1,000 people)",1997,3.287
"Korea, Rep.","Physicians (per 1,000 people)",1997,1.233
"Kuwait","Physicians (per 1,000 people)",1997,1.89
"Kyrgyz Republic","Physicians (per 1,000 people)",1997,3.029
"Latvia","Physicians (per 1,000 people)",1997,2.791
"Lebanon","Physicians (per 1,000 people)",1997,2.1
"Liberia","Physicians (per 1,000 people)",1997,0.023
"Libya","Physicians (per 1,000 people)",1997,1.3
"Lithuania","Physicians (per 1,000 people)",1997,3.637
"Luxembourg","Physicians (per 1,000 people)",1997,2.4
"Malaysia","Physicians (per 1,000 people)",1997,0.658
"Malta","Physicians (per 1,000 people)",1997,2.379
"Mexico","Physicians (per 1,000 people)",1997,1.717
"Moldova","Physicians (per 1,000 people)",1997,3.514
"Morocco","Physicians (per 1,000 people)",1997,0.46
"Namibia","Physicians (per 1,000 people)",1997,0.295
"Nepal","Physicians (per 1,000 people)",1997,0.04
"New Zealand","Physicians (per 1,000 people)",1997,2.178
"Nicaragua","Physicians (per 1,000 people)",1997,0.856
"Niger","Physicians (per 1,000 people)",1997,0.035
"North Macedonia","Physicians (per 1,000 people)",1997,2.241
"Norway","Physicians (per 1,000 people)",1997,3.075
"Oman","Physicians (per 1,000 people)",1997,0.856
"Pakistan","Physicians (per 1,000 people)",1997,0.555
"Panama","Physicians (per 1,000 people)",1997,1.214
"Paraguay","Physicians (per 1,000 people)",1997,1.098
"Peru","Physicians (per 1,000 people)",1997,0.932
"Philippines","Physicians (per 1,000 people)",1997,1.24
"Poland","Physicians (per 1,000 people)",1997,2.373
"Portugal","Physicians (per 1,000 people)",1997,3.043
"Qatar","Physicians (per 1,000 people)",1997,1.26
"Romania","Physicians (per 1,000 people)",1997,1.812
"Russian Federation","Physicians (per 1,000 people)",1997,4.552
"Saudi Arabia","Physicians (per 1,000 people)",1997,1.66
"Senegal","Physicians (per 1,000 people)",1997,0.093
"Slovenia","Physicians (per 1,000 people)",1997,2.229
"Somalia","Physicians (per 1,000 people)",1997,0.04
"Spain","Physicians (per 1,000 people)",1997,2.859
"Sri Lanka","Physicians (per 1,000 people)",1997,0.305
"St. Kitts and Nevis","Physicians (per 1,000 people)",1997,1.098
"St. Lucia","Physicians (per 1,000 people)",1997,0.473
"St. Vincent and the Grenadines","Physicians (per 1,000 people)",1997,0.884
"Sweden","Physicians (per 1,000 people)",1997,2.866
"Switzerland","Physicians (per 1,000 people)",1997,3.266
"Syrian Arab Republic","Physicians (per 1,000 people)",1997,1.303
"Tajikistan","Physicians (per 1,000 people)",1997,1.925
"Thailand","Physicians (per 1,000 people)",1997,0.272
"Tonga","Physicians (per 1,000 people)",1997,0.44
"Trinidad and Tobago","Physicians (per 1,000 people)",1997,0.72
"Tunisia","Physicians (per 1,000 people)",1997,0.676
"Turkiye","Physicians (per 1,000 people)",1997,1.168
"Turkmenistan","Physicians (per 1,000 people)",1997,3.171
"Ukraine","Physicians (per 1,000 people)",1997,2.97
"United Kingdom","Physicians (per 1,000 people)",1997,1.855
"Uzbekistan","Physicians (per 1,000 people)",1997,3.074
"Vanuatu","Physicians (per 1,000 people)",1997,0.112
"Viet Nam","Physicians (per 1,000 people)",1997,0.569
"Yemen, Rep.","Physicians (per 1,000 people)",1997,0.223
"Albania","Physicians (per 1,000 people)",1998,1.338
"Algeria","Physicians (per 1,000 people)",1998,1
"Andorra","Physicians (per 1,000 people)",1998,2.485
"Argentina","Physicians (per 1,000 people)",1998,3.003
"Australia","Physicians (per 1,000 people)",1998,2.402
"Austria","Physicians (per 1,000 people)",1998,3.795
"Azerbaijan","Physicians (per 1,000 people)",1998,3.541
"Bahamas, The","Physicians (per 1,000 people)",1998,0.989
"Belarus","Physicians (per 1,000 people)",1998,3.226
"Belgium","Physicians (per 1,000 people)",1998,3.74
"Botswana","Physicians (per 1,000 people)",1998,0.256
"Brazil","Physicians (per 1,000 people)",1998,1.267
"Bulgaria","Physicians (per 1,000 people)",1998,3.458
"Cambodia","Physicians (per 1,000 people)",1998,0.147
"Canada","Physicians (per 1,000 people)",1998,1.8611
"Chad","Physicians (per 1,000 people)",1998,0.02
"China","Physicians (per 1,000 people)",1998,1.214
"Colombia","Physicians (per 1,000 people)",1998,1.18
"Congo, Rep.","Physicians (per 1,000 people)",1998,0.734
"Costa Rica","Physicians (per 1,000 people)",1998,0.901
"Croatia","Physicians (per 1,000 people)",1998,2.21
"Cuba","Physicians (per 1,000 people)",1998,5.754
"Cyprus","Physicians (per 1,000 people)",1998,1.882
"Czechia","Physicians (per 1,000 people)",1998,3.039
"Denmark","Physicians (per 1,000 people)",1998,2.858
"Ecuador","Physicians (per 1,000 people)",1998,1.313
"Estonia","Physicians (per 1,000 people)",1998,2.947
"Ethiopia","Physicians (per 1,000 people)",1998,0.021
"Fiji","Physicians (per 1,000 people)",1998,0.357
"Finland","Physicians (per 1,000 people)",1998,3.615
"France","Physicians (per 1,000 people)",1998,3.355
"Georgia","Physicians (per 1,000 people)",1998,3.852
"Germany","Physicians (per 1,000 people)",1998,3.182
"Greece","Physicians (per 1,000 people)",1998,4.091
"Haiti","Physicians (per 1,000 people)",1998,0.242
"Hungary","Physicians (per 1,000 people)",1998,3.083
"Iceland","Physicians (per 1,000 people)",1998,3.314
"Iran, Islamic Rep.","Physicians (per 1,000 people)",1998,1.049
"Iraq","Physicians (per 1,000 people)",1998,0.55
"Ireland","Physicians (per 1,000 people)",1998,2.202
"Israel","Physicians (per 1,000 people)",1998,3.76
"Italy","Physicians (per 1,000 people)",1998,4.069
"Japan","Physicians (per 1,000 people)",1998,1.89
"Jordan","Physicians (per 1,000 people)",1998,1.009
"Kazakhstan","Physicians (per 1,000 people)",1998,3.437
"Korea, Rep.","Physicians (per 1,000 people)",1998,1.269
"Kyrgyz Republic","Physicians (per 1,000 people)",1998,2.969
"Latvia","Physicians (per 1,000 people)",1998,2.681
"Lithuania","Physicians (per 1,000 people)",1998,3.604
"Luxembourg","Physicians (per 1,000 people)",1998,2.4354
"Malta","Physicians (per 1,000 people)",1998,2.507
"Mexico","Physicians (per 1,000 people)",1998,1.73
"Moldova","Physicians (per 1,000 people)",1998,3.583
"Mongolia","Physicians (per 1,000 people)",1998,2.433
"Nepal","Physicians (per 1,000 people)",1998,0.04
"New Zealand","Physicians (per 1,000 people)",1998,2.229
"Niger","Physicians (per 1,000 people)",1998,0.033
"North Macedonia","Physicians (per 1,000 people)",1998,2.24
"Norway","Physicians (per 1,000 people)",1998,3.166
"Oman","Physicians (per 1,000 people)",1998,0.921
"Pakistan","Physicians (per 1,000 people)",1998,0.568
"Palau","Physicians (per 1,000 people)",1998,1.376
"Panama","Physicians (per 1,000 people)",1998,1.204
"Papua New Guinea","Physicians (per 1,000 people)",1998,0.073
"Poland","Physicians (per 1,000 people)",1998,2.347
"Portugal","Physicians (per 1,000 people)",1998,3.099
"Romania","Physicians (per 1,000 people)",1998,1.864
"Russian Federation","Physicians (per 1,000 people)",1998,4.603
"Samoa","Physicians (per 1,000 people)",1998,0.33
"Senegal","Physicians (per 1,000 people)",1998,0.095
"Singapore","Physicians (per 1,000 people)",1998,1.627
"Slovenia","Physicians (per 1,000 people)",1998,2.18
"Spain","Physicians (per 1,000 people)",1998,2.913
"Sri Lanka","Physicians (per 1,000 people)",1998,0.346
"St. Kitts and Nevis","Physicians (per 1,000 people)",1998,1.041
"Sweden","Physicians (per 1,000 people)",1998,2.926
"Switzerland","Physicians (per 1,000 people)",1998,3.331
"Syrian Arab Republic","Physicians (per 1,000 people)",1998,1.348
"Tajikistan","Physicians (per 1,000 people)",1998,2.039
"Thailand","Physicians (per 1,000 people)",1998,0.291
"Trinidad and Tobago","Physicians (per 1,000 people)",1998,0.896
"Tunisia","Physicians (per 1,000 people)",1998,0.705
"Turkiye","Physicians (per 1,000 people)",1998,1.206
"Ukraine","Physicians (per 1,000 people)",1998,2.99
"United Kingdom","Physicians (per 1,000 people)",1998,1.899
"Uzbekistan","Physicians (per 1,000 people)",1998,3.047
"Viet Nam","Physicians (per 1,000 people)",1998,0.48
"West Bank and Gaza","Physicians (per 1,000 people)",1998,0.5
"American Samoa","Physicians (per 1,000 people)",1999,0.781
"Antigua and Barbuda","Physicians (per 1,000 people)",1999,0.163
"Australia","Physicians (per 1,000 people)",1999,2.447
"Austria","Physicians (per 1,000 people)",1999,3.789
"Azerbaijan","Physicians (per 1,000 people)",1999,3.516
"Belarus","Physicians (per 1,000 people)",1999,3.2903
"Belgium","Physicians (per 1,000 people)",1999,2.801
"Bhutan","Physicians (per 1,000 people)",1999,0.051
"Botswana","Physicians (per 1,000 people)",1999,0.3
"Brazil","Physicians (per 1,000 people)",1999,1.364
"Bulgaria","Physicians (per 1,000 people)",1999,3.462
"Canada","Physicians (per 1,000 people)",1999,2.1
"Chad","Physicians (per 1,000 people)",1999,0.029
"China","Physicians (per 1,000 people)",1999,1.244
"Colombia","Physicians (per 1,000 people)",1999,1.218
"Costa Rica","Physicians (per 1,000 people)",1999,1.719
"Croatia","Physicians (per 1,000 people)",1999,2.266
"Cuba","Physicians (per 1,000 people)",1999,5.859
"Czechia","Physicians (per 1,000 people)",1999,3.088
"Denmark","Physicians (per 1,000 people)",1999,2.884
"Djibouti","Physicians (per 1,000 people)",1999,0.129
"Ecuador","Physicians (per 1,000 people)",1999,1.376
"El Salvador","Physicians (per 1,000 people)",1999,1.227
"Estonia","Physicians (per 1,000 people)",1999,2.993
"Ethiopia","Physicians (per 1,000 people)",1999,0.02
"Fiji","Physicians (per 1,000 people)",1999,0.329
"Finland","Physicians (per 1,000 people)",1999,3.671
"France","Physicians (per 1,000 people)",1999,3.355
"Georgia","Physicians (per 1,000 people)",1999,3.927
"Germany","Physicians (per 1,000 people)",1999,3.217
"Greece","Physicians (per 1,000 people)",1999,4.195
"Grenada","Physicians (per 1,000 people)",1999,0.552
"Guam","Physicians (per 1,000 people)",1999,1.084
"Guatemala","Physicians (per 1,000 people)",1999,0.869
"Hungary","Physicians (per 1,000 people)",1999,3.106
"Iceland","Physicians (per 1,000 people)",1999,3.379
"Ireland","Physicians (per 1,000 people)",1999,2.277
"Israel","Physicians (per 1,000 people)",1999,3.698
"Italy","Physicians (per 1,000 people)",1999,4.115
"Jordan","Physicians (per 1,000 people)",1999,1.957
"Kazakhstan","Physicians (per 1,000 people)",1999,3.314
"Korea, Rep.","Physicians (per 1,000 people)",1999,1.315
"Kyrgyz Republic","Physicians (per 1,000 people)",1999,2.893
"Latvia","Physicians (per 1,000 people)",1999,2.677
"Lithuania","Physicians (per 1,000 people)",1999,3.603
"Luxembourg","Physicians (per 1,000 people)",1999,2.4878
"Malaysia","Physicians (per 1,000 people)",1999,0.683
"Mexico","Physicians (per 1,000 people)",1999,1.732
"Micronesia, Fed. Sts.","Physicians (per 1,000 people)",1999,0.573
"Mongolia","Physicians (per 1,000 people)",1999,2.54
"Montenegro","Physicians (per 1,000 people)",1999,1.802
"Myanmar","Physicians (per 1,000 people)",1999,0.297
"Netherlands","Physicians (per 1,000 people)",1999,2.38
"New Caledonia","Physicians (per 1,000 people)",1999,1.982
"New Zealand","Physicians (per 1,000 people)",1999,2.248
"North Macedonia","Physicians (per 1,000 people)",1999,2.179
"Northern Mariana Islands","Physicians (per 1,000 people)",1999,0.445
"Norway","Physicians (per 1,000 people)",1999,3.287
"Oman","Physicians (per 1,000 people)",1999,0.94
"Pakistan","Physicians (per 1,000 people)",1999,0.582
"Panama","Physicians (per 1,000 people)",1999,1.244
"Peru","Physicians (per 1,000 people)",1999,1.135
"Poland","Physicians (per 1,000 people)",1999,2.282
"Portugal","Physicians (per 1,000 people)",1999,3.121
"Romania","Physicians (per 1,000 people)",1999,1.917
"Russian Federation","Physicians (per 1,000 people)",1999,4.632
"Samoa","Physicians (per 1,000 people)",1999,0.659
"Singapore","Physicians (per 1,000 people)",1999,1.343
"Slovak Republic","Physicians (per 1,000 people)",1999,3.3192
"Slovenia","Physicians (per 1,000 people)",1999,2.123
"Solomon Islands","Physicians (per 1,000 people)",1999,0.129
"Spain","Physicians (per 1,000 people)",1999,3.039
"Sri Lanka","Physicians (per 1,000 people)",1999,0.375
"St. Kitts and Nevis","Physicians (per 1,000 people)",1999,1.027
"Sweden","Physicians (per 1,000 people)",1999,2.969
"Switzerland","Physicians (per 1,000 people)",1999,3.364
"Syrian Arab Republic","Physicians (per 1,000 people)",1999,1.345
"Tajikistan","Physicians (per 1,000 people)",1999,2.095
"Thailand","Physicians (per 1,000 people)",1999,0.291
"Trinidad and Tobago","Physicians (per 1,000 people)",1999,0.882
"Tunisia","Physicians (per 1,000 people)",1999,0.73
"Turkiye","Physicians (per 1,000 people)",1999,1.261
"Ukraine","Physicians (per 1,000 people)",1999,2.986
"United Kingdom","Physicians (per 1,000 people)",1999,1.913
"Uruguay","Physicians (per 1,000 people)",1999,3.745
"Viet Nam","Physicians (per 1,000 people)",1999,0.515
"Africa Western and Central","Physicians (per 1,000 people)",2000,0.192887213377723
"Arab World","Physicians (per 1,000 people)",2000,1.20109649671695
"Caribbean small states","Physicians (per 1,000 people)",2000,0.813041953587621
"Central Electricity Board (CEB)","Physicians (per 1,000 people)",2000,2.52484009155407
"East Asia & Pacific","Physicians (per 1,000 people)",2000,1.21766582813123
"East Asia & Pacific (excluding high income)","Physicians (per 1,000 people)",2000,1.13918247385514
"East Asia & Pacific (IDA & IBRD)","Physicians (per 1,000 people)",2000,1.13918535149657
"Euro area","Physicians (per 1,000 people)",2000,3.260684223357
"Europe & Central Asia","Physicians (per 1,000 people)",2000,3.11809787199378
"Europe & Central Asia (excluding high income)","Physicians (per 1,000 people)",2000,2.42685731454435
"Europe & Central Asia (IDA & IBRD)","Physicians (per 1,000 people)",2000,3.154095490282
"European Union","Physicians (per 1,000 people)",2000,3.08219576750839
"Fragile and conflict affected situations","Physicians (per 1,000 people)",2000,0.615865383386157
"Heavily indebted poor countries (HIPC)","Physicians (per 1,000 people)",2000,0.112750065641908
"High income","Physicians (per 1,000 people)",2000,2.78959817184812
"IDA & IBRD total","Physicians (per 1,000 people)",2000,1.23754479533752
"IDA blend","Physicians (per 1,000 people)",2000,0.579348048850711
"IDA only","Physicians (per 1,000 people)",2000,0.227479107506215
"IDA total","Physicians (per 1,000 people)",2000,0.359619759860735
"Late-demographic dividend","Physicians (per 1,000 people)",2000,1.51579117083061
"Latin America & Caribbean","Physicians (per 1,000 people)",2000,1.60653891001027
"Latin America & Caribbean (excluding high income)","Physicians (per 1,000 people)",2000,1.60769146900564
"Latin America & Caribbean (IDA & IBRD)","Physicians (per 1,000 people)",2000,1.50999681672552
"Least developed countries: UN classification","Physicians (per 1,000 people)",2000,0.137356881210512
"Low & middle income","Physicians (per 1,000 people)",2000,1.09655100073357
"Middle East and North Africa","Physicians (per 1,000 people)",2000,1.03282390342149
"Middle East & North Africa (excluding high income)","Physicians (per 1,000 people)",2000,0.996780607086804
"Middle East & North Africa (IDA & IBRD)","Physicians (per 1,000 people)",2000,0.997853629473785
"Middle income","Physicians (per 1,000 people)",2000,1.15193643824188
"North America","Physicians (per 1,000 people)",2000,2.51925217849065
"OECD members","Physicians (per 1,000 people)",2000,2.40256914063431
"Other small states","Physicians (per 1,000 people)",2000,1.4187326270987
"Pacific island small states","Physicians (per 1,000 people)",2000,0.355610743609764
"Post-demographic dividend","Physicians (per 1,000 people)",2000,2.68710545420604
"Pre-demographic dividend","Physicians (per 1,000 people)",2000,0.175042487127539
"Small states","Physicians (per 1,000 people)",2000,1.09648458142523
"Sub-Saharan Africa","Physicians (per 1,000 people)",2000,0.126886513149916
"Sub-Saharan Africa (IDA & IBRD)","Physicians (per 1,000 people)",2000,0.126886513149916
"Upper middle income","Physicians (per 1,000 people)",2000,1.38575870306614
"World","Physicians (per 1,000 people)",2000,1.53682030761197
"Albania","Physicians (per 1,000 people)",2000,1.359
"Andorra","Physicians (per 1,000 people)",2000,2.542
"Armenia","Physicians (per 1,000 people)",2000,2.616
"Australia","Physicians (per 1,000 people)",2000,2.491
"Austria","Physicians (per 1,000 people)",2000,3.878
"Azerbaijan","Physicians (per 1,000 people)",2000,3.545
"Bahrain","Physicians (per 1,000 people)",2000,0.953
"Barbados","Physicians (per 1,000 people)",2000,1.379
"Belarus","Physicians (per 1,000 people)",2000,3.2998
"Belgium","Physicians (per 1,000 people)",2000,2.825
"Belize","Physicians (per 1,000 people)",2000,1.044
"Bosnia and Herzegovina","Physicians (per 1,000 people)",2000,1.306
"Botswana","Physicians (per 1,000 people)",2000,0.289
"Brunei Darussalam","Physicians (per 1,000 people)",2000,1.006
"Bulgaria","Physicians (per 1,000 people)",2000,3.399
"Burundi","Physicians (per 1,000 people)",2000,0.052
"Cambodia","Physicians (per 1,000 people)",2000,0.169
"Chad","Physicians (per 1,000 people)",2000,0.029
"China","Physicians (per 1,000 people)",2000,1.268
"Colombia","Physicians (per 1,000 people)",2000,1.26
"Costa Rica","Physicians (per 1,000 people)",2000,1.308
"Croatia","Physicians (per 1,000 people)",2000,2.295
"Cuba","Physicians (per 1,000 people)",2000,5.943
"Cyprus","Physicians (per 1,000 people)",2000,1.898
"Czechia","Physicians (per 1,000 people)",2000,3.381
"Denmark","Physicians (per 1,000 people)",2000,2.912
"Dominican Republic","Physicians (per 1,000 people)",2000,1.835
"Ecuador","Physicians (per 1,000 people)",2000,0.816
"Egypt, Arab Rep.","Physicians (per 1,000 people)",2000,2.118
"Eritrea","Physicians (per 1,000 people)",2000,0.042
"Estonia","Physicians (per 1,000 people)",2000,2.942
"Ethiopia","Physicians (per 1,000 people)",2000,0.021
"Finland","Physicians (per 1,000 people)",2000,3.746
"France","Physicians (per 1,000 people)",2000,3.375
"French Polynesia","Physicians (per 1,000 people)",2000,1.697
"Georgia","Physicians (per 1,000 people)",2000,3.924
"Germany","Physicians (per 1,000 people)",2000,3.272
"Greece","Physicians (per 1,000 people)",2000,4.281
"Grenada","Physicians (per 1,000 people)",2000,0.54
"Guinea","Physicians (per 1,000 people)",2000,0.092
"Guyana","Physicians (per 1,000 people)",2000,0.482
"Honduras","Physicians (per 1,000 people)",2000,0.552
"Hungary","Physicians (per 1,000 people)",2000,2.685
"Iceland","Physicians (per 1,000 people)",2000,3.439
"Ireland","Physicians (per 1,000 people)",2000,2.239
"Israel","Physicians (per 1,000 people)",2000,3.693
"Italy","Physicians (per 1,000 people)",2000,3.442
"Japan","Physicians (per 1,000 people)",2000,1.935
"Jordan","Physicians (per 1,000 people)",2000,1.894
"Kazakhstan","Physicians (per 1,000 people)",2000,3.213
"Korea, Rep.","Physicians (per 1,000 people)",2000,1.302
"Kyrgyz Republic","Physicians (per 1,000 people)",2000,2.796
"Lao PDR","Physicians (per 1,000 people)",2000,0.279
"Latvia","Physicians (per 1,000 people)",2000,2.85
"Lithuania","Physicians (per 1,000 people)",2000,3.526
"Luxembourg","Physicians (per 1,000 people)",2000,2.1509
"Malaysia","Physicians (per 1,000 people)",2000,0.681
"Mali","Physicians (per 1,000 people)",2000,0.044
"Malta","Physicians (per 1,000 people)",2000,2.565
"Marshall Islands","Physicians (per 1,000 people)",2000,0.471
"Mauritius","Physicians (per 1,000 people)",2000,0.888
"Mexico","Physicians (per 1,000 people)",2000,1.644
"Micronesia, Fed. Sts.","Physicians (per 1,000 people)",2000,0.573
"Moldova","Physicians (per 1,000 people)",2000,2.427
"Mongolia","Physicians (per 1,000 people)",2000,2.651
"Montenegro","Physicians (per 1,000 people)",2000,1.825
"Mozambique","Physicians (per 1,000 people)",2000,0.024
"Myanmar","Physicians (per 1,000 people)",2000,0.302
"Netherlands","Physicians (per 1,000 people)",2000,2.447
"New Zealand","Physicians (per 1,000 people)",2000,2.235
"Nigeria","Physicians (per 1,000 people)",2000,0.269
"North Macedonia","Physicians (per 1,000 people)",2000,2.186
"Norway","Physicians (per 1,000 people)",2000,3.38
"Oman","Physicians (per 1,000 people)",2000,1.39
"Pakistan","Physicians (per 1,000 people)",2000,0.595
"Papua New Guinea","Physicians (per 1,000 people)",2000,0.05
"Paraguay","Physicians (per 1,000 people)",2000,1.17
"Philippines","Physicians (per 1,000 people)",2000,1.219
"Poland","Physicians (per 1,000 people)",2000,2.208
"Portugal","Physicians (per 1,000 people)",2000,3.202
"Romania","Physicians (per 1,000 people)",2000,1.973
"Russian Federation","Physicians (per 1,000 people)",2000,4.632
"Saudi Arabia","Physicians (per 1,000 people)",2000,0.694
"Singapore","Physicians (per 1,000 people)",2000,1.376
"Slovak Republic","Physicians (per 1,000 people)",2000,3.24
"Slovenia","Physicians (per 1,000 people)",2000,2.156
"Spain","Physicians (per 1,000 people)",2000,3.122
"Sri Lanka","Physicians (per 1,000 people)",2000,0.424
"St. Vincent and the Grenadines","Physicians (per 1,000 people)",2000,0.782
"Sudan","Physicians (per 1,000 people)",2000,0.158
"Suriname","Physicians (per 1,000 people)",2000,0.399
"Sweden","Physicians (per 1,000 people)",2000,3.026
"Switzerland","Physicians (per 1,000 people)",2000,3.511
"Syrian Arab Republic","Physicians (per 1,000 people)",2000,1.374
"Tajikistan","Physicians (per 1,000 people)",2000,2.152
"Tonga","Physicians (per 1,000 people)",2000,0.499
"Trinidad and Tobago","Physicians (per 1,000 people)",2000,0.957
"Tunisia","Physicians (per 1,000 people)",2000,0.752
"Turkiye","Physicians (per 1,000 people)",2000,1.33
"Turkmenistan","Physicians (per 1,000 people)",2000,2.716
"Ukraine","Physicians (per 1,000 people)",2000,3.027
"United Arab Emirates","Physicians (per 1,000 people)",2000,1.724
"United Kingdom","Physicians (per 1,000 people)",2000,1.994
"United States","Physicians (per 1,000 people)",2000,2.588
"Uzbekistan","Physicians (per 1,000 people)",2000,2.944
"Zimbabwe","Physicians (per 1,000 people)",2000,0.127
"Afghanistan","Physicians (per 1,000 people)",2001,0.208
"Albania","Physicians (per 1,000 people)",2001,1.3
"Andorra","Physicians (per 1,000 people)",2001,2.581
"Argentina","Physicians (per 1,000 people)",2001,3.2481
"Armenia","Physicians (per 1,000 people)",2001,2.55
"Australia","Physicians (per 1,000 people)",2001,2.566
"Austria","Physicians (per 1,000 people)",2001,3.99
"Azerbaijan","Physicians (per 1,000 people)",2001,3.512
"Bahrain","Physicians (per 1,000 people)",2001,1.016
"Bangladesh","Physicians (per 1,000 people)",2001,0.247
"Barbados","Physicians (per 1,000 people)",2001,1.583
"Belgium","Physicians (per 1,000 people)",2001,2.842
"Bolivia","Physicians (per 1,000 people)",2001,1.181
"Bosnia and Herzegovina","Physicians (per 1,000 people)",2001,1.298
"Botswana","Physicians (per 1,000 people)",2001,0.29
"Bulgaria","Physicians (per 1,000 people)",2001,3.384
"Burkina Faso","Physicians (per 1,000 people)",2001,0.04
"Canada","Physicians (per 1,000 people)",2001,1.8871
"China","Physicians (per 1,000 people)",2001,1.287
"Colombia","Physicians (per 1,000 people)",2001,1.285
"Croatia","Physicians (per 1,000 people)",2001,2.341
"Cuba","Physicians (per 1,000 people)",2001,5.954
"Cyprus","Physicians (per 1,000 people)",2001,1.906
"Czechia","Physicians (per 1,000 people)",2001,3.443
"Denmark","Physicians (per 1,000 people)",2001,2.932
"Dominica","Physicians (per 1,000 people)",2001,1.818
"Ecuador","Physicians (per 1,000 people)",2001,0.856
"Eritrea","Physicians (per 1,000 people)",2001,0.039
"Estonia","Physicians (per 1,000 people)",2001,2.783
"Eswatini","Physicians (per 1,000 people)",2001,0.172
"Ethiopia","Physicians (per 1,000 people)",2001,0.028
"Finland","Physicians (per 1,000 people)",2001,3.827
"France","Physicians (per 1,000 people)",2001,3.408
"Georgia","Physicians (per 1,000 people)",2001,3.852
"Germany","Physicians (per 1,000 people)",2001,3.327
"Greece","Physicians (per 1,000 people)",2001,4.33
"Grenada","Physicians (per 1,000 people)",2001,0.538
"Hungary","Physicians (per 1,000 people)",2001,2.893
"Iceland","Physicians (per 1,000 people)",2001,3.471
"Iraq","Physicians (per 1,000 people)",2001,0.543
"Ireland","Physicians (per 1,000 people)",2001,2.394
"Israel","Physicians (per 1,000 people)",2001,3.706
"Italy","Physicians (per 1,000 people)",2001,3.506
"Jordan","Physicians (per 1,000 people)",2001,2.058
"Kazakhstan","Physicians (per 1,000 people)",2001,3.356
"Korea, Rep.","Physicians (per 1,000 people)",2001,1.396
"Kyrgyz Republic","Physicians (per 1,000 people)",2001,2.686
"Latvia","Physicians (per 1,000 people)",2001,2.662
"Lebanon","Physicians (per 1,000 people)",2001,2.621
"Lithuania","Physicians (per 1,000 people)",2001,3.54
"Luxembourg","Physicians (per 1,000 people)",2001,2.2172
"Madagascar","Physicians (per 1,000 people)",2001,0.087
"Malta","Physicians (per 1,000 people)",2001,3.036
"Mauritius","Physicians (per 1,000 people)",2001,0.904
"Mexico","Physicians (per 1,000 people)",2001,1.53
"Moldova","Physicians (per 1,000 people)",2001,2.285
"Mongolia","Physicians (per 1,000 people)",2001,2.685
"Montenegro","Physicians (per 1,000 people)",2001,1.853
"Morocco","Physicians (per 1,000 people)",2001,0.483
"Nepal","Physicians (per 1,000 people)",2001,0.052
"Netherlands","Physicians (per 1,000 people)",2001,2.525
"New Zealand","Physicians (per 1,000 people)",2001,2.183
"North Macedonia","Physicians (per 1,000 people)",2001,2.172
"Norway","Physicians (per 1,000 people)",2001,3.54
"Oman","Physicians (per 1,000 people)",2001,1.431
"Pakistan","Physicians (per 1,000 people)",2001,0.605
"Panama","Physicians (per 1,000 people)",2001,1.256
"Philippines","Physicians (per 1,000 people)",2001,1.221
"Poland","Physicians (per 1,000 people)",2001,2.243
"Portugal","Physicians (per 1,000 people)",2001,3.252
"Qatar","Physicians (per 1,000 people)",2001,2.217
"Romania","Physicians (per 1,000 people)",2001,1.999
"Russian Federation","Physicians (per 1,000 people)",2001,4.635
"Saudi Arabia","Physicians (per 1,000 people)",2001,0.655
"Singapore","Physicians (per 1,000 people)",2001,1.437
"Slovak Republic","Physicians (per 1,000 people)",2001,3.225
"Slovenia","Physicians (per 1,000 people)",2001,2.182
"Spain","Physicians (per 1,000 people)",2001,3.127
"Sri Lanka","Physicians (per 1,000 people)",2001,0.443
"St. Kitts and Nevis","Physicians (per 1,000 people)",2001,1.065
"St. Lucia","Physicians (per 1,000 people)",2001,0.819
"St. Vincent and the Grenadines","Physicians (per 1,000 people)",2001,0.546
"Sweden","Physicians (per 1,000 people)",2001,3.121
"Switzerland","Physicians (per 1,000 people)",2001,3.515
"Tajikistan","Physicians (per 1,000 people)",2001,2.094
"Thailand","Physicians (per 1,000 people)",2001,0.298
"Togo","Physicians (per 1,000 people)",2001,0.057
"Tonga","Physicians (per 1,000 people)",2001,0.339
"Trinidad and Tobago","Physicians (per 1,000 people)",2001,0.922
"Tunisia","Physicians (per 1,000 people)",2001,0.777
"Turkiye","Physicians (per 1,000 people)",2001,1.38
"Turkmenistan","Physicians (per 1,000 people)",2001,2.726
"Ukraine","Physicians (per 1,000 people)",2001,3.027
"United Arab Emirates","Physicians (per 1,000 people)",2001,1.896
"United Kingdom","Physicians (per 1,000 people)",2001,2.043
"Uzbekistan","Physicians (per 1,000 people)",2001,2.893
"Venezuela, RB","Physicians (per 1,000 people)",2001,1.929
"Viet Nam","Physicians (per 1,000 people)",2001,0.53
"West Bank and Gaza","Physicians (per 1,000 people)",2001,0.837
"Albania","Physicians (per 1,000 people)",2002,1.17
"Algeria","Physicians (per 1,000 people)",2002,1.118
"Andorra","Physicians (per 1,000 people)",2002,2.867
"Armenia","Physicians (per 1,000 people)",2002,2.505
"Australia","Physicians (per 1,000 people)",2002,2.562
"Austria","Physicians (per 1,000 people)",2002,4.061
"Azerbaijan","Physicians (per 1,000 people)",2002,3.521
"Bahrain","Physicians (per 1,000 people)",2002,1.058
"Belgium","Physicians (per 1,000 people)",2002,2.852
"Bosnia and Herzegovina","Physicians (per 1,000 people)",2002,1.296
"Botswana","Physicians (per 1,000 people)",2002,0.299
"Brunei Darussalam","Physicians (per 1,000 people)",2002,1.151
"Bulgaria","Physicians (per 1,000 people)",2002,3.472
"Canada","Physicians (per 1,000 people)",2002,1.8969
"Chile","Physicians (per 1,000 people)",2002,0.892
"China","Physicians (per 1,000 people)",2002,1.143
"Colombia","Physicians (per 1,000 people)",2002,1.317
"Croatia","Physicians (per 1,000 people)",2002,2.362
"Cuba","Physicians (per 1,000 people)",2002,6.005
"Cyprus","Physicians (per 1,000 people)",2002,1.868
"Czechia","Physicians (per 1,000 people)",2002,3.492
"Denmark","Physicians (per 1,000 people)",2002,3.035
"Ecuador","Physicians (per 1,000 people)",2002,0.853
"El Salvador","Physicians (per 1,000 people)",2002,1.321
"Eritrea","Physicians (per 1,000 people)",2002,0.052
"Estonia","Physicians (per 1,000 people)",2002,2.965
"Ethiopia","Physicians (per 1,000 people)",2002,0.029
"Finland","Physicians (per 1,000 people)",2002,3.891
"France","Physicians (per 1,000 people)",2002,3.435
"Georgia","Physicians (per 1,000 people)",2002,3.992
"Germany","Physicians (per 1,000 people)",2002,3.364
"Ghana","Physicians (per 1,000 people)",2002,0.09
"Greece","Physicians (per 1,000 people)",2002,4.537
"Grenada","Physicians (per 1,000 people)",2002,0.536
"Hungary","Physicians (per 1,000 people)",2002,3.198
"Iceland","Physicians (per 1,000 people)",2002,3.575
"Ireland","Physicians (per 1,000 people)",2002,2.425
"Israel","Physicians (per 1,000 people)",2002,3.716
"Italy","Physicians (per 1,000 people)",2002,3.563
"Japan","Physicians (per 1,000 people)",2002,1.979
"Jordan","Physicians (per 1,000 people)",2002,2.221
"Kazakhstan","Physicians (per 1,000 people)",2002,3.498
"Kenya","Physicians (per 1,000 people)",2002,0.138
"Korea, Rep.","Physicians (per 1,000 people)",2002,1.499
"Kyrgyz Republic","Physicians (per 1,000 people)",2002,2.568
"Latvia","Physicians (per 1,000 people)",2002,2.77
"Lithuania","Physicians (per 1,000 people)",2002,3.626
"Luxembourg","Physicians (per 1,000 people)",2002,2.2696
"Madagascar","Physicians (per 1,000 people)",2002,0.133
"Malaysia","Physicians (per 1,000 people)",2002,0.723
"Malta","Physicians (per 1,000 people)",2002,3.217
"Mauritius","Physicians (per 1,000 people)",2002,0.961
"Mexico","Physicians (per 1,000 people)",2002,1.538
"Moldova","Physicians (per 1,000 people)",2002,2.327
"Mongolia","Physicians (per 1,000 people)",2002,2.735
"Montenegro","Physicians (per 1,000 people)",2002,1.843
"Netherlands","Physicians (per 1,000 people)",2002,2.59
"New Zealand","Physicians (per 1,000 people)",2002,2.126
"Niger","Physicians (per 1,000 people)",2002,0.033
"North Macedonia","Physicians (per 1,000 people)",2002,2.215
"Norway","Physicians (per 1,000 people)",2002,3.218
"Oman","Physicians (per 1,000 people)",2002,1.471
"Panama","Physicians (per 1,000 people)",2002,1.347
"Paraguay","Physicians (per 1,000 people)",2002,1.202
"Philippines","Physicians (per 1,000 people)",2002,1.112
"Poland","Physicians (per 1,000 people)",2002,2.279
"Portugal","Physicians (per 1,000 people)",2002,3.285
"Romania","Physicians (per 1,000 people)",2002,2.115
"Russian Federation","Physicians (per 1,000 people)",2002,4.687
"Rwanda","Physicians (per 1,000 people)",2002,0.019
"Singapore","Physicians (per 1,000 people)",2002,1.443
"Slovak Republic","Physicians (per 1,000 people)",2002,3.203
"Slovenia","Physicians (per 1,000 people)",2002,2.238
"Spain","Physicians (per 1,000 people)",2002,3.126
"St. Lucia","Physicians (per 1,000 people)",2002,0.4391
"Sweden","Physicians (per 1,000 people)",2002,3.212
"Switzerland","Physicians (per 1,000 people)",2002,3.562
"Syrian Arab Republic","Physicians (per 1,000 people)",2002,1.461
"Tajikistan","Physicians (per 1,000 people)",2002,2.005
"Tanzania","Physicians (per 1,000 people)",2002,0.023
"Thailand","Physicians (per 1,000 people)",2002,0.296
"Tonga","Physicians (per 1,000 people)",2002,0.289
"Trinidad and Tobago","Physicians (per 1,000 people)",2002,0.783
"Tunisia","Physicians (per 1,000 people)",2002,0.789
"Turkiye","Physicians (per 1,000 people)",2002,1.393
"Turkmenistan","Physicians (per 1,000 people)",2002,2.697
"Tuvalu","Physicians (per 1,000 people)",2002,0.625
"Uganda","Physicians (per 1,000 people)",2002,0.047
"Ukraine","Physicians (per 1,000 people)",2002,3.019
"United Arab Emirates","Physicians (per 1,000 people)",2002,1.917
"United Kingdom","Physicians (per 1,000 people)",2002,2.114
"Uruguay","Physicians (per 1,000 people)",2002,3.746
"Uzbekistan","Physicians (per 1,000 people)",2002,2.829
"Viet Nam","Physicians (per 1,000 people)",2002,0.558
"Albania","Physicians (per 1,000 people)",2003,1.196
"Andorra","Physicians (per 1,000 people)",2003,3.302
"Armenia","Physicians (per 1,000 people)",2003,2.404
"Australia","Physicians (per 1,000 people)",2003,2.631
"Austria","Physicians (per 1,000 people)",2003,4.146
"Azerbaijan","Physicians (per 1,000 people)",2003,3.508
"Bahrain","Physicians (per 1,000 people)",2003,1.048
"Bangladesh","Physicians (per 1,000 people)",2003,0.268
"Belgium","Physicians (per 1,000 people)",2003,2.85
"Bosnia and Herzegovina","Physicians (per 1,000 people)",2003,1.329
"Botswana","Physicians (per 1,000 people)",2003,0.288
"Bulgaria","Physicians (per 1,000 people)",2003,3.553
"Chile","Physicians (per 1,000 people)",2003,0.946
"China","Physicians (per 1,000 people)",2003,1.19
"Colombia","Physicians (per 1,000 people)",2003,1.348
"Croatia","Physicians (per 1,000 people)",2003,2.425
"Cuba","Physicians (per 1,000 people)",2003,6.073
"Cyprus","Physicians (per 1,000 people)",2003,1.849
"Czechia","Physicians (per 1,000 people)",2003,3.509
"Denmark","Physicians (per 1,000 people)",2003,3.078
"Ecuador","Physicians (per 1,000 people)",2003,0.813
"Egypt, Arab Rep.","Physicians (per 1,000 people)",2003,0.507
"Eritrea","Physicians (per 1,000 people)",2003,0.039
"Estonia","Physicians (per 1,000 people)",2003,2.996
"Eswatini","Physicians (per 1,000 people)",2003,0.151
"Ethiopia","Physicians (per 1,000 people)",2003,0.027
"Fiji","Physicians (per 1,000 people)",2003,0.443
"Finland","Physicians (per 1,000 people)",2003,3.996
"France","Physicians (per 1,000 people)",2003,3.454
"Gambia, The","Physicians (per 1,000 people)",2003,0.1
"Georgia","Physicians (per 1,000 people)",2003,4.037
"Germany","Physicians (per 1,000 people)",2003,3.401
"Greece","Physicians (per 1,000 people)",2003,4.701
"Grenada","Physicians (per 1,000 people)",2003,0.534
"Hungary","Physicians (per 1,000 people)",2003,3.251
"Iceland","Physicians (per 1,000 people)",2003,3.613
"Indonesia","Physicians (per 1,000 people)",2003,0.132
"Ireland","Physicians (per 1,000 people)",2003,2.594
"Israel","Physicians (per 1,000 people)",2003,3.715
"Italy","Physicians (per 1,000 people)",2003,3.624
"Jamaica","Physicians (per 1,000 people)",2003,0.85
"Jordan","Physicians (per 1,000 people)",2003,2.293
"Kazakhstan","Physicians (per 1,000 people)",2003,3.543
"Korea, Dem. People's Rep.","Physicians (per 1,000 people)",2003,3.137
"Korea, Rep.","Physicians (per 1,000 people)",2003,1.579
"Kuwait","Physicians (per 1,000 people)",2003,1.9
"Kyrgyz Republic","Physicians (per 1,000 people)",2003,2.541
"Latvia","Physicians (per 1,000 people)",2003,2.824
"Lesotho","Physicians (per 1,000 people)",2003,0.045
"Lithuania","Physicians (per 1,000 people)",2003,3.611
"Luxembourg","Physicians (per 1,000 people)",2003,2.4011
"Madagascar","Physicians (per 1,000 people)",2003,0.144
"Malawi","Physicians (per 1,000 people)",2003,0.011
"Malaysia","Physicians (per 1,000 people)",2003,0.735
"Malta","Physicians (per 1,000 people)",2003,3.082
"Mauritius","Physicians (per 1,000 people)",2003,0.944
"Mexico","Physicians (per 1,000 people)",2003,1.589
"Micronesia, Fed. Sts.","Physicians (per 1,000 people)",2003,0.537
"Moldova","Physicians (per 1,000 people)",2003,2.327
"Mongolia","Physicians (per 1,000 people)",2003,2.637
"Montenegro","Physicians (per 1,000 people)",2003,1.801
"Netherlands","Physicians (per 1,000 people)",2003,2.632
"New Zealand","Physicians (per 1,000 people)",2003,2.179
"Nicaragua","Physicians (per 1,000 people)",2003,0.384
"Nigeria","Physicians (per 1,000 people)",2003,0.262
"North Macedonia","Physicians (per 1,000 people)",2003,2.148
"Norway","Physicians (per 1,000 people)",2003,3.23
"Oman","Physicians (per 1,000 people)",2003,1.532
"Panama","Physicians (per 1,000 people)",2003,1.352
"Philippines","Physicians (per 1,000 people)",2003,1.227
"Poland","Physicians (per 1,000 people)",2003,2.408
"Portugal","Physicians (per 1,000 people)",2003,3.336
"Romania","Physicians (per 1,000 people)",2003,2.017
"Russian Federation","Physicians (per 1,000 people)",2003,4.733
"Samoa","Physicians (per 1,000 people)",2003,0.267
"Serbia","Physicians (per 1,000 people)",2003,2.605
"Singapore","Physicians (per 1,000 people)",2003,1.489
"Slovak Republic","Physicians (per 1,000 people)",2003,3.149
"Slovenia","Physicians (per 1,000 people)",2003,2.254
"Solomon Islands","Physicians (per 1,000 people)",2003,0.13
"Spain","Physicians (per 1,000 people)",2003,3.22
"St. Lucia","Physicians (per 1,000 people)",2003,0.4673
"Sweden","Physicians (per 1,000 people)",2003,3.282
"Switzerland","Physicians (per 1,000 people)",2003,3.659
"Syrian Arab Republic","Physicians (per 1,000 people)",2003,1.39
"Tajikistan","Physicians (per 1,000 people)",2003,1.902
"Trinidad and Tobago","Physicians (per 1,000 people)",2003,0.767
"Tunisia","Physicians (per 1,000 people)",2003,0.803
"Turkiye","Physicians (per 1,000 people)",2003,1.413
"Turkmenistan","Physicians (per 1,000 people)",2003,2.607
"Tuvalu","Physicians (per 1,000 people)",2003,1.031
"Ukraine","Physicians (per 1,000 people)",2003,3.008
"United Arab Emirates","Physicians (per 1,000 people)",2003,2.021
"United Kingdom","Physicians (per 1,000 people)",2003,2.201
"Uzbekistan","Physicians (per 1,000 people)",2003,2.765
"Albania","Physicians (per 1,000 people)",2004,1.208
"Andorra","Physicians (per 1,000 people)",2004,3.108
"Angola","Physicians (per 1,000 people)",2004,0.062
"Argentina","Physicians (per 1,000 people)",2004,3.1857
"Armenia","Physicians (per 1,000 people)",2004,2.408
"Australia","Physicians (per 1,000 people)",2004,2.708
"Austria","Physicians (per 1,000 people)",2004,4.233
"Azerbaijan","Physicians (per 1,000 people)",2004,3.512
"Bahrain","Physicians (per 1,000 people)",2004,0.963
"Bangladesh","Physicians (per 1,000 people)",2004,0.277
"Belgium","Physicians (per 1,000 people)",2004,2.859
"Benin","Physicians (per 1,000 people)",2004,0.039
"Bhutan","Physicians (per 1,000 people)",2004,0.182
"Bosnia and Herzegovina","Physicians (per 1,000 people)",2004,1.371
"Botswana","Physicians (per 1,000 people)",2004,0.385
"Brunei Darussalam","Physicians (per 1,000 people)",2004,1.284
"Bulgaria","Physicians (per 1,000 people)",2004,3.484
"Burkina Faso","Physicians (per 1,000 people)",2004,0.053
"Burundi","Physicians (per 1,000 people)",2004,0.028
"Cabo Verde","Physicians (per 1,000 people)",2004,0.493
"Cameroon","Physicians (per 1,000 people)",2004,0.186
"Canada","Physicians (per 1,000 people)",2004,1.8971
"Central African Republic","Physicians (per 1,000 people)",2004,0.08
"Chad","Physicians (per 1,000 people)",2004,0.036
"Chile","Physicians (per 1,000 people)",2004,0.984
"China","Physicians (per 1,000 people)",2004,1.22
"Colombia","Physicians (per 1,000 people)",2004,1.387
"Comoros","Physicians (per 1,000 people)",2004,0.198
"Congo, Dem. Rep.","Physicians (per 1,000 people)",2004,0.107
"Congo, Rep.","Physicians (per 1,000 people)",2004,0.213
"Cote d'Ivoire","Physicians (per 1,000 people)",2004,0.112
"Croatia","Physicians (per 1,000 people)",2004,2.497
"Cuba","Physicians (per 1,000 people)",2004,6.21
"Cyprus","Physicians (per 1,000 people)",2004,1.897
"Czechia","Physicians (per 1,000 people)",2004,3.499
"Denmark","Physicians (per 1,000 people)",2004,3.22
"Djibouti","Physicians (per 1,000 people)",2004,0.158
"Ecuador","Physicians (per 1,000 people)",2004,0.889
"Equatorial Guinea","Physicians (per 1,000 people)",2004,0.185
"Eritrea","Physicians (per 1,000 people)",2004,0.051
"Estonia","Physicians (per 1,000 people)",2004,3.024
"Eswatini","Physicians (per 1,000 people)",2004,0.16
"Ethiopia","Physicians (per 1,000 people)",2004,0.027
"Finland","Physicians (per 1,000 people)",2004,2.81
"France","Physicians (per 1,000 people)",2004,3.473
"Gabon","Physicians (per 1,000 people)",2004,0.279
"Gambia, The","Physicians (per 1,000 people)",2004,0.103
"Georgia","Physicians (per 1,000 people)",2004,4.027
"Germany","Physicians (per 1,000 people)",2004,3.426
"Ghana","Physicians (per 1,000 people)",2004,0.148
"Greece","Physicians (per 1,000 people)",2004,4.853
"Guinea","Physicians (per 1,000 people)",2004,0.11
"Guinea-Bissau","Physicians (per 1,000 people)",2004,0.14
"Hungary","Physicians (per 1,000 people)",2004,3.341
"Iceland","Physicians (per 1,000 people)",2004,3.612
"Iran, Islamic Rep.","Physicians (per 1,000 people)",2004,0.88
"Iraq","Physicians (per 1,000 people)",2004,0.658
"Ireland","Physicians (per 1,000 people)",2004,2.763
"Israel","Physicians (per 1,000 people)",2004,3.68
"Italy","Physicians (per 1,000 people)",2004,3.687
"Japan","Physicians (per 1,000 people)",2004,2.031
"Jordan","Physicians (per 1,000 people)",2004,2.06
"Kazakhstan","Physicians (per 1,000 people)",2004,3.528
"Korea, Rep.","Physicians (per 1,000 people)",2004,1.576
"Kuwait","Physicians (per 1,000 people)",2004,1.5
"Kyrgyz Republic","Physicians (per 1,000 people)",2004,2.512
"Lao PDR","Physicians (per 1,000 people)",2004,0.347
"Latvia","Physicians (per 1,000 people)",2004,2.917
"Liberia","Physicians (per 1,000 people)",2004,0.033
"Libya","Physicians (per 1,000 people)",2004,1.243
"Lithuania","Physicians (per 1,000 people)",2004,3.578
"Luxembourg","Physicians (per 1,000 people)",2004,2.4568
"Madagascar","Physicians (per 1,000 people)",2004,0.152
"Malawi","Physicians (per 1,000 people)",2004,0.021
"Malaysia","Physicians (per 1,000 people)",2004,0.72
"Maldives","Physicians (per 1,000 people)",2004,1
"Mali","Physicians (per 1,000 people)",2004,0.057
"Malta","Physicians (per 1,000 people)",2004,3.386
"Mauritania","Physicians (per 1,000 people)",2004,0.106
"Mauritius","Physicians (per 1,000 people)",2004,1.042
"Mexico","Physicians (per 1,000 people)",2004,1.662
"Moldova","Physicians (per 1,000 people)",2004,2.247
"Mongolia","Physicians (per 1,000 people)",2004,2.597
"Montenegro","Physicians (per 1,000 people)",2004,1.883
"Morocco","Physicians (per 1,000 people)",2004,0.532
"Mozambique","Physicians (per 1,000 people)",2004,0.026
"Myanmar","Physicians (per 1,000 people)",2004,0.376
"Namibia","Physicians (per 1,000 people)",2004,0.308
"Nauru","Physicians (per 1,000 people)",2004,0.971
"Nepal","Physicians (per 1,000 people)",2004,0.207
"Netherlands","Physicians (per 1,000 people)",2004,2.662
"New Zealand","Physicians (per 1,000 people)",2004,2.192
"Niger","Physicians (per 1,000 people)",2004,0.022
"North Macedonia","Physicians (per 1,000 people)",2004,2.163
"Norway","Physicians (per 1,000 people)",2004,3.4
"Oman","Physicians (per 1,000 people)",2004,1.568
"Pakistan","Physicians (per 1,000 people)",2004,0.682
"Panama","Physicians (per 1,000 people)",2004,1.332
"Philippines","Physicians (per 1,000 people)",2004,1.109
"Poland","Physicians (per 1,000 people)",2004,2.266
"Portugal","Physicians (per 1,000 people)",2004,3.411
"Romania","Physicians (per 1,000 people)",2004,2.262
"Russian Federation","Physicians (per 1,000 people)",2004,4.768
"Rwanda","Physicians (per 1,000 people)",2004,0.049
"Sao Tome and Principe","Physicians (per 1,000 people)",2004,0.514
"Senegal","Physicians (per 1,000 people)",2004,0.056
"Serbia","Physicians (per 1,000 people)",2004,2.667
"Seychelles","Physicians (per 1,000 people)",2004,1.429
"Sierra Leone","Physicians (per 1,000 people)",2004,0.03
"Singapore","Physicians (per 1,000 people)",2004,1.52
"Slovak Republic","Physicians (per 1,000 people)",2004,3.151
"Slovenia","Physicians (per 1,000 people)",2004,2.298
"South Africa","Physicians (per 1,000 people)",2004,0.717
"Spain","Physicians (per 1,000 people)",2004,3.441
"Sri Lanka","Physicians (per 1,000 people)",2004,0.538
"St. Lucia","Physicians (per 1,000 people)",2004,0.4203
"St. Vincent and the Grenadines","Physicians (per 1,000 people)",2004,0.897
"Sudan","Physicians (per 1,000 people)",2004,0.262
"Suriname","Physicians (per 1,000 people)",2004,0.783
"Sweden","Physicians (per 1,000 people)",2004,3.369
"Switzerland","Physicians (per 1,000 people)",2004,3.697
"Syrian Arab Republic","Physicians (per 1,000 people)",2004,1.432
"Tajikistan","Physicians (per 1,000 people)",2004,1.911
"Thailand","Physicians (per 1,000 people)",2004,0.29
"Timor-Leste","Physicians (per 1,000 people)",2004,0.082
"Togo","Physicians (per 1,000 people)",2004,0.044
"Tunisia","Physicians (per 1,000 people)",2004,1.295
"Turkiye","Physicians (per 1,000 people)",2004,1.433
"Turkmenistan","Physicians (per 1,000 people)",2004,2.55
"Uganda","Physicians (per 1,000 people)",2004,0.081
"Ukraine","Physicians (per 1,000 people)",2004,3.013
"United Arab Emirates","Physicians (per 1,000 people)",2004,1.954
"United Kingdom","Physicians (per 1,000 people)",2004,2.331
"United States","Physicians (per 1,000 people)",2004,2.7
"Uzbekistan","Physicians (per 1,000 people)",2004,2.705
"Vanuatu","Physicians (per 1,000 people)",2004,0.141
"Yemen, Rep.","Physicians (per 1,000 people)",2004,0.325
"Zambia","Physicians (per 1,000 people)",2004,0.134
"Zimbabwe","Physicians (per 1,000 people)",2004,0.172
"Algeria","Physicians (per 1,000 people)",2005,1.03
"Andorra","Physicians (per 1,000 people)",2005,3.196
"Armenia","Physicians (per 1,000 people)",2005,2.509
"Australia","Physicians (per 1,000 people)",2005,2.78
"Austria","Physicians (per 1,000 people)",2005,4.35
"Azerbaijan","Physicians (per 1,000 people)",2005,3.533
"Bahrain","Physicians (per 1,000 people)",2005,1.029
"Bangladesh","Physicians (per 1,000 people)",2005,0.304
"Barbados","Physicians (per 1,000 people)",2005,1.815
"Belgium","Physicians (per 1,000 people)",2005,2.86
"Bosnia and Herzegovina","Physicians (per 1,000 people)",2005,1.41
"Botswana","Physicians (per 1,000 people)",2005,0.246
"Brunei Darussalam","Physicians (per 1,000 people)",2005,1.064
"Bulgaria","Physicians (per 1,000 people)",2005,3.605
"Cameroon","Physicians (per 1,000 people)",2005,0.061
"Chile","Physicians (per 1,000 people)",2005,0.981
"China","Physicians (per 1,000 people)",2005,1.244
"Colombia","Physicians (per 1,000 people)",2005,1.429
"Comoros","Physicians (per 1,000 people)",2005,0.196
"Cote d'Ivoire","Physicians (per 1,000 people)",2005,0.09
"Croatia","Physicians (per 1,000 people)",2005,2.506
"Cuba","Physicians (per 1,000 people)",2005,6.277
"Cyprus","Physicians (per 1,000 people)",2005,1.879
"Czechia","Physicians (per 1,000 people)",2005,3.539
"Denmark","Physicians (per 1,000 people)",2005,3.324
"Djibouti","Physicians (per 1,000 people)",2005,0.169
"Ecuador","Physicians (per 1,000 people)",2005,0.907
"El Salvador","Physicians (per 1,000 people)",2005,1.715
"Eritrea","Physicians (per 1,000 people)",2005,0.043
"Estonia","Physicians (per 1,000 people)",2005,3.142
"Ethiopia","Physicians (per 1,000 people)",2005,0.032
"Finland","Physicians (per 1,000 people)",2005,2.851
"France","Physicians (per 1,000 people)",2005,3.476
"Gambia, The","Physicians (per 1,000 people)",2005,0.1
"Georgia","Physicians (per 1,000 people)",2005,4.056
"Germany","Physicians (per 1,000 people)",2005,3.448
"Greece","Physicians (per 1,000 people)",2005,4.999
"Guinea","Physicians (per 1,000 people)",2005,0.103
"Honduras","Physicians (per 1,000 people)",2005,0.354
"Hungary","Physicians (per 1,000 people)",2005,2.785
"Iceland","Physicians (per 1,000 people)",2005,3.609
"Iran, Islamic Rep.","Physicians (per 1,000 people)",2005,0.882
"Iraq","Physicians (per 1,000 people)",2005,0.66
"Ireland","Physicians (per 1,000 people)",2005,3.56
"Israel","Physicians (per 1,000 people)",2005,3.634
"Italy","Physicians (per 1,000 people)",2005,3.707
"Jordan","Physicians (per 1,000 people)",2005,2.273
"Kazakhstan","Physicians (per 1,000 people)",2005,3.546
"Korea, Rep.","Physicians (per 1,000 people)",2005,1.636
"Kuwait","Physicians (per 1,000 people)",2005,1.8
"Kyrgyz Republic","Physicians (per 1,000 people)",2005,2.46
"Lao PDR","Physicians (per 1,000 people)",2005,0.268
"Latvia","Physicians (per 1,000 people)",2005,2.968
"Lithuania","Physicians (per 1,000 people)",2005,3.664
"Luxembourg","Physicians (per 1,000 people)",2005,2.56
"Madagascar","Physicians (per 1,000 people)",2005,0.176
"Malaysia","Physicians (per 1,000 people)",2005,0.776
"Mali","Physicians (per 1,000 people)",2005,0.062
"Malta","Physicians (per 1,000 people)",2005,3.43
"Mauritius","Physicians (per 1,000 people)",2005,1.067
"Mexico","Physicians (per 1,000 people)",2005,1.775
"Micronesia, Fed. Sts.","Physicians (per 1,000 people)",2005,0.559
"Moldova","Physicians (per 1,000 people)",2005,2.472
"Mongolia","Physicians (per 1,000 people)",2005,2.652
"Montenegro","Physicians (per 1,000 people)",2005,1.901
"Myanmar","Physicians (per 1,000 people)",2005,0.389
"Netherlands","Physicians (per 1,000 people)",2005,2.717
"New Zealand","Physicians (per 1,000 people)",2005,2.107
"Nicaragua","Physicians (per 1,000 people)",2005,0.498
"Nigeria","Physicians (per 1,000 people)",2005,0.279
"North Macedonia","Physicians (per 1,000 people)",2005,2.113
"Norway","Physicians (per 1,000 people)",2005,3.563
"Oman","Physicians (per 1,000 people)",2005,1.663
"Pakistan","Physicians (per 1,000 people)",2005,0.725
"Panama","Physicians (per 1,000 people)",2005,1.358
"Philippines","Physicians (per 1,000 people)",2005,1.23
"Poland","Physicians (per 1,000 people)",2005,2.115
"Portugal","Physicians (per 1,000 people)",2005,3.495
"Qatar","Physicians (per 1,000 people)",2005,2.533
"Romania","Physicians (per 1,000 people)",2005,2.247
"Russian Federation","Physicians (per 1,000 people)",2005,4.8
"Rwanda","Physicians (per 1,000 people)",2005,0.024
"Samoa","Physicians (per 1,000 people)",2005,0.265
"Serbia","Physicians (per 1,000 people)",2005,2.654
"Seychelles","Physicians (per 1,000 people)",2005,1.211
"Singapore","Physicians (per 1,000 people)",2005,1.553
"Slovak Republic","Physicians (per 1,000 people)",2005,3.035
"Slovenia","Physicians (per 1,000 people)",2005,2.34
"Solomon Islands","Physicians (per 1,000 people)",2005,0.185
"Spain","Physicians (per 1,000 people)",2005,3.543
"Sri Lanka","Physicians (per 1,000 people)",2005,0.518
"St. Lucia","Physicians (per 1,000 people)",2005,0.508
"Sweden","Physicians (per 1,000 people)",2005,3.445
"Switzerland","Physicians (per 1,000 people)",2005,3.741
"Syrian Arab Republic","Physicians (per 1,000 people)",2005,1.52
"Tajikistan","Physicians (per 1,000 people)",2005,1.915
"Tunisia","Physicians (per 1,000 people)",2005,0.907
"Turkiye","Physicians (per 1,000 people)",2005,1.468
"Turkmenistan","Physicians (per 1,000 people)",2005,2.437
"Uganda","Physicians (per 1,000 people)",2005,0.12
"Ukraine","Physicians (per 1,000 people)",2005,3.017
"United Arab Emirates","Physicians (per 1,000 people)",2005,1.628
"United Kingdom","Physicians (per 1,000 people)",2005,2.408
"Uzbekistan","Physicians (per 1,000 people)",2005,2.655
"Viet Nam","Physicians (per 1,000 people)",2005,0.619
"Zambia","Physicians (per 1,000 people)",2005,0.056
"Zimbabwe","Physicians (per 1,000 people)",2005,0.124
"Afghanistan","Physicians (per 1,000 people)",2006,0.166
"Albania","Physicians (per 1,000 people)",2006,1.207
"Andorra","Physicians (per 1,000 people)",2006,3.042
"Armenia","Physicians (per 1,000 people)",2006,2.531
"Australia","Physicians (per 1,000 people)",2006,2.842
"Austria","Physicians (per 1,000 people)",2006,4.478
"Azerbaijan","Physicians (per 1,000 people)",2006,3.511
"Bahrain","Physicians (per 1,000 people)",2006,1.001
"Bangladesh","Physicians (per 1,000 people)",2006,0.313
"Belgium","Physicians (per 1,000 people)",2006,2.876
"Bosnia and Herzegovina","Physicians (per 1,000 people)",2006,1.462
"Botswana","Physicians (per 1,000 people)",2006,0.306
"Brunei Darussalam","Physicians (per 1,000 people)",2006,1.07
"Bulgaria","Physicians (per 1,000 people)",2006,3.617
"Canada","Physicians (per 1,000 people)",2006,1.9086
"Chad","Physicians (per 1,000 people)",2006,0.036
"Chile","Physicians (per 1,000 people)",2006,1.042
"China","Physicians (per 1,000 people)",2006,1.278
"Colombia","Physicians (per 1,000 people)",2006,1.467
"Congo, Rep.","Physicians (per 1,000 people)",2006,0.205
"Costa Rica","Physicians (per 1,000 people)",2006,2.026
"Croatia","Physicians (per 1,000 people)",2006,2.547
"Cuba","Physicians (per 1,000 people)",2006,6.349
"Cyprus","Physicians (per 1,000 people)",2006,1.82
"Czechia","Physicians (per 1,000 people)",2006,3.551
"Denmark","Physicians (per 1,000 people)",2006,3.411
"Djibouti","Physicians (per 1,000 people)",2006,0.218
"Ecuador","Physicians (per 1,000 people)",2006,0.9
"Eritrea","Physicians (per 1,000 people)",2006,0.047
"Estonia","Physicians (per 1,000 people)",2006,3.183
"Ethiopia","Physicians (per 1,000 people)",2006,0.027
"Finland","Physicians (per 1,000 people)",2006,2.865
"France","Physicians (per 1,000 people)",2006,3.469
"Gambia, The","Physicians (per 1,000 people)",2006,0.102
"Georgia","Physicians (per 1,000 people)",2006,4.12
"Germany","Physicians (per 1,000 people)",2006,3.487
"Greece","Physicians (per 1,000 people)",2006,5.366
"Grenada","Physicians (per 1,000 people)",2006,0.622
"Hungary","Physicians (per 1,000 people)",2006,3.04
"Iceland","Physicians (per 1,000 people)",2006,3.601
"Iran, Islamic Rep.","Physicians (per 1,000 people)",2006,0.531
"Ireland","Physicians (per 1,000 people)",2006,3.662
"Israel","Physicians (per 1,000 people)",2006,3.599
"Italy","Physicians (per 1,000 people)",2006,3.706
"Japan","Physicians (per 1,000 people)",2006,2.083
"Jordan","Physicians (per 1,000 people)",2006,2.259
"Kazakhstan","Physicians (per 1,000 people)",2006,3.635
"Korea, Rep.","Physicians (per 1,000 people)",2006,1.7
"Kuwait","Physicians (per 1,000 people)",2006,1.461
"Kyrgyz Republic","Physicians (per 1,000 people)",2006,2.392
"Latvia","Physicians (per 1,000 people)",2006,3.049
"Lebanon","Physicians (per 1,000 people)",2006,2.492
"Lithuania","Physicians (per 1,000 people)",2006,3.731
"Luxembourg","Physicians (per 1,000 people)",2006,2.578
"Madagascar","Physicians (per 1,000 people)",2006,0.166
"Malaysia","Physicians (per 1,000 people)",2006,0.828
"Mali","Physicians (per 1,000 people)",2006,0.058
"Malta","Physicians (per 1,000 people)",2006,3.804
"Mauritius","Physicians (per 1,000 people)",2006,1.107
"Mexico","Physicians (per 1,000 people)",2006,1.893
"Moldova","Physicians (per 1,000 people)",2006,2.5
"Mongolia","Physicians (per 1,000 people)",2006,2.743
"Montenegro","Physicians (per 1,000 people)",2006,1.946
"Mozambique","Physicians (per 1,000 people)",2006,0.026
"Myanmar","Physicians (per 1,000 people)",2006,0.426
"Netherlands","Physicians (per 1,000 people)",2006,2.799
"New Zealand","Physicians (per 1,000 people)",2006,2.274
"Nicaragua","Physicians (per 1,000 people)",2006,0.491
"Nigeria","Physicians (per 1,000 people)",2006,0.344
"North Macedonia","Physicians (per 1,000 people)",2006,2.492
"Norway","Physicians (per 1,000 people)",2006,3.731
"Oman","Physicians (per 1,000 people)",2006,1.788
"Palau","Physicians (per 1,000 people)",2006,1.327
"Panama","Physicians (per 1,000 people)",2006,1.358
"Philippines","Physicians (per 1,000 people)",2006,1.236
"Poland","Physicians (per 1,000 people)",2006,2.156
"Portugal","Physicians (per 1,000 people)",2006,3.565
"Qatar","Physicians (per 1,000 people)",2006,2.279
"Romania","Physicians (per 1,000 people)",2006,2.245
"Russian Federation","Physicians (per 1,000 people)",2006,4.899
"Serbia","Physicians (per 1,000 people)",2006,2.682
"Seychelles","Physicians (per 1,000 people)",2006,0.861
"Singapore","Physicians (per 1,000 people)",2006,1.545
"Slovak Republic","Physicians (per 1,000 people)",2006,3.169
"Slovenia","Physicians (per 1,000 people)",2006,2.354
"Somalia","Physicians (per 1,000 people)",2006,0.028
"Spain","Physicians (per 1,000 people)",2006,3.623
"Sri Lanka","Physicians (per 1,000 people)",2006,0.517
"Sudan","Physicians (per 1,000 people)",2006,0.365
"Sweden","Physicians (per 1,000 people)",2006,3.533
"Switzerland","Physicians (per 1,000 people)",2006,3.792
"Tajikistan","Physicians (per 1,000 people)",2006,1.88
"Thailand","Physicians (per 1,000 people)",2006,0.285
"Trinidad and Tobago","Physicians (per 1,000 people)",2006,1.156
"Turkiye","Physicians (per 1,000 people)",2006,1.501
"Turkmenistan","Physicians (per 1,000 people)",2006,2.323
"Ukraine","Physicians (per 1,000 people)",2006,3.085
"United Arab Emirates","Physicians (per 1,000 people)",2006,1.439
"United Kingdom","Physicians (per 1,000 people)",2006,2.46
"Uzbekistan","Physicians (per 1,000 people)",2006,2.639
"Viet Nam","Physicians (per 1,000 people)",2006,0.629
"Zambia","Physicians (per 1,000 people)",2006,0.054
"Afghanistan","Physicians (per 1,000 people)",2007,0.182
"Albania","Physicians (per 1,000 people)",2007,1.218
"Algeria","Physicians (per 1,000 people)",2007,1.202
"Andorra","Physicians (per 1,000 people)",2007,3.184
"Antigua and Barbuda","Physicians (per 1,000 people)",2007,1.756
"Armenia","Physicians (per 1,000 people)",2007,2.609
"Australia","Physicians (per 1,000 people)",2007,3.008
"Austria","Physicians (per 1,000 people)",2007,4.545
"Azerbaijan","Physicians (per 1,000 people)",2007,3.648
"Bahrain","Physicians (per 1,000 people)",2007,1.011
"Bangladesh","Physicians (per 1,000 people)",2007,0.326
"Belgium","Physicians (per 1,000 people)",2007,2.897
"Bhutan","Physicians (per 1,000 people)",2007,0.211
"Bolivia","Physicians (per 1,000 people)",2007,0.326
"Bosnia and Herzegovina","Physicians (per 1,000 people)",2007,1.543
"Botswana","Physicians (per 1,000 people)",2007,0.36
"Brunei Darussalam","Physicians (per 1,000 people)",2007,1.038
"Bulgaria","Physicians (per 1,000 people)",2007,3.612
"Cameroon","Physicians (per 1,000 people)",2007,0.072
"Chile","Physicians (per 1,000 people)",2007,1.039
"China","Physicians (per 1,000 people)",2007,1.298
"Colombia","Physicians (per 1,000 people)",2007,1.509
"Congo, Rep.","Physicians (per 1,000 people)",2007,0.101
"Costa Rica","Physicians (per 1,000 people)",2007,2.074
"Croatia","Physicians (per 1,000 people)",2007,2.678
"Cuba","Physicians (per 1,000 people)",2007,6.426
"Cyprus","Physicians (per 1,000 people)",2007,1.971
"Czechia","Physicians (per 1,000 people)",2007,3.561
"Denmark","Physicians (per 1,000 people)",2007,3.447
"Ecuador","Physicians (per 1,000 people)",2007,0.983
"Eritrea","Physicians (per 1,000 people)",2007,0.042
"Estonia","Physicians (per 1,000 people)",2007,3.26
"Ethiopia","Physicians (per 1,000 people)",2007,0.022
"Finland","Physicians (per 1,000 people)",2007,3.004
"France","Physicians (per 1,000 people)",2007,3.449
"Gambia, The","Physicians (per 1,000 people)",2007,0.09
"Georgia","Physicians (per 1,000 people)",2007,4.163
"Germany","Physicians (per 1,000 people)",2007,3.533
"Ghana","Physicians (per 1,000 people)",2007,0.07
"Greece","Physicians (per 1,000 people)",2007,5.609
"Hungary","Physicians (per 1,000 people)",2007,2.807
"Iceland","Physicians (per 1,000 people)",2007,3.61
"Iraq","Physicians (per 1,000 people)",2007,0.528
"Ireland","Physicians (per 1,000 people)",2007,3.87
"Israel","Physicians (per 1,000 people)",2007,3.563
"Italy","Physicians (per 1,000 people)",2007,3.773
"Jordan","Physicians (per 1,000 people)",2007,2.36
"Kazakhstan","Physicians (per 1,000 people)",2007,3.585
"Korea, Rep.","Physicians (per 1,000 people)",2007,1.752
"Kuwait","Physicians (per 1,000 people)",2007,1.879
"Kyrgyz Republic","Physicians (per 1,000 people)",2007,2.309
"Latvia","Physicians (per 1,000 people)",2007,3.178
"Lebanon","Physicians (per 1,000 people)",2007,2.326
"Lithuania","Physicians (per 1,000 people)",2007,3.835
"Luxembourg","Physicians (per 1,000 people)",2007,2.694
"Madagascar","Physicians (per 1,000 people)",2007,0.177
"Malaysia","Physicians (per 1,000 people)",2007,0.876
"Maldives","Physicians (per 1,000 people)",2007,1.698
"Mali","Physicians (per 1,000 people)",2007,0.061
"Malta","Physicians (per 1,000 people)",2007,3.293
"Marshall Islands","Physicians (per 1,000 people)",2007,0.574
"Mauritius","Physicians (per 1,000 people)",2007,1.122
"Mexico","Physicians (per 1,000 people)",2007,1.937
"Moldova","Physicians (per 1,000 people)",2007,2.543
"Mongolia","Physicians (per 1,000 people)",2007,2.816
"Montenegro","Physicians (per 1,000 people)",2007,1.951
"Morocco","Physicians (per 1,000 people)",2007,0.585
"Myanmar","Physicians (per 1,000 people)",2007,0.45
"Namibia","Physicians (per 1,000 people)",2007,0.385
"Netherlands","Physicians (per 1,000 people)",2007,2.792
"New Zealand","Physicians (per 1,000 people)",2007,2.299
"Nicaragua","Physicians (per 1,000 people)",2007,0.525
"Nigeria","Physicians (per 1,000 people)",2007,0.373
"North Macedonia","Physicians (per 1,000 people)",2007,2.425
"Norway","Physicians (per 1,000 people)",2007,3.844
"Oman","Physicians (per 1,000 people)",2007,1.884
"Pakistan","Physicians (per 1,000 people)",2007,0.703
"Panama","Physicians (per 1,000 people)",2007,1.312
"Peru","Physicians (per 1,000 people)",2007,1.649
"Philippines","Physicians (per 1,000 people)",2007,1.242
"Poland","Physicians (per 1,000 people)",2007,2.168
"Portugal","Physicians (per 1,000 people)",2007,3.651
"Romania","Physicians (per 1,000 people)",2007,2.324
"Russian Federation","Physicians (per 1,000 people)",2007,4.942
"Serbia","Physicians (per 1,000 people)",2007,2.751
"Seychelles","Physicians (per 1,000 people)",2007,1.031
"Singapore","Physicians (per 1,000 people)",2007,1.583
"Slovak Republic","Physicians (per 1,000 people)",2007,3.387
"Slovenia","Physicians (per 1,000 people)",2007,2.379
"Spain","Physicians (per 1,000 people)",2007,3.559
"Sri Lanka","Physicians (per 1,000 people)",2007,0.549
"St. Lucia","Physicians (per 1,000 people)",2007,0.185
"Sudan","Physicians (per 1,000 people)",2007,0.364
"Sweden","Physicians (per 1,000 people)",2007,3.619
"Switzerland","Physicians (per 1,000 people)",2007,3.789
"Syrian Arab Republic","Physicians (per 1,000 people)",2007,1.429
"Tajikistan","Physicians (per 1,000 people)",2007,1.863
"Thailand","Physicians (per 1,000 people)",2007,0.293
"Timor-Leste","Physicians (per 1,000 people)",2007,0.034
"Togo","Physicians (per 1,000 people)",2007,0.048
"Trinidad and Tobago","Physicians (per 1,000 people)",2007,1.114
"Tunisia","Physicians (per 1,000 people)",2007,0.998
"Turkiye","Physicians (per 1,000 people)",2007,1.538
"Turkmenistan","Physicians (per 1,000 people)",2007,2.269
"Ukraine","Physicians (per 1,000 people)",2007,3.092
"United Arab Emirates","Physicians (per 1,000 people)",2007,1.476
"United Kingdom","Physicians (per 1,000 people)",2007,2.492
"Uzbekistan","Physicians (per 1,000 people)",2007,2.623
"Vanuatu","Physicians (per 1,000 people)",2007,0.114
"Viet Nam","Physicians (per 1,000 people)",2007,0.647
"Zimbabwe","Physicians (per 1,000 people)",2007,0.0544
"Afghanistan","Physicians (per 1,000 people)",2008,0.183
"Antigua and Barbuda","Physicians (per 1,000 people)",2008,0.54
"Armenia","Physicians (per 1,000 people)",2008,2.674
"Australia","Physicians (per 1,000 people)",2008,3.018
"Austria","Physicians (per 1,000 people)",2008,4.61
"Azerbaijan","Physicians (per 1,000 people)",2008,3.612
"Bahamas, The","Physicians (per 1,000 people)",2008,2.61
"Bahrain","Physicians (per 1,000 people)",2008,0.993
"Bangladesh","Physicians (per 1,000 people)",2008,0.339
"Belgium","Physicians (per 1,000 people)",2008,2.916
"Benin","Physicians (per 1,000 people)",2008,0.061
"Bhutan","Physicians (per 1,000 people)",2008,0.248
"Bosnia and Herzegovina","Physicians (per 1,000 people)",2008,1.591
"Botswana","Physicians (per 1,000 people)",2008,0.357
"Brunei Darussalam","Physicians (per 1,000 people)",2008,1.467
"Bulgaria","Physicians (per 1,000 people)",2008,3.577
"Burkina Faso","Physicians (per 1,000 people)",2008,0.031
"Cambodia","Physicians (per 1,000 people)",2008,0.243
"Canada","Physicians (per 1,000 people)",2008,1.959
"Central African Republic","Physicians (per 1,000 people)",2008,0.0405
"Chile","Physicians (per 1,000 people)",2008,1.042
"China","Physicians (per 1,000 people)",2008,1.347
"Colombia","Physicians (per 1,000 people)",2008,1.561
"Costa Rica","Physicians (per 1,000 people)",2008,2.139
"Cote d'Ivoire","Physicians (per 1,000 people)",2008,0.136
"Croatia","Physicians (per 1,000 people)",2008,2.686
"Cuba","Physicians (per 1,000 people)",2008,6.611
"Cyprus","Physicians (per 1,000 people)",2008,2.005
"Czechia","Physicians (per 1,000 people)",2008,3.557
"Denmark","Physicians (per 1,000 people)",2008,3.573
"Dominican Republic","Physicians (per 1,000 people)",2008,1.091
"Ecuador","Physicians (per 1,000 people)",2008,1.102
"El Salvador","Physicians (per 1,000 people)",2008,1.902
"Eritrea","Physicians (per 1,000 people)",2008,0.042
"Estonia","Physicians (per 1,000 people)",2008,3.343
"Ethiopia","Physicians (per 1,000 people)",2008,0.025
"Fiji","Physicians (per 1,000 people)",2008,0.376
"Finland","Physicians (per 1,000 people)",2008,3.07
"France","Physicians (per 1,000 people)",2008,3.443
"Gabon","Physicians (per 1,000 people)",2008,0.0968
"Gambia, The","Physicians (per 1,000 people)",2008,0.096
"Georgia","Physicians (per 1,000 people)",2008,4.271
"Germany","Physicians (per 1,000 people)",2008,3.58
"Ghana","Physicians (per 1,000 people)",2008,0.076
"Greece","Physicians (per 1,000 people)",2008,5.711
"Guinea-Bissau","Physicians (per 1,000 people)",2008,0.052
"Hungary","Physicians (per 1,000 people)",2008,3.095
"Iceland","Physicians (per 1,000 people)",2008,3.639
"Ireland","Physicians (per 1,000 people)",2008,3.985
"Israel","Physicians (per 1,000 people)",2008,3.524
"Italy","Physicians (per 1,000 people)",2008,3.761
"Jamaica","Physicians (per 1,000 people)",2008,0.407
"Japan","Physicians (per 1,000 people)",2008,2.147
"Jordan","Physicians (per 1,000 people)",2008,2.198
"Kazakhstan","Physicians (per 1,000 people)",2008,3.639
"Kenya","Physicians (per 1,000 people)",2008,0.169
"Kiribati","Physicians (per 1,000 people)",2008,0.24
"Korea, Dem. People's Rep.","Physicians (per 1,000 people)",2008,3.267
"Korea, Rep.","Physicians (per 1,000 people)",2008,1.871
"Kuwait","Physicians (per 1,000 people)",2008,1.884
"Kyrgyz Republic","Physicians (per 1,000 people)",2008,2.313
"Latvia","Physicians (per 1,000 people)",2008,3.274
"Liberia","Physicians (per 1,000 people)",2008,0.014
"Libya","Physicians (per 1,000 people)",2008,1.792
"Lithuania","Physicians (per 1,000 people)",2008,3.85
"Luxembourg","Physicians (per 1,000 people)",2008,2.718
"Madagascar","Physicians (per 1,000 people)",2008,0.181
"Malawi","Physicians (per 1,000 people)",2008,0.019
"Malaysia","Physicians (per 1,000 people)",2008,0.907
"Mali","Physicians (per 1,000 people)",2008,0.064
"Malta","Physicians (per 1,000 people)",2008,3.324
"Mauritius","Physicians (per 1,000 people)",2008,1.137
"Mexico","Physicians (per 1,000 people)",2008,1.97
"Micronesia, Fed. Sts.","Physicians (per 1,000 people)",2008,0.589
"Moldova","Physicians (per 1,000 people)",2008,2.54
"Mongolia","Physicians (per 1,000 people)",2008,2.879
"Montenegro","Physicians (per 1,000 people)",2008,2.078
"Myanmar","Physicians (per 1,000 people)",2008,0.487
"Nauru","Physicians (per 1,000 people)",2008,0.98
"Netherlands","Physicians (per 1,000 people)",2008,2.868
"New Zealand","Physicians (per 1,000 people)",2008,2.464
"Nicaragua","Physicians (per 1,000 people)",2008,0.646
"Niger","Physicians (per 1,000 people)",2008,0.019
"Nigeria","Physicians (per 1,000 people)",2008,0.371
"North Macedonia","Physicians (per 1,000 people)",2008,2.571
"Norway","Physicians (per 1,000 people)",2008,3.955
"Oman","Physicians (per 1,000 people)",2008,1.959
"Pakistan","Physicians (per 1,000 people)",2008,0.721
"Panama","Physicians (per 1,000 people)",2008,1.389
"Papua New Guinea","Physicians (per 1,000 people)",2008,0.047
"Philippines","Physicians (per 1,000 people)",2008,1.251
"Poland","Physicians (per 1,000 people)",2008,2.139
"Portugal","Physicians (per 1,000 people)",2008,3.746
"Qatar","Physicians (per 1,000 people)",2008,3.192
"Romania","Physicians (per 1,000 people)",2008,2.44
"Russian Federation","Physicians (per 1,000 people)",2008,4.919
"Rwanda","Physicians (per 1,000 people)",2008,0.052
"Samoa","Physicians (per 1,000 people)",2008,0.443
"Saudi Arabia","Physicians (per 1,000 people)",2008,1.673
"Senegal","Physicians (per 1,000 people)",2008,0.062
"Serbia","Physicians (per 1,000 people)",2008,2.841
"Seychelles","Physicians (per 1,000 people)",2008,0.781
"Sierra Leone","Physicians (per 1,000 people)",2008,0.0155
"Singapore","Physicians (per 1,000 people)",2008,1.621
"Slovak Republic","Physicians (per 1,000 people)",2008,3.367
"Slovenia","Physicians (per 1,000 people)",2008,2.386
"Solomon Islands","Physicians (per 1,000 people)",2008,0.173
"Spain","Physicians (per 1,000 people)",2008,3.544
"Sri Lanka","Physicians (per 1,000 people)",2008,0.615
"St. Lucia","Physicians (per 1,000 people)",2008,0.1588
"Sudan","Physicians (per 1,000 people)",2008,0.337
"Sweden","Physicians (per 1,000 people)",2008,3.677
"Switzerland","Physicians (per 1,000 people)",2008,3.822
"Syrian Arab Republic","Physicians (per 1,000 people)",2008,1.43
"Tajikistan","Physicians (per 1,000 people)",2008,1.899
"Thailand","Physicians (per 1,000 people)",2008,0.313
"Timor-Leste","Physicians (per 1,000 people)",2008,0.037
"Togo","Physicians (per 1,000 people)",2008,0.056
"Tonga","Physicians (per 1,000 people)",2008,0.533
"Tunisia","Physicians (per 1,000 people)",2008,1.08
"Turkiye","Physicians (per 1,000 people)",2008,1.587
"Turkmenistan","Physicians (per 1,000 people)",2008,2.228
"Tuvalu","Physicians (per 1,000 people)",2008,0.971
"Ukraine","Physicians (per 1,000 people)",2008,3.124
"United Arab Emirates","Physicians (per 1,000 people)",2008,1.664
"United Kingdom","Physicians (per 1,000 people)",2008,2.571
"Uruguay","Physicians (per 1,000 people)",2008,3.956
"Uzbekistan","Physicians (per 1,000 people)",2008,2.595
"Vanuatu","Physicians (per 1,000 people)",2008,0.111
"Viet Nam","Physicians (per 1,000 people)",2008,0.67
"Yemen, Rep.","Physicians (per 1,000 people)",2008,0.296
"Zambia","Physicians (per 1,000 people)",2008,0.062
"Zimbabwe","Physicians (per 1,000 people)",2008,0.0596
"Afghanistan","Physicians (per 1,000 people)",2009,0.22
"Albania","Physicians (per 1,000 people)",2009,1.248
"Andorra","Physicians (per 1,000 people)",2009,3.6
"Angola","Physicians (per 1,000 people)",2009,0.131
"Armenia","Physicians (per 1,000 people)",2009,2.697
"Australia","Physicians (per 1,000 people)",2009,3.121
"Austria","Physicians (per 1,000 people)",2009,4.703
"Azerbaijan","Physicians (per 1,000 people)",2009,3.596
"Bahrain","Physicians (per 1,000 people)",2009,0.974
"Bangladesh","Physicians (per 1,000 people)",2009,0.353
"Belgium","Physicians (per 1,000 people)",2009,2.924
"Belize","Physicians (per 1,000 people)",2009,0.767
"Bosnia and Herzegovina","Physicians (per 1,000 people)",2009,1.674
"Botswana","Physicians (per 1,000 people)",2009,0.338
"Brunei Darussalam","Physicians (per 1,000 people)",2009,1.14
"Bulgaria","Physicians (per 1,000 people)",2009,3.661
"Burkina Faso","Physicians (per 1,000 people)",2009,0.043
"Cabo Verde","Physicians (per 1,000 people)",2009,0.487
"Cambodia","Physicians (per 1,000 people)",2009,0.237
"Cameroon","Physicians (per 1,000 people)",2009,0.07
"Central African Republic","Physicians (per 1,000 people)",2009,0.045
"Chile","Physicians (per 1,000 people)",2009,1.033
"China","Physicians (per 1,000 people)",2009,1.423
"Colombia","Physicians (per 1,000 people)",2009,1.616
"Comoros","Physicians (per 1,000 people)",2009,0.199
"Congo, Dem. Rep.","Physicians (per 1,000 people)",2009,0.091
"Costa Rica","Physicians (per 1,000 people)",2009,2.197
"Croatia","Physicians (per 1,000 people)",2009,2.696
"Cuba","Physicians (per 1,000 people)",2009,6.636
"Cyprus","Physicians (per 1,000 people)",2009,2.043
"Czechia","Physicians (per 1,000 people)",2009,3.584
"Denmark","Physicians (per 1,000 people)",2009,3.648
"Ecuador","Physicians (per 1,000 people)",2009,1.223
"Eritrea","Physicians (per 1,000 people)",2009,0.042
"Estonia","Physicians (per 1,000 people)",2009,3.28
"Eswatini","Physicians (per 1,000 people)",2009,0.158
"Ethiopia","Physicians (per 1,000 people)",2009,0.025
"Fiji","Physicians (per 1,000 people)",2009,0.413
"Finland","Physicians (per 1,000 people)",2009,3.129
"France","Physicians (per 1,000 people)",2009,3.394
"Georgia","Physicians (per 1,000 people)",2009,4.511
"Germany","Physicians (per 1,000 people)",2009,3.648
"Ghana","Physicians (per 1,000 people)",2009,0.082
"Greece","Physicians (per 1,000 people)",2009,5.819
"Guatemala","Physicians (per 1,000 people)",2009,0.908
"Guinea-Bissau","Physicians (per 1,000 people)",2009,0.081
"Guyana","Physicians (per 1,000 people)",2009,0.214
"Hungary","Physicians (per 1,000 people)",2009,3.025
"Iceland","Physicians (per 1,000 people)",2009,3.645
"Indonesia","Physicians (per 1,000 people)",2009,0.143
"Ireland","Physicians (per 1,000 people)",2009,4.038
"Israel","Physicians (per 1,000 people)",2009,3.529
"Italy","Physicians (per 1,000 people)",2009,3.761
"Jordan","Physicians (per 1,000 people)",2009,2.164
"Kazakhstan","Physicians (per 1,000 people)",2009,3.698
"Kenya","Physicians (per 1,000 people)",2009,0.171
"Korea, Rep.","Physicians (per 1,000 people)",2009,1.949
"Kuwait","Physicians (per 1,000 people)",2009,1.91
"Kyrgyz Republic","Physicians (per 1,000 people)",2009,2.307
"Lao PDR","Physicians (per 1,000 people)",2009,0.197
"Latvia","Physicians (per 1,000 people)",2009,3.176
"Liberia","Physicians (per 1,000 people)",2009,0.023
"Libya","Physicians (per 1,000 people)",2009,1.888
"Lithuania","Physicians (per 1,000 people)",2009,3.833
"Luxembourg","Physicians (per 1,000 people)",2009,2.709
"Madagascar","Physicians (per 1,000 people)",2009,0.177
"Malawi","Physicians (per 1,000 people)",2009,0.019
"Malaysia","Physicians (per 1,000 people)",2009,1.082
"Maldives","Physicians (per 1,000 people)",2009,1.507
"Mali","Physicians (per 1,000 people)",2009,0.119
"Malta","Physicians (per 1,000 people)",2009,3.025
"Mauritania","Physicians (per 1,000 people)",2009,0.134
"Mauritius","Physicians (per 1,000 people)",2009,1.152
"Mexico","Physicians (per 1,000 people)",2009,2.004
"Micronesia, Fed. Sts.","Physicians (per 1,000 people)",2009,0.1942
"Moldova","Physicians (per 1,000 people)",2009,2.613
"Mongolia","Physicians (per 1,000 people)",2009,2.678
"Montenegro","Physicians (per 1,000 people)",2009,2.075
"Morocco","Physicians (per 1,000 people)",2009,0.645
"Mozambique","Physicians (per 1,000 people)",2009,0.046
"Myanmar","Physicians (per 1,000 people)",2009,0.501
"Nauru","Physicians (per 1,000 people)",2009,0.98
"Netherlands","Physicians (per 1,000 people)",2009,2.922
"New Zealand","Physicians (per 1,000 people)",2009,2.581
"Nicaragua","Physicians (per 1,000 people)",2009,0.7
"Niger","Physicians (per 1,000 people)",2009,0.027
"Nigeria","Physicians (per 1,000 people)",2009,0.373
"North Macedonia","Physicians (per 1,000 people)",2009,2.567
"Norway","Physicians (per 1,000 people)",2009,4.048
"Oman","Physicians (per 1,000 people)",2009,2.062
"Pakistan","Physicians (per 1,000 people)",2009,0.734
"Palau","Physicians (per 1,000 people)",2009,1.543
"Panama","Physicians (per 1,000 people)",2009,1.317
"Peru","Physicians (per 1,000 people)",2009,0.94
"Philippines","Physicians (per 1,000 people)",2009,1.256
"Poland","Physicians (per 1,000 people)",2009,2.148
"Portugal","Physicians (per 1,000 people)",2009,3.853
"Qatar","Physicians (per 1,000 people)",2009,3.183
"Romania","Physicians (per 1,000 people)",2009,2.462
"Russian Federation","Physicians (per 1,000 people)",2009,4.968
"Rwanda","Physicians (per 1,000 people)",2009,0.055
"Saudi Arabia","Physicians (per 1,000 people)",2009,1.647
"Serbia","Physicians (per 1,000 people)",2009,2.872
"Seychelles","Physicians (per 1,000 people)",2009,1.132
"Singapore","Physicians (per 1,000 people)",2009,1.661
"Slovak Republic","Physicians (per 1,000 people)",2009,3.303
"Slovenia","Physicians (per 1,000 people)",2009,2.403
"Spain","Physicians (per 1,000 people)",2009,3.597
"Sri Lanka","Physicians (per 1,000 people)",2009,0.671
"St. Lucia","Physicians (per 1,000 people)",2009,0.1045
"Suriname","Physicians (per 1,000 people)",2009,0.683
"Sweden","Physicians (per 1,000 people)",2009,3.748
"Switzerland","Physicians (per 1,000 people)",2009,3.837
"Syrian Arab Republic","Physicians (per 1,000 people)",2009,1.371
"Tajikistan","Physicians (per 1,000 people)",2009,1.621
"Thailand","Physicians (per 1,000 people)",2009,0.334
"Timor-Leste","Physicians (per 1,000 people)",2009,0.044
"Tonga","Physicians (per 1,000 people)",2009,0.579
"Trinidad and Tobago","Physicians (per 1,000 people)",2009,1.422
"Turkiye","Physicians (per 1,000 people)",2009,1.643
"Turkmenistan","Physicians (per 1,000 people)",2009,2.215
"Tuvalu","Physicians (per 1,000 people)",2009,1.154
"Ukraine","Physicians (per 1,000 people)",2009,3.499
"United Arab Emirates","Physicians (per 1,000 people)",2009,1.503
"United Kingdom","Physicians (per 1,000 people)",2009,2.653
"Uzbekistan","Physicians (per 1,000 people)",2009,2.561
"Viet Nam","Physicians (per 1,000 people)",2009,0.703
"Yemen, Rep.","Physicians (per 1,000 people)",2009,0.297
"Zambia","Physicians (per 1,000 people)",2009,0.06
"Zimbabwe","Physicians (per 1,000 people)",2009,0.12
"Africa Eastern and Southern","Physicians (per 1,000 people)",2010,0.10412647342032
"Africa Western and Central","Physicians (per 1,000 people)",2010,0.217157598726653
"Caribbean small states","Physicians (per 1,000 people)",2010,1.25149750504045
"Central Electricity Board (CEB)","Physicians (per 1,000 people)",2010,2.7214550506181
"East Asia & Pacific","Physicians (per 1,000 people)",2010,1.2691085289894
"East Asia & Pacific (excluding high income)","Physicians (per 1,000 people)",2010,1.16151155529386
"East Asia & Pacific (IDA & IBRD)","Physicians (per 1,000 people)",2010,1.13237507113301
"Euro area","Physicians (per 1,000 people)",2010,3.67952661910076
"Europe & Central Asia","Physicians (per 1,000 people)",2010,3.46106362677136
"Europe & Central Asia (excluding high income)","Physicians (per 1,000 people)",2010,2.66325569904027
"Europe & Central Asia (IDA & IBRD)","Physicians (per 1,000 people)",2010,3.38596016305925
"European Union","Physicians (per 1,000 people)",2010,3.47718994397296
"Fragile and conflict affected situations","Physicians (per 1,000 people)",2010,0.505206770329467
"Heavily indebted poor countries (HIPC)","Physicians (per 1,000 people)",2010,0.108013945793993
"High income","Physicians (per 1,000 people)",2010,3.23320614593611
"IDA & IBRD total","Physicians (per 1,000 people)",2010,1.1769946624404
"IDA blend","Physicians (per 1,000 people)",2010,0.58858381627693
"IDA only","Physicians (per 1,000 people)",2010,0.265763536856878
"IDA total","Physicians (per 1,000 people)",2010,0.38258603600352
"Late-demographic dividend","Physicians (per 1,000 people)",2010,1.75723317584236
"Latin America & Caribbean","Physicians (per 1,000 people)",2010,1.76234288765081
"Latin America & Caribbean (excluding high income)","Physicians (per 1,000 people)",2010,1.75822334245251
"Latin America & Caribbean (IDA & IBRD)","Physicians (per 1,000 people)",2010,1.64901750570041
"Least developed countries: UN classification","Physicians (per 1,000 people)",2010,0.193746312182354
"Low & middle income","Physicians (per 1,000 people)",2010,1.06843554208702
"Low income","Physicians (per 1,000 people)",2010,0.403650918817677
"Middle East and North Africa","Physicians (per 1,000 people)",2010,0.943384492665548
"Middle income","Physicians (per 1,000 people)",2010,1.14446282383708
"OECD members","Physicians (per 1,000 people)",2010,2.73526879877081
"Other small states","Physicians (per 1,000 people)",2010,1.39728914885815
"Pacific island small states","Physicians (per 1,000 people)",2010,0.345256848631453
"Post-demographic dividend","Physicians (per 1,000 people)",2010,3.17153632036564
"Pre-demographic dividend","Physicians (per 1,000 people)",2010,0.195649529862875
"Small states","Physicians (per 1,000 people)",2010,1.212854264808
"Sub-Saharan Africa","Physicians (per 1,000 people)",2010,0.153571483167488
"Sub-Saharan Africa (excluding high income)","Physicians (per 1,000 people)",2010,0.169717288285797
"Sub-Saharan Africa (IDA & IBRD)","Physicians (per 1,000 people)",2010,0.153571483167488
"Upper middle income","Physicians (per 1,000 people)",2010,1.45518058336802
"World","Physicians (per 1,000 people)",2010,1.4714894818667
"Afghanistan","Physicians (per 1,000 people)",2010,0.245
"Albania","Physicians (per 1,000 people)",2010,1.249
"Armenia","Physicians (per 1,000 people)",2010,2.775
"Australia","Physicians (per 1,000 people)",2010,3.364
"Austria","Physicians (per 1,000 people)",2010,4.808
"Azerbaijan","Physicians (per 1,000 people)",2010,3.582
"Bahrain","Physicians (per 1,000 people)",2010,0.971
"Bangladesh","Physicians (per 1,000 people)",2010,0.362
"Belgium","Physicians (per 1,000 people)",2010,2.925
"Benin","Physicians (per 1,000 people)",2010,0.054
"Bolivia","Physicians (per 1,000 people)",2010,0.431
"Bosnia and Herzegovina","Physicians (per 1,000 people)",2010,1.749
"Botswana","Physicians (per 1,000 people)",2010,0.392
"Brunei Darussalam","Physicians (per 1,000 people)",2010,1.421
"Bulgaria","Physicians (per 1,000 people)",2010,3.671
"Burkina Faso","Physicians (per 1,000 people)",2010,0.044
"Burundi","Physicians (per 1,000 people)",2010,0.046
"Cabo Verde","Physicians (per 1,000 people)",2010,0.56
"Cambodia","Physicians (per 1,000 people)",2010,0.229
"Cameroon","Physicians (per 1,000 people)",2010,0.086
"Canada","Physicians (per 1,000 people)",2010,2.0384
"Chile","Physicians (per 1,000 people)",2010,1.438
"China","Physicians (per 1,000 people)",2010,1.463
"Colombia","Physicians (per 1,000 people)",2010,1.664
"Congo, Rep.","Physicians (per 1,000 people)",2010,0.111
"Costa Rica","Physicians (per 1,000 people)",2010,2.283
"Croatia","Physicians (per 1,000 people)",2010,2.816
"Cuba","Physicians (per 1,000 people)",2010,6.776
"Cyprus","Physicians (per 1,000 people)",2010,2.124
"Czechia","Physicians (per 1,000 people)",2010,3.599
"Denmark","Physicians (per 1,000 people)",2010,3.724
"Ecuador","Physicians (per 1,000 people)",2010,1.291
"Eritrea","Physicians (per 1,000 people)",2010,0.041
"Estonia","Physicians (per 1,000 people)",2010,3.244
"Finland","Physicians (per 1,000 people)",2010,3.184
"France","Physicians (per 1,000 people)",2010,3.397
"Georgia","Physicians (per 1,000 people)",2010,4.751
"Germany","Physicians (per 1,000 people)",2010,3.734
"Ghana","Physicians (per 1,000 people)",2010,0.091
"Greece","Physicians (per 1,000 people)",2010,5.803
"Guyana","Physicians (per 1,000 people)",2010,0.689
"Honduras","Physicians (per 1,000 people)",2010,0.29
"Hungary","Physicians (per 1,000 people)",2010,2.872
"Iceland","Physicians (per 1,000 people)",2010,3.588
"Indonesia","Physicians (per 1,000 people)",2010,0.138
"Iraq","Physicians (per 1,000 people)",2010,0.631
"Ireland","Physicians (per 1,000 people)",2010,4.164
"Isle of Man","Physicians (per 1,000 people)",2010,1.449
"Israel","Physicians (per 1,000 people)",2010,3.519
"Italy","Physicians (per 1,000 people)",2010,3.784
"Japan","Physicians (per 1,000 people)",2010,2.213
"Jordan","Physicians (per 1,000 people)",2010,2.339
"Kazakhstan","Physicians (per 1,000 people)",2010,3.839
"Kenya","Physicians (per 1,000 people)",2010,0.172
"Kiribati","Physicians (per 1,000 people)",2010,0.38
"Korea, Rep.","Physicians (per 1,000 people)",2010,2.014
"Kuwait","Physicians (per 1,000 people)",2010,2.47
"Kyrgyz Republic","Physicians (per 1,000 people)",2010,2.313
"Lao PDR","Physicians (per 1,000 people)",2010,0.332
"Latvia","Physicians (per 1,000 people)",2010,3.101
"Lebanon","Physicians (per 1,000 people)",2010,2.319
"Lesotho","Physicians (per 1,000 people)",2010,0.068
"Liberia","Physicians (per 1,000 people)",2010,0.022
"Lithuania","Physicians (per 1,000 people)",2010,3.895
"Luxembourg","Physicians (per 1,000 people)",2010,2.773
"Madagascar","Physicians (per 1,000 people)",2010,0.19
"Malaysia","Physicians (per 1,000 people)",2010,1.148
"Maldives","Physicians (per 1,000 people)",2010,1.452
"Mali","Physicians (per 1,000 people)",2010,0.099
"Malta","Physicians (per 1,000 people)",2010,3.054
"Marshall Islands","Physicians (per 1,000 people)",2010,0.599
"Mauritania","Physicians (per 1,000 people)",2010,0.16
"Mauritius","Physicians (per 1,000 people)",2010,1.169
"Mexico","Physicians (per 1,000 people)",2010,2.026
"Moldova","Physicians (per 1,000 people)",2010,2.645
"Mongolia","Physicians (per 1,000 people)",2010,2.774
"Montenegro","Physicians (per 1,000 people)",2010,2.022
"Mozambique","Physicians (per 1,000 people)",2010,0.05
"Myanmar","Physicians (per 1,000 people)",2010,0.535
"Nauru","Physicians (per 1,000 people)",2010,1.078
"Netherlands","Physicians (per 1,000 people)",2010,2.963
"New Zealand","Physicians (per 1,000 people)",2010,2.626
"Nicaragua","Physicians (per 1,000 people)",2010,0.724
"North Macedonia","Physicians (per 1,000 people)",2010,2.646
"Norway","Physicians (per 1,000 people)",2010,4.114
"Oman","Physicians (per 1,000 people)",2010,2.034
"Pakistan","Physicians (per 1,000 people)",2010,0.745
"Palau","Physicians (per 1,000 people)",2010,1.568
"Panama","Physicians (per 1,000 people)",2010,1.413
"Papua New Guinea","Physicians (per 1,000 people)",2010,0.05
"Philippines","Physicians (per 1,000 people)",2010,0.553
"Poland","Physicians (per 1,000 people)",2010,2.156
"Portugal","Physicians (per 1,000 people)",2010,3.979
"Qatar","Physicians (per 1,000 people)",2010,4.038
"Romania","Physicians (per 1,000 people)",2010,2.497
"Russian Federation","Physicians (per 1,000 people)",2010,4.997
"Rwanda","Physicians (per 1,000 people)",2010,0.055
"Samoa","Physicians (per 1,000 people)",2010,0.329
"Saudi Arabia","Physicians (per 1,000 people)",2010,1.92
"Serbia","Physicians (per 1,000 people)",2010,2.916
"Seychelles","Physicians (per 1,000 people)",2010,1.082
"Sierra Leone","Physicians (per 1,000 people)",2010,0.021
"Singapore","Physicians (per 1,000 people)",2010,1.749
"Slovak Republic","Physicians (per 1,000 people)",2010,3.356
"Slovenia","Physicians (per 1,000 people)",2010,2.42
"Spain","Physicians (per 1,000 people)",2010,3.758
"Sri Lanka","Physicians (per 1,000 people)",2010,0.71
"St. Lucia","Physicians (per 1,000 people)",2010,1.679
"St. Vincent and the Grenadines","Physicians (per 1,000 people)",2010,0.659
"Sweden","Physicians (per 1,000 people)",2010,3.806
"Switzerland","Physicians (per 1,000 people)",2010,3.81
"Syrian Arab Republic","Physicians (per 1,000 people)",2010,1.397
"Tajikistan","Physicians (per 1,000 people)",2010,1.677
"Thailand","Physicians (per 1,000 people)",2010,0.384
"Timor-Leste","Physicians (per 1,000 people)",2010,0.079
"Togo","Physicians (per 1,000 people)",2010,0.0506
"Tonga","Physicians (per 1,000 people)",2010,0.54
"Trinidad and Tobago","Physicians (per 1,000 people)",2010,1.703
"Tunisia","Physicians (per 1,000 people)",2010,1.193
"Turkiye","Physicians (per 1,000 people)",2010,1.687
"Turkmenistan","Physicians (per 1,000 people)",2010,2.196
"Ukraine","Physicians (per 1,000 people)",2010,3.491
"United Arab Emirates","Physicians (per 1,000 people)",2010,1.431
"United Kingdom","Physicians (per 1,000 people)",2010,2.656
"Uzbekistan","Physicians (per 1,000 people)",2010,2.535
"Viet Nam","Physicians (per 1,000 people)",2010,0.715
"Zambia","Physicians (per 1,000 people)",2010,0.061
"Zimbabwe","Physicians (per 1,000 people)",2010,0.126
"Afghanistan","Physicians (per 1,000 people)",2011,0.259
"Albania","Physicians (per 1,000 people)",2011,1.234
"Armenia","Physicians (per 1,000 people)",2011,2.816
"Australia","Physicians (per 1,000 people)",2011,3.314
"Austria","Physicians (per 1,000 people)",2011,4.854
"Azerbaijan","Physicians (per 1,000 people)",2011,3.359
"Bahamas, The","Physicians (per 1,000 people)",2011,2.196
"Bahrain","Physicians (per 1,000 people)",2011,0.997
"Bangladesh","Physicians (per 1,000 people)",2011,0.382
"Belarus","Physicians (per 1,000 people)",2011,4.618
"Belgium","Physicians (per 1,000 people)",2011,2.938
"Benin","Physicians (per 1,000 people)",2011,0.056
"Bolivia","Physicians (per 1,000 people)",2011,0.459
"Bosnia and Herzegovina","Physicians (per 1,000 people)",2011,1.838
"Botswana","Physicians (per 1,000 people)",2011,0.384
"Brazil","Physicians (per 1,000 people)",2011,1.843
"Brunei Darussalam","Physicians (per 1,000 people)",2011,1.514
"Bulgaria","Physicians (per 1,000 people)",2011,3.755
"Burkina Faso","Physicians (per 1,000 people)",2011,0.037
"Burundi","Physicians (per 1,000 people)",2011,0.038
"Cabo Verde","Physicians (per 1,000 people)",2011,0.554
"Cambodia","Physicians (per 1,000 people)",2011,0.226
"Cameroon","Physicians (per 1,000 people)",2011,0.09
"Chile","Physicians (per 1,000 people)",2011,1.591
"China","Physicians (per 1,000 people)",2011,1.489
"Colombia","Physicians (per 1,000 people)",2011,1.752
"Congo, Rep.","Physicians (per 1,000 people)",2011,0.158
"Costa Rica","Physicians (per 1,000 people)",2011,2.348
"Cote d'Ivoire","Physicians (per 1,000 people)",2011,0.149
"Croatia","Physicians (per 1,000 people)",2011,2.87
"Cuba","Physicians (per 1,000 people)",2011,6.959
"Cyprus","Physicians (per 1,000 people)",2011,2.209
"Czechia","Physicians (per 1,000 people)",2011,3.637
"Denmark","Physicians (per 1,000 people)",2011,3.785
"Dominican Republic","Physicians (per 1,000 people)",2011,1.513
"Ecuador","Physicians (per 1,000 people)",2011,1.39
"Eritrea","Physicians (per 1,000 people)",2011,0.042
"Estonia","Physicians (per 1,000 people)",2011,3.294
"Eswatini","Physicians (per 1,000 people)",2011,0.099
"Finland","Physicians (per 1,000 people)",2011,3.259
"France","Physicians (per 1,000 people)",2011,3.171
"Georgia","Physicians (per 1,000 people)",2011,4.806
"Germany","Physicians (per 1,000 people)",2011,3.822
"Ghana","Physicians (per 1,000 people)",2011,0.095
"Greece","Physicians (per 1,000 people)",2011,5.829
"Guinea-Bissau","Physicians (per 1,000 people)",2011,0.062
"Haiti","Physicians (per 1,000 people)",2011,0.14
"Hungary","Physicians (per 1,000 people)",2011,2.964
"Iceland","Physicians (per 1,000 people)",2011,3.501
"Ireland","Physicians (per 1,000 people)",2011,4.14
"Israel","Physicians (per 1,000 people)",2011,3.525
"Italy","Physicians (per 1,000 people)",2011,3.856
"Kazakhstan","Physicians (per 1,000 people)",2011,3.861
"Kenya","Physicians (per 1,000 people)",2011,0.177
"Kiribati","Physicians (per 1,000 people)",2011,0.137
"Korea, Rep.","Physicians (per 1,000 people)",2011,2.062
"Kuwait","Physicians (per 1,000 people)",2011,2.475
"Kyrgyz Republic","Physicians (per 1,000 people)",2011,2.272
"Latvia","Physicians (per 1,000 people)",2011,3.108
"Lebanon","Physicians (per 1,000 people)",2011,2.702
"Lithuania","Physicians (per 1,000 people)",2011,4.003
"Luxembourg","Physicians (per 1,000 people)",2011,2.767
"Madagascar","Physicians (per 1,000 people)",2011,0.14
"Malaysia","Physicians (per 1,000 people)",2011,1.254
"Mali","Physicians (per 1,000 people)",2011,0.114
"Malta","Physicians (per 1,000 people)",2011,3.114
"Marshall Islands","Physicians (per 1,000 people)",2011,0.623
"Mauritius","Physicians (per 1,000 people)",2011,1.407
"Mexico","Physicians (per 1,000 people)",2011,2.129
"Moldova","Physicians (per 1,000 people)",2011,2.739
"Monaco","Physicians (per 1,000 people)",2011,7.375
"Mongolia","Physicians (per 1,000 people)",2011,2.895
"Montenegro","Physicians (per 1,000 people)",2011,1.993
"Mozambique","Physicians (per 1,000 people)",2011,0.053
"Myanmar","Physicians (per 1,000 people)",2011,0.564
"Nauru","Physicians (per 1,000 people)",2011,1.359
"Netherlands","Physicians (per 1,000 people)",2011,3.131
"New Zealand","Physicians (per 1,000 people)",2011,2.655
"Nicaragua","Physicians (per 1,000 people)",2011,0.808
"North Macedonia","Physicians (per 1,000 people)",2011,2.694
"Norway","Physicians (per 1,000 people)",2011,4.188
"Oman","Physicians (per 1,000 people)",2011,1.973
"Pakistan","Physicians (per 1,000 people)",2011,0.767
"Panama","Physicians (per 1,000 people)",2011,1.505
"Philippines","Physicians (per 1,000 people)",2011,0.565
"Poland","Physicians (per 1,000 people)",2011,2.181
"Portugal","Physicians (per 1,000 people)",2011,4.12
"Romania","Physicians (per 1,000 people)",2011,2.53
"Russian Federation","Physicians (per 1,000 people)",2011,4.24
"Rwanda","Physicians (per 1,000 people)",2011,0.0129
"San Marino","Physicians (per 1,000 people)",2011,4.769
"Saudi Arabia","Physicians (per 1,000 people)",2011,1.966
"Serbia","Physicians (per 1,000 people)",2011,2.941
"Seychelles","Physicians (per 1,000 people)",2011,1.141
"Sierra Leone","Physicians (per 1,000 people)",2011,0.025
"Singapore","Physicians (per 1,000 people)",2011,1.826
"Slovak Republic","Physicians (per 1,000 people)",2011,3.304
"Slovenia","Physicians (per 1,000 people)",2011,2.479
"Solomon Islands","Physicians (per 1,000 people)",2011,0.197
"Spain","Physicians (per 1,000 people)",2011,3.836
"Sri Lanka","Physicians (per 1,000 people)",2011,0.723
"St. Lucia","Physicians (per 1,000 people)",2011,1.842
"Sweden","Physicians (per 1,000 people)",2011,3.881
"Switzerland","Physicians (per 1,000 people)",2011,3.834
"Tajikistan","Physicians (per 1,000 people)",2011,1.702
"Timor-Leste","Physicians (per 1,000 people)",2011,0.078
"Trinidad and Tobago","Physicians (per 1,000 people)",2011,1.712
"Turkiye","Physicians (per 1,000 people)",2011,1.699
"Turkmenistan","Physicians (per 1,000 people)",2011,2.205
"Ukraine","Physicians (per 1,000 people)",2011,3.492
"United Arab Emirates","Physicians (per 1,000 people)",2011,1.499
"United Kingdom","Physicians (per 1,000 people)",2011,2.691
"Uzbekistan","Physicians (per 1,000 people)",2011,2.497
"Zimbabwe","Physicians (per 1,000 people)",2011,0.081
"Afghanistan","Physicians (per 1,000 people)",2012,0.247
"Albania","Physicians (per 1,000 people)",2012,1.278
"Armenia","Physicians (per 1,000 people)",2012,2.867
"Australia","Physicians (per 1,000 people)",2012,3.311
"Austria","Physicians (per 1,000 people)",2012,4.905
"Azerbaijan","Physicians (per 1,000 people)",2012,3.409
"Bahrain","Physicians (per 1,000 people)",2012,1.016
"Bangladesh","Physicians (per 1,000 people)",2012,0.397
"Belarus","Physicians (per 1,000 people)",2012,4.697
"Belgium","Physicians (per 1,000 people)",2012,2.954
"Belize","Physicians (per 1,000 people)",2012,1.148
"Bhutan","Physicians (per 1,000 people)",2012,0.269
"Bosnia and Herzegovina","Physicians (per 1,000 people)",2012,1.912
"Botswana","Physicians (per 1,000 people)",2012,0.377
"Brunei Darussalam","Physicians (per 1,000 people)",2012,1.466
"Bulgaria","Physicians (per 1,000 people)",2012,3.78
"Burkina Faso","Physicians (per 1,000 people)",2012,0.046
"Burundi","Physicians (per 1,000 people)",2012,0.051
"Cabo Verde","Physicians (per 1,000 people)",2012,0.487
"Cambodia","Physicians (per 1,000 people)",2012,0.165
"Canada","Physicians (per 1,000 people)",2012,2.3962
"Chad","Physicians (per 1,000 people)",2012,0.041
"Chile","Physicians (per 1,000 people)",2012,1.753
"China","Physicians (per 1,000 people)",2012,1.565
"Colombia","Physicians (per 1,000 people)",2012,1.811
"Comoros","Physicians (per 1,000 people)",2012,0.18
"Costa Rica","Physicians (per 1,000 people)",2012,2.433
"Croatia","Physicians (per 1,000 people)",2012,2.949
"Cuba","Physicians (per 1,000 people)",2012,7.256
"Cyprus","Physicians (per 1,000 people)",2012,2.253
"Czechia","Physicians (per 1,000 people)",2012,3.675
"Denmark","Physicians (per 1,000 people)",2012,3.831
"Ecuador","Physicians (per 1,000 people)",2012,1.57
"Eritrea","Physicians (per 1,000 people)",2012,0.047
"Estonia","Physicians (per 1,000 people)",2012,3.283
"Finland","Physicians (per 1,000 people)",2012,3.264
"France","Physicians (per 1,000 people)",2012,3.188
"Georgia","Physicians (per 1,000 people)",2012,4.793
"Germany","Physicians (per 1,000 people)",2012,3.892
"Ghana","Physicians (per 1,000 people)",2012,0.093
"Greece","Physicians (per 1,000 people)",2012,5.823
"Hungary","Physicians (per 1,000 people)",2012,3.088
"Iceland","Physicians (per 1,000 people)",2012,3.558
"Indonesia","Physicians (per 1,000 people)",2012,0.199
"Ireland","Physicians (per 1,000 people)",2012,3.98
"Israel","Physicians (per 1,000 people)",2012,3.51
"Italy","Physicians (per 1,000 people)",2012,3.832
"Jamaica","Physicians (per 1,000 people)",2012,0.365
"Japan","Physicians (per 1,000 people)",2012,2.284
"Kazakhstan","Physicians (per 1,000 people)",2012,3.831
"Kenya","Physicians (per 1,000 people)",2012,0.185
"Korea, Dem. People's Rep.","Physicians (per 1,000 people)",2012,3.434
"Korea, Rep.","Physicians (per 1,000 people)",2012,2.098
"Kuwait","Physicians (per 1,000 people)",2012,2.433
"Kyrgyz Republic","Physicians (per 1,000 people)",2012,2.258
"Lao PDR","Physicians (per 1,000 people)",2012,0.321
"Latvia","Physicians (per 1,000 people)",2012,3.115
"Lithuania","Physicians (per 1,000 people)",2012,4.115
"Luxembourg","Physicians (per 1,000 people)",2012,2.806
"Madagascar","Physicians (per 1,000 people)",2012,0.139
"Malaysia","Physicians (per 1,000 people)",2012,1.305
"Mali","Physicians (per 1,000 people)",2012,0.103
"Malta","Physicians (per 1,000 people)",2012,3.212
"Marshall Islands","Physicians (per 1,000 people)",2012,0.46
"Mauritius","Physicians (per 1,000 people)",2012,1.336
"Mexico","Physicians (per 1,000 people)",2012,2.14
"Micronesia, Fed. Sts.","Physicians (per 1,000 people)",2012,0.665
"Moldova","Physicians (per 1,000 people)",2012,2.805
"Monaco","Physicians (per 1,000 people)",2012,7.32
"Mongolia","Physicians (per 1,000 people)",2012,3.079
"Montenegro","Physicians (per 1,000 people)",2012,2.016
"Mozambique","Physicians (per 1,000 people)",2012,0.056
"Myanmar","Physicians (per 1,000 people)",2012,0.594
"Nepal","Physicians (per 1,000 people)",2012,0.51
"Netherlands","Physicians (per 1,000 people)",2012,3.248
"New Zealand","Physicians (per 1,000 people)",2012,2.714
"Nicaragua","Physicians (per 1,000 people)",2012,0.854
"Niger","Physicians (per 1,000 people)",2012,0.053
"North Macedonia","Physicians (per 1,000 people)",2012,2.741
"Norway","Physicians (per 1,000 people)",2012,4.231
"Oman","Physicians (per 1,000 people)",2012,1.995
"Pakistan","Physicians (per 1,000 people)",2012,0.796
"Panama","Physicians (per 1,000 people)",2012,1.605
"Paraguay","Physicians (per 1,000 people)",2012,1.385
"Peru","Physicians (per 1,000 people)",2012,1.132
"Philippines","Physicians (per 1,000 people)",2012,0.576
"Poland","Physicians (per 1,000 people)",2012,2.201
"Portugal","Physicians (per 1,000 people)",2012,4.238
"Romania","Physicians (per 1,000 people)",2012,2.6
"Russian Federation","Physicians (per 1,000 people)",2012,4.022
"San Marino","Physicians (per 1,000 people)",2012,4.955
"Saudi Arabia","Physicians (per 1,000 people)",2012,1.996
"Serbia","Physicians (per 1,000 people)",2012,2.94
"Seychelles","Physicians (per 1,000 people)",2012,0.976
"Singapore","Physicians (per 1,000 people)",2012,1.9
"Slovak Republic","Physicians (per 1,000 people)",2012,3.363
"Slovenia","Physicians (per 1,000 people)",2012,2.526
"Solomon Islands","Physicians (per 1,000 people)",2012,0.152
"Spain","Physicians (per 1,000 people)",2012,3.825
"Sri Lanka","Physicians (per 1,000 people)",2012,0.747
"St. Lucia","Physicians (per 1,000 people)",2012,2.184
"St. Vincent and the Grenadines","Physicians (per 1,000 people)",2012,0.944
"Sweden","Physicians (per 1,000 people)",2012,3.952
"Switzerland","Physicians (per 1,000 people)",2012,3.916
"Tajikistan","Physicians (per 1,000 people)",2012,1.709
"Tanzania","Physicians (per 1,000 people)",2012,0.031
"Turkiye","Physicians (per 1,000 people)",2012,1.724
"Turkmenistan","Physicians (per 1,000 people)",2012,2.159
"Uganda","Physicians (per 1,000 people)",2012,0.098
"Ukraine","Physicians (per 1,000 people)",2012,3.495
"United Arab Emirates","Physicians (per 1,000 people)",2012,1.558
"United Kingdom","Physicians (per 1,000 people)",2012,2.697
"Uzbekistan","Physicians (per 1,000 people)",2012,2.441
"Vanuatu","Physicians (per 1,000 people)",2012,0.179
"Viet Nam","Physicians (per 1,000 people)",2012,0.826
"Zimbabwe","Physicians (per 1,000 people)",2012,0.08
"Afghanistan","Physicians (per 1,000 people)",2013,0.291
"Albania","Physicians (per 1,000 people)",2013,1.285
"Argentina","Physicians (per 1,000 people)",2013,3.9385
"Armenia","Physicians (per 1,000 people)",2013,2.899
"Australia","Physicians (per 1,000 people)",2013,3.374
"Austria","Physicians (per 1,000 people)",2013,4.996
"Azerbaijan","Physicians (per 1,000 people)",2013,3.373
"Bahrain","Physicians (per 1,000 people)",2013,0.994
"Bangladesh","Physicians (per 1,000 people)",2013,0.418
"Belarus","Physicians (per 1,000 people)",2013,4.719
"Belgium","Physicians (per 1,000 people)",2013,2.972
"Bhutan","Physicians (per 1,000 people)",2013,0.279
"Bosnia and Herzegovina","Physicians (per 1,000 people)",2013,1.993
"Brazil","Physicians (per 1,000 people)",2013,1.876
"Brunei Darussalam","Physicians (per 1,000 people)",2013,1.593
"Bulgaria","Physicians (per 1,000 people)",2013,3.864
"Burkina Faso","Physicians (per 1,000 people)",2013,0.046
"Burundi","Physicians (per 1,000 people)",2013,0.055
"Cabo Verde","Physicians (per 1,000 people)",2013,0.571
"Canada","Physicians (per 1,000 people)",2013,2.4509
"Chad","Physicians (per 1,000 people)",2013,0.043
"Chile","Physicians (per 1,000 people)",2013,1.887
"China","Physicians (per 1,000 people)",2013,1.661
"Colombia","Physicians (per 1,000 people)",2013,1.88
"Congo, Dem. Rep.","Physicians (per 1,000 people)",2013,0.087
"Costa Rica","Physicians (per 1,000 people)",2013,2.516
"Croatia","Physicians (per 1,000 people)",2013,2.995
"Cuba","Physicians (per 1,000 people)",2013,7.393
"Cyprus","Physicians (per 1,000 people)",2013,2.36
"Czechia","Physicians (per 1,000 people)",2013,3.688
"Denmark","Physicians (per 1,000 people)",2013,3.842
"Ecuador","Physicians (per 1,000 people)",2013,1.654
"Eritrea","Physicians (per 1,000 people)",2013,0.052
"Estonia","Physicians (per 1,000 people)",2013,3.335
"Fiji","Physicians (per 1,000 people)",2013,0.773
"Finland","Physicians (per 1,000 people)",2013,3.335
"France","Physicians (per 1,000 people)",2013,3.209
"Georgia","Physicians (per 1,000 people)",2013,4.828
"Germany","Physicians (per 1,000 people)",2013,3.984
"Ghana","Physicians (per 1,000 people)",2013,0.099
"Greece","Physicians (per 1,000 people)",2013,5.84
"Haiti","Physicians (per 1,000 people)",2013,0.233
"Hungary","Physicians (per 1,000 people)",2013,3.209
"Iceland","Physicians (per 1,000 people)",2013,3.605
"Ireland","Physicians (per 1,000 people)",2013,3.958
"Israel","Physicians (per 1,000 people)",2013,3.483
"Italy","Physicians (per 1,000 people)",2013,3.895
"Jamaica","Physicians (per 1,000 people)",2013,0.482
"Jordan","Physicians (per 1,000 people)",2013,2.43
"Kazakhstan","Physicians (per 1,000 people)",2013,3.878
"Kenya","Physicians (per 1,000 people)",2013,0.194
"Kiribati","Physicians (per 1,000 people)",2013,0.194
"Korea, Rep.","Physicians (per 1,000 people)",2013,2.174
"Kuwait","Physicians (per 1,000 people)",2013,2.45
"Kyrgyz Republic","Physicians (per 1,000 people)",2013,2.266
"Lao PDR","Physicians (per 1,000 people)",2013,0.326
"Latvia","Physicians (per 1,000 people)",2013,3.162
"Lebanon","Physicians (per 1,000 people)",2013,2.341
"Lithuania","Physicians (per 1,000 people)",2013,4.177
"Luxembourg","Physicians (per 1,000 people)",2013,2.83
"Madagascar","Physicians (per 1,000 people)",2013,0.149
"Malawi","Physicians (per 1,000 people)",2013,0.013
"Malaysia","Physicians (per 1,000 people)",2013,1.557
"Mali","Physicians (per 1,000 people)",2013,0.116
"Malta","Physicians (per 1,000 people)",2013,3.351
"Mauritius","Physicians (per 1,000 people)",2013,1.585
"Mexico","Physicians (per 1,000 people)",2013,2.184
"Moldova","Physicians (per 1,000 people)",2013,2.985
"Monaco","Physicians (per 1,000 people)",2013,8.107
"Mongolia","Physicians (per 1,000 people)",2013,3.132
"Montenegro","Physicians (per 1,000 people)",2013,2.127
"Morocco","Physicians (per 1,000 people)",2013,0.63
"Mozambique","Physicians (per 1,000 people)",2013,0.058
"Nepal","Physicians (per 1,000 people)",2013,0.554
"Netherlands","Physicians (per 1,000 people)",2013,3.301
"New Zealand","Physicians (per 1,000 people)",2013,2.824
"Nicaragua","Physicians (per 1,000 people)",2013,0.89
"Niger","Physicians (per 1,000 people)",2013,0.051
"Nigeria","Physicians (per 1,000 people)",2013,0.376
"North Macedonia","Physicians (per 1,000 people)",2013,2.761
"Norway","Physicians (per 1,000 people)",2013,4.305
"Oman","Physicians (per 1,000 people)",2013,2.01
"Pakistan","Physicians (per 1,000 people)",2013,0.817
"Panama","Physicians (per 1,000 people)",2013,1.588
"Philippines","Physicians (per 1,000 people)",2013,0.588
"Poland","Physicians (per 1,000 people)",2013,2.208
"Portugal","Physicians (per 1,000 people)",2013,4.397
"Romania","Physicians (per 1,000 people)",2013,2.633
"Russian Federation","Physicians (per 1,000 people)",2013,4.005
"Rwanda","Physicians (per 1,000 people)",2013,0.099
"Samoa","Physicians (per 1,000 people)",2013,0.46
"San Marino","Physicians (per 1,000 people)",2013,4.925
"Saudi Arabia","Physicians (per 1,000 people)",2013,2.159
"Senegal","Physicians (per 1,000 people)",2013,0.3179
"Serbia","Physicians (per 1,000 people)",2013,2.94
"Singapore","Physicians (per 1,000 people)",2013,1.999
"Slovak Republic","Physicians (per 1,000 people)",2013,3.39
"Slovenia","Physicians (per 1,000 people)",2013,2.613
"Solomon Islands","Physicians (per 1,000 people)",2013,0.184
"Spain","Physicians (per 1,000 people)",2013,3.812
"Sri Lanka","Physicians (per 1,000 people)",2013,0.781
"St. Lucia","Physicians (per 1,000 people)",2013,2.489
"Sweden","Physicians (per 1,000 people)",2013,4.023
"Switzerland","Physicians (per 1,000 people)",2013,4.041
"Tajikistan","Physicians (per 1,000 people)",2013,1.693
"Timor-Leste","Physicians (per 1,000 people)",2013,0.613
"Tonga","Physicians (per 1,000 people)",2013,0.514
"Turkiye","Physicians (per 1,000 people)",2013,1.747
"Turkmenistan","Physicians (per 1,000 people)",2013,2.135
"Ukraine","Physicians (per 1,000 people)",2013,3.495
"United Arab Emirates","Physicians (per 1,000 people)",2013,1.83
"United Kingdom","Physicians (per 1,000 people)",2013,2.706
"Uzbekistan","Physicians (per 1,000 people)",2013,2.402
"Zimbabwe","Physicians (per 1,000 people)",2013,0.082
"Afghanistan","Physicians (per 1,000 people)",2014,0.304
"Armenia","Physicians (per 1,000 people)",2014,2.915
"Australia","Physicians (per 1,000 people)",2014,3.45
"Austria","Physicians (per 1,000 people)",2014,5.049
"Azerbaijan","Physicians (per 1,000 people)",2014,3.362
"Bahrain","Physicians (per 1,000 people)",2014,0.976
"Bangladesh","Physicians (per 1,000 people)",2014,0.484
"Belarus","Physicians (per 1,000 people)",2014,4.877
"Belgium","Physicians (per 1,000 people)",2014,2.984
"Bhutan","Physicians (per 1,000 people)",2014,0.331
"Bosnia and Herzegovina","Physicians (per 1,000 people)",2014,2.08
"Brunei Darussalam","Physicians (per 1,000 people)",2014,1.486
"Bulgaria","Physicians (per 1,000 people)",2014,3.898
"Burkina Faso","Physicians (per 1,000 people)",2014,0.047
"Burundi","Physicians (per 1,000 people)",2014,0.058
"Cambodia","Physicians (per 1,000 people)",2014,0.194
"Canada","Physicians (per 1,000 people)",2014,2.4961
"Chad","Physicians (per 1,000 people)",2014,0.044
"Chile","Physicians (per 1,000 people)",2014,2.036
"China","Physicians (per 1,000 people)",2014,1.715
"Colombia","Physicians (per 1,000 people)",2014,1.955
"Costa Rica","Physicians (per 1,000 people)",2014,2.617
"Cote d'Ivoire","Physicians (per 1,000 people)",2014,0.228
"Croatia","Physicians (per 1,000 people)",2014,3.105
"Cuba","Physicians (per 1,000 people)",2014,7.551
"Cyprus","Physicians (per 1,000 people)",2014,2.447
"Czechia","Physicians (per 1,000 people)",2014,3.9345
"Denmark","Physicians (per 1,000 people)",2014,3.872
"Djibouti","Physicians (per 1,000 people)",2014,0.203
"Ecuador","Physicians (per 1,000 people)",2014,1.692
"Egypt, Arab Rep.","Physicians (per 1,000 people)",2014,0.745
"Eritrea","Physicians (per 1,000 people)",2014,0.061
"Estonia","Physicians (per 1,000 people)",2014,3.361
"Finland","Physicians (per 1,000 people)",2014,3.383
"France","Physicians (per 1,000 people)",2014,3.224
"Georgia","Physicians (per 1,000 people)",2014,5.106
"Germany","Physicians (per 1,000 people)",2014,4.064
"Ghana","Physicians (per 1,000 people)",2014,0.107
"Greece","Physicians (per 1,000 people)",2014,5.883
"Guinea","Physicians (per 1,000 people)",2014,0.163
"Hungary","Physicians (per 1,000 people)",2014,3.323
"Iceland","Physicians (per 1,000 people)",2014,3.642
"Iran, Islamic Rep.","Physicians (per 1,000 people)",2014,1.457
"Iraq","Physicians (per 1,000 people)",2014,0.819
"Ireland","Physicians (per 1,000 people)",2014,3.035
"Israel","Physicians (per 1,000 people)",2014,3.457
"Italy","Physicians (per 1,000 people)",2014,3.91
"Jamaica","Physicians (per 1,000 people)",2014,0.392
"Japan","Physicians (per 1,000 people)",2014,2.354
"Jordan","Physicians (per 1,000 people)",2014,2.27
"Kazakhstan","Physicians (per 1,000 people)",2014,3.914
"Kenya","Physicians (per 1,000 people)",2014,0.2
"Korea, Dem. People's Rep.","Physicians (per 1,000 people)",2014,3.496
"Korea, Rep.","Physicians (per 1,000 people)",2014,2.209
"Kuwait","Physicians (per 1,000 people)",2014,2.602
"Kyrgyz Republic","Physicians (per 1,000 people)",2014,2.225
"Lao PDR","Physicians (per 1,000 people)",2014,0.378
"Latvia","Physicians (per 1,000 people)",2014,3.189
"Lebanon","Physicians (per 1,000 people)",2014,2.069
"Libya","Physicians (per 1,000 people)",2014,2.148
"Lithuania","Physicians (per 1,000 people)",2014,4.218
"Luxembourg","Physicians (per 1,000 people)",2014,2.881
"Madagascar","Physicians (per 1,000 people)",2014,0.177
"Malaysia","Physicians (per 1,000 people)",2014,1.489
"Maldives","Physicians (per 1,000 people)",2014,1.848
"Mali","Physicians (per 1,000 people)",2014,0.1
"Malta","Physicians (per 1,000 people)",2014,3.508
"Mauritania","Physicians (per 1,000 people)",2014,0.162
"Mauritius","Physicians (per 1,000 people)",2014,1.88
"Mexico","Physicians (per 1,000 people)",2014,2.256
"Moldova","Physicians (per 1,000 people)",2014,3.02
"Monaco","Physicians (per 1,000 people)",2014,7.756
"Mongolia","Physicians (per 1,000 people)",2014,3.204
"Montenegro","Physicians (per 1,000 people)",2014,2.16
"Morocco","Physicians (per 1,000 people)",2014,0.912
"Netherlands","Physicians (per 1,000 people)",2014,3.407
"New Zealand","Physicians (per 1,000 people)",2014,2.894
"Nicaragua","Physicians (per 1,000 people)",2014,0.885
"Niger","Physicians (per 1,000 people)",2014,0.027
"North Macedonia","Physicians (per 1,000 people)",2014,2.867
"Norway","Physicians (per 1,000 people)",2014,4.429
"Oman","Physicians (per 1,000 people)",2014,2.158
"Pakistan","Physicians (per 1,000 people)",2014,0.841
"Palau","Physicians (per 1,000 people)",2014,1.405
"Philippines","Physicians (per 1,000 people)",2014,0.603
"Poland","Physicians (per 1,000 people)",2014,2.273
"Portugal","Physicians (per 1,000 people)",2014,4.561
"Qatar","Physicians (per 1,000 people)",2014,1.927
"Romania","Physicians (per 1,000 people)",2014,2.687
"Russian Federation","Physicians (per 1,000 people)",2014,4.138
"Rwanda","Physicians (per 1,000 people)",2014,0.089
"San Marino","Physicians (per 1,000 people)",2014,6.018
"Saudi Arabia","Physicians (per 1,000 people)",2014,2.14
"Serbia","Physicians (per 1,000 people)",2014,2.903
"Singapore","Physicians (per 1,000 people)",2014,2.106
"Slovak Republic","Physicians (per 1,000 people)",2014,3.427
"Slovenia","Physicians (per 1,000 people)",2014,2.753
"Somalia","Physicians (per 1,000 people)",2014,0.023
"Spain","Physicians (per 1,000 people)",2014,3.802
"Sri Lanka","Physicians (per 1,000 people)",2014,0.819
"St. Lucia","Physicians (per 1,000 people)",2014,1.894
"Sweden","Physicians (per 1,000 people)",2014,4.087
"Switzerland","Physicians (per 1,000 people)",2014,4.126
"Syrian Arab Republic","Physicians (per 1,000 people)",2014,1.446
"Tajikistan","Physicians (per 1,000 people)",2014,1.708
"Tanzania","Physicians (per 1,000 people)",2014,0.059
"Timor-Leste","Physicians (per 1,000 people)",2014,0.676
"Tunisia","Physicians (per 1,000 people)",2014,1.236
"Turkiye","Physicians (per 1,000 people)",2014,1.736
"Turkmenistan","Physicians (per 1,000 people)",2014,2.147
"Tuvalu","Physicians (per 1,000 people)",2014,0.917
"Ukraine","Physicians (per 1,000 people)",2014,2.99
"United Arab Emirates","Physicians (per 1,000 people)",2014,2.081
"United Kingdom","Physicians (per 1,000 people)",2014,2.742
"Uzbekistan","Physicians (per 1,000 people)",2014,2.373
"Viet Nam","Physicians (per 1,000 people)",2014,0.787
"Yemen, Rep.","Physicians (per 1,000 people)",2014,0.294
"Zimbabwe","Physicians (per 1,000 people)",2014,0.122
"Afghanistan","Physicians (per 1,000 people)",2015,0.291
"Andorra","Physicians (per 1,000 people)",2015,3.626
"Argentina","Physicians (per 1,000 people)",2015,3.973
"Armenia","Physicians (per 1,000 people)",2015,2.962
"Australia","Physicians (per 1,000 people)",2015,3.505
"Austria","Physicians (per 1,000 people)",2015,5.099
"Azerbaijan","Physicians (per 1,000 people)",2015,3.291
"Bahrain","Physicians (per 1,000 people)",2015,0.932
"Bangladesh","Physicians (per 1,000 people)",2015,0.481
"Belarus","Physicians (per 1,000 people)",2015,5.051
"Belgium","Physicians (per 1,000 people)",2015,3.025
"Bhutan","Physicians (per 1,000 people)",2015,0.338
"Bosnia and Herzegovina","Physicians (per 1,000 people)",2015,2.103
"Brunei Darussalam","Physicians (per 1,000 people)",2015,1.754
"Bulgaria","Physicians (per 1,000 people)",2015,3.968
"Burkina Faso","Physicians (per 1,000 people)",2015,0.064
"Burundi","Physicians (per 1,000 people)",2015,0.047
"Cabo Verde","Physicians (per 1,000 people)",2015,0.743
"Canada","Physicians (per 1,000 people)",2015,2.5388
"Central African Republic","Physicians (per 1,000 people)",2015,0.067
"Chad","Physicians (per 1,000 people)",2015,0.049
"Chile","Physicians (per 1,000 people)",2015,2.159
"China","Physicians (per 1,000 people)",2015,1.8
"Colombia","Physicians (per 1,000 people)",2015,2.015
"Costa Rica","Physicians (per 1,000 people)",2015,1.778
"Croatia","Physicians (per 1,000 people)",2015,3.156
"Cuba","Physicians (per 1,000 people)",2015,7.759
"Cyprus","Physicians (per 1,000 people)",2015,2.566
"Czechia","Physicians (per 1,000 people)",2015,3.9516
"Denmark","Physicians (per 1,000 people)",2015,3.934
"Ecuador","Physicians (per 1,000 people)",2015,1.814
"Egypt, Arab Rep.","Physicians (per 1,000 people)",2015,0.777
"Eritrea","Physicians (per 1,000 people)",2015,0.064
"Estonia","Physicians (per 1,000 people)",2015,3.417
"Fiji","Physicians (per 1,000 people)",2015,0.814
"Finland","Physicians (per 1,000 people)",2015,3.413
"France","Physicians (per 1,000 people)",2015,3.239
"Gambia, The","Physicians (per 1,000 people)",2015,0.095
"Georgia","Physicians (per 1,000 people)",2015,5.341
"Germany","Physicians (per 1,000 people)",2015,4.12
"Ghana","Physicians (per 1,000 people)",2015,0.113
"Greece","Physicians (per 1,000 people)",2015,5.91
"Guinea","Physicians (per 1,000 people)",2015,0.084
"Guinea-Bissau","Physicians (per 1,000 people)",2015,0.198
"Haiti","Physicians (per 1,000 people)",2015,0.086
"Hungary","Physicians (per 1,000 people)",2015,3.097
"Iceland","Physicians (per 1,000 people)",2015,3.772
"Indonesia","Physicians (per 1,000 people)",2015,0.273
"Iran, Islamic Rep.","Physicians (per 1,000 people)",2015,1.106
"Iraq","Physicians (per 1,000 people)",2015,0.714
"Ireland","Physicians (per 1,000 people)",2015,3.143
"Israel","Physicians (per 1,000 people)",2015,3.451
"Italy","Physicians (per 1,000 people)",2015,3.87
"Jamaica","Physicians (per 1,000 people)",2015,0.429
"Jordan","Physicians (per 1,000 people)",2015,2.741
"Kazakhstan","Physicians (per 1,000 people)",2015,3.909
"Korea, Rep.","Physicians (per 1,000 people)",2015,2.242
"Kuwait","Physicians (per 1,000 people)",2015,2.597
"Lao PDR","Physicians (per 1,000 people)",2015,0.4
"Latvia","Physicians (per 1,000 people)",2015,3.175
"Lebanon","Physicians (per 1,000 people)",2015,2.147
"Liberia","Physicians (per 1,000 people)",2015,0.036
"Libya","Physicians (per 1,000 people)",2015,1.963
"Lithuania","Physicians (per 1,000 people)",2015,4.253
"Luxembourg","Physicians (per 1,000 people)",2015,2.908
"Malaysia","Physicians (per 1,000 people)",2015,1.496
"Mali","Physicians (per 1,000 people)",2015,0.097
"Malta","Physicians (per 1,000 people)",2015,3.583
"Mauritania","Physicians (per 1,000 people)",2015,0.175
"Mauritius","Physicians (per 1,000 people)",2015,1.972
"Mexico","Physicians (per 1,000 people)",2015,2.358
"Moldova","Physicians (per 1,000 people)",2015,3.085
"Mongolia","Physicians (per 1,000 people)",2015,3.256
"Montenegro","Physicians (per 1,000 people)",2015,2.35
"Nauru","Physicians (per 1,000 people)",2015,1.25
"Netherlands","Physicians (per 1,000 people)",2015,3.471
"New Zealand","Physicians (per 1,000 people)",2015,3.046
"Nicaragua","Physicians (per 1,000 people)",2015,0.92
"Niger","Physicians (per 1,000 people)",2015,0.032
"North Macedonia","Physicians (per 1,000 people)",2015,2.834
"Norway","Physicians (per 1,000 people)",2015,4.451
"Oman","Physicians (per 1,000 people)",2015,2.127
"Pakistan","Physicians (per 1,000 people)",2015,0.876
"Panama","Physicians (per 1,000 people)",2015,1.581
"Philippines","Physicians (per 1,000 people)",2015,0.622
"Poland","Physicians (per 1,000 people)",2015,2.294
"Portugal","Physicians (per 1,000 people)",2015,4.75
"Romania","Physicians (per 1,000 people)",2015,2.753
"Russian Federation","Physicians (per 1,000 people)",2015,3.942
"Rwanda","Physicians (per 1,000 people)",2015,0.11
"Sao Tome and Principe","Physicians (per 1,000 people)",2015,0.313
"Saudi Arabia","Physicians (per 1,000 people)",2015,2.237
"Senegal","Physicians (per 1,000 people)",2015,0.2074
"Serbia","Physicians (per 1,000 people)",2015,2.904
"Singapore","Physicians (per 1,000 people)",2015,2.205
"Slovak Republic","Physicians (per 1,000 people)",2015,3.451
"Slovenia","Physicians (per 1,000 people)",2015,2.802
"Spain","Physicians (per 1,000 people)",2015,3.847
"Sri Lanka","Physicians (per 1,000 people)",2015,0.845
"St. Kitts and Nevis","Physicians (per 1,000 people)",2015,2.866
"Sudan","Physicians (per 1,000 people)",2015,0.415
"Suriname","Physicians (per 1,000 people)",2015,1.017
"Sweden","Physicians (per 1,000 people)",2015,4.153
"Switzerland","Physicians (per 1,000 people)",2015,4.197
"Tajikistan","Physicians (per 1,000 people)",2015,2.082
"Thailand","Physicians (per 1,000 people)",2015,0.455
"Timor-Leste","Physicians (per 1,000 people)",2015,0.689
"Togo","Physicians (per 1,000 people)",2015,0.048
"Trinidad and Tobago","Physicians (per 1,000 people)",2015,2.487
"Tunisia","Physicians (per 1,000 people)",2015,1.268
"Turkiye","Physicians (per 1,000 people)",2015,1.774
"Turkmenistan","Physicians (per 1,000 people)",2015,2.128
"Uganda","Physicians (per 1,000 people)",2015,0.097
"United Arab Emirates","Physicians (per 1,000 people)",2015,2.297
"United Kingdom","Physicians (per 1,000 people)",2015,2.773
"Uzbekistan","Physicians (per 1,000 people)",2015,2.419
"Viet Nam","Physicians (per 1,000 people)",2015,0.801
"Zimbabwe","Physicians (per 1,000 people)",2015,0.177
"Afghanistan","Physicians (per 1,000 people)",2016,0.284
"Albania","Physicians (per 1,000 people)",2016,1.219
"Algeria","Physicians (per 1,000 people)",2016,1.842
"Argentina","Physicians (per 1,000 people)",2016,3.987
"Armenia","Physicians (per 1,000 people)",2016,2.94
"Australia","Physicians (per 1,000 people)",2016,3.577
"Austria","Physicians (per 1,000 people)",2016,5.108
"Azerbaijan","Physicians (per 1,000 people)",2016,3.227
"Bahrain","Physicians (per 1,000 people)",2016,0.842
"Bangladesh","Physicians (per 1,000 people)",2016,0.492
"Belarus","Physicians (per 1,000 people)",2016,4.277
"Belgium","Physicians (per 1,000 people)",2016,3.078
"Benin","Physicians (per 1,000 people)",2016,0.046
"Bhutan","Physicians (per 1,000 people)",2016,0.399
"Bolivia","Physicians (per 1,000 people)",2016,1.558
"Bosnia and Herzegovina","Physicians (per 1,000 people)",2016,2.141
"Botswana","Physicians (per 1,000 people)",2016,0.353
"Bulgaria","Physicians (per 1,000 people)",2016,4.04
"Burkina Faso","Physicians (per 1,000 people)",2016,0.062
"Cabo Verde","Physicians (per 1,000 people)",2016,0.731
"Canada","Physicians (per 1,000 people)",2016,2.3105
"Chad","Physicians (per 1,000 people)",2016,0.037
"Chile","Physicians (per 1,000 people)",2016,2.31
"China","Physicians (per 1,000 people)",2016,1.891
"Colombia","Physicians (per 1,000 people)",2016,2.079
"Comoros","Physicians (per 1,000 people)",2016,0.29
"Congo, Rep.","Physicians (per 1,000 people)",2016,0.102
"Costa Rica","Physicians (per 1,000 people)",2016,1.924
"Croatia","Physicians (per 1,000 people)",2016,6.394
"Cuba","Physicians (per 1,000 people)",2016,7.949
"Cyprus","Physicians (per 1,000 people)",2016,2.679
"Czechia","Physicians (per 1,000 people)",2016,4.0194
"Denmark","Physicians (per 1,000 people)",2016,4.014
"Ecuador","Physicians (per 1,000 people)",2016,2.064
"Egypt, Arab Rep.","Physicians (per 1,000 people)",2016,0.778
"El Salvador","Physicians (per 1,000 people)",2016,1.5662
"Eritrea","Physicians (per 1,000 people)",2016,0.067
"Estonia","Physicians (per 1,000 people)",2016,3.456
"Eswatini","Physicians (per 1,000 people)",2016,0.094
"Finland","Physicians (per 1,000 people)",2016,3.422
"France","Physicians (per 1,000 people)",2016,3.254
"Gabon","Physicians (per 1,000 people)",2016,0.343
"Georgia","Physicians (per 1,000 people)",2016,6.386
"Germany","Physicians (per 1,000 people)",2016,4.187
"Ghana","Physicians (per 1,000 people)",2016,0.122
"Greece","Physicians (per 1,000 people)",2016,6.137
"Guinea","Physicians (per 1,000 people)",2016,0.082
"Guinea-Bissau","Physicians (per 1,000 people)",2016,0.1
"Honduras","Physicians (per 1,000 people)",2016,0.586
"Hungary","Physicians (per 1,000 people)",2016,3.211
"Iceland","Physicians (per 1,000 people)",2016,3.849
"Iraq","Physicians (per 1,000 people)",2016,0.703
"Ireland","Physicians (per 1,000 people)",2016,3.219
"Israel","Physicians (per 1,000 people)",2016,3.443
"Italy","Physicians (per 1,000 people)",2016,3.986
"Jamaica","Physicians (per 1,000 people)",2016,0.472
"Japan","Physicians (per 1,000 people)",2016,2.426
"Kazakhstan","Physicians (per 1,000 people)",2016,4.127
"Korea, Dem. People's Rep.","Physicians (per 1,000 people)",2016,3.689
"Korea, Rep.","Physicians (per 1,000 people)",2016,2.289
"Lao PDR","Physicians (per 1,000 people)",2016,0.372
"Latvia","Physicians (per 1,000 people)",2016,3.19
"Lebanon","Physicians (per 1,000 people)",2016,2.158
"Liberia","Physicians (per 1,000 people)",2016,0.05
"Lithuania","Physicians (per 1,000 people)",2016,4.367
"Luxembourg","Physicians (per 1,000 people)",2016,2.885
"Malawi","Physicians (per 1,000 people)",2016,0.031
"Malaysia","Physicians (per 1,000 people)",2016,1.589
"Maldives","Physicians (per 1,000 people)",2016,1.288
"Mali","Physicians (per 1,000 people)",2016,0.12
"Malta","Physicians (per 1,000 people)",2016,3.727
"Mauritius","Physicians (per 1,000 people)",2016,2.14
"Mexico","Physicians (per 1,000 people)",2016,2.359
"Moldova","Physicians (per 1,000 people)",2016,3.252
"Mongolia","Physicians (per 1,000 people)",2016,3.301
"Montenegro","Physicians (per 1,000 people)",2016,2.552
"Myanmar","Physicians (per 1,000 people)",2016,0.633
"Netherlands","Physicians (per 1,000 people)",2016,3.517
"New Zealand","Physicians (per 1,000 people)",2016,3.147
"Nicaragua","Physicians (per 1,000 people)",2016,0.941
"Niger","Physicians (per 1,000 people)",2016,0.033
"Nigeria","Physicians (per 1,000 people)",2016,0.443
"North Macedonia","Physicians (per 1,000 people)",2016,2.943
"Norway","Physicians (per 1,000 people)",2016,4.581
"Oman","Physicians (per 1,000 people)",2016,1.96
"Pakistan","Physicians (per 1,000 people)",2016,0.917
"Panama","Physicians (per 1,000 people)",2016,1.574
"Peru","Physicians (per 1,000 people)",2016,1.296
"Philippines","Physicians (per 1,000 people)",2016,0.642
"Poland","Physicians (per 1,000 people)",2016,2.381
"Portugal","Physicians (per 1,000 people)",2016,4.936
"Qatar","Physicians (per 1,000 people)",2016,2.756
"Romania","Physicians (per 1,000 people)",2016,2.827
"Russian Federation","Physicians (per 1,000 people)",2016,3.982
"Rwanda","Physicians (per 1,000 people)",2016,0.12
"Samoa","Physicians (per 1,000 people)",2016,0.326
"Saudi Arabia","Physicians (per 1,000 people)",2016,2.267
"Senegal","Physicians (per 1,000 people)",2016,0.078
"Serbia","Physicians (per 1,000 people)",2016,2.783
"Seychelles","Physicians (per 1,000 people)",2016,2.02
"Singapore","Physicians (per 1,000 people)",2016,2.27
"Slovak Republic","Physicians (per 1,000 people)",2016,3.473
"Slovenia","Physicians (per 1,000 people)",2016,2.978
"Solomon Islands","Physicians (per 1,000 people)",2016,0.191
"South Africa","Physicians (per 1,000 people)",2016,0.765
"Spain","Physicians (per 1,000 people)",2016,3.824
"Sri Lanka","Physicians (per 1,000 people)",2016,0.876
"Suriname","Physicians (per 1,000 people)",2016,1.099
"Sweden","Physicians (per 1,000 people)",2016,4.22
"Switzerland","Physicians (per 1,000 people)",2016,4.251
"Syrian Arab Republic","Physicians (per 1,000 people)",2016,1.186
"Tajikistan","Physicians (per 1,000 people)",2016,2.068
"Thailand","Physicians (per 1,000 people)",2016,0.435
"Togo","Physicians (per 1,000 people)",2016,0.045
"Tunisia","Physicians (per 1,000 people)",2016,1.241
"Turkiye","Physicians (per 1,000 people)",2016,1.788
"Turkmenistan","Physicians (per 1,000 people)",2016,2.123
"United Arab Emirates","Physicians (per 1,000 people)",2016,2.468
"United Kingdom","Physicians (per 1,000 people)",2016,2.783
"Uruguay","Physicians (per 1,000 people)",2016,3.968
"Uzbekistan","Physicians (per 1,000 people)",2016,2.673
"Vanuatu","Physicians (per 1,000 people)",2016,0.162
"Viet Nam","Physicians (per 1,000 people)",2016,0.833
"Zambia","Physicians (per 1,000 people)",2016,0.09
"Zimbabwe","Physicians (per 1,000 people)",2016,0.174
"Afghanistan","Physicians (per 1,000 people)",2017,0.245
"Angola","Physicians (per 1,000 people)",2017,0.212
"Antigua and Barbuda","Physicians (per 1,000 people)",2017,2.898
"Argentina","Physicians (per 1,000 people)",2017,3.979
"Armenia","Physicians (per 1,000 people)",2017,2.972
"Australia","Physicians (per 1,000 people)",2017,3.677
"Austria","Physicians (per 1,000 people)",2017,5.157
"Azerbaijan","Physicians (per 1,000 people)",2017,3.164
"Bahamas, The","Physicians (per 1,000 people)",2017,1.855
"Bangladesh","Physicians (per 1,000 people)",2017,0.536
"Barbados","Physicians (per 1,000 people)",2017,2.55
"Belarus","Physicians (per 1,000 people)",2017,4.33
"Belgium","Physicians (per 1,000 people)",2017,3.08
"Belize","Physicians (per 1,000 people)",2017,1.126
"Bhutan","Physicians (per 1,000 people)",2017,0.31
"Bolivia","Physicians (per 1,000 people)",2017,1.008
"Bosnia and Herzegovina","Physicians (per 1,000 people)",2017,2.156
"Brazil","Physicians (per 1,000 people)",2017,2.158
"Brunei Darussalam","Physicians (per 1,000 people)",2017,1.587
"Bulgaria","Physicians (per 1,000 people)",2017,4.122
"Burkina Faso","Physicians (per 1,000 people)",2017,0.082
"Burundi","Physicians (per 1,000 people)",2017,0.097
"Canada","Physicians (per 1,000 people)",2017,2.6102
"Chad","Physicians (per 1,000 people)",2017,0.043
"Chile","Physicians (per 1,000 people)",2017,2.455
"China","Physicians (per 1,000 people)",2017,2.006
"Colombia","Physicians (per 1,000 people)",2017,2.154
"Costa Rica","Physicians (per 1,000 people)",2017,2.067
"Croatia","Physicians (per 1,000 people)",2017,6.624
"Cuba","Physicians (per 1,000 people)",2017,8.123
"Cyprus","Physicians (per 1,000 people)",2017,2.751
"Czechia","Physicians (per 1,000 people)",2017,4.0676
"Denmark","Physicians (per 1,000 people)",2017,4.129
"Dominica","Physicians (per 1,000 people)",2017,1.136
"Ecuador","Physicians (per 1,000 people)",2017,2.234
"Egypt, Arab Rep.","Physicians (per 1,000 people)",2017,0.757
"Equatorial Guinea","Physicians (per 1,000 people)",2017,0.35
"Eritrea","Physicians (per 1,000 people)",2017,0.066
"Estonia","Physicians (per 1,000 people)",2017,3.468
"Eswatini","Physicians (per 1,000 people)",2017,0.181
"Finland","Physicians (per 1,000 people)",2017,3.489
"France","Physicians (per 1,000 people)",2017,3.274
"Gabon","Physicians (per 1,000 people)",2017,0.658
"Gambia, The","Physicians (per 1,000 people)",2017,0.097
"Georgia","Physicians (per 1,000 people)",2017,6.515
"Germany","Physicians (per 1,000 people)",2017,4.251
"Ghana","Physicians (per 1,000 people)",2017,0.089
"Greece","Physicians (per 1,000 people)",2017,6.102
"Grenada","Physicians (per 1,000 people)",2017,1.29
"Guatemala","Physicians (per 1,000 people)",2017,0.286
"Honduras","Physicians (per 1,000 people)",2017,0.303
"Hungary","Physicians (per 1,000 people)",2017,3.325
"Iceland","Physicians (per 1,000 people)",2017,3.871
"Indonesia","Physicians (per 1,000 people)",2017,0.377
"Iran, Islamic Rep.","Physicians (per 1,000 people)",2017,1.078
"Iraq","Physicians (per 1,000 people)",2017,0.794
"Ireland","Physicians (per 1,000 people)",2017,3.282
"Israel","Physicians (per 1,000 people)",2017,3.452
"Italy","Physicians (per 1,000 people)",2017,4.025
"Jordan","Physicians (per 1,000 people)",2017,2.226
"Kazakhstan","Physicians (per 1,000 people)",2017,3.939
"Korea, Dem. People's Rep.","Physicians (per 1,000 people)",2017,3.671
"Korea, Rep.","Physicians (per 1,000 people)",2017,2.342
"Lao PDR","Physicians (per 1,000 people)",2017,0.441
"Latvia","Physicians (per 1,000 people)",2017,3.184
"Lebanon","Physicians (per 1,000 people)",2017,2.261
"Liberia","Physicians (per 1,000 people)",2017,0.052
"Libya","Physicians (per 1,000 people)",2017,2.157
"Lithuania","Physicians (per 1,000 people)",2017,4.437
"Luxembourg","Physicians (per 1,000 people)",2017,2.985
"Malaysia","Physicians (per 1,000 people)",2017,1.809
"Maldives","Physicians (per 1,000 people)",2017,1.837
"Mali","Physicians (per 1,000 people)",2017,0.116
"Malta","Physicians (per 1,000 people)",2017,3.869
"Mauritania","Physicians (per 1,000 people)",2017,0.19
"Mauritius","Physicians (per 1,000 people)",2017,2.261
"Mexico","Physicians (per 1,000 people)",2017,2.42
"Moldova","Physicians (per 1,000 people)",2017,3.299
"Mongolia","Physicians (per 1,000 people)",2017,3.416
"Montenegro","Physicians (per 1,000 people)",2017,2.623
"Morocco","Physicians (per 1,000 people)",2017,0.732
"Mozambique","Physicians (per 1,000 people)",2017,0.076
"Myanmar","Physicians (per 1,000 people)",2017,0.882
"Namibia","Physicians (per 1,000 people)",2017,0.601
"Nepal","Physicians (per 1,000 people)",2017,0.892
"Netherlands","Physicians (per 1,000 people)",2017,3.588
"New Zealand","Physicians (per 1,000 people)",2017,3.299
"Nicaragua","Physicians (per 1,000 people)",2017,0.975
"Niger","Physicians (per 1,000 people)",2017,0.022
"North Macedonia","Physicians (per 1,000 people)",2017,2.945
"Norway","Physicians (per 1,000 people)",2017,4.735
"Oman","Physicians (per 1,000 people)",2017,2.011
"Pakistan","Physicians (per 1,000 people)",2017,0.961
"Panama","Physicians (per 1,000 people)",2017,1.59
"Philippines","Physicians (per 1,000 people)",2017,0.669
"Poland","Physicians (per 1,000 people)",2017,2.343
"Portugal","Physicians (per 1,000 people)",2017,5.115
"Romania","Physicians (per 1,000 people)",2017,2.91
"Russian Federation","Physicians (per 1,000 people)",2017,4.078
"Rwanda","Physicians (per 1,000 people)",2017,0.135
"Saudi Arabia","Physicians (per 1,000 people)",2017,2.409
"Senegal","Physicians (per 1,000 people)",2017,0.07
"Serbia","Physicians (per 1,000 people)",2017,2.783
"Singapore","Physicians (per 1,000 people)",2017,2.322
"Slovak Republic","Physicians (per 1,000 people)",2017,3.421
"Slovenia","Physicians (per 1,000 people)",2017,3.054
"South Africa","Physicians (per 1,000 people)",2017,0.788
"Spain","Physicians (per 1,000 people)",2017,3.878
"Sri Lanka","Physicians (per 1,000 people)",2017,0.911
"St. Lucia","Physicians (per 1,000 people)",2017,0.655
"Sudan","Physicians (per 1,000 people)",2017,0.263
"Suriname","Physicians (per 1,000 people)",2017,1.15
"Sweden","Physicians (per 1,000 people)",2017,4.269
"Switzerland","Physicians (per 1,000 people)",2017,4.298
"Tajikistan","Physicians (per 1,000 people)",2017,2.097
"Thailand","Physicians (per 1,000 people)",2017,0.788
"Timor-Leste","Physicians (per 1,000 people)",2017,0.751
"Togo","Physicians (per 1,000 people)",2017,0.074
"Trinidad and Tobago","Physicians (per 1,000 people)",2017,3.15
"Tunisia","Physicians (per 1,000 people)",2017,1.261
"Turkiye","Physicians (per 1,000 people)",2017,1.827
"Turkmenistan","Physicians (per 1,000 people)",2017,2.147
"Uganda","Physicians (per 1,000 people)",2017,0.172
"United Arab Emirates","Physicians (per 1,000 people)",2017,2.548
"United Kingdom","Physicians (per 1,000 people)",2017,2.814
"Uruguay","Physicians (per 1,000 people)",2017,4.961
"Uzbekistan","Physicians (per 1,000 people)",2017,2.672
"Venezuela, RB","Physicians (per 1,000 people)",2017,1.664
"West Bank and Gaza","Physicians (per 1,000 people)",2017,1.774
"Zimbabwe","Physicians (per 1,000 people)",2017,0.179
"Afghanistan","Physicians (per 1,000 people)",2018,0.304
"Algeria","Physicians (per 1,000 people)",2018,1.732
"Angola","Physicians (per 1,000 people)",2018,0.211
"Armenia","Physicians (per 1,000 people)",2018,2.968
"Australia","Physicians (per 1,000 people)",2018,3.747
"Austria","Physicians (per 1,000 people)",2018,5.216
"Azerbaijan","Physicians (per 1,000 people)",2018,3.2
"Bangladesh","Physicians (per 1,000 people)",2018,0.573
"Belarus","Physicians (per 1,000 people)",2018,4.386
"Belgium","Physicians (per 1,000 people)",2018,3.124
"Belize","Physicians (per 1,000 people)",2018,1.081
"Benin","Physicians (per 1,000 people)",2018,0.076
"Bhutan","Physicians (per 1,000 people)",2018,0.42
"Bosnia and Herzegovina","Physicians (per 1,000 people)",2018,2.235
"Botswana","Physicians (per 1,000 people)",2018,0.377
"Brunei Darussalam","Physicians (per 1,000 people)",2018,1.778
"Bulgaria","Physicians (per 1,000 people)",2018,4.162
"Burkina Faso","Physicians (per 1,000 people)",2018,0.083
"Burundi","Physicians (per 1,000 people)",2018,0.094
"Cabo Verde","Physicians (per 1,000 people)",2018,0.791
"Cameroon","Physicians (per 1,000 people)",2018,0.13
"Canada","Physicians (per 1,000 people)",2018,2.428
"Central African Republic","Physicians (per 1,000 people)",2018,0.066
"Chad","Physicians (per 1,000 people)",2018,0.052
"Chile","Physicians (per 1,000 people)",2018,2.595
"China","Physicians (per 1,000 people)",2018,2.124
"Colombia","Physicians (per 1,000 people)",2018,2.231
"Comoros","Physicians (per 1,000 people)",2018,0.283
"Congo, Dem. Rep.","Physicians (per 1,000 people)",2018,0.362
"Congo, Rep.","Physicians (per 1,000 people)",2018,0.1
"Costa Rica","Physicians (per 1,000 people)",2018,2.216
"Cote d'Ivoire","Physicians (per 1,000 people)",2018,0.22
"Croatia","Physicians (per 1,000 people)",2018,6.766
"Cuba","Physicians (per 1,000 people)",2018,8.429
"Cyprus","Physicians (per 1,000 people)",2018,2.908
"Czechia","Physicians (per 1,000 people)",2018,4.074
"Denmark","Physicians (per 1,000 people)",2018,4.215
"Dominica","Physicians (per 1,000 people)",2018,1.116
"Dominican Republic","Physicians (per 1,000 people)",2018,1.429
"Ecuador","Physicians (per 1,000 people)",2018,2.345
"Egypt, Arab Rep.","Physicians (per 1,000 people)",2018,0.73
"El Salvador","Physicians (per 1,000 people)",2018,2.936
"Eritrea","Physicians (per 1,000 people)",2018,0.081
"Estonia","Physicians (per 1,000 people)",2018,3.483
"Eswatini","Physicians (per 1,000 people)",2018,0.24
"Ethiopia","Physicians (per 1,000 people)",2018,0.076
"Finland","Physicians (per 1,000 people)",2018,3.503
"France","Physicians (per 1,000 people)",2018,3.276
"Gabon","Physicians (per 1,000 people)",2018,0.624
"Gambia, The","Physicians (per 1,000 people)",2018,0.122
"Georgia","Physicians (per 1,000 people)",2018,7.555
"Germany","Physicians (per 1,000 people)",2018,4.311
"Ghana","Physicians (per 1,000 people)",2018,0.143
"Greece","Physicians (per 1,000 people)",2018,6.161
"Grenada","Physicians (per 1,000 people)",2018,1.314
"Guatemala","Physicians (per 1,000 people)",2018,0.363
"Guinea","Physicians (per 1,000 people)",2018,0.222
"Guinea-Bissau","Physicians (per 1,000 people)",2018,0.3
"Guyana","Physicians (per 1,000 people)",2018,1.804
"Haiti","Physicians (per 1,000 people)",2018,0.237
"Hungary","Physicians (per 1,000 people)",2018,3.384
"Iceland","Physicians (per 1,000 people)",2018,3.891
"India","Physicians (per 1,000 people)",2018,0.678
"Indonesia","Physicians (per 1,000 people)",2018,0.425
"Iran, Islamic Rep.","Physicians (per 1,000 people)",2018,1.514
"Iraq","Physicians (per 1,000 people)",2018,0.67
"Ireland","Physicians (per 1,000 people)",2018,3.302
"Israel","Physicians (per 1,000 people)",2018,3.499
"Italy","Physicians (per 1,000 people)",2018,4.013
"Jamaica","Physicians (per 1,000 people)",2018,0.55
"Japan","Physicians (per 1,000 people)",2018,2.498
"Kazakhstan","Physicians (per 1,000 people)",2018,3.931
"Kenya","Physicians (per 1,000 people)",2018,0.161
"Korea, Rep.","Physicians (per 1,000 people)",2018,2.385
"Lao PDR","Physicians (per 1,000 people)",2018,0.362
"Latvia","Physicians (per 1,000 people)",2018,3.289
"Lebanon","Physicians (per 1,000 people)",2018,2.425
"Lesotho","Physicians (per 1,000 people)",2018,0.454
"Liberia","Physicians (per 1,000 people)",2018,0.142
"Lithuania","Physicians (per 1,000 people)",2018,4.479
"Madagascar","Physicians (per 1,000 people)",2018,0.195
"Malawi","Physicians (per 1,000 people)",2018,0.15
"Malaysia","Physicians (per 1,000 people)",2018,1.888
"Maldives","Physicians (per 1,000 people)",2018,1.799
"Mali","Physicians (per 1,000 people)",2018,0.123
"Malta","Physicians (per 1,000 people)",2018,3.916
"Mauritania","Physicians (per 1,000 people)",2018,0.199
"Mauritius","Physicians (per 1,000 people)",2018,1.849
"Mexico","Physicians (per 1,000 people)",2018,2.467
"Moldova","Physicians (per 1,000 people)",2018,3.474
"Monaco","Physicians (per 1,000 people)",2018,8.568
"Mongolia","Physicians (per 1,000 people)",2018,3.53
"Montenegro","Physicians (per 1,000 people)",2018,2.74
"Mozambique","Physicians (per 1,000 people)",2018,0.084
"Myanmar","Physicians (per 1,000 people)",2018,0.69
"Namibia","Physicians (per 1,000 people)",2018,0.335
"Nepal","Physicians (per 1,000 people)",2018,0.738
"Netherlands","Physicians (per 1,000 people)",2018,3.661
"New Zealand","Physicians (per 1,000 people)",2018,3.353
"Nicaragua","Physicians (per 1,000 people)",2018,0.664
"Niger","Physicians (per 1,000 people)",2018,0.036
"Nigeria","Physicians (per 1,000 people)",2018,0.376
"North Macedonia","Physicians (per 1,000 people)",2018,3.011
"Norway","Physicians (per 1,000 people)",2018,4.857
"Oman","Physicians (per 1,000 people)",2018,2.103
"Pakistan","Physicians (per 1,000 people)",2018,0.947
"Panama","Physicians (per 1,000 people)",2018,1.61
"Papua New Guinea","Physicians (per 1,000 people)",2018,0.065
"Paraguay","Physicians (per 1,000 people)",2018,1.462
"Peru","Physicians (per 1,000 people)",2018,1.36
"Philippines","Physicians (per 1,000 people)",2018,0.701
"Poland","Physicians (per 1,000 people)",2018,2.324
"Portugal","Physicians (per 1,000 people)",2018,5.294
"Qatar","Physicians (per 1,000 people)",2018,2.499
"Romania","Physicians (per 1,000 people)",2018,3.026
"Russian Federation","Physicians (per 1,000 people)",2018,4.119
"Rwanda","Physicians (per 1,000 people)",2018,0.132
"Saudi Arabia","Physicians (per 1,000 people)",2018,2.514
"Serbia","Physicians (per 1,000 people)",2018,2.801
"Seychelles","Physicians (per 1,000 people)",2018,2.328
"Sierra Leone","Physicians (per 1,000 people)",2018,0.072
"Singapore","Physicians (per 1,000 people)",2018,2.368
"Slovak Republic","Physicians (per 1,000 people)",2018,3.521
"Slovenia","Physicians (per 1,000 people)",2018,3.13
"South Africa","Physicians (per 1,000 people)",2018,0.759
"South Sudan","Physicians (per 1,000 people)",2018,0.04
"Spain","Physicians (per 1,000 people)",2018,4.021
"Sri Lanka","Physicians (per 1,000 people)",2018,0.988
"St. Kitts and Nevis","Physicians (per 1,000 people)",2018,3.034
"Suriname","Physicians (per 1,000 people)",2018,0.795
"Sweden","Physicians (per 1,000 people)",2018,4.327
"Switzerland","Physicians (per 1,000 people)",2018,4.339
"Tajikistan","Physicians (per 1,000 people)",2018,2.09
"Tanzania","Physicians (per 1,000 people)",2018,0.05
"Thailand","Physicians (per 1,000 people)",2018,0.786
"Timor-Leste","Physicians (per 1,000 people)",2018,0.726
"Togo","Physicians (per 1,000 people)",2018,0.076
"Trinidad and Tobago","Physicians (per 1,000 people)",2018,3.849
"Turkiye","Physicians (per 1,000 people)",2018,1.849
"Turkmenistan","Physicians (per 1,000 people)",2018,2.162
"Uganda","Physicians (per 1,000 people)",2018,0.414
"United Arab Emirates","Physicians (per 1,000 people)",2018,2.664
"United Kingdom","Physicians (per 1,000 people)",2018,2.834
"United States","Physicians (per 1,000 people)",2018,2.57
"Uzbekistan","Physicians (per 1,000 people)",2018,2.768
"West Bank and Gaza","Physicians (per 1,000 people)",2018,2.168
"Zambia","Physicians (per 1,000 people)",2018,0.225
"Zimbabwe","Physicians (per 1,000 people)",2018,0.201
"Afghanistan","Physicians (per 1,000 people)",2019,0.214
"Albania","Physicians (per 1,000 people)",2019,1.651
"Algeria","Physicians (per 1,000 people)",2019,0.987
"Argentina","Physicians (per 1,000 people)",2019,4.0685
"Armenia","Physicians (per 1,000 people)",2019,3.117
"Australia","Physicians (per 1,000 people)",2019,3.827
"Austria","Physicians (per 1,000 people)",2019,5.291
"Azerbaijan","Physicians (per 1,000 people)",2019,3.111
"Bangladesh","Physicians (per 1,000 people)",2019,0.627
"Belarus","Physicians (per 1,000 people)",2019,4.434
"Belgium","Physicians (per 1,000 people)",2019,3.157
"Benin","Physicians (per 1,000 people)",2019,0.062
"Bhutan","Physicians (per 1,000 people)",2019,0.335
"Bolivia","Physicians (per 1,000 people)",2019,1.078
"Bosnia and Herzegovina","Physicians (per 1,000 people)",2019,2.318
"Botswana","Physicians (per 1,000 people)",2019,0.368
"Brazil","Physicians (per 1,000 people)",2019,2.303
"Bulgaria","Physicians (per 1,000 people)",2019,4.19
"Burkina Faso","Physicians (per 1,000 people)",2019,0.091
"Cambodia","Physicians (per 1,000 people)",2019,0.214
"Canada","Physicians (per 1,000 people)",2019,2.435
"Chad","Physicians (per 1,000 people)",2019,0.053
"Chile","Physicians (per 1,000 people)",2019,2.649
"China","Physicians (per 1,000 people)",2019,2.258
"Colombia","Physicians (per 1,000 people)",2019,2.304
"Congo, Dem. Rep.","Physicians (per 1,000 people)",2019,0.167
"Costa Rica","Physicians (per 1,000 people)",2019,2.337
"Cote d'Ivoire","Physicians (per 1,000 people)",2019,0.16
"Croatia","Physicians (per 1,000 people)",2019,6.931
"Cuba","Physicians (per 1,000 people)",2019,8.589
"Cyprus","Physicians (per 1,000 people)",2019,3.066
"Czechia","Physicians (per 1,000 people)",2019,4.119
"Denmark","Physicians (per 1,000 people)",2019,4.265
"Dominican Republic","Physicians (per 1,000 people)",2019,1.433
"Ecuador","Physicians (per 1,000 people)",2019,2.32
"Egypt, Arab Rep.","Physicians (per 1,000 people)",2019,0.709
"Eritrea","Physicians (per 1,000 people)",2019,0.071
"Estonia","Physicians (per 1,000 people)",2019,3.469
"Ethiopia","Physicians (per 1,000 people)",2019,0.051
"Finland","Physicians (per 1,000 people)",2019,3.567
"France","Physicians (per 1,000 people)",2019,3.31
"Gabon","Physicians (per 1,000 people)",2019,0.61
"Gambia, The","Physicians (per 1,000 people)",2019,0.075
"Georgia","Physicians (per 1,000 people)",2019,7.503
"Germany","Physicians (per 1,000 people)",2019,4.394
"Ghana","Physicians (per 1,000 people)",2019,0.103
"Greece","Physicians (per 1,000 people)",2019,6.247
"Hungary","Physicians (per 1,000 people)",2019,3.493
"Iceland","Physicians (per 1,000 people)",2019,3.891
"Indonesia","Physicians (per 1,000 people)",2019,0.467
"Iraq","Physicians (per 1,000 people)",2019,0.873
"Ireland","Physicians (per 1,000 people)",2019,3.343
"Israel","Physicians (per 1,000 people)",2019,3.542
"Italy","Physicians (per 1,000 people)",2019,4.051
"Jordan","Physicians (per 1,000 people)",2019,2.513
"Kazakhstan","Physicians (per 1,000 people)",2019,3.948
"Korea, Rep.","Physicians (per 1,000 people)",2019,2.457
"Kyrgyz Republic","Physicians (per 1,000 people)",2019,2.168
"Lao PDR","Physicians (per 1,000 people)",2019,0.364
"Latvia","Physicians (per 1,000 people)",2019,3.263
"Lebanon","Physicians (per 1,000 people)",2019,2.617
"Liberia","Physicians (per 1,000 people)",2019,0.147
"Lithuania","Physicians (per 1,000 people)",2019,4.481
"Malaysia","Physicians (per 1,000 people)",2019,2.06
"Maldives","Physicians (per 1,000 people)",2019,2.161
"Malta","Physicians (per 1,000 people)",2019,4.029
"Mauritania","Physicians (per 1,000 people)",2019,0.205
"Mauritius","Physicians (per 1,000 people)",2019,2.538
"Mexico","Physicians (per 1,000 people)",2019,2.474
"Moldova","Physicians (per 1,000 people)",2019,3.327
"Monaco","Physicians (per 1,000 people)",2019,8.865
"Mongolia","Physicians (per 1,000 people)",2019,3.647
"Montenegro","Physicians (per 1,000 people)",2019,2.709
"Mozambique","Physicians (per 1,000 people)",2019,0.085
"Myanmar","Physicians (per 1,000 people)",2019,0.751
"Namibia","Physicians (per 1,000 people)",2019,0.368
"Nepal","Physicians (per 1,000 people)",2019,0.803
"Netherlands","Physicians (per 1,000 people)",2019,3.751
"New Zealand","Physicians (per 1,000 people)",2019,3.39
"Niger","Physicians (per 1,000 people)",2019,0.038
"Nigeria","Physicians (per 1,000 people)",2019,0.367
"North Macedonia","Physicians (per 1,000 people)",2019,3.059
"Norway","Physicians (per 1,000 people)",2019,4.968
"Oman","Physicians (per 1,000 people)",2019,2.086
"Pakistan","Physicians (per 1,000 people)",2019,1.084
"Panama","Physicians (per 1,000 people)",2019,1.638
"Papua New Guinea","Physicians (per 1,000 people)",2019,0.061
"Philippines","Physicians (per 1,000 people)",2019,0.735
"Poland","Physicians (per 1,000 people)",2019,3.256
"Portugal","Physicians (per 1,000 people)",2019,5.45
"Romania","Physicians (per 1,000 people)",2019,3.162
"Russian Federation","Physicians (per 1,000 people)",2019,4.187
"Rwanda","Physicians (per 1,000 people)",2019,0.116
"Sao Tome and Principe","Physicians (per 1,000 people)",2019,0.489
"Saudi Arabia","Physicians (per 1,000 people)",2019,2.633
"Senegal","Physicians (per 1,000 people)",2019,0.09
"Seychelles","Physicians (per 1,000 people)",2019,2.107
"Sierra Leone","Physicians (per 1,000 people)",2019,0.032
"Singapore","Physicians (per 1,000 people)",2019,2.434
"Slovak Republic","Physicians (per 1,000 people)",2019,3.567
"Slovenia","Physicians (per 1,000 people)",2019,3.224
"South Africa","Physicians (per 1,000 people)",2019,0.799
"South Sudan","Physicians (per 1,000 people)",2019,0.033
"Spain","Physicians (per 1,000 people)",2019,4.404
"Sri Lanka","Physicians (per 1,000 people)",2019,1.137
"Sweden","Physicians (per 1,000 people)",2019,4.291
"Switzerland","Physicians (per 1,000 people)",2019,4.35
"Tajikistan","Physicians (per 1,000 people)",2019,2.064
"Thailand","Physicians (per 1,000 people)",2019,0.897
"Timor-Leste","Physicians (per 1,000 people)",2019,0.776
"Togo","Physicians (per 1,000 people)",2019,0.076
"Tonga","Physicians (per 1,000 people)",2019,1.019
"Trinidad and Tobago","Physicians (per 1,000 people)",2019,4.108
"Tunisia","Physicians (per 1,000 people)",2019,1.28
"Turkiye","Physicians (per 1,000 people)",2019,1.926
"Turkmenistan","Physicians (per 1,000 people)",2019,2.162
"United Arab Emirates","Physicians (per 1,000 people)",2019,2.759
"United Kingdom","Physicians (per 1,000 people)",2019,2.942
"United States","Physicians (per 1,000 people)",2019,3.518
"Uzbekistan","Physicians (per 1,000 people)",2019,2.788
"Vanuatu","Physicians (per 1,000 people)",2019,0.158
"Zambia","Physicians (per 1,000 people)",2019,0.239
"Africa Eastern and Southern","Physicians (per 1,000 people)",2020,0.2181326840624
"Africa Western and Central","Physicians (per 1,000 people)",2020,0.249438422939791
"Arab World","Physicians (per 1,000 people)",2020,1.15456481502405
"Caribbean small states","Physicians (per 1,000 people)",2020,2.16912435763455
"Central Electricity Board (CEB)","Physicians (per 1,000 people)",2020,3.65722095098962
"Early-demographic dividend","Physicians (per 1,000 people)",2020,0.998465558935349
"East Asia & Pacific","Physicians (per 1,000 people)",2020,2.05962381656681
"East Asia & Pacific (excluding high income)","Physicians (per 1,000 people)",2020,1.98716273054109
"East Asia & Pacific (IDA & IBRD)","Physicians (per 1,000 people)",2020,1.96615076034968
"Euro area","Physicians (per 1,000 people)",2020,4.23225293185916
"Europe & Central Asia","Physicians (per 1,000 people)",2020,3.68423718519582
"Europe & Central Asia (excluding high income)","Physicians (per 1,000 people)",2020,2.71782043003932
"Europe & Central Asia (IDA & IBRD)","Physicians (per 1,000 people)",2020,3.2425107501823
"European Union","Physicians (per 1,000 people)",2020,4.12265415236348
"Fragile and conflict affected situations","Physicians (per 1,000 people)",2020,0.399781519275678
"Heavily indebted poor countries (HIPC)","Physicians (per 1,000 people)",2020,0.175855696974443
"High income","Physicians (per 1,000 people)",2020,3.581658726849
"IBRD only","Physicians (per 1,000 people)",2020,1.69455812119909
"IDA & IBRD total","Physicians (per 1,000 people)",2020,1.37707132594421
"IDA blend","Physicians (per 1,000 people)",2020,0.729728118761076
"IDA only","Physicians (per 1,000 people)",2020,0.355406903900845
"IDA total","Physicians (per 1,000 people)",2020,0.490627828851603
"Late-demographic dividend","Physicians (per 1,000 people)",2020,2.46659151181567
"Latin America & Caribbean","Physicians (per 1,000 people)",2020,2.40741011841426
"Latin America & Caribbean (excluding high income)","Physicians (per 1,000 people)",2020,2.40738105292152
"Latin America & Caribbean (IDA & IBRD)","Physicians (per 1,000 people)",2020,2.28318215329993
"Least developed countries: UN classification","Physicians (per 1,000 people)",2020,0.290369550324184
"Low & middle income","Physicians (per 1,000 people)",2020,1.33451312924296
"Low income","Physicians (per 1,000 people)",2020,0.379801166400735
"Lower middle income","Physicians (per 1,000 people)",2020,0.714081941637722
"Middle East and North Africa","Physicians (per 1,000 people)",2020,1.22612603921772
"Middle East & North Africa (excluding high income)","Physicians (per 1,000 people)",2020,1.05797897769467
"Middle East & North Africa (IDA & IBRD)","Physicians (per 1,000 people)",2020,1.0497824794182
"Middle income","Physicians (per 1,000 people)",2020,1.41950395948463
"North America","Physicians (per 1,000 people)",2020,3.493689691469
"OECD members","Physicians (per 1,000 people)",2020,3.36820545971895
"Other small states","Physicians (per 1,000 people)",2020,2.02358418169122
"Post-demographic dividend","Physicians (per 1,000 people)",2020,3.67700449434693
"Pre-demographic dividend","Physicians (per 1,000 people)",2020,0.245664903200451
"Small states","Physicians (per 1,000 people)",2020,1.9163143732933
"South Asia","Physicians (per 1,000 people)",2020,0.730302721578094
"South Asia (IDA & IBRD)","Physicians (per 1,000 people)",2020,0.730302721578094
"Sub-Saharan Africa","Physicians (per 1,000 people)",2020,0.231025086835824
"Sub-Saharan Africa (excluding high income)","Physicians (per 1,000 people)",2020,0.244840931895355
"Sub-Saharan Africa (IDA & IBRD)","Physicians (per 1,000 people)",2020,0.231025086835824
"Upper middle income","Physicians (per 1,000 people)",2020,2.18406678701805
"World","Physicians (per 1,000 people)",2020,1.71183548730133
"Afghanistan","Physicians (per 1,000 people)",2020,0.254
"Albania","Physicians (per 1,000 people)",2020,1.883
"Argentina","Physicians (per 1,000 people)",2020,3.895
"Australia","Physicians (per 1,000 people)",2020,3.906
"Austria","Physicians (per 1,000 people)",2020,5.324
"Azerbaijan","Physicians (per 1,000 people)",2020,3.093
"Bangladesh","Physicians (per 1,000 people)",2020,0.656
"Barbados","Physicians (per 1,000 people)",2020,2.626
"Belarus","Physicians (per 1,000 people)",2020,4.47
"Belgium","Physicians (per 1,000 people)",2020,3.208
"Bhutan","Physicians (per 1,000 people)",2020,0.484
"Bolivia","Physicians (per 1,000 people)",2020,0.952
"Botswana","Physicians (per 1,000 people)",2020,0.402
"Bulgaria","Physicians (per 1,000 people)",2020,4.249
"Burkina Faso","Physicians (per 1,000 people)",2020,0.096
"Burundi","Physicians (per 1,000 people)",2020,0.07
"Cameroon","Physicians (per 1,000 people)",2020,0.097
"Canada","Physicians (per 1,000 people)",2020,2.433
"Chad","Physicians (per 1,000 people)",2020,0.06
"Chile","Physicians (per 1,000 people)",2020,2.808
"China","Physicians (per 1,000 people)",2020,2.387
"Colombia","Physicians (per 1,000 people)",2020,2.379
"Comoros","Physicians (per 1,000 people)",2020,0.439
"Costa Rica","Physicians (per 1,000 people)",2020,2.451
"Cote d'Ivoire","Physicians (per 1,000 people)",2020,0.165
"Croatia","Physicians (per 1,000 people)",2020,6.959
"Cuba","Physicians (per 1,000 people)",2020,9.188
"Cyprus","Physicians (per 1,000 people)",2020,3.364
"Czechia","Physicians (per 1,000 people)",2020,4.16
"Denmark","Physicians (per 1,000 people)",2020,4.381
"Dominican Republic","Physicians (per 1,000 people)",2020,1.949
"Ecuador","Physicians (per 1,000 people)",2020,2.308
"Egypt, Arab Rep.","Physicians (per 1,000 people)",2020,0.683
"Eritrea","Physicians (per 1,000 people)",2020,0.082
"Estonia","Physicians (per 1,000 people)",2020,3.48
"Eswatini","Physicians (per 1,000 people)",2020,0.14
"Ethiopia","Physicians (per 1,000 people)",2020,0.104
"Finland","Physicians (per 1,000 people)",2020,3.611
"France","Physicians (per 1,000 people)",2020,3.323
"Gabon","Physicians (per 1,000 people)",2020,0.594
"Gambia, The","Physicians (per 1,000 people)",2020,0.076
"Georgia","Physicians (per 1,000 people)",2020,5.161
"Germany","Physicians (per 1,000 people)",2020,4.459
"Ghana","Physicians (per 1,000 people)",2020,0.164
"Greece","Physicians (per 1,000 people)",2020,6.296
"Guatemala","Physicians (per 1,000 people)",2020,1.28
"Guinea-Bissau","Physicians (per 1,000 people)",2020,0.191
"Guyana","Physicians (per 1,000 people)",2020,1.405
"Honduras","Physicians (per 1,000 people)",2020,0.489
"Hungary","Physicians (per 1,000 people)",2020,3.139
"Iceland","Physicians (per 1,000 people)",2020,4.317
"India","Physicians (per 1,000 people)",2020,0.727
"Indonesia","Physicians (per 1,000 people)",2020,0.627
"Iraq","Physicians (per 1,000 people)",2020,0.913
"Ireland","Physicians (per 1,000 people)",2020,3.484
"Israel","Physicians (per 1,000 people)",2020,3.584
"Italy","Physicians (per 1,000 people)",2020,3.997
"Japan","Physicians (per 1,000 people)",2020,2.614
"Kazakhstan","Physicians (per 1,000 people)",2020,4.028
"Korea, Rep.","Physicians (per 1,000 people)",2020,2.508
"Kuwait","Physicians (per 1,000 people)",2020,2.293
"Lao PDR","Physicians (per 1,000 people)",2020,0.357
"Latvia","Physicians (per 1,000 people)",2020,3.345
"Liberia","Physicians (per 1,000 people)",2020,0.153
"Lithuania","Physicians (per 1,000 people)",2020,4.442
"Malawi","Physicians (per 1,000 people)",2020,0.049
"Malaysia","Physicians (per 1,000 people)",2020,2.228
"Malta","Physicians (per 1,000 people)",2020,4.187
"Mauritania","Physicians (per 1,000 people)",2020,0.208
"Mauritius","Physicians (per 1,000 people)",2020,2.658
"Mexico","Physicians (per 1,000 people)",2020,2.441
"Micronesia, Fed. Sts.","Physicians (per 1,000 people)",2020,0.963
"Moldova","Physicians (per 1,000 people)",2020,4.057
"Monaco","Physicians (per 1,000 people)",2020,8.889
"Mongolia","Physicians (per 1,000 people)",2020,3.774
"Montenegro","Physicians (per 1,000 people)",2020,2.736
"Mozambique","Physicians (per 1,000 people)",2020,0.083
"Namibia","Physicians (per 1,000 people)",2020,0.416
"Nepal","Physicians (per 1,000 people)",2020,0.846
"Netherlands","Physicians (per 1,000 people)",2020,3.849
"New Zealand","Physicians (per 1,000 people)",2020,3.448
"Niger","Physicians (per 1,000 people)",2020,0.034
"North Macedonia","Physicians (per 1,000 people)",2020,2.964
"Norway","Physicians (per 1,000 people)",2020,5.086
"Oman","Physicians (per 1,000 people)",2020,1.994
"Palau","Physicians (per 1,000 people)",2020,1.778
"Panama","Physicians (per 1,000 people)",2020,1.629
"Paraguay","Physicians (per 1,000 people)",2020,1.133
"Philippines","Physicians (per 1,000 people)",2020,0.752
"Poland","Physicians (per 1,000 people)",2020,3.281
"Portugal","Physicians (per 1,000 people)",2020,5.615
"Romania","Physicians (per 1,000 people)",2020,3.298
"Russian Federation","Physicians (per 1,000 people)",2020,3.827
"Samoa","Physicians (per 1,000 people)",2020,0.554
"Saudi Arabia","Physicians (per 1,000 people)",2020,2.648
"Senegal","Physicians (per 1,000 people)",2020,0.084
"Serbia","Physicians (per 1,000 people)",2020,2.699
"Sierra Leone","Physicians (per 1,000 people)",2020,0.07
"Singapore","Physicians (per 1,000 people)",2020,2.508
"Slovak Republic","Physicians (per 1,000 people)",2020,3.67
"Slovenia","Physicians (per 1,000 people)",2020,3.279
"South Sudan","Physicians (per 1,000 people)",2020,0.043
"Spain","Physicians (per 1,000 people)",2020,4.577
"Sri Lanka","Physicians (per 1,000 people)",2020,1.212
"Sweden","Physicians (per 1,000 people)",2020,4.313
"Switzerland","Physicians (per 1,000 people)",2020,4.389
"Tajikistan","Physicians (per 1,000 people)",2020,2.119
"Thailand","Physicians (per 1,000 people)",2020,0.928
"Timor-Leste","Physicians (per 1,000 people)",2020,0.767
"Togo","Physicians (per 1,000 people)",2020,0.081
"Tonga","Physicians (per 1,000 people)",2020,0.95
"Trinidad and Tobago","Physicians (per 1,000 people)",2020,4.193
"Tunisia","Physicians (per 1,000 people)",2020,1.295
"Turkiye","Physicians (per 1,000 people)",2020,2.036
"Turkmenistan","Physicians (per 1,000 people)",2020,2.179
"Tuvalu","Physicians (per 1,000 people)",2020,1.261
"Uganda","Physicians (per 1,000 people)",2020,0.158
"United Arab Emirates","Physicians (per 1,000 people)",2020,2.879
"United Kingdom","Physicians (per 1,000 people)",2020,3.041
"United States","Physicians (per 1,000 people)",2020,3.555
"Uzbekistan","Physicians (per 1,000 people)",2020,2.784
"Zambia","Physicians (per 1,000 people)",2020,0.255
"Zimbabwe","Physicians (per 1,000 people)",2020,0.189
"Australia","Physicians (per 1,000 people)",2021,3.981
"Austria","Physicians (per 1,000 people)",2021,5.43
"Bangladesh","Physicians (per 1,000 people)",2021,0.67
"Barbados","Physicians (per 1,000 people)",2021,2.881
"Belgium","Physicians (per 1,000 people)",2021,3.241
"Benin","Physicians (per 1,000 people)",2021,0.212
"Bhutan","Physicians (per 1,000 people)",2021,0.56
"Bolivia","Physicians (per 1,000 people)",2021,1.269
"Botswana","Physicians (per 1,000 people)",2021,0.392
"Brazil","Physicians (per 1,000 people)",2021,2.142
"Brunei Darussalam","Physicians (per 1,000 people)",2021,1.913
"Bulgaria","Physicians (per 1,000 people)",2021,4.29
"Burkina Faso","Physicians (per 1,000 people)",2021,0.101
"Burundi","Physicians (per 1,000 people)",2021,0.065
"Cameroon","Physicians (per 1,000 people)",2021,0.124
"Canada","Physicians (per 1,000 people)",2021,2.464
"Central African Republic","Physicians (per 1,000 people)",2021,0.021
"Chad","Physicians (per 1,000 people)",2021,0.058
"Chile","Physicians (per 1,000 people)",2021,2.973
"China","Physicians (per 1,000 people)",2021,2.518
"Colombia","Physicians (per 1,000 people)",2021,2.451
"Congo, Dem. Rep.","Physicians (per 1,000 people)",2021,0.177
"Costa Rica","Physicians (per 1,000 people)",2021,2.518
"Cote d'Ivoire","Physicians (per 1,000 people)",2021,0.18
"Croatia","Physicians (per 1,000 people)",2021,3.61
"Cuba","Physicians (per 1,000 people)",2021,9.429
"Cyprus","Physicians (per 1,000 people)",2021,3.552
"Czechia","Physicians (per 1,000 people)",2021,4.254
"Dominican Republic","Physicians (per 1,000 people)",2021,2.03
"El Salvador","Physicians (per 1,000 people)",2021,2.913
"Eritrea","Physicians (per 1,000 people)",2021,0.079
"Estonia","Physicians (per 1,000 people)",2021,3.438
"Ethiopia","Physicians (per 1,000 people)",2021,0.101
"Finland","Physicians (per 1,000 people)",2021,4.381
"France","Physicians (per 1,000 people)",2021,3.343
"Gambia, The","Physicians (per 1,000 people)",2021,0.102
"Georgia","Physicians (per 1,000 people)",2021,5.33
"Germany","Physicians (per 1,000 people)",2021,4.518
"Ghana","Physicians (per 1,000 people)",2021,0.127
"Greece","Physicians (per 1,000 people)",2021,6.367
"Guinea-Bissau","Physicians (per 1,000 people)",2021,0.22
"Hungary","Physicians (per 1,000 people)",2021,3.298
"Iceland","Physicians (per 1,000 people)",2021,4.405
"Indonesia","Physicians (per 1,000 people)",2021,0.695
"Iraq","Physicians (per 1,000 people)",2021,0.972
"Ireland","Physicians (per 1,000 people)",2021,4.062
"Israel","Physicians (per 1,000 people)",2021,3.654
"Italy","Physicians (per 1,000 people)",2021,4.097
"Kenya","Physicians (per 1,000 people)",2021,0.098
"Korea, Rep.","Physicians (per 1,000 people)",2021,2.517
"Kyrgyz Republic","Physicians (per 1,000 people)",2021,2.145
"Lao PDR","Physicians (per 1,000 people)",2021,0.327
"Latvia","Physicians (per 1,000 people)",2021,3.377
"Liberia","Physicians (per 1,000 people)",2021,0.171
"Lithuania","Physicians (per 1,000 people)",2021,4.497
"Malaysia","Physicians (per 1,000 people)",2021,2.316
"Malta","Physicians (per 1,000 people)",2021,4.276
"Mauritania","Physicians (per 1,000 people)",2021,0.224
"Mexico","Physicians (per 1,000 people)",2021,2.559
"Moldova","Physicians (per 1,000 people)",2021,3.246
"Mongolia","Physicians (per 1,000 people)",2021,3.874
"Montenegro","Physicians (per 1,000 people)",2021,2.768
"Mozambique","Physicians (per 1,000 people)",2021,0.081
"Namibia","Physicians (per 1,000 people)",2021,0.467
"Nepal","Physicians (per 1,000 people)",2021,0.867
"Netherlands","Physicians (per 1,000 people)",2021,3.906
"New Zealand","Physicians (per 1,000 people)",2021,3.516
"Nigeria","Physicians (per 1,000 people)",2021,0.395
"Norway","Physicians (per 1,000 people)",2021,5.168
"Oman","Physicians (per 1,000 people)",2021,1.997
"Panama","Physicians (per 1,000 people)",2021,1.734
"Papua New Guinea","Physicians (per 1,000 people)",2021,0.063
"Paraguay","Physicians (per 1,000 people)",2021,3.242
"Peru","Physicians (per 1,000 people)",2021,1.646
"Philippines","Physicians (per 1,000 people)",2021,0.786
"Poland","Physicians (per 1,000 people)",2021,3.391
"Portugal","Physicians (per 1,000 people)",2021,5.767
"Romania","Physicians (per 1,000 people)",2021,3.471
"Samoa","Physicians (per 1,000 people)",2021,0.548
"Saudi Arabia","Physicians (per 1,000 people)",2021,2.789
"Senegal","Physicians (per 1,000 people)",2021,0.101
"Serbia","Physicians (per 1,000 people)",2021,2.837
"Singapore","Physicians (per 1,000 people)",2021,2.596
"Slovak Republic","Physicians (per 1,000 people)",2021,3.68
"Slovenia","Physicians (per 1,000 people)",2021,3.326
"South Africa","Physicians (per 1,000 people)",2021,0.809
"Spain","Physicians (per 1,000 people)",2021,4.48
"Sri Lanka","Physicians (per 1,000 people)",2021,1.192
"Suriname","Physicians (per 1,000 people)",2021,1.478
"Switzerland","Physicians (per 1,000 people)",2021,4.443
"Tajikistan","Physicians (per 1,000 people)",2021,2.133
"Togo","Physicians (per 1,000 people)",2021,0.059
"Tonga","Physicians (per 1,000 people)",2021,1.009
"Trinidad and Tobago","Physicians (per 1,000 people)",2021,3.412
"Tunisia","Physicians (per 1,000 people)",2021,1.292
"Turkiye","Physicians (per 1,000 people)",2021,2.165
"Turkmenistan","Physicians (per 1,000 people)",2021,2.144
"United Arab Emirates","Physicians (per 1,000 people)",2021,2.912
"United Kingdom","Physicians (per 1,000 people)",2021,3.171
"United States","Physicians (per 1,000 people)",2021,3.608
"Uruguay","Physicians (per 1,000 people)",2021,4.508
"Uzbekistan","Physicians (per 1,000 people)",2021,2.805
"Zambia","Physicians (per 1,000 people)",2021,0.297
"Angola","Physicians (per 1,000 people)",2022,0.244
"Argentina","Physicians (per 1,000 people)",2022,4.082
"Austria","Physicians (per 1,000 people)",2022,5.508
"Barbados","Physicians (per 1,000 people)",2022,2.965
"Benin","Physicians (per 1,000 people)",2022,0.195
"Bhutan","Physicians (per 1,000 people)",2022,0.552
"Botswana","Physicians (per 1,000 people)",2022,0.378
"Bulgaria","Physicians (per 1,000 people)",2022,4.896
"Burkina Faso","Physicians (per 1,000 people)",2022,0.147
"Cameroon","Physicians (per 1,000 people)",2022,0.135
"Canada","Physicians (per 1,000 people)",2022,2.497
"Chad","Physicians (per 1,000 people)",2022,0.085
"Chile","Physicians (per 1,000 people)",2022,3.17
"Congo, Dem. Rep.","Physicians (per 1,000 people)",2022,0.187
"Congo, Rep.","Physicians (per 1,000 people)",2022,0.175
"Costa Rica","Physicians (per 1,000 people)",2022,2.636
"Cote d'Ivoire","Physicians (per 1,000 people)",2022,0.175
"Dominican Republic","Physicians (per 1,000 people)",2022,2.235
"El Salvador","Physicians (per 1,000 people)",2022,1.552
"Equatorial Guinea","Physicians (per 1,000 people)",2022,0.143
"Eritrea","Physicians (per 1,000 people)",2022,0.071
"Eswatini","Physicians (per 1,000 people)",2022,1.591
"Ethiopia","Physicians (per 1,000 people)",2022,0.108
"Gabon","Physicians (per 1,000 people)",2022,0.477
"Georgia","Physicians (per 1,000 people)",2022,5.613
"Ghana","Physicians (per 1,000 people)",2022,0.141
"Guinea","Physicians (per 1,000 people)",2022,0.021
"Guinea-Bissau","Physicians (per 1,000 people)",2022,0.208
"Iceland","Physicians (per 1,000 people)",2022,4.524
"Indonesia","Physicians (per 1,000 people)",2022,0.69
"Iraq","Physicians (per 1,000 people)",2022,1.012
"Israel","Physicians (per 1,000 people)",2022,3.713
"Italy","Physicians (per 1,000 people)",2022,4.248
"Kenya","Physicians (per 1,000 people)",2022,0.102
"Lesotho","Physicians (per 1,000 people)",2022,0.151
"Liberia","Physicians (per 1,000 people)",2022,0.18
"Lithuania","Physicians (per 1,000 people)",2022,5.127
"Malawi","Physicians (per 1,000 people)",2022,0.049
"Mali","Physicians (per 1,000 people)",2022,0.195
"Mauritania","Physicians (per 1,000 people)",2022,0.236
"Mauritius","Physicians (per 1,000 people)",2022,1.197
"Montenegro","Physicians (per 1,000 people)",2022,2.752
"Mozambique","Physicians (per 1,000 people)",2022,0.082
"Namibia","Physicians (per 1,000 people)",2022,0.543
"New Zealand","Physicians (per 1,000 people)",2022,3.574
"Niger","Physicians (per 1,000 people)",2022,0.023
"Nigeria","Physicians (per 1,000 people)",2022,0.394
"Oman","Physicians (per 1,000 people)",2022,2.058
"Paraguay","Physicians (per 1,000 people)",2022,3.882
"Peru","Physicians (per 1,000 people)",2022,1.621
"Saudi Arabia","Physicians (per 1,000 people)",2022,3.077
"Senegal","Physicians (per 1,000 people)",2022,0.126
"Seychelles","Physicians (per 1,000 people)",2022,3.819
"Sierra Leone","Physicians (per 1,000 people)",2022,0.043
"Tanzania","Physicians (per 1,000 people)",2022,0.133
"Togo","Physicians (per 1,000 people)",2022,0.083
"Uganda","Physicians (per 1,000 people)",2022,0.168
"United Kingdom","Physicians (per 1,000 people)",2022,3.174
"Uruguay","Physicians (per 1,000 people)",2022,4.63
"Zambia","Physicians (per 1,000 people)",2022,0.262
"Zimbabwe","Physicians (per 1,000 people)",2022,0.166
