"REF_AREA_LABEL","INDICATOR_LABEL","TIME_PERIOD","OBS_VALUE"
"Africa Eastern and Southern","Population, total",1960,130075728
"Africa Western and Central","Population, total",1960,97630925
"Arab World","Population, total",1960,91540853
"Caribbean small states","Population, total",1960,2558348
"Central Electricity Board (CEB)","Population, total",1960,91401309
"Early-demographic dividend","Population, total",1960,968909356
"East Asia & Pacific","Population, total",1960,1042818620
"East Asia & Pacific (excluding high income)","Population, total",1960,895961535
"East Asia & Pacific (IDA & IBRD)","Population, total",1960,884252517
"Euro area","Population, total",1960,270148970
"Europe & Central Asia","Population, total",1960,667887356
"Europe & Central Asia (excluding high income)","Population, total",1960,128810451
"Europe & Central Asia (IDA & IBRD)","Population, total",1960,308759361
"European Union","Population, total",1960,357710476
"Fragile and conflict affected situations","Population, total",1960,244461631
"Heavily indebted poor countries (HIPC)","Population, total",1960,163650527
"High income","Population, total",1960,908257300
"IBRD only","Population, total",1960,1893704624
"IDA & IBRD total","Population, total",1960,2289192009
"IDA blend","Population, total",1960,124475467
"IDA only","Population, total",1960,271011918
"IDA total","Population, total",1960,395487385
"Late-demographic dividend","Population, total",1960,1094883717
"Latin America & Caribbean","Population, total",1960,218624695
"Latin America & Caribbean (excluding high income)","Population, total",1960,192855898
"Latin America & Caribbean (IDA & IBRD)","Population, total",1960,208671107
"Least developed countries: UN classification","Population, total",1960,245048596
"Low & middle income","Population, total",1960,2083718515
"Low income","Population, total",1960,114749038
"Lower middle income","Population, total",1960,819316105
"Middle East and North Africa","Population, total",1960,157933392
"Middle East & North Africa (excluding high income)","Population, total",1960,151883053
"Middle East & North Africa (IDA & IBRD)","Population, total",1960,151883053
"Middle income","Population, total",1960,1968969477
"North America","Population, total",1960,198622564
"OECD members","Population, total",1960,809580211
"Other small states","Population, total",1960,5297024
"Pacific island small states","Population, total",1960,912120
"Post-demographic dividend","Population, total",1960,756359099
"Pre-demographic dividend","Population, total",1960,188920253
"Small states","Population, total",1960,8767492
"South Asia","Population, total",1960,507919318
"South Asia (IDA & IBRD)","Population, total",1960,507919318
"Sub-Saharan Africa","Population, total",1960,227706653
"Sub-Saharan Africa (excluding high income)","Population, total",1960,206288260
"Sub-Saharan Africa (IDA & IBRD)","Population, total",1960,227706653
"Upper middle income","Population, total",1960,1149653372
"World","Population, total",1960,3021512598
"Afghanistan","Population, total",1960,9035043
"Albania","Population, total",1960,1608800
"Algeria","Population, total",1960,11424922
"American Samoa","Population, total",1960,20133
"Andorra","Population, total",1960,9510
"Angola","Population, total",1960,5231654
"Antigua and Barbuda","Population, total",1960,55603
"Argentina","Population, total",1960,20386045
"Armenia","Population, total",1960,1863705
"Aruba","Population, total",1960,54922
"Australia","Population, total",1960,10276477
"Austria","Population, total",1960,7047539
"Azerbaijan","Population, total",1960,3894500
"Bahamas, The","Population, total",1960,116317
"Bahrain","Population, total",1960,165477
"Bangladesh","Population, total",1960,51828660
"Barbados","Population, total",1960,230893
"Belarus","Population, total",1960,8198000
"Belgium","Population, total",1960,9153489
"Belize","Population, total",1960,91318
"Benin","Population, total",1960,2517286
"Bermuda","Population, total",1960,42208
"Bhutan","Population, total",1960,224084
"Bolivia","Population, total",1960,3702323
"Bosnia and Herzegovina","Population, total",1960,3281381
"Botswana","Population, total",1960,516165
"Brazil","Population, total",1960,72388126
"British Virgin Islands","Population, total",1960,7950
"Brunei Darussalam","Population, total",1960,88347
"Bulgaria","Population, total",1960,7867374
"Burkina Faso","Population, total",1960,4778621
"Burundi","Population, total",1960,2764258
"Cabo Verde","Population, total",1960,210024
"Cambodia","Population, total",1960,5449966
"Cameroon","Population, total",1960,5159057
"Canada","Population, total",1960,17909356
"Cayman Islands","Population, total",1960,8428
"Central African Republic","Population, total",1960,1702346
"Chad","Population, total",1960,3049838
"Channel Islands","Population, total",1960,110808
"Chile","Population, total",1960,8153350
"China","Population, total",1960,667070000
"Colombia","Population, total",1960,15606209
"Comoros","Population, total",1960,197700
"Congo, Dem. Rep.","Population, total",1960,15264846
"Congo, Rep.","Population, total",1960,1056732
"Costa Rica","Population, total",1960,1327496
"Cote d'Ivoire","Population, total",1960,3673666
"Croatia","Population, total",1960,4140181
"Cuba","Population, total",1960,7238081
"Curacao","Population, total",1960,124826
"Cyprus","Population, total",1960,586490
"Czechia","Population, total",1960,9602006
"Denmark","Population, total",1960,4579603
"Djibouti","Population, total",1960,86024
"Dominica","Population, total",1960,59372
"Dominican Republic","Population, total",1960,3268336
"Ecuador","Population, total",1960,4590891
"Egypt, Arab Rep.","Population, total",1960,26896479
"El Salvador","Population, total",1960,2791459
"Equatorial Guinea","Population, total",1960,269807
"Eritrea","Population, total",1960,972547
"Estonia","Population, total",1960,1211537
"Eswatini","Population, total",1960,345337
"Ethiopia","Population, total",1960,21376693
"Faroe Islands","Population, total",1960,34127
"Fiji","Population, total",1960,404887
"Finland","Population, total",1960,4429634
"France","Population, total",1960,47412964
"French Polynesia","Population, total",1960,83671
"Gabon","Population, total",1960,512316
"Gambia, The","Population, total",1960,398060
"Georgia","Population, total",1960,3645600
"Germany","Population, total",1960,72814900
"Ghana","Population, total",1960,6961215
"Gibraltar","Population, total",1960,21839
"Greece","Population, total",1960,8331725
"Greenland","Population, total",1960,32500
"Grenada","Population, total",1960,94058
"Guam","Population, total",1960,69525
"Guatemala","Population, total",1960,4063655
"Guinea","Population, total",1960,3556749
"Guinea-Bissau","Population, total",1960,577633
"Guyana","Population, total",1960,569143
"Haiti","Population, total",1960,3858443
"Honduras","Population, total",1960,2062060
"Hong Kong SAR, China","Population, total",1960,3094840
"Hungary","Population, total",1960,9983512
"Iceland","Population, total",1960,175574
"India","Population, total",1960,435990338
"Indonesia","Population, total",1960,88296070
"Iran, Islamic Rep.","Population, total",1960,21470434
"Iraq","Population, total",1960,7022052
"Ireland","Population, total",1960,2828600
"Isle of Man","Population, total",1960,48868
"Israel","Population, total",1960,2114020
"Italy","Population, total",1960,50199700
"Jamaica","Population, total",1960,1650005
"Japan","Population, total",1960,93216000
"Jordan","Population, total",1960,853471
"Kazakhstan","Population, total",1960,9429981
"Kenya","Population, total",1960,7695307
"Kiribati","Population, total",1960,47157
"Korea, Dem. People's Rep.","Population, total",1960,11722953
"Korea, Rep.","Population, total",1960,25012374
"Kosovo","Population, total",1960,984846
"Kuwait","Population, total",1960,311060
"Kyrgyz Republic","Population, total",1960,2172300
"Lao PDR","Population, total",1960,2121514
"Latvia","Population, total",1960,2120979
"Lebanon","Population, total",1960,1794406
"Lesotho","Population, total",1960,736500
"Liberia","Population, total",1960,1139522
"Libya","Population, total",1960,1492890
"Liechtenstein","Population, total",1960,16451
"Lithuania","Population, total",1960,2778550
"Luxembourg","Population, total",1960,313970
"Macao SAR, China","Population, total",1960,173315
"Madagascar","Population, total",1960,5111029
"Malawi","Population, total",1960,3628134
"Malaysia","Population, total",1960,7956197
"Maldives","Population, total",1960,91189
"Mali","Population, total",1960,5402550
"Malta","Population, total",1960,326550
"Marshall Islands","Population, total",1960,14703
"Mauritania","Population, total",1960,824298
"Mauritius","Population, total",1960,680331
"Mexico","Population, total",1960,36724615
"Micronesia, Fed. Sts.","Population, total",1960,43061
"Moldova","Population, total",1960,2058020
"Monaco","Population, total",1960,21808
"Mongolia","Population, total",1960,977595
"Montenegro","Population, total",1960,480579
"Morocco","Population, total",1960,11624933
"Mozambique","Population, total",1960,6713695
"Myanmar","Population, total",1960,21730250
"Namibia","Population, total",1960,591465
"Nauru","Population, total",1960,4607
"Nepal","Population, total",1960,10123658
"Netherlands","Population, total",1960,11486631
"New Caledonia","Population, total",1960,79819
"New Zealand","Population, total",1960,2371800
"Nicaragua","Population, total",1960,1782370
"Niger","Population, total",1960,3505050
"Nigeria","Population, total",1960,45053782
"North Macedonia","Population, total",1960,1435059
"Northern Mariana Islands","Population, total",1960,8736
"Norway","Population, total",1960,3581239
"Oman","Population, total",1960,530485
"Pakistan","Population, total",1960,45709310
"Palau","Population, total",1960,9328
"Panama","Population, total",1960,1126005
"Papua New Guinea","Population, total",1960,1995110
"Paraguay","Population, total",1960,1883514
"Peru","Population, total",1960,10174127
"Philippines","Population, total",1960,27891897
"Poland","Population, total",1960,29637450
"Portugal","Population, total",1960,8857716
"Puerto Rico","Population, total",1960,2358000
"Qatar","Population, total",1960,36010
"Romania","Population, total",1960,18406905
"Russian Federation","Population, total",1960,119897000
"Rwanda","Population, total",1960,3022294
"Samoa","Population, total",1960,112490
"San Marino","Population, total",1960,15428
"Sao Tome and Principe","Population, total",1960,68012
"Saudi Arabia","Population, total",1960,2435403
"Senegal","Population, total",1960,3340907
"Serbia","Population, total",1960,6638992
"Seychelles","Population, total",1960,41700
"Sierra Leone","Population, total",1960,2268356
"Singapore","Population, total",1960,1646400
"Sint Maarten (Dutch part)","Population, total",1960,2715
"Slovak Republic","Population, total",1960,4068095
"Slovenia","Population, total",1960,1584720
"Solomon Islands","Population, total",1960,139688
"Somalia","Population, total",1960,2876331
"South Africa","Population, total",1960,16440172
"South Sudan","Population, total",1960,2931559
"Spain","Population, total",1960,30455000
"Sri Lanka","Population, total",1960,9661389
"St. Kitts and Nevis","Population, total",1960,55810
"St. Lucia","Population, total",1960,92585
"St. Martin (French part)","Population, total",1960,4250
"St. Vincent and the Grenadines","Population, total",1960,84388
"Sudan","Population, total",1960,8364489
"Suriname","Population, total",1960,263918
"Sweden","Population, total",1960,7484656
"Switzerland","Population, total",1960,5327827
"Syrian Arab Republic","Population, total",1960,4673500
"Tajikistan","Population, total",1960,2112131
"Tanzania","Population, total",1960,9901419
"Thailand","Population, total",1960,26851747
"Timor-Leste","Population, total",1960,468118
"Togo","Population, total",1960,1673110
"Tonga","Population, total",1960,66170
"Trinidad and Tobago","Population, total",1960,844943
"Tunisia","Population, total",1960,4267288
"Turkiye","Population, total",1960,28329898
"Turkmenistan","Population, total",1960,1643457
"Turks and Caicos Islands","Population, total",1960,5599
"Tuvalu","Population, total",1960,5598
"Uganda","Population, total",1960,7640973
"Ukraine","Population, total",1960,42824093
"United Arab Emirates","Population, total",1960,131334
"United Kingdom","Population, total",1960,52400000
"United States","Population, total",1960,180671000
"Uruguay","Population, total",1960,2529957
"Uzbekistan","Population, total",1960,8209109
"Vanuatu","Population, total",1960,64431
"Venezuela, RB","Population, total",1960,8160090
"Viet Nam","Population, total",1960,32531933
"Virgin Islands (U.S.)","Population, total",1960,32500
"Yemen, Rep.","Population, total",1960,5532301
"Zambia","Population, total",1960,3153729
"Zimbabwe","Population, total",1960,3809389
"Africa Eastern and Southern","Population, total",1961,133534923
"Africa Western and Central","Population, total",1961,99706674
"Arab World","Population, total",1961,93931683
"Caribbean small states","Population, total",1961,2614258
"Central Electricity Board (CEB)","Population, total",1961,92231375
"Early-demographic dividend","Population, total",1961,994176841
"East Asia & Pacific","Population, total",1961,1044749888
"East Asia & Pacific (excluding high income)","Population, total",1961,895534581
"East Asia & Pacific (IDA & IBRD)","Population, total",1961,883558197
"Euro area","Population, total",1961,272472951
"Europe & Central Asia","Population, total",1961,675548634
"Europe & Central Asia (excluding high income)","Population, total",1961,131617926
"Europe & Central Asia (IDA & IBRD)","Population, total",1961,313483586
"European Union","Population, total",1961,360681613
"Fragile and conflict affected situations","Population, total",1961,249737371
"Heavily indebted poor countries (HIPC)","Population, total",1961,167634887
"High income","Population, total",1961,919449343
"IBRD only","Population, total",1961,1915613080
"IDA & IBRD total","Population, total",1961,2321079191
"IDA blend","Population, total",1961,127688784
"IDA only","Population, total",1961,277777327
"IDA total","Population, total",1961,405466111
"Late-demographic dividend","Population, total",1961,1096959453
"Latin America & Caribbean","Population, total",1961,224737321
"Latin America & Caribbean (excluding high income)","Population, total",1961,198298501
"Latin America & Caribbean (IDA & IBRD)","Population, total",1961,214582669
"Least developed countries: UN classification","Population, total",1961,250984924
"Low & middle income","Population, total",1961,2112956756
"Low income","Population, total",1961,117449222
"Lower middle income","Population, total",1961,839921567
"Middle East and North Africa","Population, total",1961,162068656
"Middle East & North Africa (excluding high income)","Population, total",1961,155796245
"Middle East & North Africa (IDA & IBRD)","Population, total",1961,155796245
"Middle income","Population, total",1961,1995507534
"North America","Population, total",1961,202005123
"OECD members","Population, total",1961,820795966
"Other small states","Population, total",1961,5374964
"Pacific island small states","Population, total",1961,938244
"Post-demographic dividend","Population, total",1961,765442136
"Pre-demographic dividend","Population, total",1961,193342737
"Small states","Population, total",1961,8927466
"South Asia","Population, total",1961,520416897
"South Asia (IDA & IBRD)","Population, total",1961,520416897
"Sub-Saharan Africa","Population, total",1961,233241597
"Sub-Saharan Africa (excluding high income)","Population, total",1961,211292606
"Sub-Saharan Africa (IDA & IBRD)","Population, total",1961,233241597
"Upper middle income","Population, total",1961,1155585967
"World","Population, total",1961,3062768116
"Afghanistan","Population, total",1961,9214083
"Albania","Population, total",1961,1659800
"Algeria","Population, total",1961,11628883
"American Samoa","Population, total",1961,20666
"Andorra","Population, total",1961,10283
"Angola","Population, total",1961,5301583
"Antigua and Barbuda","Population, total",1961,56540
"Argentina","Population, total",1961,20726276
"Armenia","Population, total",1961,1927484
"Aruba","Population, total",1961,55578
"Australia","Population, total",1961,10483000
"Austria","Population, total",1961,7086299
"Azerbaijan","Population, total",1961,4045750
"Bahamas, The","Population, total",1961,122197
"Bahrain","Population, total",1961,172346
"Bangladesh","Population, total",1961,53310348
"Barbados","Population, total",1961,233148
"Belarus","Population, total",1961,8271216
"Belgium","Population, total",1961,9183948
"Belize","Population, total",1961,93632
"Benin","Population, total",1961,2559223
"Bermuda","Population, total",1961,43123
"Bhutan","Population, total",1961,230602
"Bolivia","Population, total",1961,3778731
"Bosnia and Herzegovina","Population, total",1961,3348035
"Botswana","Population, total",1961,527942
"Brazil","Population, total",1961,74605447
"British Virgin Islands","Population, total",1961,8034
"Brunei Darussalam","Population, total",1961,92517
"Bulgaria","Population, total",1961,7943118
"Burkina Faso","Population, total",1961,4848224
"Burundi","Population, total",1961,2835119
"Cabo Verde","Population, total",1961,215087
"Cambodia","Population, total",1961,5571168
"Cameroon","Population, total",1961,5239273
"Canada","Population, total",1961,18271000
"Cayman Islands","Population, total",1961,8601
"Central African Republic","Population, total",1961,1734580
"Chad","Population, total",1961,3111947
"Channel Islands","Population, total",1961,111782
"Chile","Population, total",1961,8324802
"China","Population, total",1961,660330000
"Colombia","Population, total",1961,16095203
"Comoros","Population, total",1961,201201
"Congo, Dem. Rep.","Population, total",1961,15662374
"Congo, Rep.","Population, total",1961,1084389
"Costa Rica","Population, total",1961,1377920
"Cote d'Ivoire","Population, total",1961,3810151
"Croatia","Population, total",1961,4167292
"Cuba","Population, total",1961,7387117
"Curacao","Population, total",1961,126125
"Cyprus","Population, total",1961,595514
"Czechia","Population, total",1961,9586651
"Denmark","Population, total",1961,4611687
"Djibouti","Population, total",1961,89390
"Dominica","Population, total",1961,60209
"Dominican Republic","Population, total",1961,3373233
"Ecuador","Population, total",1961,4722331
"Egypt, Arab Rep.","Population, total",1961,27600898
"El Salvador","Population, total",1961,2870016
"Equatorial Guinea","Population, total",1961,274896
"Eritrea","Population, total",1961,995573
"Estonia","Population, total",1961,1225077
"Eswatini","Population, total",1961,353264
"Ethiopia","Population, total",1961,21906102
"Faroe Islands","Population, total",1961,34557
"Fiji","Population, total",1961,417406
"Finland","Population, total",1961,4461005
"France","Population, total",1961,47905982
"French Polynesia","Population, total",1961,85434
"Gabon","Population, total",1961,518266
"Gambia, The","Population, total",1961,408930
"Georgia","Population, total",1961,3703600
"Germany","Population, total",1961,73377632
"Ghana","Population, total",1961,7162667
"Gibraltar","Population, total",1961,21872
"Greece","Population, total",1961,8398050
"Greenland","Population, total",1961,33700
"Grenada","Population, total",1961,95335
"Guam","Population, total",1961,71311
"Guatemala","Population, total",1961,4186201
"Guinea","Population, total",1961,3619551
"Guinea-Bissau","Population, total",1961,582532
"Guyana","Population, total",1961,582568
"Haiti","Population, total",1961,3929030
"Honduras","Population, total",1961,2121242
"Hong Kong SAR, China","Population, total",1961,3168100
"Hungary","Population, total",1961,10027958
"Iceland","Population, total",1961,179029
"India","Population, total",1961,446564729
"Indonesia","Population, total",1961,90791249
"Iran, Islamic Rep.","Population, total",1961,22125726
"Iraq","Population, total",1961,7194553
"Ireland","Population, total",1961,2824400
"Isle of Man","Population, total",1961,48451
"Israel","Population, total",1961,2185000
"Italy","Population, total",1961,50536350
"Jamaica","Population, total",1961,1673261
"Japan","Population, total",1961,94055000
"Jordan","Population, total",1961,897591
"Kazakhstan","Population, total",1961,9742085
"Kenya","Population, total",1961,7987770
"Kiribati","Population, total",1961,48323
"Korea, Dem. People's Rep.","Population, total",1961,11990713
"Korea, Rep.","Population, total",1961,25765673
"Kosovo","Population, total",1961,1011421
"Kuwait","Population, total",1961,345945
"Kyrgyz Republic","Population, total",1961,2255900
"Lao PDR","Population, total",1961,2169796
"Latvia","Population, total",1961,2152681
"Lebanon","Population, total",1961,1850084
"Lesotho","Population, total",1961,758824
"Liberia","Population, total",1961,1167717
"Libya","Population, total",1961,1555699
"Liechtenstein","Population, total",1961,16877
"Lithuania","Population, total",1961,2823550
"Luxembourg","Population, total",1961,316845
"Macao SAR, China","Population, total",1961,173323
"Madagascar","Population, total",1961,5246158
"Malawi","Population, total",1961,3715534
"Malaysia","Population, total",1961,8164443
"Maldives","Population, total",1961,93450
"Mali","Population, total",1961,5482283
"Malta","Population, total",1961,325250
"Marshall Islands","Population, total",1961,15219
"Mauritania","Population, total",1961,846167
"Mauritius","Population, total",1961,680757
"Mexico","Population, total",1961,37890118
"Micronesia, Fed. Sts.","Population, total",1961,44610
"Moldova","Population, total",1961,2103327
"Monaco","Population, total",1961,21901
"Mongolia","Population, total",1961,1009284
"Montenegro","Population, total",1961,491140
"Morocco","Population, total",1961,11931085
"Mozambique","Population, total",1961,6834936
"Myanmar","Population, total",1961,22210581
"Namibia","Population, total",1961,603067
"Nauru","Population, total",1961,4774
"Nepal","Population, total",1961,10318396
"Netherlands","Population, total",1961,11638712
"New Caledonia","Population, total",1961,82521
"New Zealand","Population, total",1961,2419700
"Nicaragua","Population, total",1961,1836451
"Niger","Population, total",1961,3608162
"Nigeria","Population, total",1961,45989310
"North Macedonia","Population, total",1961,1455171
"Northern Mariana Islands","Population, total",1961,8995
"Norway","Population, total",1961,3609800
"Oman","Population, total",1961,539854
"Pakistan","Population, total",1961,46921277
"Palau","Population, total",1961,9555
"Panama","Population, total",1961,1159870
"Papua New Guinea","Population, total",1961,2046127
"Paraguay","Population, total",1961,1927394
"Peru","Population, total",1961,10475123
"Philippines","Population, total",1961,28792621
"Poland","Population, total",1961,29964000
"Portugal","Population, total",1961,8929316
"Puerto Rico","Population, total",1961,2399722
"Qatar","Population, total",1961,39680
"Romania","Population, total",1961,18555250
"Russian Federation","Population, total",1961,121236000
"Rwanda","Population, total",1961,3106779
"Samoa","Population, total",1961,115496
"San Marino","Population, total",1961,15799
"Sao Tome and Principe","Population, total",1961,68707
"Saudi Arabia","Population, total",1961,2526347
"Senegal","Population, total",1961,3436375
"Serbia","Population, total",1961,6689077
"Seychelles","Population, total",1961,42889
"Sierra Leone","Population, total",1961,2304227
"Singapore","Population, total",1961,1702400
"Sint Maarten (Dutch part)","Population, total",1961,2970
"Slovak Republic","Population, total",1961,4191667
"Slovenia","Population, total",1961,1594131
"Solomon Islands","Population, total",1961,142912
"Somalia","Population, total",1961,2952054
"South Africa","Population, total",1961,16908035
"South Sudan","Population, total",1961,2976724
"Spain","Population, total",1961,30739250
"Sri Lanka","Population, total",1961,9899372
"St. Kitts and Nevis","Population, total",1961,55334
"St. Lucia","Population, total",1961,93490
"St. Martin (French part)","Population, total",1961,4386
"St. Vincent and the Grenadines","Population, total",1961,85870
"Sudan","Population, total",1961,8634941
"Suriname","Population, total",1961,272791
"Sweden","Population, total",1961,7519998
"Switzerland","Population, total",1961,5434294
"Syrian Arab Republic","Population, total",1961,4815466
"Tajikistan","Population, total",1961,2181805
"Tanzania","Population, total",1961,10187886
"Thailand","Population, total",1961,27650334
"Timor-Leste","Population, total",1961,475291
"Togo","Population, total",1961,1702717
"Tonga","Population, total",1961,68037
"Trinidad and Tobago","Population, total",1961,863144
"Tunisia","Population, total",1961,4316278
"Turkiye","Population, total",1961,29119238
"Turkmenistan","Population, total",1961,1695400
"Turks and Caicos Islands","Population, total",1961,5622
"Tuvalu","Population, total",1961,5648
"Uganda","Population, total",1961,7862217
"Ukraine","Population, total",1961,43399766
"United Arab Emirates","Population, total",1961,137989
"United Kingdom","Population, total",1961,52800000
"United States","Population, total",1961,183691000
"Uruguay","Population, total",1961,2562044
"Uzbekistan","Population, total",1961,8517711
"Vanuatu","Population, total",1961,66264
"Venezuela, RB","Population, total",1961,8455915
"Viet Nam","Population, total",1961,33409059
"Virgin Islands (U.S.)","Population, total",1961,34300
"Yemen, Rep.","Population, total",1961,5655232
"Zambia","Population, total",1961,3254086
"Zimbabwe","Population, total",1961,3930401
"Africa Eastern and Southern","Population, total",1962,137171659
"Africa Western and Central","Population, total",1962,101854756
"Arab World","Population, total",1962,96428599
"Caribbean small states","Population, total",1962,2670187
"Central Electricity Board (CEB)","Population, total",1962,93008589
"Early-demographic dividend","Population, total",1962,1020130725
"East Asia & Pacific","Population, total",1962,1059216594
"East Asia & Pacific (excluding high income)","Population, total",1962,907473022
"East Asia & Pacific (IDA & IBRD)","Population, total",1962,895224912
"Euro area","Population, total",1962,274815182
"Europe & Central Asia","Population, total",1962,683341199
"Europe & Central Asia (excluding high income)","Population, total",1962,134400419
"Europe & Central Asia (IDA & IBRD)","Population, total",1962,318186127
"European Union","Population, total",1962,363707978
"Fragile and conflict affected situations","Population, total",1962,255228141
"Heavily indebted poor countries (HIPC)","Population, total",1962,171771666
"High income","Population, total",1962,930832910
"IBRD only","Population, total",1962,1950274734
"IDA & IBRD total","Population, total",1962,2366117598
"IDA blend","Population, total",1962,131049320
"IDA only","Population, total",1962,284793544
"IDA total","Population, total",1962,415842864
"Late-demographic dividend","Population, total",1962,1111293141
"Latin America & Caribbean","Population, total",1962,231038261
"Latin America & Caribbean (excluding high income)","Population, total",1962,203914785
"Latin America & Caribbean (IDA & IBRD)","Population, total",1962,220668336
"Least developed countries: UN classification","Population, total",1962,257173413
"Low & middle income","Population, total",1962,2155317281
"Low income","Population, total",1962,120247507
"Lower middle income","Population, total",1962,861015557
"Middle East and North Africa","Population, total",1962,166390935
"Middle East & North Africa (excluding high income)","Population, total",1962,159849264
"Middle East & North Africa (IDA & IBRD)","Population, total",1962,159849264
"Middle income","Population, total",1962,2035069774
"North America","Population, total",1962,205196239
"OECD members","Population, total",1962,832227425
"Other small states","Population, total",1962,5476102
"Pacific island small states","Population, total",1962,965430
"Post-demographic dividend","Population, total",1962,774678780
"Pre-demographic dividend","Population, total",1962,198004977
"Small states","Population, total",1962,9111719
"South Asia","Population, total",1962,533162544
"South Asia (IDA & IBRD)","Population, total",1962,533162544
"Sub-Saharan Africa","Population, total",1962,239026415
"Sub-Saharan Africa (excluding high income)","Population, total",1962,216517247
"Sub-Saharan Africa (IDA & IBRD)","Population, total",1962,239026415
"Upper middle income","Population, total",1962,1174054217
"World","Population, total",1962,3117372187
"Afghanistan","Population, total",1962,9404406
"Albania","Population, total",1962,1711319
"Algeria","Population, total",1962,11800771
"American Samoa","Population, total",1962,21298
"Andorra","Population, total",1962,11086
"Angola","Population, total",1962,5354310
"Antigua and Barbuda","Population, total",1962,57336
"Argentina","Population, total",1962,21072538
"Armenia","Population, total",1962,1991689
"Aruba","Population, total",1962,56320
"Australia","Population, total",1962,10742000
"Austria","Population, total",1962,7129864
"Azerbaijan","Population, total",1962,4168150
"Bahamas, The","Population, total",1962,128493
"Bahrain","Population, total",1962,179349
"Bangladesh","Population, total",1962,54881146
"Barbados","Population, total",1962,235224
"Belarus","Population, total",1962,8351928
"Belgium","Population, total",1962,9220578
"Belize","Population, total",1962,96042
"Benin","Population, total",1962,2604659
"Bermuda","Population, total",1962,44239
"Bhutan","Population, total",1962,237636
"Bolivia","Population, total",1962,3857493
"Bosnia and Herzegovina","Population, total",1962,3407532
"Botswana","Population, total",1962,540186
"Brazil","Population, total",1962,76865323
"British Virgin Islands","Population, total",1962,8070
"Brunei Darussalam","Population, total",1962,96719
"Bulgaria","Population, total",1962,8012946
"Burkina Faso","Population, total",1962,4919672
"Burundi","Population, total",1962,2907943
"Cabo Verde","Population, total",1962,221919
"Cambodia","Population, total",1962,5697558
"Cameroon","Population, total",1962,5338620
"Canada","Population, total",1962,18614000
"Cayman Islands","Population, total",1962,8781
"Central African Republic","Population, total",1962,1768115
"Chad","Population, total",1962,3175598
"Channel Islands","Population, total",1962,112953
"Chile","Population, total",1962,8497059
"China","Population, total",1962,665770000
"Colombia","Population, total",1962,16599029
"Comoros","Population, total",1962,204702
"Congo, Dem. Rep.","Population, total",1962,16075724
"Congo, Rep.","Population, total",1962,1113175
"Costa Rica","Population, total",1962,1429445
"Cote d'Ivoire","Population, total",1962,3956939
"Croatia","Population, total",1962,4196712
"Cuba","Population, total",1962,7541098
"Curacao","Population, total",1962,128414
"Cyprus","Population, total",1962,601466
"Czechia","Population, total",1962,9624660
"Denmark","Population, total",1962,4647727
"Djibouti","Population, total",1962,93283
"Dominica","Population, total",1962,60948
"Dominican Republic","Population, total",1962,3479936
"Ecuador","Population, total",1962,4859269
"Egypt, Arab Rep.","Population, total",1962,28337013
"El Salvador","Population, total",1962,2949204
"Equatorial Guinea","Population, total",1962,280286
"Eritrea","Population, total",1962,1019788
"Estonia","Population, total",1962,1241623
"Eswatini","Population, total",1962,361365
"Ethiopia","Population, total",1962,22465126
"Faroe Islands","Population, total",1962,34963
"Fiji","Population, total",1962,430536
"Finland","Population, total",1962,4491443
"France","Population, total",1962,48389516
"French Polynesia","Population, total",1962,87261
"Gabon","Population, total",1962,524649
"Gambia, The","Population, total",1962,420163
"Georgia","Population, total",1962,3760300
"Germany","Population, total",1962,74025784
"Ghana","Population, total",1962,7337375
"Gibraltar","Population, total",1962,22197
"Greece","Population, total",1962,8448233
"Greenland","Population, total",1962,35000
"Grenada","Population, total",1962,96375
"Guam","Population, total",1962,73192
"Guatemala","Population, total",1962,4312044
"Guinea","Population, total",1962,3684273
"Guinea-Bissau","Population, total",1962,589474
"Guyana","Population, total",1962,595461
"Haiti","Population, total",1962,4001575
"Honduras","Population, total",1962,2182064
"Hong Kong SAR, China","Population, total",1962,3305200
"Hungary","Population, total",1962,10060825
"Iceland","Population, total",1962,182378
"India","Population, total",1962,457283090
"Indonesia","Population, total",1962,93375850
"Iran, Islamic Rep.","Population, total",1962,22807907
"Iraq","Population, total",1962,7413875
"Ireland","Population, total",1962,2836050
"Isle of Man","Population, total",1962,48688
"Israel","Population, total",1962,2293000
"Italy","Population, total",1962,50879450
"Jamaica","Population, total",1962,1696932
"Japan","Population, total",1962,94933000
"Jordan","Population, total",1962,940554
"Kazakhstan","Population, total",1962,10058928
"Kenya","Population, total",1962,8299308
"Kiribati","Population, total",1962,49538
"Korea, Dem. People's Rep.","Population, total",1962,12262882
"Korea, Rep.","Population, total",1962,26513030
"Kosovo","Population, total",1962,1036950
"Kuwait","Population, total",1962,384995
"Kyrgyz Republic","Population, total",1962,2333400
"Lao PDR","Population, total",1962,2219910
"Latvia","Population, total",1962,2181586
"Lebanon","Population, total",1962,1909578
"Lesotho","Population, total",1962,781814
"Liberia","Population, total",1962,1197039
"Libya","Population, total",1962,1621960
"Liechtenstein","Population, total",1962,17443
"Lithuania","Population, total",1962,2863350
"Luxembourg","Population, total",1962,320750
"Macao SAR, China","Population, total",1962,177810
"Madagascar","Population, total",1962,5384150
"Malawi","Population, total",1962,3806307
"Malaysia","Population, total",1962,8380172
"Maldives","Population, total",1962,95802
"Mali","Population, total",1962,5563917
"Malta","Population, total",1962,323900
"Marshall Islands","Population, total",1962,15755
"Mauritania","Population, total",1962,869184
"Mauritius","Population, total",1962,700349
"Mexico","Population, total",1962,39129200
"Micronesia, Fed. Sts.","Population, total",1962,46218
"Moldova","Population, total",1962,2147227
"Monaco","Population, total",1962,22078
"Mongolia","Population, total",1962,1041444
"Montenegro","Population, total",1962,502558
"Morocco","Population, total",1962,12253092
"Mozambique","Population, total",1962,6969364
"Myanmar","Population, total",1962,22704719
"Namibia","Population, total",1962,615759
"Nauru","Population, total",1962,4979
"Nepal","Population, total",1962,10521116
"Netherlands","Population, total",1962,11805689
"New Caledonia","Population, total",1962,85334
"New Zealand","Population, total",1962,2482000
"Nicaragua","Population, total",1962,1892320
"Niger","Population, total",1962,3714520
"Nigeria","Population, total",1962,46965292
"North Macedonia","Population, total",1962,1471745
"Northern Mariana Islands","Population, total",1962,9280
"Norway","Population, total",1962,3638918
"Oman","Population, total",1962,549941
"Pakistan","Population, total",1962,48156128
"Palau","Population, total",1962,9793
"Panama","Population, total",1962,1195301
"Papua New Guinea","Population, total",1962,2093919
"Paraguay","Population, total",1962,1973130
"Peru","Population, total",1962,10784612
"Philippines","Population, total",1962,29723536
"Poland","Population, total",1962,30308500
"Portugal","Population, total",1962,8993985
"Puerto Rico","Population, total",1962,2450322
"Qatar","Population, total",1962,44630
"Romania","Population, total",1962,18676550
"Russian Federation","Population, total",1962,122591000
"Rwanda","Population, total",1962,3186025
"Samoa","Population, total",1962,118597
"San Marino","Population, total",1962,16183
"Sao Tome and Principe","Population, total",1962,69403
"Saudi Arabia","Population, total",1962,2620910
"Senegal","Population, total",1962,3534686
"Serbia","Population, total",1962,6740264
"Seychelles","Population, total",1962,44042
"Sierra Leone","Population, total",1962,2342242
"Singapore","Population, total",1962,1750200
"Sint Maarten (Dutch part)","Population, total",1962,3264
"Slovak Republic","Population, total",1962,4238188
"Slovenia","Population, total",1962,1603649
"Solomon Islands","Population, total",1962,146201
"Somalia","Population, total",1962,3030091
"South Africa","Population, total",1962,17418522
"South Sudan","Population, total",1962,3024308
"Spain","Population, total",1962,31023366
"Sri Lanka","Population, total",1962,10143754
"St. Kitts and Nevis","Population, total",1962,54461
"St. Lucia","Population, total",1962,94505
"St. Martin (French part)","Population, total",1962,4527
"St. Vincent and the Grenadines","Population, total",1962,87236
"Sudan","Population, total",1962,8919028
"Suriname","Population, total",1962,283912
"Sweden","Population, total",1962,7561588
"Switzerland","Population, total",1962,5573815
"Syrian Arab Republic","Population, total",1962,4959340
"Tajikistan","Population, total",1962,2255026
"Tanzania","Population, total",1962,10487756
"Thailand","Population, total",1962,28481040
"Timor-Leste","Population, total",1962,482774
"Togo","Population, total",1962,1732959
"Tonga","Population, total",1962,69940
"Trinidad and Tobago","Population, total",1962,880194
"Tunisia","Population, total",1962,4369136
"Turkiye","Population, total",1962,29916147
"Turkmenistan","Population, total",1962,1749214
"Turks and Caicos Islands","Population, total",1962,5636
"Tuvalu","Population, total",1962,5699
"Uganda","Population, total",1962,8092231
"Ukraine","Population, total",1962,43943674
"United Arab Emirates","Population, total",1962,144946
"United Kingdom","Population, total",1962,53250000
"United States","Population, total",1962,186538000
"Uruguay","Population, total",1962,2593298
"Uzbekistan","Population, total",1962,8854368
"Vanuatu","Population, total",1962,68174
"Venezuela, RB","Population, total",1962,8756870
"Viet Nam","Population, total",1962,34288560
"Virgin Islands (U.S.)","Population, total",1962,35000
"Yemen, Rep.","Population, total",1962,5782221
"Zambia","Population, total",1962,3358099
"Zimbabwe","Population, total",1962,4055959
"Africa Eastern and Southern","Population, total",1963,140945536
"Africa Western and Central","Population, total",1963,104089175
"Arab World","Population, total",1963,99038509
"Caribbean small states","Population, total",1963,2728278
"Central Electricity Board (CEB)","Population, total",1963,93840016
"Early-demographic dividend","Population, total",1963,1046697479
"East Asia & Pacific","Population, total",1963,1085095424
"East Asia & Pacific (excluding high income)","Population, total",1963,930810837
"East Asia & Pacific (IDA & IBRD)","Population, total",1963,918259043
"Euro area","Population, total",1963,277205348
"Europe & Central Asia","Population, total",1963,691189404
"Europe & Central Asia (excluding high income)","Population, total",1963,137187829
"Europe & Central Asia (IDA & IBRD)","Population, total",1963,322961499
"European Union","Population, total",1963,366840786
"Fragile and conflict affected situations","Population, total",1963,260895002
"Heavily indebted poor countries (HIPC)","Population, total",1963,176063263
"High income","Population, total",1963,942141564
"IBRD only","Population, total",1963,1996753344
"IDA & IBRD total","Population, total",1963,2423348992
"IDA blend","Population, total",1963,134563454
"IDA only","Population, total",1963,292032194
"IDA total","Population, total",1963,426595648
"Late-demographic dividend","Population, total",1963,1137056579
"Latin America & Caribbean","Population, total",1963,237499676
"Latin America & Caribbean (excluding high income)","Population, total",1963,209675273
"Latin America & Caribbean (IDA & IBRD)","Population, total",1963,226899749
"Least developed countries: UN classification","Population, total",1963,263557766
"Low & middle income","Population, total",1963,2209805827
"Low income","Population, total",1963,123153845
"Lower middle income","Population, total",1963,882650423
"Middle East and North Africa","Population, total",1963,170881281
"Middle East & North Africa (excluding high income)","Population, total",1963,164082777
"Middle East & North Africa (IDA & IBRD)","Population, total",1963,164082777
"Middle income","Population, total",1963,2086651982
"North America","Population, total",1963,208251340
"OECD members","Population, total",1963,843650775
"Other small states","Population, total",1963,5578740
"Pacific island small states","Population, total",1963,993524
"Post-demographic dividend","Population, total",1963,783736508
"Pre-demographic dividend","Population, total",1963,202879347
"Small states","Population, total",1963,9300542
"South Asia","Population, total",1963,546111213
"South Asia (IDA & IBRD)","Population, total",1963,546111213
"Sub-Saharan Africa","Population, total",1963,245034711
"Sub-Saharan Africa (excluding high income)","Population, total",1963,221937898
"Sub-Saharan Africa (IDA & IBRD)","Population, total",1963,245034711
"Upper middle income","Population, total",1963,1204001559
"World","Population, total",1963,3184063049
"Afghanistan","Population, total",1963,9604487
"Albania","Population, total",1963,1762621
"Algeria","Population, total",1963,11982118
"American Samoa","Population, total",1963,21966
"Andorra","Population, total",1963,11915
"Angola","Population, total",1963,5408320
"Antigua and Barbuda","Population, total",1963,58138
"Argentina","Population, total",1963,21421705
"Armenia","Population, total",1963,2056023
"Aruba","Population, total",1963,57002
"Australia","Population, total",1963,10950000
"Austria","Population, total",1963,7175811
"Azerbaijan","Population, total",1963,4293550
"Bahamas, The","Population, total",1963,135087
"Bahrain","Population, total",1963,186501
"Bangladesh","Population, total",1963,56504402
"Barbados","Population, total",1963,237557
"Belarus","Population, total",1963,8437232
"Belgium","Population, total",1963,9289770
"Belize","Population, total",1963,98704
"Benin","Population, total",1963,2652908
"Bermuda","Population, total",1963,45340
"Bhutan","Population, total",1963,245156
"Bolivia","Population, total",1963,3938913
"Bosnia and Herzegovina","Population, total",1963,3461942
"Botswana","Population, total",1963,552966
"Brazil","Population, total",1963,79164235
"British Virgin Islands","Population, total",1963,8114
"Brunei Darussalam","Population, total",1963,101159
"Bulgaria","Population, total",1963,8078145
"Burkina Faso","Population, total",1963,4993623
"Burundi","Population, total",1963,2969841
"Cabo Verde","Population, total",1963,229373
"Cambodia","Population, total",1963,5823010
"Cameroon","Population, total",1963,5456623
"Canada","Population, total",1963,18964000
"Cayman Islands","Population, total",1963,8970
"Central African Republic","Population, total",1963,1803063
"Chad","Population, total",1963,3240905
"Channel Islands","Population, total",1963,114234
"Chile","Population, total",1963,8670144
"China","Population, total",1963,682335000
"Colombia","Population, total",1963,17113823
"Comoros","Population, total",1963,208185
"Congo, Dem. Rep.","Population, total",1963,16507599
"Congo, Rep.","Population, total",1963,1143263
"Costa Rica","Population, total",1963,1481604
"Cote d'Ivoire","Population, total",1963,4112061
"Croatia","Population, total",1963,4225675
"Cuba","Population, total",1963,7701660
"Curacao","Population, total",1963,130860
"Cyprus","Population, total",1963,607252
"Czechia","Population, total",1963,9670685
"Denmark","Population, total",1963,4684483
"Djibouti","Population, total",1963,97872
"Dominica","Population, total",1963,61739
"Dominican Republic","Population, total",1963,3588287
"Ecuador","Population, total",1963,5001716
"Egypt, Arab Rep.","Population, total",1963,29091869
"El Salvador","Population, total",1963,3028679
"Equatorial Guinea","Population, total",1963,285965
"Eritrea","Population, total",1963,1045092
"Estonia","Population, total",1963,1258857
"Eswatini","Population, total",1963,369759
"Ethiopia","Population, total",1963,23051637
"Faroe Islands","Population, total",1963,35391
"Fiji","Population, total",1963,444276
"Finland","Population, total",1963,4523309
"France","Population, total",1963,48877567
"French Polynesia","Population, total",1963,89737
"Gabon","Population, total",1963,531452
"Gambia, The","Population, total",1963,431757
"Georgia","Population, total",1963,3816100
"Germany","Population, total",1963,74714353
"Ghana","Population, total",1963,7514714
"Gibraltar","Population, total",1963,22753
"Greece","Population, total",1963,8479625
"Greenland","Population, total",1963,36400
"Grenada","Population, total",1963,97195
"Guam","Population, total",1963,75095
"Guatemala","Population, total",1963,4440264
"Guinea","Population, total",1963,3750954
"Guinea-Bissau","Population, total",1963,594418
"Guyana","Population, total",1963,608537
"Haiti","Population, total",1963,4073068
"Honduras","Population, total",1963,2244878
"Hong Kong SAR, China","Population, total",1963,3420900
"Hungary","Population, total",1963,10087947
"Iceland","Population, total",1963,185653
"India","Population, total",1963,468138575
"Indonesia","Population, total",1963,96051424
"Iran, Islamic Rep.","Population, total",1963,23519005
"Iraq","Population, total",1963,7667928
"Ireland","Population, total",1963,2852650
"Isle of Man","Population, total",1963,49151
"Israel","Population, total",1963,2379000
"Italy","Population, total",1963,51252000
"Jamaica","Population, total",1963,1721099
"Japan","Population, total",1963,95900000
"Jordan","Population, total",1963,984714
"Kazakhstan","Population, total",1963,10377466
"Kenya","Population, total",1963,8627971
"Kiribati","Population, total",1963,50791
"Korea, Dem. People's Rep.","Population, total",1963,12567057
"Korea, Rep.","Population, total",1963,27261747
"Kosovo","Population, total",1963,1062737
"Kuwait","Population, total",1963,427694
"Kyrgyz Republic","Population, total",1963,2413700
"Lao PDR","Population, total",1963,2271061
"Latvia","Population, total",1963,2210919
"Lebanon","Population, total",1963,1970316
"Lesotho","Population, total",1963,805373
"Liberia","Population, total",1963,1227414
"Libya","Population, total",1963,1690457
"Liechtenstein","Population, total",1963,18093
"Lithuania","Population, total",1963,2898950
"Luxembourg","Population, total",1963,324100
"Macao SAR, China","Population, total",1963,182135
"Madagascar","Population, total",1963,5525185
"Malawi","Population, total",1963,3900506
"Malaysia","Population, total",1963,8602160
"Maldives","Population, total",1963,98222
"Mali","Population, total",1963,5646605
"Malta","Population, total",1963,322550
"Marshall Islands","Population, total",1963,16302
"Mauritania","Population, total",1963,893423
"Mauritius","Population, total",1963,718861
"Mexico","Population, total",1963,40424065
"Micronesia, Fed. Sts.","Population, total",1963,47744
"Moldova","Population, total",1963,2188895
"Monaco","Population, total",1963,22385
"Mongolia","Population, total",1963,1071362
"Montenegro","Population, total",1963,513409
"Morocco","Population, total",1963,12577502
"Mozambique","Population, total",1963,7109828
"Myanmar","Population, total",1963,23213408
"Namibia","Population, total",1963,629589
"Nauru","Population, total",1963,5226
"Nepal","Population, total",1963,10729818
"Netherlands","Population, total",1963,11965966
"New Caledonia","Population, total",1963,88050
"New Zealand","Population, total",1963,2531800
"Nicaragua","Population, total",1963,1950159
"Niger","Population, total",1963,3823873
"Nigeria","Population, total",1963,47973575
"North Macedonia","Population, total",1963,1488737
"Northern Mariana Islands","Population, total",1963,9595
"Norway","Population, total",1963,3666537
"Oman","Population, total",1963,560827
"Pakistan","Population, total",1963,49447776
"Palau","Population, total",1963,10037
"Panama","Population, total",1963,1232124
"Papua New Guinea","Population, total",1963,2141376
"Paraguay","Population, total",1963,2021909
"Peru","Population, total",1963,11102099
"Philippines","Population, total",1963,30674731
"Poland","Population, total",1963,30712000
"Portugal","Population, total",1963,9030355
"Puerto Rico","Population, total",1963,2504530
"Qatar","Population, total",1963,50380
"Romania","Population, total",1963,18797850
"Russian Federation","Population, total",1963,123960000
"Rwanda","Population, total",1963,3258890
"Samoa","Population, total",1963,121764
"San Marino","Population, total",1963,16580
"Sao Tome and Principe","Population, total",1963,70112
"Saudi Arabia","Population, total",1963,2719341
"Senegal","Population, total",1963,3635876
"Serbia","Population, total",1963,6787950
"Seychelles","Population, total",1963,45176
"Sierra Leone","Population, total",1963,2382258
"Singapore","Population, total",1963,1795000
"Sint Maarten (Dutch part)","Population, total",1963,3584
"Slovak Republic","Population, total",1963,4282017
"Slovenia","Population, total",1963,1616971
"Solomon Islands","Population, total",1963,149589
"Somalia","Population, total",1963,3110361
"South Africa","Population, total",1963,17954564
"South Sudan","Population, total",1963,3072669
"Spain","Population, total",1963,31296651
"Sri Lanka","Population, total",1963,10395040
"St. Kitts and Nevis","Population, total",1963,53441
"St. Lucia","Population, total",1963,95519
"St. Martin (French part)","Population, total",1963,4673
"St. Vincent and the Grenadines","Population, total",1963,88523
"Sudan","Population, total",1963,9218077
"Suriname","Population, total",1963,297034
"Sweden","Population, total",1963,7604328
"Switzerland","Population, total",1963,5694247
"Syrian Arab Republic","Population, total",1963,5110467
"Tajikistan","Population, total",1963,2331736
"Tanzania","Population, total",1963,10799528
"Thailand","Population, total",1963,29342322
"Timor-Leste","Population, total",1963,490564
"Togo","Population, total",1963,1765072
"Tonga","Population, total",1963,71885
"Trinidad and Tobago","Population, total",1963,896804
"Tunisia","Population, total",1963,4427131
"Turkiye","Population, total",1963,30726841
"Turkmenistan","Population, total",1963,1804272
"Turks and Caicos Islands","Population, total",1963,5647
"Tuvalu","Population, total",1963,5751
"Uganda","Population, total",1963,8333663
"Ukraine","Population, total",1963,44462372
"United Arab Emirates","Population, total",1963,152211
"United Kingdom","Population, total",1963,53650000
"United States","Population, total",1963,189242000
"Uruguay","Population, total",1963,2623766
"Uzbekistan","Population, total",1963,9202246
"Vanuatu","Population, total",1963,70159
"Venezuela, RB","Population, total",1963,9064021
"Viet Nam","Population, total",1963,35249101
"Virgin Islands (U.S.)","Population, total",1963,39800
"Yemen, Rep.","Population, total",1963,5911135
"Zambia","Population, total",1963,3465907
"Zimbabwe","Population, total",1963,4185877
"Africa Eastern and Southern","Population, total",1964,144904094
"Africa Western and Central","Population, total",1964,106388440
"Arab World","Population, total",1964,101729760
"Caribbean small states","Population, total",1964,2784804
"Central Electricity Board (CEB)","Population, total",1964,94715795
"Early-demographic dividend","Population, total",1964,1074021283
"East Asia & Pacific","Population, total",1964,1110651177
"East Asia & Pacific (excluding high income)","Population, total",1964,953783472
"East Asia & Pacific (IDA & IBRD)","Population, total",1964,940909509
"Euro area","Population, total",1964,279621056
"Europe & Central Asia","Population, total",1964,699058435
"Europe & Central Asia (excluding high income)","Population, total",1964,139973968
"Europe & Central Asia (IDA & IBRD)","Population, total",1964,327774760
"European Union","Population, total",1964,370055037
"Fragile and conflict affected situations","Population, total",1964,266719458
"Heavily indebted poor countries (HIPC)","Population, total",1964,180537667
"High income","Population, total",1964,953477851
"IBRD only","Population, total",1964,2043309631
"IDA & IBRD total","Population, total",1964,2481068241
"IDA blend","Population, total",1964,138208407
"IDA only","Population, total",1964,299550203
"IDA total","Population, total",1964,437758610
"Late-demographic dividend","Population, total",1964,1162405292
"Latin America & Caribbean","Population, total",1964,244080552
"Latin America & Caribbean (excluding high income)","Population, total",1964,215558178
"Latin America & Caribbean (IDA & IBRD)","Population, total",1964,233255631
"Least developed countries: UN classification","Population, total",1964,270194662
"Low & middle income","Population, total",1964,2264731089
"Low income","Population, total",1964,126203534
"Lower middle income","Population, total",1964,904811416
"Middle East and North Africa","Population, total",1964,175548682
"Middle East & North Africa (excluding high income)","Population, total",1964,168474397
"Middle East & North Africa (IDA & IBRD)","Population, total",1964,168474397
"Middle income","Population, total",1964,2138527555
"North America","Population, total",1964,211260410
"OECD members","Population, total",1964,855135046
"Other small states","Population, total",1964,5680872
"Pacific island small states","Population, total",1964,1022081
"Post-demographic dividend","Population, total",1964,792735136
"Pre-demographic dividend","Population, total",1964,207958469
"Small states","Population, total",1964,9487757
"South Asia","Population, total",1964,559361410
"South Asia (IDA & IBRD)","Population, total",1964,559361410
"Sub-Saharan Africa","Population, total",1964,251292534
"Sub-Saharan Africa (excluding high income)","Population, total",1964,227579664
"Sub-Saharan Africa (IDA & IBRD)","Population, total",1964,251292534
"Upper middle income","Population, total",1964,1233716139
"World","Population, total",1964,3251253200
"Afghanistan","Population, total",1964,9814318
"Albania","Population, total",1964,1814135
"Algeria","Population, total",1964,12179813
"American Samoa","Population, total",1964,22673
"Andorra","Population, total",1964,12764
"Angola","Population, total",1964,5464187
"Antigua and Barbuda","Population, total",1964,59020
"Argentina","Population, total",1964,21769453
"Armenia","Population, total",1964,2120135
"Aruba","Population, total",1964,57619
"Australia","Population, total",1964,11167000
"Austria","Population, total",1964,7223801
"Azerbaijan","Population, total",1964,4439250
"Bahamas, The","Population, total",1964,141528
"Bahrain","Population, total",1964,193816
"Bangladesh","Population, total",1964,58178374
"Barbados","Population, total",1964,239958
"Belarus","Population, total",1964,8524224
"Belgium","Population, total",1964,9378113
"Belize","Population, total",1964,101603
"Benin","Population, total",1964,2704003
"Bermuda","Population, total",1964,46410
"Bhutan","Population, total",1964,252987
"Bolivia","Population, total",1964,4022996
"Bosnia and Herzegovina","Population, total",1964,3513441
"Botswana","Population, total",1964,566266
"Brazil","Population, total",1964,81488595
"British Virgin Islands","Population, total",1964,8168
"Brunei Darussalam","Population, total",1964,105922
"Bulgaria","Population, total",1964,8144340
"Burkina Faso","Population, total",1964,5071034
"Burundi","Population, total",1964,3055650
"Cabo Verde","Population, total",1964,237006
"Cambodia","Population, total",1964,5946178
"Cameroon","Population, total",1964,5578257
"Canada","Population, total",1964,19325000
"Cayman Islands","Population, total",1964,9166
"Central African Republic","Population, total",1964,1839583
"Chad","Population, total",1964,3307479
"Channel Islands","Population, total",1964,115561
"Chile","Population, total",1964,8842525
"China","Population, total",1964,698355000
"Colombia","Population, total",1964,17637411
"Comoros","Population, total",1964,211644
"Congo, Dem. Rep.","Population, total",1964,16955327
"Congo, Rep.","Population, total",1964,1174816
"Costa Rica","Population, total",1964,1533960
"Cote d'Ivoire","Population, total",1964,4273952
"Croatia","Population, total",1964,4252876
"Cuba","Population, total",1964,7866020
"Curacao","Population, total",1964,133148
"Cyprus","Population, total",1964,612521
"Czechia","Population, total",1964,9727804
"Denmark","Population, total",1964,4722072
"Djibouti","Population, total",1964,103198
"Dominica","Population, total",1964,62587
"Dominican Republic","Population, total",1964,3698559
"Ecuador","Population, total",1964,5149918
"Egypt, Arab Rep.","Population, total",1964,29858922
"El Salvador","Population, total",1964,3111883
"Equatorial Guinea","Population, total",1964,291942
"Eritrea","Population, total",1964,1071287
"Estonia","Population, total",1964,1277086
"Eswatini","Population, total",1964,378656
"Ethiopia","Population, total",1964,23666548
"Faroe Islands","Population, total",1964,35847
"Fiji","Population, total",1964,458324
"Finland","Population, total",1964,4548543
"France","Population, total",1964,49401492
"French Polynesia","Population, total",1964,92823
"Gabon","Population, total",1964,538657
"Gambia, The","Population, total",1964,443687
"Georgia","Population, total",1964,3870300
"Germany","Population, total",1964,75318337
"Ghana","Population, total",1964,7695739
"Gibraltar","Population, total",1964,23315
"Greece","Population, total",1964,8510429
"Greenland","Population, total",1964,37600
"Grenada","Population, total",1964,97760
"Guam","Population, total",1964,77008
"Guatemala","Population, total",1964,4571109
"Guinea","Population, total",1964,3819722
"Guinea-Bissau","Population, total",1964,588543
"Guyana","Population, total",1964,621764
"Haiti","Population, total",1964,4146244
"Honduras","Population, total",1964,2309855
"Hong Kong SAR, China","Population, total",1964,3504600
"Hungary","Population, total",1964,10119835
"Iceland","Population, total",1964,188983
"India","Population, total",1964,479229598
"Indonesia","Population, total",1964,98833749
"Iran, Islamic Rep.","Population, total",1964,24262859
"Iraq","Population, total",1964,7929566
"Ireland","Population, total",1964,2866550
"Isle of Man","Population, total",1964,49625
"Israel","Population, total",1964,2475000
"Italy","Population, total",1964,51675350
"Jamaica","Population, total",1964,1745568
"Japan","Population, total",1964,96903000
"Jordan","Population, total",1964,1035640
"Kazakhstan","Population, total",1964,10690309
"Kenya","Population, total",1964,8973535
"Kiribati","Population, total",1964,52088
"Korea, Dem. People's Rep.","Population, total",1964,12889770
"Korea, Rep.","Population, total",1964,27984155
"Kosovo","Population, total",1964,1090270
"Kuwait","Population, total",1964,473115
"Kyrgyz Republic","Population, total",1964,2495300
"Lao PDR","Population, total",1964,2322826
"Latvia","Population, total",1964,2240623
"Lebanon","Population, total",1964,2030543
"Lesotho","Population, total",1964,829437
"Liberia","Population, total",1964,1258745
"Libya","Population, total",1964,1753691
"Liechtenstein","Population, total",1964,18755
"Lithuania","Population, total",1964,2935200
"Luxembourg","Population, total",1964,327750
"Macao SAR, China","Population, total",1964,225655
"Madagascar","Population, total",1964,5669863
"Malawi","Population, total",1964,3997305
"Malaysia","Population, total",1964,8828406
"Maldives","Population, total",1964,100662
"Mali","Population, total",1964,5730125
"Malta","Population, total",1964,321250
"Marshall Islands","Population, total",1964,16852
"Mauritania","Population, total",1964,918955
"Mauritius","Population, total",1964,736381
"Mexico","Population, total",1964,41772049
"Micronesia, Fed. Sts.","Population, total",1964,49181
"Moldova","Population, total",1964,2228000
"Monaco","Population, total",1964,22686
"Mongolia","Population, total",1964,1100234
"Montenegro","Population, total",1964,521753
"Morocco","Population, total",1964,12898886
"Mozambique","Population, total",1964,7255061
"Myanmar","Population, total",1964,23737315
"Namibia","Population, total",1964,644530
"Nauru","Population, total",1964,5515
"Nepal","Population, total",1964,10946392
"Netherlands","Population, total",1964,12127120
"New Caledonia","Population, total",1964,90602
"New Zealand","Population, total",1964,2585400
"Nicaragua","Population, total",1964,2010176
"Niger","Population, total",1964,3935814
"Nigeria","Population, total",1964,49012016
"North Macedonia","Population, total",1964,1510900
"Northern Mariana Islands","Population, total",1964,9925
"Norway","Population, total",1964,3694339
"Oman","Population, total",1964,572577
"Pakistan","Population, total",1964,50799999
"Palau","Population, total",1964,10292
"Panama","Population, total",1964,1270065
"Papua New Guinea","Population, total",1964,2188325
"Paraguay","Population, total",1964,2073119
"Peru","Population, total",1964,11427978
"Philippines","Population, total",1964,31643032
"Poland","Population, total",1964,31139450
"Portugal","Population, total",1964,9035365
"Puerto Rico","Population, total",1964,2554066
"Qatar","Population, total",1964,56867
"Romania","Population, total",1964,18919126
"Russian Federation","Population, total",1964,125345000
"Rwanda","Population, total",1964,3334834
"Samoa","Population, total",1964,124894
"San Marino","Population, total",1964,16977
"Sao Tome and Principe","Population, total",1964,70865
"Saudi Arabia","Population, total",1964,2821968
"Senegal","Population, total",1964,3740535
"Serbia","Population, total",1964,6832855
"Seychelles","Population, total",1964,46322
"Sierra Leone","Population, total",1964,2424390
"Singapore","Population, total",1964,1841600
"Sint Maarten (Dutch part)","Population, total",1964,3922
"Slovak Republic","Population, total",1964,4327341
"Slovenia","Population, total",1964,1632114
"Solomon Islands","Population, total",1964,153085
"Somalia","Population, total",1964,3192796
"South Africa","Population, total",1964,18511361
"South Sudan","Population, total",1964,3129918
"Spain","Population, total",1964,31609195
"Sri Lanka","Population, total",1964,10653397
"St. Kitts and Nevis","Population, total",1964,52326
"St. Lucia","Population, total",1964,96505
"St. Martin (French part)","Population, total",1964,4827
"St. Vincent and the Grenadines","Population, total",1964,89749
"Sudan","Population, total",1964,9531109
"Suriname","Population, total",1964,309041
"Sweden","Population, total",1964,7661354
"Switzerland","Population, total",1964,5789228
"Syrian Arab Republic","Population, total",1964,5269087
"Tajikistan","Population, total",1964,2411260
"Tanzania","Population, total",1964,11127826
"Thailand","Population, total",1964,30232141
"Timor-Leste","Population, total",1964,498659
"Togo","Population, total",1964,1803440
"Tonga","Population, total",1964,73879
"Trinidad and Tobago","Population, total",1964,912963
"Tunisia","Population, total",1964,4489869
"Turkiye","Population, total",1964,31543072
"Turkmenistan","Population, total",1964,1859997
"Turks and Caicos Islands","Population, total",1964,5657
"Tuvalu","Population, total",1964,5752
"Uganda","Population, total",1964,8586363
"Ukraine","Population, total",1964,44951156
"United Arab Emirates","Population, total",1964,159692
"United Kingdom","Population, total",1964,5.4e+07
"United States","Population, total",1964,191889000
"Uruguay","Population, total",1964,2653180
"Uzbekistan","Population, total",1964,9557611
"Vanuatu","Population, total",1964,72219
"Venezuela, RB","Population, total",1964,9377712
"Viet Nam","Population, total",1964,36201563
"Virgin Islands (U.S.)","Population, total",1964,40800
"Yemen, Rep.","Population, total",1964,6048006
"Zambia","Population, total",1964,3577017
"Zimbabwe","Population, total",1964,4320006
"Africa Eastern and Southern","Population, total",1965,149033472
"Africa Western and Central","Population, total",1965,108772632
"Arab World","Population, total",1965,104494008
"Caribbean small states","Population, total",1965,2839698
"Central Electricity Board (CEB)","Population, total",1965,95440988
"Early-demographic dividend","Population, total",1965,1101264258
"East Asia & Pacific","Population, total",1965,1136869154
"East Asia & Pacific (excluding high income)","Population, total",1965,977366928
"East Asia & Pacific (IDA & IBRD)","Population, total",1965,964163938
"Euro area","Population, total",1965,282028347
"Europe & Central Asia","Population, total",1965,706683416
"Europe & Central Asia (excluding high income)","Population, total",1965,142668572
"Europe & Central Asia (IDA & IBRD)","Population, total",1965,332375189
"European Union","Population, total",1965,373129199
"Fragile and conflict affected situations","Population, total",1965,272676376
"Heavily indebted poor countries (HIPC)","Population, total",1965,185208644
"High income","Population, total",1965,964459737
"IBRD only","Population, total",1965,2090209567
"IDA & IBRD total","Population, total",1965,2539564344
"IDA blend","Population, total",1965,141992226
"IDA only","Population, total",1965,307362551
"IDA total","Population, total",1965,449354777
"Late-demographic dividend","Population, total",1965,1188451832
"Latin America & Caribbean","Population, total",1965,250750949
"Latin America & Caribbean (excluding high income)","Population, total",1965,221535468
"Latin America & Caribbean (IDA & IBRD)","Population, total",1965,239708690
"Least developed countries: UN classification","Population, total",1965,277101968
"Low & middle income","Population, total",1965,2320529383
"Low income","Population, total",1965,129388226
"Lower middle income","Population, total",1965,927102247
"Middle East and North Africa","Population, total",1965,180361095
"Middle East & North Africa (excluding high income)","Population, total",1965,173012080
"Middle East & North Africa (IDA & IBRD)","Population, total",1965,173012080
"Middle income","Population, total",1965,2191141157
"North America","Population, total",1965,214028461
"OECD members","Population, total",1965,866300939
"Other small states","Population, total",1965,5779625
"Pacific island small states","Population, total",1965,1051140
"Post-demographic dividend","Population, total",1965,801451274
"Pre-demographic dividend","Population, total",1965,213246024
"Small states","Population, total",1965,9670463
"South Asia","Population, total",1965,572498343
"South Asia (IDA & IBRD)","Population, total",1965,572498343
"Sub-Saharan Africa","Population, total",1965,257806104
"Sub-Saharan Africa (excluding high income)","Population, total",1965,233447992
"Sub-Saharan Africa (IDA & IBRD)","Population, total",1965,257806104
"Upper middle income","Population, total",1965,1264038910
"World","Population, total",1965,3318997522
"Afghanistan","Population, total",1965,10036008
"Albania","Population, total",1965,1864791
"Algeria","Population, total",1965,12365976
"American Samoa","Population, total",1965,23406
"Andorra","Population, total",1965,13634
"Angola","Population, total",1965,5521981
"Antigua and Barbuda","Population, total",1965,59970
"Argentina","Population, total",1965,22112629
"Armenia","Population, total",1965,2183635
"Aruba","Population, total",1965,58190
"Australia","Population, total",1965,11388000
"Austria","Population, total",1965,7270889
"Azerbaijan","Population, total",1965,4574650
"Bahamas, The","Population, total",1965,147952
"Bahrain","Population, total",1965,200866
"Bangladesh","Population, total",1965,59902519
"Barbados","Population, total",1965,242417
"Belarus","Population, total",1965,8610000
"Belgium","Population, total",1965,9463667
"Belize","Population, total",1965,104675
"Benin","Population, total",1965,2757936
"Bermuda","Population, total",1965,47461
"Bhutan","Population, total",1965,261200
"Bolivia","Population, total",1965,4109796
"Bosnia and Herzegovina","Population, total",1965,3562834
"Botswana","Population, total",1965,574664
"Brazil","Population, total",1965,83817583
"British Virgin Islands","Population, total",1965,8257
"Brunei Darussalam","Population, total",1965,110838
"Bulgaria","Population, total",1965,8204168
"Burkina Faso","Population, total",1965,5152833
"Burundi","Population, total",1965,3141367
"Cabo Verde","Population, total",1965,244856
"Cambodia","Population, total",1965,6072289
"Cameroon","Population, total",1965,5704686
"Canada","Population, total",1965,19678000
"Cayman Islands","Population, total",1965,9361
"Central African Republic","Population, total",1965,1877854
"Chad","Population, total",1965,3374220
"Channel Islands","Population, total",1965,116879
"Chile","Population, total",1965,9012938
"China","Population, total",1965,715185000
"Colombia","Population, total",1965,18169050
"Comoros","Population, total",1965,214967
"Congo, Dem. Rep.","Population, total",1965,17427802
"Congo, Rep.","Population, total",1965,1207880
"Costa Rica","Population, total",1965,1586208
"Cote d'Ivoire","Population, total",1965,4442377
"Croatia","Population, total",1965,4280923
"Cuba","Population, total",1965,8030797
"Curacao","Population, total",1965,135266
"Cyprus","Population, total",1965,617736
"Czechia","Population, total",1965,9779358
"Denmark","Population, total",1965,4759012
"Djibouti","Population, total",1965,109092
"Dominica","Population, total",1965,63505
"Dominican Republic","Population, total",1965,3808963
"Ecuador","Population, total",1965,5303963
"Egypt, Arab Rep.","Population, total",1965,30629174
"El Salvador","Population, total",1965,3199466
"Equatorial Guinea","Population, total",1965,298238
"Eritrea","Population, total",1965,1098335
"Estonia","Population, total",1965,1294566
"Eswatini","Population, total",1965,388336
"Ethiopia","Population, total",1965,24310612
"Faroe Islands","Population, total",1965,36347
"Fiji","Population, total",1965,472575
"Finland","Population, total",1965,4563732
"France","Population, total",1965,49877725
"French Polynesia","Population, total",1965,96017
"Gabon","Population, total",1965,546308
"Gambia, The","Population, total",1965,455952
"Georgia","Population, total",1965,3921600
"Germany","Population, total",1965,75963695
"Ghana","Population, total",1965,7882606
"Gibraltar","Population, total",1965,23878
"Greece","Population, total",1965,8550333
"Greenland","Population, total",1965,39200
"Grenada","Population, total",1965,98067
"Guam","Population, total",1965,78932
"Guatemala","Population, total",1965,4704965
"Guinea","Population, total",1965,3890716
"Guinea-Bissau","Population, total",1965,575005
"Guyana","Population, total",1965,635128
"Haiti","Population, total",1965,4223820
"Honduras","Population, total",1965,2377157
"Hong Kong SAR, China","Population, total",1965,3597900
"Hungary","Population, total",1965,10147935
"Iceland","Population, total",1965,192286
"India","Population, total",1965,490140146
"Indonesia","Population, total",1965,101365130
"Iran, Islamic Rep.","Population, total",1965,25036978
"Iraq","Population, total",1965,8202140
"Ireland","Population, total",1965,2877300
"Isle of Man","Population, total",1965,50090
"Israel","Population, total",1965,2563000
"Italy","Population, total",1965,52112350
"Jamaica","Population, total",1965,1769192
"Japan","Population, total",1965,97952000
"Jordan","Population, total",1965,1099440
"Kazakhstan","Population, total",1965,10993183
"Kenya","Population, total",1965,9338078
"Kiribati","Population, total",1965,53439
"Korea, Dem. People's Rep.","Population, total",1965,13219369
"Korea, Rep.","Population, total",1965,28704674
"Kosovo","Population, total",1965,1120168
"Kuwait","Population, total",1965,521174
"Kyrgyz Republic","Population, total",1965,2573300
"Lao PDR","Population, total",1965,2376200
"Latvia","Population, total",1965,2265919
"Lebanon","Population, total",1965,2088831
"Lesotho","Population, total",1965,854090
"Liberia","Population, total",1965,1291156
"Libya","Population, total",1965,1804015
"Liechtenstein","Population, total",1965,19195
"Lithuania","Population, total",1965,2971450
"Luxembourg","Population, total",1965,331500
"Macao SAR, China","Population, total",1965,265631
"Madagascar","Population, total",1965,5819116
"Malawi","Population, total",1965,4096157
"Malaysia","Population, total",1965,9056408
"Maldives","Population, total",1965,104102
"Mali","Population, total",1965,5815487
"Malta","Population, total",1965,318800
"Marshall Islands","Population, total",1965,17402
"Mauritania","Population, total",1965,945838
"Mauritius","Population, total",1965,753000
"Mexico","Population, total",1965,43174477
"Micronesia, Fed. Sts.","Population, total",1965,50684
"Moldova","Population, total",1965,2265287
"Monaco","Population, total",1965,22941
"Mongolia","Population, total",1965,1131177
"Montenegro","Population, total",1965,526327
"Morocco","Population, total",1965,13239171
"Mozambique","Population, total",1965,7406421
"Myanmar","Population, total",1965,24279431
"Namibia","Population, total",1965,660558
"Nauru","Population, total",1965,5832
"Nepal","Population, total",1965,11173411
"Netherlands","Population, total",1965,12294732
"New Caledonia","Population, total",1965,93159
"New Zealand","Population, total",1965,2628400
"Nicaragua","Population, total",1965,2072681
"Niger","Population, total",1965,4049695
"Nigeria","Population, total",1965,50086764
"North Macedonia","Population, total",1965,1533466
"Northern Mariana Islands","Population, total",1965,10264
"Norway","Population, total",1965,3723168
"Oman","Population, total",1965,585236
"Pakistan","Population, total",1965,52209010
"Palau","Population, total",1965,10547
"Panama","Population, total",1965,1308835
"Papua New Guinea","Population, total",1965,2235820
"Paraguay","Population, total",1965,2125177
"Peru","Population, total",1965,11761085
"Philippines","Population, total",1965,32625316
"Poland","Population, total",1965,31444950
"Portugal","Population, total",1965,8998595
"Puerto Rico","Population, total",1965,2594000
"Qatar","Population, total",1965,64065
"Romania","Population, total",1965,19031576
"Russian Federation","Population, total",1965,126745000
"Rwanda","Population, total",1965,3423210
"Samoa","Population, total",1965,127978
"San Marino","Population, total",1965,17305
"Sao Tome and Principe","Population, total",1965,71680
"Saudi Arabia","Population, total",1965,2928771
"Senegal","Population, total",1965,3849788
"Serbia","Population, total",1965,6876624
"Seychelles","Population, total",1965,47500
"Sierra Leone","Population, total",1965,2468666
"Singapore","Population, total",1965,1886900
"Sint Maarten (Dutch part)","Population, total",1965,4282
"Slovak Republic","Population, total",1965,4370983
"Slovenia","Population, total",1965,1649160
"Solomon Islands","Population, total",1965,156686
"Somalia","Population, total",1965,3277874
"South Africa","Population, total",1965,19089380
"South Sudan","Population, total",1965,3189835
"Spain","Population, total",1965,31954292
"Sri Lanka","Population, total",1965,10916965
"St. Kitts and Nevis","Population, total",1965,51139
"St. Lucia","Population, total",1965,97493
"St. Martin (French part)","Population, total",1965,4996
"St. Vincent and the Grenadines","Population, total",1965,90927
"Sudan","Population, total",1965,9858030
"Suriname","Population, total",1965,320000
"Sweden","Population, total",1965,7733853
"Switzerland","Population, total",1965,5856472
"Syrian Arab Republic","Population, total",1965,5435267
"Tajikistan","Population, total",1965,2492998
"Tanzania","Population, total",1965,11470728
"Thailand","Population, total",1965,31149337
"Timor-Leste","Population, total",1965,507034
"Togo","Population, total",1965,1853771
"Tonga","Population, total",1965,75924
"Trinidad and Tobago","Population, total",1965,928425
"Tunisia","Population, total",1965,4561385
"Turkiye","Population, total",1965,32345220
"Turkmenistan","Population, total",1965,1915916
"Turks and Caicos Islands","Population, total",1965,5658
"Tuvalu","Population, total",1965,5715
"Uganda","Population, total",1965,8849203
"Ukraine","Population, total",1965,45386892
"United Arab Emirates","Population, total",1965,167103
"United Kingdom","Population, total",1965,54348050
"United States","Population, total",1965,194303000
"Uruguay","Population, total",1965,2681169
"Uzbekistan","Population, total",1965,9921681
"Vanuatu","Population, total",1965,74358
"Venezuela, RB","Population, total",1965,9697790
"Viet Nam","Population, total",1965,37129656
"Virgin Islands (U.S.)","Population, total",1965,43500
"Yemen, Rep.","Population, total",1965,6195593
"Zambia","Population, total",1965,3692086
"Zimbabwe","Population, total",1965,4458462
"Africa Eastern and Southern","Population, total",1966,153281203
"Africa Western and Central","Population, total",1966,111246953
"Arab World","Population, total",1966,107403055
"Caribbean small states","Population, total",1966,2894435
"Central Electricity Board (CEB)","Population, total",1966,96146336
"Early-demographic dividend","Population, total",1966,1128474732
"East Asia & Pacific","Population, total",1966,1166223463
"East Asia & Pacific (excluding high income)","Population, total",1966,1004271490
"East Asia & Pacific (IDA & IBRD)","Population, total",1966,990719244
"Euro area","Population, total",1966,284299197
"Europe & Central Asia","Population, total",1966,713443573
"Europe & Central Asia (excluding high income)","Population, total",1966,145371529
"Europe & Central Asia (IDA & IBRD)","Population, total",1966,336304737
"European Union","Population, total",1966,376058575
"Fragile and conflict affected situations","Population, total",1966,278749755
"Heavily indebted poor countries (HIPC)","Population, total",1966,190048827
"High income","Population, total",1966,974216640
"IBRD only","Population, total",1966,2139608511
"IDA & IBRD total","Population, total",1966,2600930009
"IDA blend","Population, total",1966,145904459
"IDA only","Population, total",1966,315417039
"IDA total","Population, total",1966,461321498
"Late-demographic dividend","Population, total",1966,1217220438
"Latin America & Caribbean","Population, total",1966,257488362
"Latin America & Caribbean (excluding high income)","Population, total",1966,227585310
"Latin America & Caribbean (IDA & IBRD)","Population, total",1966,246239963
"Least developed countries: UN classification","Population, total",1966,284221585
"Low & middle income","Population, total",1966,2379893006
"Low income","Population, total",1966,132707292
"Lower middle income","Population, total",1966,949379894
"Middle East and North Africa","Population, total",1966,185366083
"Middle East & North Africa (excluding high income)","Population, total",1966,177756891
"Middle East & North Africa (IDA & IBRD)","Population, total",1966,177756891
"Middle income","Population, total",1966,2247185714
"North America","Population, total",1966,216656534
"OECD members","Population, total",1966,877030636
"Other small states","Population, total",1966,5872358
"Pacific island small states","Population, total",1966,1079689
"Post-demographic dividend","Population, total",1966,809623605
"Pre-demographic dividend","Population, total",1966,218721527
"Small states","Population, total",1966,9846482
"South Asia","Population, total",1966,585381018
"South Asia (IDA & IBRD)","Population, total",1966,585381018
"Sub-Saharan Africa","Population, total",1966,264528156
"Sub-Saharan Africa (excluding high income)","Population, total",1966,239526768
"Sub-Saharan Africa (IDA & IBRD)","Population, total",1966,264528156
"Upper middle income","Population, total",1966,1297805820
"World","Population, total",1966,3389087189
"Afghanistan","Population, total",1966,10266395
"Albania","Population, total",1966,1914573
"Algeria","Population, total",1966,12590069
"American Samoa","Population, total",1966,24136
"Andorra","Population, total",1966,14626
"Angola","Population, total",1966,5581386
"Antigua and Barbuda","Population, total",1966,60900
"Argentina","Population, total",1966,22453893
"Armenia","Population, total",1966,2246159
"Aruba","Population, total",1966,58694
"Australia","Population, total",1966,11651000
"Austria","Population, total",1966,7322066
"Azerbaijan","Population, total",1966,4708150
"Bahamas, The","Population, total",1966,154874
"Bahrain","Population, total",1966,207543
"Bangladesh","Population, total",1966,61669806
"Barbados","Population, total",1966,244996
"Belarus","Population, total",1966,8696496
"Belgium","Population, total",1966,9527807
"Belize","Population, total",1966,107906
"Benin","Population, total",1966,2814317
"Bermuda","Population, total",1966,48534
"Bhutan","Population, total",1966,269820
"Bolivia","Population, total",1966,4199550
"Bosnia and Herzegovina","Population, total",1966,3610562
"Botswana","Population, total",1966,577866
"Brazil","Population, total",1966,86139359
"British Virgin Islands","Population, total",1966,8413
"Brunei Darussalam","Population, total",1966,115874
"Bulgaria","Population, total",1966,8258057
"Burkina Faso","Population, total",1966,5237933
"Burundi","Population, total",1966,3217960
"Cabo Verde","Population, total",1966,252976
"Cambodia","Population, total",1966,6201232
"Cameroon","Population, total",1966,5837295
"Canada","Population, total",1966,20048000
"Cayman Islands","Population, total",1966,9560
"Central African Republic","Population, total",1966,1918082
"Chad","Population, total",1966,3440903
"Channel Islands","Population, total",1966,118186
"Chile","Population, total",1966,9181722
"China","Population, total",1966,735400000
"Colombia","Population, total",1966,18702688
"Comoros","Population, total",1966,218663
"Congo, Dem. Rep.","Population, total",1966,17931929
"Congo, Rep.","Population, total",1966,1242534
"Costa Rica","Population, total",1966,1638116
"Cote d'Ivoire","Population, total",1966,4617519
"Croatia","Population, total",1966,4310701
"Cuba","Population, total",1966,8193450
"Curacao","Population, total",1966,136682
"Cyprus","Population, total",1966,623390
"Czechia","Population, total",1966,9821040
"Denmark","Population, total",1966,4797381
"Djibouti","Population, total",1966,115269
"Dominica","Population, total",1966,64507
"Dominican Republic","Population, total",1966,3921847
"Ecuador","Population, total",1966,5463748
"Egypt, Arab Rep.","Population, total",1966,31406541
"El Salvador","Population, total",1966,3290961
"Equatorial Guinea","Population, total",1966,304859
"Eritrea","Population, total",1966,1124957
"Estonia","Population, total",1966,1308597
"Eswatini","Population, total",1966,398766
"Ethiopia","Population, total",1966,24952689
"Faroe Islands","Population, total",1966,36816
"Fiji","Population, total",1966,486487
"Finland","Population, total",1966,4580869
"France","Population, total",1966,50311637
"French Polynesia","Population, total",1966,99320
"Gabon","Population, total",1966,554463
"Gambia, The","Population, total",1966,468516
"Georgia","Population, total",1966,3966700
"Germany","Population, total",1966,76600311
"Ghana","Population, total",1966,8074521
"Gibraltar","Population, total",1966,24444
"Greece","Population, total",1966,8613651
"Greenland","Population, total",1966,40500
"Grenada","Population, total",1966,98121
"Guam","Population, total",1966,80844
"Guatemala","Population, total",1966,4840958
"Guinea","Population, total",1966,3964155
"Guinea-Bissau","Population, total",1966,566908
"Guyana","Population, total",1966,648646
"Haiti","Population, total",1966,4302639
"Honduras","Population, total",1966,2446751
"Hong Kong SAR, China","Population, total",1966,3629900
"Hungary","Population, total",1966,10178653
"Iceland","Population, total",1966,195570
"India","Population, total",1966,500740247
"Indonesia","Population, total",1966,103792754
"Iran, Islamic Rep.","Population, total",1966,25829270
"Iraq","Population, total",1966,8485104
"Ireland","Population, total",1966,2888800
"Isle of Man","Population, total",1966,50749
"Israel","Population, total",1966,2629000
"Italy","Population, total",1966,52519000
"Jamaica","Population, total",1966,1791475
"Japan","Population, total",1966,98851000
"Jordan","Population, total",1966,1178360
"Kazakhstan","Population, total",1966,11288989
"Kenya","Population, total",1966,9717816
"Kiribati","Population, total",1966,54425
"Korea, Dem. People's Rep.","Population, total",1966,13569094
"Korea, Rep.","Population, total",1966,29435571
"Kosovo","Population, total",1966,1152586
"Kuwait","Population, total",1966,572590
"Kyrgyz Republic","Population, total",1966,2655300
"Lao PDR","Population, total",1966,2431084
"Latvia","Population, total",1966,2283217
"Lebanon","Population, total",1966,2148260
"Lesotho","Population, total",1966,881870
"Liberia","Population, total",1966,1324383
"Libya","Population, total",1966,1849063
"Liechtenstein","Population, total",1966,19610
"Lithuania","Population, total",1966,3008050
"Luxembourg","Population, total",1966,333895
"Macao SAR, China","Population, total",1966,262942
"Madagascar","Population, total",1966,5974279
"Malawi","Population, total",1966,4197926
"Malaysia","Population, total",1966,9284688
"Maldives","Population, total",1966,108507
"Mali","Population, total",1966,5902204
"Malta","Population, total",1966,315200
"Marshall Islands","Population, total",1966,17927
"Mauritania","Population, total",1966,974157
"Mauritius","Population, total",1966,768813
"Mexico","Population, total",1966,44629106
"Micronesia, Fed. Sts.","Population, total",1966,52258
"Moldova","Population, total",1966,2301871
"Monaco","Population, total",1966,23131
"Mongolia","Population, total",1966,1163754
"Montenegro","Population, total",1966,526419
"Morocco","Population, total",1966,13597065
"Mozambique","Population, total",1966,7562990
"Myanmar","Population, total",1966,24836496
"Namibia","Population, total",1966,677655
"Nauru","Population, total",1966,6043
"Nepal","Population, total",1966,11408710
"Netherlands","Population, total",1966,12456251
"New Caledonia","Population, total",1966,95820
"New Zealand","Population, total",1966,2675900
"Nicaragua","Population, total",1966,2137820
"Niger","Population, total",1966,4165544
"Nigeria","Population, total",1966,51188234
"North Macedonia","Population, total",1966,1557349
"Northern Mariana Islands","Population, total",1966,10612
"Norway","Population, total",1966,3753012
"Oman","Population, total",1966,598804
"Pakistan","Population, total",1966,53678667
"Palau","Population, total",1966,10805
"Panama","Population, total",1966,1348388
"Papua New Guinea","Population, total",1966,2285774
"Paraguay","Population, total",1966,2177584
"Peru","Population, total",1966,12101297
"Philippines","Population, total",1966,33617170
"Poland","Population, total",1966,31681000
"Portugal","Population, total",1966,8930990
"Puerto Rico","Population, total",1966,2624995
"Qatar","Population, total",1966,72192
"Romania","Population, total",1966,19215450
"Russian Federation","Population, total",1966,127468000
"Rwanda","Population, total",1966,3521626
"Samoa","Population, total",1966,131073
"San Marino","Population, total",1966,17523
"Sao Tome and Principe","Population, total",1966,72576
"Saudi Arabia","Population, total",1966,3039887
"Senegal","Population, total",1966,3964299
"Serbia","Population, total",1966,6927969
"Seychelles","Population, total",1966,48699
"Sierra Leone","Population, total",1966,2514638
"Singapore","Population, total",1966,1934400
"Sint Maarten (Dutch part)","Population, total",1966,4664
"Slovak Republic","Population, total",1966,4411666
"Slovenia","Population, total",1966,1669905
"Solomon Islands","Population, total",1966,160393
"Somalia","Population, total",1966,3365106
"South Africa","Population, total",1966,19690087
"South Sudan","Population, total",1966,3236423
"Spain","Population, total",1966,32283194
"Sri Lanka","Population, total",1966,11183928
"St. Kitts and Nevis","Population, total",1966,49898
"St. Lucia","Population, total",1966,98463
"St. Martin (French part)","Population, total",1966,5213
"St. Vincent and the Grenadines","Population, total",1966,92052
"Sudan","Population, total",1966,10197578
"Suriname","Population, total",1966,331135
"Sweden","Population, total",1966,7807797
"Switzerland","Population, total",1966,5918002
"Syrian Arab Republic","Population, total",1966,5609047
"Tajikistan","Population, total",1966,2577184
"Tanzania","Population, total",1966,11827459
"Thailand","Population, total",1966,32086071
"Timor-Leste","Population, total",1966,515696
"Togo","Population, total",1966,1918513
"Tonga","Population, total",1966,78002
"Trinidad and Tobago","Population, total",1966,942937
"Tunisia","Population, total",1966,4652287
"Turkiye","Population, total",1966,33177672
"Turkmenistan","Population, total",1966,1971737
"Turks and Caicos Islands","Population, total",1966,5654
"Tuvalu","Population, total",1966,5686
"Uganda","Population, total",1966,9122864
"Ukraine","Population, total",1966,45802519
"United Arab Emirates","Population, total",1966,173976
"United Kingdom","Population, total",1966,54648500
"United States","Population, total",1966,196560000
"Uruguay","Population, total",1966,2707646
"Uzbekistan","Population, total",1966,10289294
"Vanuatu","Population, total",1966,76590
"Venezuela, RB","Population, total",1966,10024854
"Viet Nam","Population, total",1966,38024836
"Virgin Islands (U.S.)","Population, total",1966,46200
"Yemen, Rep.","Population, total",1966,6351494
"Zambia","Population, total",1966,3812003
"Zimbabwe","Population, total",1966,4601217
"Africa Eastern and Southern","Population, total",1967,157704381
"Africa Western and Central","Population, total",1967,113795019
"Arab World","Population, total",1967,110491709
"Caribbean small states","Population, total",1967,2948759
"Central Electricity Board (CEB)","Population, total",1967,97043270
"Early-demographic dividend","Population, total",1967,1156817324
"East Asia & Pacific","Population, total",1967,1194633135
"East Asia & Pacific (excluding high income)","Population, total",1967,1030471073
"East Asia & Pacific (IDA & IBRD)","Population, total",1967,1016529846
"Euro area","Population, total",1967,286298506
"Europe & Central Asia","Population, total",1967,720146318
"Europe & Central Asia (excluding high income)","Population, total",1967,148087983
"Europe & Central Asia (IDA & IBRD)","Population, total",1967,340454289
"European Union","Population, total",1967,378902917
"Fragile and conflict affected situations","Population, total",1967,284996969
"Heavily indebted poor countries (HIPC)","Population, total",1967,195111370
"High income","Population, total",1967,983598764
"IBRD only","Population, total",1967,2188950141
"IDA & IBRD total","Population, total",1967,2662674586
"IDA blend","Population, total",1967,149923848
"IDA only","Population, total",1967,323800597
"IDA total","Population, total",1967,473724445
"Late-demographic dividend","Population, total",1967,1245130293
"Latin America & Caribbean","Population, total",1967,264279682
"Latin America & Caribbean (excluding high income)","Population, total",1967,233696754
"Latin America & Caribbean (IDA & IBRD)","Population, total",1967,252838271
"Least developed countries: UN classification","Population, total",1967,291642814
"Low & middle income","Population, total",1967,2439437803
"Low income","Population, total",1967,136209201
"Lower middle income","Population, total",1967,972239035
"Middle East and North Africa","Population, total",1967,190664582
"Middle East & North Africa (excluding high income)","Population, total",1967,182734055
"Middle East & North Africa (IDA & IBRD)","Population, total",1967,182734055
"Middle income","Population, total",1967,2303228602
"North America","Population, total",1967,219173514
"OECD members","Population, total",1967,887553832
"Other small states","Population, total",1967,5959394
"Pacific island small states","Population, total",1967,1105889
"Post-demographic dividend","Population, total",1967,817437528
"Pre-demographic dividend","Population, total",1967,224392810
"Small states","Population, total",1967,10014042
"South Asia","Population, total",1967,598618725
"South Asia (IDA & IBRD)","Population, total",1967,598618725
"Sub-Saharan Africa","Population, total",1967,271499400
"Sub-Saharan Africa (excluding high income)","Population, total",1967,245829213
"Sub-Saharan Africa (IDA & IBRD)","Population, total",1967,271499400
"Upper middle income","Population, total",1967,1330989567
"World","Population, total",1967,3459015356
"Afghanistan","Population, total",1967,10505959
"Albania","Population, total",1967,1965598
"Algeria","Population, total",1967,12876118
"American Samoa","Population, total",1967,24863
"Andorra","Population, total",1967,15837
"Angola","Population, total",1967,5641807
"Antigua and Barbuda","Population, total",1967,61837
"Argentina","Population, total",1967,22799059
"Armenia","Population, total",1967,2307492
"Aruba","Population, total",1967,58990
"Australia","Population, total",1967,11799000
"Austria","Population, total",1967,7376998
"Azerbaijan","Population, total",1967,4832000
"Bahamas, The","Population, total",1967,162267
"Bahrain","Population, total",1967,214189
"Bangladesh","Population, total",1967,63510929
"Barbados","Population, total",1967,247091
"Belarus","Population, total",1967,8785648
"Belgium","Population, total",1967,9580991
"Belize","Population, total",1967,111272
"Benin","Population, total",1967,2872997
"Bermuda","Population, total",1967,49514
"Bhutan","Population, total",1967,278852
"Bolivia","Population, total",1967,4292572
"Bosnia and Herzegovina","Population, total",1967,3656223
"Botswana","Population, total",1967,580933
"Brazil","Population, total",1967,88446124
"British Virgin Islands","Population, total",1967,8646
"Brunei Darussalam","Population, total",1967,121017
"Bulgaria","Population, total",1967,8310226
"Burkina Faso","Population, total",1967,5326348
"Burundi","Population, total",1967,3300690
"Cabo Verde","Population, total",1967,261404
"Cambodia","Population, total",1967,6332944
"Cameroon","Population, total",1967,5977318
"Canada","Population, total",1967,20412000
"Cayman Islands","Population, total",1967,9769
"Central African Republic","Population, total",1967,1960444
"Chad","Population, total",1967,3508512
"Channel Islands","Population, total",1967,119505
"Chile","Population, total",1967,9348939
"China","Population, total",1967,754550000
"Colombia","Population, total",1967,19235618
"Comoros","Population, total",1967,223859
"Congo, Dem. Rep.","Population, total",1967,18462782
"Congo, Rep.","Population, total",1967,1278691
"Costa Rica","Population, total",1967,1689523
"Cote d'Ivoire","Population, total",1967,4799744
"Croatia","Population, total",1967,4338683
"Cuba","Population, total",1967,8352625
"Curacao","Population, total",1967,138140
"Cyprus","Population, total",1967,629251
"Czechia","Population, total",1967,9852899
"Denmark","Population, total",1967,4835354
"Djibouti","Population, total",1967,121649
"Dominica","Population, total",1967,65585
"Dominican Republic","Population, total",1967,4038928
"Ecuador","Population, total",1967,5629057
"Egypt, Arab Rep.","Population, total",1967,32196360
"El Salvador","Population, total",1967,3385184
"Equatorial Guinea","Population, total",1967,311805
"Eritrea","Population, total",1967,1152339
"Estonia","Population, total",1967,1318946
"Eswatini","Population, total",1967,409031
"Ethiopia","Population, total",1967,25620276
"Faroe Islands","Population, total",1967,37202
"Fiji","Population, total",1967,498873
"Finland","Population, total",1967,4605744
"France","Population, total",1967,50722791
"French Polynesia","Population, total",1967,102754
"Gabon","Population, total",1967,563108
"Gambia, The","Population, total",1967,481588
"Georgia","Population, total",1967,4005800
"Germany","Population, total",1967,76951336
"Ghana","Population, total",1967,8271913
"Gibraltar","Population, total",1967,25015
"Greece","Population, total",1967,8684088
"Greenland","Population, total",1967,41900
"Grenada","Population, total",1967,98066
"Guam","Population, total",1967,82719
"Guatemala","Population, total",1967,4978862
"Guinea","Population, total",1967,4040153
"Guinea-Bissau","Population, total",1967,569011
"Guyana","Population, total",1967,662311
"Haiti","Population, total",1967,4382999
"Honduras","Population, total",1967,2518648
"Hong Kong SAR, China","Population, total",1967,3722800
"Hungary","Population, total",1967,10216604
"Iceland","Population, total",1967,198751
"India","Population, total",1967,511606372
"Indonesia","Population, total",1967,106526393
"Iran, Islamic Rep.","Population, total",1967,26628432
"Iraq","Population, total",1967,8778869
"Ireland","Population, total",1967,2902450
"Isle of Man","Population, total",1967,51741
"Israel","Population, total",1967,2745000
"Italy","Population, total",1967,52900500
"Jamaica","Population, total",1967,1812865
"Japan","Population, total",1967,99879000
"Jordan","Population, total",1967,1271183
"Kazakhstan","Population, total",1967,11584428
"Kenya","Population, total",1967,10111057
"Kiribati","Population, total",1967,54996
"Korea, Dem. People's Rep.","Population, total",1967,13958350
"Korea, Rep.","Population, total",1967,30130983
"Kosovo","Population, total",1967,1187667
"Kuwait","Population, total",1967,628089
"Kyrgyz Republic","Population, total",1967,2736500
"Lao PDR","Population, total",1967,2487715
"Latvia","Population, total",1967,2301220
"Lebanon","Population, total",1967,2206731
"Lesotho","Population, total",1967,913982
"Liberia","Population, total",1967,1358435
"Libya","Population, total",1967,1898199
"Liechtenstein","Population, total",1967,20175
"Lithuania","Population, total",1967,3044400
"Luxembourg","Population, total",1967,334995
"Macao SAR, China","Population, total",1967,260423
"Madagascar","Population, total",1967,6136486
"Malawi","Population, total",1967,4303012
"Malaysia","Population, total",1967,9507099
"Maldives","Population, total",1967,112528
"Mali","Population, total",1967,5990906
"Malta","Population, total",1967,311550
"Marshall Islands","Population, total",1967,18655
"Mauritania","Population, total",1967,1003843
"Mauritius","Population, total",1967,783917
"Mexico","Population, total",1967,46129608
"Micronesia, Fed. Sts.","Population, total",1967,53846
"Moldova","Population, total",1967,2337695
"Monaco","Population, total",1967,23230
"Mongolia","Population, total",1967,1196996
"Montenegro","Population, total",1967,522796
"Morocco","Population, total",1967,13968175
"Mozambique","Population, total",1967,7724550
"Myanmar","Population, total",1967,25406429
"Namibia","Population, total",1967,696045
"Nauru","Population, total",1967,6135
"Nepal","Population, total",1967,11652716
"Netherlands","Population, total",1967,12598201
"New Caledonia","Population, total",1967,98587
"New Zealand","Population, total",1967,2724100
"Nicaragua","Population, total",1967,2205567
"Niger","Population, total",1967,4283590
"Nigeria","Population, total",1967,52293065
"North Macedonia","Population, total",1967,1582492
"Northern Mariana Islands","Population, total",1967,10749
"Norway","Population, total",1967,3784539
"Oman","Population, total",1967,613318
"Pakistan","Population, total",1967,55214768
"Palau","Population, total",1967,10988
"Panama","Population, total",1967,1388628
"Papua New Guinea","Population, total",1967,2337532
"Paraguay","Population, total",1967,2229994
"Peru","Population, total",1967,12448814
"Philippines","Population, total",1967,34621320
"Poland","Population, total",1967,31987155
"Portugal","Population, total",1967,8874520
"Puerto Rico","Population, total",1967,2645674
"Qatar","Population, total",1967,81439
"Romania","Population, total",1967,19534242
"Russian Federation","Population, total",1967,128196000
"Rwanda","Population, total",1967,3629577
"Samoa","Population, total",1967,133764
"San Marino","Population, total",1967,17688
"Sao Tome and Principe","Population, total",1967,73596
"Saudi Arabia","Population, total",1967,3157242
"Senegal","Population, total",1967,4083870
"Serbia","Population, total",1967,6966522
"Seychelles","Population, total",1967,49911
"Sierra Leone","Population, total",1967,2562384
"Singapore","Population, total",1967,1977600
"Sint Maarten (Dutch part)","Population, total",1967,5071
"Slovak Republic","Population, total",1967,4449367
"Slovenia","Population, total",1967,1689528
"Solomon Islands","Population, total",1967,164245
"Somalia","Population, total",1967,3454537
"South Africa","Population, total",1967,20314066
"South Sudan","Population, total",1967,3277648
"Spain","Population, total",1967,32682947
"Sri Lanka","Population, total",1967,11457328
"St. Kitts and Nevis","Population, total",1967,48605
"St. Lucia","Population, total",1967,99504
"St. Martin (French part)","Population, total",1967,5472
"St. Vincent and the Grenadines","Population, total",1967,93124
"Sudan","Population, total",1967,10550597
"Suriname","Population, total",1967,342679
"Sweden","Population, total",1967,7867931
"Switzerland","Population, total",1967,5991785
"Syrian Arab Republic","Population, total",1967,5790198
"Tajikistan","Population, total",1967,2664130
"Tanzania","Population, total",1967,12200109
"Thailand","Population, total",1967,33037801
"Timor-Leste","Population, total",1967,524648
"Togo","Population, total",1967,1995890
"Tonga","Population, total",1967,79814
"Trinidad and Tobago","Population, total",1967,956418
"Tunisia","Population, total",1967,4760970
"Turkiye","Population, total",1967,34050421
"Turkmenistan","Population, total",1967,2027403
"Turks and Caicos Islands","Population, total",1967,5657
"Tuvalu","Population, total",1967,5652
"Uganda","Population, total",1967,9408924
"Ukraine","Population, total",1967,46215988
"United Arab Emirates","Population, total",1967,179700
"United Kingdom","Population, total",1967,54943600
"United States","Population, total",1967,198712000
"Uruguay","Population, total",1967,2732277
"Uzbekistan","Population, total",1967,10659180
"Vanuatu","Population, total",1967,78921
"Venezuela, RB","Population, total",1967,10358513
"Viet Nam","Population, total",1967,38895080
"Virgin Islands (U.S.)","Population, total",1967,49100
"Yemen, Rep.","Population, total",1967,6516444
"Zambia","Population, total",1967,3936343
"Zimbabwe","Population, total",1967,4748307
"Africa Eastern and Southern","Population, total",1968,162329396
"Africa Western and Central","Population, total",1968,116444636
"Arab World","Population, total",1968,113712171
"Caribbean small states","Population, total",1968,3002786
"Central Electricity Board (CEB)","Population, total",1968,97884022
"Early-demographic dividend","Population, total",1968,1185936827
"East Asia & Pacific","Population, total",1968,1224397449
"East Asia & Pacific (excluding high income)","Population, total",1968,1057697808
"East Asia & Pacific (IDA & IBRD)","Population, total",1968,1043349620
"Euro area","Population, total",1968,288206171
"Europe & Central Asia","Population, total",1968,726634174
"Europe & Central Asia (excluding high income)","Population, total",1968,150777578
"Europe & Central Asia (IDA & IBRD)","Population, total",1968,344535295
"European Union","Population, total",1968,381579577
"Fragile and conflict affected situations","Population, total",1968,291464978
"Heavily indebted poor countries (HIPC)","Population, total",1968,200419142
"High income","Population, total",1968,992893702
"IBRD only","Population, total",1968,2239610101
"IDA & IBRD total","Population, total",1968,2726203260
"IDA blend","Population, total",1968,154080039
"IDA only","Population, total",1968,332513120
"IDA total","Population, total",1968,486593159
"Late-demographic dividend","Population, total",1968,1273820149
"Latin America & Caribbean","Population, total",1968,271127278
"Latin America & Caribbean (excluding high income)","Population, total",1968,239864448
"Latin America & Caribbean (IDA & IBRD)","Population, total",1968,259494716
"Least developed countries: UN classification","Population, total",1968,299374569
"Low & middle income","Population, total",1968,2500774399
"Low income","Population, total",1968,139862334
"Lower middle income","Population, total",1968,995662056
"Middle East and North Africa","Population, total",1968,196098319
"Middle East & North Africa (excluding high income)","Population, total",1968,187877692
"Middle East & North Africa (IDA & IBRD)","Population, total",1968,187877692
"Middle income","Population, total",1968,2360912065
"North America","Population, total",1968,221500404
"OECD members","Population, total",1968,897869478
"Other small states","Population, total",1968,6047701
"Pacific island small states","Population, total",1968,1130851
"Post-demographic dividend","Population, total",1968,825029113
"Pre-demographic dividend","Population, total",1968,230300956
"Small states","Population, total",1968,10181338
"South Asia","Population, total",1968,612171905
"South Asia (IDA & IBRD)","Population, total",1968,612171905
"Sub-Saharan Africa","Population, total",1968,278774032
"Sub-Saharan Africa (excluding high income)","Population, total",1968,252384968
"Sub-Saharan Africa (IDA & IBRD)","Population, total",1968,278774032
"Upper middle income","Population, total",1968,1365250009
"World","Population, total",1968,3530703561
"Afghanistan","Population, total",1968,10756922
"Albania","Population, total",1968,2022272
"Algeria","Population, total",1968,13172614
"American Samoa","Population, total",1968,25614
"Andorra","Population, total",1968,17176
"Angola","Population, total",1968,5702699
"Antigua and Barbuda","Population, total",1968,62809
"Argentina","Population, total",1968,23150583
"Armenia","Population, total",1968,2367319
"Aruba","Population, total",1968,59069
"Australia","Population, total",1968,12009000
"Austria","Population, total",1968,7415403
"Azerbaijan","Population, total",1968,4948500
"Bahamas, The","Population, total",1968,170089
"Bahrain","Population, total",1968,219337
"Bangladesh","Population, total",1968,65408276
"Barbados","Population, total",1968,248540
"Belarus","Population, total",1968,8874552
"Belgium","Population, total",1968,9618756
"Belize","Population, total",1968,114713
"Benin","Population, total",1968,2934257
"Bermuda","Population, total",1968,50404
"Bhutan","Population, total",1968,288311
"Bolivia","Population, total",1968,4388944
"Bosnia and Herzegovina","Population, total",1968,3698794
"Botswana","Population, total",1968,583966
"Brazil","Population, total",1968,90741240
"British Virgin Islands","Population, total",1968,9000
"Brunei Darussalam","Population, total",1968,126222
"Bulgaria","Population, total",1968,8369603
"Burkina Faso","Population, total",1968,5418644
"Burundi","Population, total",1968,3380387
"Cabo Verde","Population, total",1968,270164
"Cambodia","Population, total",1968,6467324
"Cameroon","Population, total",1968,6125863
"Canada","Population, total",1968,20744000
"Cayman Islands","Population, total",1968,9971
"Central African Republic","Population, total",1968,2005100
"Chad","Population, total",1968,3578231
"Channel Islands","Population, total",1968,120793
"Chile","Population, total",1968,9514716
"China","Population, total",1968,774510000
"Colombia","Population, total",1968,19766796
"Comoros","Population, total",1968,230244
"Congo, Dem. Rep.","Population, total",1968,19012189
"Congo, Rep.","Population, total",1968,1316519
"Costa Rica","Population, total",1968,1739731
"Cote d'Ivoire","Population, total",1968,4990021
"Croatia","Population, total",1968,4365628
"Cuba","Population, total",1968,8509522
"Curacao","Population, total",1968,140298
"Cyprus","Population, total",1968,635157
"Czechia","Population, total",1968,9876346
"Denmark","Population, total",1968,4864883
"Djibouti","Population, total",1968,128250
"Dominica","Population, total",1968,66732
"Dominican Republic","Population, total",1968,4157189
"Ecuador","Population, total",1968,5799680
"Egypt, Arab Rep.","Population, total",1968,32998319
"El Salvador","Population, total",1968,3480773
"Equatorial Guinea","Population, total",1968,318849
"Eritrea","Population, total",1968,1181737
"Estonia","Population, total",1968,1331214
"Eswatini","Population, total",1968,419147
"Ethiopia","Population, total",1968,26337930
"Faroe Islands","Population, total",1968,37560
"Fiji","Population, total",1968,510002
"Finland","Population, total",1968,4626469
"France","Population, total",1968,51112980
"French Polynesia","Population, total",1968,106353
"Gabon","Population, total",1968,572257
"Gambia, The","Population, total",1968,495269
"Georgia","Population, total",1968,4042300
"Germany","Population, total",1968,77294314
"Ghana","Population, total",1968,8475729
"Gibraltar","Population, total",1968,25578
"Greece","Population, total",1968,8740765
"Greenland","Population, total",1968,43400
"Grenada","Population, total",1968,98078
"Guam","Population, total",1968,84563
"Guatemala","Population, total",1968,5118111
"Guinea","Population, total",1968,4118550
"Guinea-Bissau","Population, total",1968,578170
"Guyana","Population, total",1968,676160
"Haiti","Population, total",1968,4465328
"Honduras","Population, total",1968,2593057
"Hong Kong SAR, China","Population, total",1968,3802700
"Hungary","Population, total",1968,10255815
"Iceland","Population, total",1968,201488
"India","Population, total",1968,522716889
"Indonesia","Population, total",1968,109450006
"Iran, Islamic Rep.","Population, total",1968,27437391
"Iraq","Population, total",1968,9085016
"Ireland","Population, total",1968,2915550
"Isle of Man","Population, total",1968,52891
"Israel","Population, total",1968,2803000
"Italy","Population, total",1968,53235750
"Jamaica","Population, total",1968,1833765
"Japan","Population, total",1968,101011000
"Jordan","Population, total",1968,1372460
"Kazakhstan","Population, total",1968,11879182
"Kenya","Population, total",1968,10518823
"Kiribati","Population, total",1968,55529
"Korea, Dem. People's Rep.","Population, total",1968,14365596
"Korea, Rep.","Population, total",1968,30838302
"Kosovo","Population, total",1968,1214208
"Kuwait","Population, total",1968,687716
"Kyrgyz Republic","Population, total",1968,2818300
"Lao PDR","Population, total",1968,2546377
"Latvia","Population, total",1968,2323619
"Lebanon","Population, total",1968,2266368
"Lesotho","Population, total",1968,948105
"Liberia","Population, total",1968,1393530
"Libya","Population, total",1968,1952781
"Liechtenstein","Population, total",1968,20835
"Lithuania","Population, total",1968,3078850
"Luxembourg","Population, total",1968,335850
"Macao SAR, China","Population, total",1968,257933
"Madagascar","Population, total",1968,6306493
"Malawi","Population, total",1968,4411054
"Malaysia","Population, total",1968,9725281
"Maldives","Population, total",1968,116075
"Mali","Population, total",1968,6082979
"Malta","Population, total",1968,307900
"Marshall Islands","Population, total",1968,19862
"Mauritania","Population, total",1968,1034739
"Mauritius","Population, total",1968,798413
"Mexico","Population, total",1968,47668303
"Micronesia, Fed. Sts.","Population, total",1968,55457
"Moldova","Population, total",1968,2373073
"Monaco","Population, total",1968,23437
"Mongolia","Population, total",1968,1229930
"Montenegro","Population, total",1968,517481
"Morocco","Population, total",1968,14347899
"Mozambique","Population, total",1968,7892613
"Myanmar","Population, total",1968,25989662
"Namibia","Population, total",1968,715542
"Nauru","Population, total",1968,6328
"Nepal","Population, total",1968,11906266
"Netherlands","Population, total",1968,12729721
"New Caledonia","Population, total",1968,101441
"New Zealand","Population, total",1968,2748100
"Nicaragua","Population, total",1968,2275836
"Niger","Population, total",1968,4403637
"Nigeria","Population, total",1968,53432783
"North Macedonia","Population, total",1968,1608930
"Northern Mariana Islands","Population, total",1968,10468
"Norway","Population, total",1968,3816486
"Oman","Population, total",1968,628798
"Pakistan","Population, total",1968,56810507
"Palau","Population, total",1968,11080
"Panama","Population, total",1968,1429447
"Papua New Guinea","Population, total",1968,2390803
"Paraguay","Population, total",1968,2282391
"Peru","Population, total",1968,12803993
"Philippines","Population, total",1968,35638342
"Poland","Population, total",1968,32294655
"Portugal","Population, total",1968,8836650
"Puerto Rico","Population, total",1968,2662064
"Qatar","Population, total",1968,91749
"Romania","Population, total",1968,19799831
"Russian Federation","Population, total",1968,128928000
"Rwanda","Population, total",1968,3744010
"Samoa","Population, total",1968,136020
"San Marino","Population, total",1968,17861
"Sao Tome and Principe","Population, total",1968,74765
"Saudi Arabia","Population, total",1968,3282711
"Senegal","Population, total",1968,4207587
"Serbia","Population, total",1968,7007586
"Seychelles","Population, total",1968,51134
"Sierra Leone","Population, total",1968,2611532
"Singapore","Population, total",1968,2012000
"Sint Maarten (Dutch part)","Population, total",1968,5500
"Slovak Republic","Population, total",1968,4483915
"Slovenia","Population, total",1968,1704546
"Solomon Islands","Population, total",1968,168282
"Somalia","Population, total",1968,3546590
"South Africa","Population, total",1968,20957287
"South Sudan","Population, total",1968,3321528
"Spain","Population, total",1968,33113134
"Sri Lanka","Population, total",1968,11736088
"St. Kitts and Nevis","Population, total",1968,47245
"St. Lucia","Population, total",1968,100675
"St. Martin (French part)","Population, total",1968,5693
"St. Vincent and the Grenadines","Population, total",1968,94123
"Sudan","Population, total",1968,10917999
"Suriname","Population, total",1968,354616
"Sweden","Population, total",1968,7912273
"Switzerland","Population, total",1968,6067714
"Syrian Arab Republic","Population, total",1968,5978742
"Tajikistan","Population, total",1968,2753848
"Tanzania","Population, total",1968,12602076
"Thailand","Population, total",1968,34002560
"Timor-Leste","Population, total",1968,533875
"Togo","Population, total",1968,2080226
"Tonga","Population, total",1968,81353
"Trinidad and Tobago","Population, total",1968,969006
"Tunisia","Population, total",1968,4879899
"Turkiye","Population, total",1968,34921684
"Turkmenistan","Population, total",1968,2083069
"Turks and Caicos Islands","Population, total",1968,5656
"Tuvalu","Population, total",1968,5624
"Uganda","Population, total",1968,9708632
"Ukraine","Population, total",1968,46614325
"United Arab Emirates","Population, total",1968,199416
"United Kingdom","Population, total",1968,55211700
"United States","Population, total",1968,200706000
"Uruguay","Population, total",1968,2754606
"Uzbekistan","Population, total",1968,11032155
"Vanuatu","Population, total",1968,81314
"Venezuela, RB","Population, total",1968,10697530
"Viet Nam","Population, total",1968,39734609
"Virgin Islands (U.S.)","Population, total",1968,55700
"Yemen, Rep.","Population, total",1968,6690524
"Zambia","Population, total",1968,4065593
"Zimbabwe","Population, total",1968,4900440
"Africa Eastern and Southern","Population, total",1969,167088245
"Africa Western and Central","Population, total",1969,119203521
"Arab World","Population, total",1969,117053219
"Caribbean small states","Population, total",1969,3055925
"Central Electricity Board (CEB)","Population, total",1969,98606630
"Early-demographic dividend","Population, total",1969,1215536741
"East Asia & Pacific","Population, total",1969,1256167955
"East Asia & Pacific (excluding high income)","Population, total",1969,1086662478
"East Asia & Pacific (IDA & IBRD)","Population, total",1969,1071912603
"Euro area","Population, total",1969,290179378
"Europe & Central Asia","Population, total",1969,733044421
"Europe & Central Asia (excluding high income)","Population, total",1969,153462746
"Europe & Central Asia (IDA & IBRD)","Population, total",1969,348509849
"European Union","Population, total",1969,384226226
"Fragile and conflict affected situations","Population, total",1969,298094137
"Heavily indebted poor countries (HIPC)","Population, total",1969,205895893
"High income","Population, total",1969,1002359669
"IBRD only","Population, total",1969,2292098651
"IDA & IBRD total","Population, total",1969,2791883177
"IDA blend","Population, total",1969,158393968
"IDA only","Population, total",1969,341390558
"IDA total","Population, total",1969,499784526
"Late-demographic dividend","Population, total",1969,1304068257
"Latin America & Caribbean","Population, total",1969,278039112
"Latin America & Caribbean (excluding high income)","Population, total",1969,246093261
"Latin America & Caribbean (IDA & IBRD)","Population, total",1969,266211242
"Least developed countries: UN classification","Population, total",1969,307260565
"Low & middle income","Population, total",1969,2564343032
"Low income","Population, total",1969,143593621
"Lower middle income","Population, total",1969,1019411884
"Middle East and North Africa","Population, total",1969,201742643
"Middle East & North Africa (excluding high income)","Population, total",1969,193184368
"Middle East & North Africa (IDA & IBRD)","Population, total",1969,193184368
"Middle income","Population, total",1969,2420749411
"North America","Population, total",1969,223756306
"OECD members","Population, total",1969,908238681
"Other small states","Population, total",1969,6141108
"Pacific island small states","Population, total",1969,1156327
"Post-demographic dividend","Population, total",1969,832633761
"Pre-demographic dividend","Population, total",1969,236419165
"Small states","Population, total",1969,10353360
"South Asia","Population, total",1969,625773349
"South Asia (IDA & IBRD)","Population, total",1969,625773349
"Sub-Saharan Africa","Population, total",1969,286291766
"Sub-Saharan Africa (excluding high income)","Population, total",1969,259166830
"Sub-Saharan Africa (IDA & IBRD)","Population, total",1969,286291766
"Upper middle income","Population, total",1969,1401337527
"World","Population, total",1969,3604815552
"Afghanistan","Population, total",1969,11017409
"Albania","Population, total",1969,2081695
"Algeria","Population, total",1969,13475960
"American Samoa","Population, total",1969,26375
"Andorra","Population, total",1969,18555
"Angola","Population, total",1969,5763685
"Antigua and Barbuda","Population, total",1969,63819
"Argentina","Population, total",1969,23508711
"Armenia","Population, total",1969,2424030
"Aruba","Population, total",1969,59052
"Australia","Population, total",1969,12263000
"Austria","Population, total",1969,7441055
"Azerbaijan","Population, total",1969,5063300
"Bahamas, The","Population, total",1969,177981
"Bahrain","Population, total",1969,222469
"Bangladesh","Population, total",1969,67294133
"Barbados","Population, total",1969,249444
"Belarus","Population, total",1969,8960304
"Belgium","Population, total",1969,9646032
"Belize","Population, total",1969,118040
"Benin","Population, total",1969,2998222
"Bermuda","Population, total",1969,51306
"Bhutan","Population, total",1969,298214
"Bolivia","Population, total",1969,4488232
"Bosnia and Herzegovina","Population, total",1969,3737765
"Botswana","Population, total",1969,587066
"Brazil","Population, total",1969,93045777
"British Virgin Islands","Population, total",1969,9533
"Brunei Darussalam","Population, total",1969,131446
"Bulgaria","Population, total",1969,8434172
"Burkina Faso","Population, total",1969,5513177
"Burundi","Population, total",1969,3454590
"Cabo Verde","Population, total",1969,279248
"Cambodia","Population, total",1969,6604725
"Cameroon","Population, total",1969,6283462
"Canada","Population, total",1969,21028000
"Cayman Islands","Population, total",1969,10165
"Central African Republic","Population, total",1969,2051515
"Chad","Population, total",1969,3651113
"Channel Islands","Population, total",1969,122039
"Chile","Population, total",1969,9680282
"China","Population, total",1969,796025000
"Colombia","Population, total",1969,20291942
"Comoros","Population, total",1969,237001
"Congo, Dem. Rep.","Population, total",1969,19570445
"Congo, Rep.","Population, total",1969,1356182
"Costa Rica","Population, total",1969,1789276
"Cote d'Ivoire","Population, total",1969,5192221
"Croatia","Population, total",1969,4391490
"Cuba","Population, total",1969,8666640
"Curacao","Population, total",1969,142581
"Cyprus","Population, total",1969,641189
"Czechia","Population, total",1969,9896580
"Denmark","Population, total",1969,4891860
"Djibouti","Population, total",1969,136078
"Dominica","Population, total",1969,67934
"Dominican Republic","Population, total",1969,4277035
"Ecuador","Population, total",1969,5975236
"Egypt, Arab Rep.","Population, total",1969,33811615
"El Salvador","Population, total",1969,3576485
"Equatorial Guinea","Population, total",1969,322517
"Eritrea","Population, total",1969,1212005
"Estonia","Population, total",1969,1345249
"Eswatini","Population, total",1969,429875
"Ethiopia","Population, total",1969,27072571
"Faroe Islands","Population, total",1969,37907
"Fiji","Population, total",1969,520797
"Finland","Population, total",1969,4623785
"France","Population, total",1969,51536014
"French Polynesia","Population, total",1969,110111
"Gabon","Population, total",1969,583276
"Gambia, The","Population, total",1969,509440
"Georgia","Population, total",1969,4080300
"Germany","Population, total",1969,77909682
"Ghana","Population, total",1969,8690383
"Gibraltar","Population, total",1969,26120
"Greece","Population, total",1969,8772764
"Greenland","Population, total",1969,44900
"Grenada","Population, total",1969,98204
"Guam","Population, total",1969,86404
"Guatemala","Population, total",1969,5257081
"Guinea","Population, total",1969,4198300
"Guinea-Bissau","Population, total",1969,581610
"Guyana","Population, total",1969,690223
"Haiti","Population, total",1969,4549334
"Honduras","Population, total",1969,2670289
"Hong Kong SAR, China","Population, total",1969,3863900
"Hungary","Population, total",1969,10298723
"Iceland","Population, total",1969,203369
"India","Population, total",1969,533880544
"Indonesia","Population, total",1969,112517639
"Iran, Islamic Rep.","Population, total",1969,28273482
"Iraq","Population, total",1969,9403356
"Ireland","Population, total",1969,2932650
"Isle of Man","Population, total",1969,54074
"Israel","Population, total",1969,2877000
"Italy","Population, total",1969,53537950
"Jamaica","Population, total",1969,1855127
"Japan","Population, total",1969,102219000
"Jordan","Population, total",1969,1473100
"Kazakhstan","Population, total",1969,12156212
"Kenya","Population, total",1969,10939695
"Kiribati","Population, total",1969,56360
"Korea, Dem. People's Rep.","Population, total",1969,14767615
"Korea, Rep.","Population, total",1969,31544266
"Kosovo","Population, total",1969,1231460
"Kuwait","Population, total",1969,749452
"Kyrgyz Republic","Population, total",1969,2894800
"Lao PDR","Population, total",1969,2606959
"Latvia","Population, total",1969,2343173
"Lebanon","Population, total",1969,2328159
"Lesotho","Population, total",1969,983202
"Liberia","Population, total",1969,1429605
"Libya","Population, total",1969,2014293
"Liechtenstein","Population, total",1969,21084
"Lithuania","Population, total",1969,3107321
"Luxembourg","Population, total",1969,337500
"Macao SAR, China","Population, total",1969,255306
"Madagascar","Population, total",1969,6484716
"Malawi","Population, total",1969,4521184
"Malaysia","Population, total",1969,9947597
"Maldives","Population, total",1969,119564
"Mali","Population, total",1969,6177704
"Malta","Population, total",1969,304300
"Marshall Islands","Population, total",1969,21305
"Mauritania","Population, total",1969,1066754
"Mauritius","Population, total",1969,812405
"Mexico","Population, total",1969,49233194
"Micronesia, Fed. Sts.","Population, total",1969,57145
"Moldova","Population, total",1969,2408469
"Monaco","Population, total",1969,23831
"Mongolia","Population, total",1969,1262284
"Montenegro","Population, total",1969,513340
"Morocco","Population, total",1969,14734255
"Mozambique","Population, total",1969,8066951
"Myanmar","Population, total",1969,26585112
"Namibia","Population, total",1969,736120
"Nauru","Population, total",1969,6581
"Nepal","Population, total",1969,12167036
"Netherlands","Population, total",1969,12877984
"New Caledonia","Population, total",1969,104849
"New Zealand","Population, total",1969,2772800
"Nicaragua","Population, total",1969,2348398
"Niger","Population, total",1969,4525725
"Nigeria","Population, total",1969,54631914
"North Macedonia","Population, total",1969,1636345
"Northern Mariana Islands","Population, total",1969,9989
"Norway","Population, total",1969,3847707
"Oman","Population, total",1969,645255
"Pakistan","Population, total",1969,58460939
"Palau","Population, total",1969,11159
"Panama","Population, total",1969,1470886
"Papua New Guinea","Population, total",1969,2446927
"Paraguay","Population, total",1969,2334992
"Peru","Population, total",1969,13166767
"Philippines","Population, total",1969,36660799
"Poland","Population, total",1969,32548300
"Portugal","Population, total",1969,8757705
"Puerto Rico","Population, total",1969,2684150
"Qatar","Population, total",1969,103025
"Romania","Population, total",1969,20009141
"Russian Federation","Population, total",1969,129664000
"Rwanda","Population, total",1969,3861271
"Samoa","Population, total",1969,138233
"San Marino","Population, total",1969,18026
"Sao Tome and Principe","Population, total",1969,76083
"Saudi Arabia","Population, total",1969,3417114
"Senegal","Population, total",1969,4334974
"Serbia","Population, total",1969,7123249
"Seychelles","Population, total",1969,52365
"Sierra Leone","Population, total",1969,2661365
"Singapore","Population, total",1969,2042500
"Sint Maarten (Dutch part)","Population, total",1969,5948
"Slovak Republic","Population, total",1969,4518607
"Slovenia","Population, total",1969,1713874
"Solomon Islands","Population, total",1969,172476
"Somalia","Population, total",1969,3641015
"South Africa","Population, total",1969,21614676
"South Sudan","Population, total",1969,3365533
"Spain","Population, total",1969,33441054
"Sri Lanka","Population, total",1969,12013858
"St. Kitts and Nevis","Population, total",1969,45731
"St. Lucia","Population, total",1969,101879
"St. Martin (French part)","Population, total",1969,5868
"St. Vincent and the Grenadines","Population, total",1969,95058
"Sudan","Population, total",1969,11298936
"Suriname","Population, total",1969,366906
"Sweden","Population, total",1969,7968072
"Switzerland","Population, total",1969,6136387
"Syrian Arab Republic","Population, total",1969,6175166
"Tajikistan","Population, total",1969,2845273
"Tanzania","Population, total",1969,13036700
"Thailand","Population, total",1969,34973782
"Timor-Leste","Population, total",1969,543356
"Togo","Population, total",1969,2164814
"Tonga","Population, total",1969,82885
"Trinidad and Tobago","Population, total",1969,980706
"Tunisia","Population, total",1969,5004697
"Turkiye","Population, total",1969,35787774
"Turkmenistan","Population, total",1969,2139024
"Turks and Caicos Islands","Population, total",1969,5652
"Tuvalu","Population, total",1969,5631
"Uganda","Population, total",1969,10014858
"Ukraine","Population, total",1969,46976256
"United Arab Emirates","Population, total",1969,239660
"United Kingdom","Population, total",1969,55441750
"United States","Population, total",1969,202677000
"Uruguay","Population, total",1969,2773974
"Uzbekistan","Population, total",1969,11403150
"Vanuatu","Population, total",1969,83755
"Venezuela, RB","Population, total",1969,11040280
"Viet Nam","Population, total",1969,40582096
"Virgin Islands (U.S.)","Population, total",1969,60300
"Yemen, Rep.","Population, total",1969,6875859
"Zambia","Population, total",1969,4197116
"Zimbabwe","Population, total",1969,5058181
"Africa Eastern and Southern","Population, total",1970,171984985
"Africa Western and Central","Population, total",1970,122086536
"Arab World","Population, total",1970,120469263
"Caribbean small states","Population, total",1970,3104308
"Central Electricity Board (CEB)","Population, total",1970,99134548
"Early-demographic dividend","Population, total",1970,1245960808
"East Asia & Pacific","Population, total",1970,1288721548
"East Asia & Pacific (excluding high income)","Population, total",1970,1116395242
"East Asia & Pacific (IDA & IBRD)","Population, total",1970,1101240545
"Euro area","Population, total",1970,291834356
"Europe & Central Asia","Population, total",1970,738724073
"Europe & Central Asia (excluding high income)","Population, total",1970,155918823
"Europe & Central Asia (IDA & IBRD)","Population, total",1970,352139347
"European Union","Population, total",1970,386406167
"Fragile and conflict affected situations","Population, total",1970,304858040
"Heavily indebted poor countries (HIPC)","Population, total",1970,211549510
"High income","Population, total",1970,1011801481
"IBRD only","Population, total",1970,2346056161
"IDA & IBRD total","Population, total",1970,2859123476
"IDA blend","Population, total",1970,162852517
"IDA only","Population, total",1970,350214798
"IDA total","Population, total",1970,513067315
"Late-demographic dividend","Population, total",1970,1334963829
"Latin America & Caribbean","Population, total",1970,284995920
"Latin America & Caribbean (excluding high income)","Population, total",1970,252358538
"Latin America & Caribbean (IDA & IBRD)","Population, total",1970,272962813
"Least developed countries: UN classification","Population, total",1970,315102512
"Low & middle income","Population, total",1970,2629570646
"Low income","Population, total",1970,147417297
"Lower middle income","Population, total",1970,1043977970
"Middle East and North Africa","Population, total",1970,207569650
"Middle East & North Africa (excluding high income)","Population, total",1970,198631041
"Middle East & North Africa (IDA & IBRD)","Population, total",1970,198631041
"Middle income","Population, total",1970,2482153349
"North America","Population, total",1970,226428124
"OECD members","Population, total",1970,918489195
"Other small states","Population, total",1970,6240826
"Pacific island small states","Population, total",1970,1181537
"Post-demographic dividend","Population, total",1970,840190480
"Pre-demographic dividend","Population, total",1970,242769169
"Small states","Population, total",1970,10526671
"South Asia","Population, total",1970,640078209
"South Asia (IDA & IBRD)","Population, total",1970,640078209
"Sub-Saharan Africa","Population, total",1970,294071521
"Sub-Saharan Africa (excluding high income)","Population, total",1970,266188793
"Sub-Saharan Africa (IDA & IBRD)","Population, total",1970,294071521
"Upper middle income","Population, total",1970,1438175379
"World","Population, total",1970,3680589045
"Afghanistan","Population, total",1970,11290128
"Albania","Population, total",1970,2135479
"Algeria","Population, total",1970,13783719
"American Samoa","Population, total",1970,27026
"Andorra","Population, total",1970,19977
"Angola","Population, total",1970,5852788
"Antigua and Barbuda","Population, total",1970,64528
"Argentina","Population, total",1970,23878327
"Armenia","Population, total",1970,2475633
"Aruba","Population, total",1970,58950
"Australia","Population, total",1970,12507000
"Austria","Population, total",1970,7467086
"Azerbaijan","Population, total",1970,5172050
"Bahamas, The","Population, total",1970,184982
"Bahrain","Population, total",1970,224809
"Bangladesh","Population, total",1970,69058894
"Barbados","Population, total",1970,249387
"Belarus","Population, total",1970,9040000
"Belgium","Population, total",1970,9655549
"Belize","Population, total",1970,120736
"Benin","Population, total",1970,3065057
"Bermuda","Population, total",1970,52124
"Bhutan","Population, total",1970,308528
"Bolivia","Population, total",1970,4590010
"Bosnia and Herzegovina","Population, total",1970,3773247
"Botswana","Population, total",1970,590334
"Brazil","Population, total",1970,95375651
"British Virgin Islands","Population, total",1970,9933
"Brunei Darussalam","Population, total",1970,135138
"Bulgaria","Population, total",1970,8489574
"Burkina Faso","Population, total",1970,5610304
"Burundi","Population, total",1970,3530432
"Cabo Verde","Population, total",1970,287885
"Cambodia","Population, total",1970,6639182
"Cameroon","Population, total",1970,6449793
"Canada","Population, total",1970,21324000
"Cayman Islands","Population, total",1970,10517
"Central African Republic","Population, total",1970,2097505
"Chad","Population, total",1970,3727828
"Channel Islands","Population, total",1970,123288
"Chile","Population, total",1970,9845344
"China","Population, total",1970,818315000
"Colombia","Population, total",1970,20811782
"Comoros","Population, total",1970,244185
"Congo, Dem. Rep.","Population, total",1970,20137436
"Congo, Rep.","Population, total",1970,1397638
"Costa Rica","Population, total",1970,1838949
"Cote d'Ivoire","Population, total",1970,5411567
"Croatia","Population, total",1970,4412252
"Cuba","Population, total",1970,8824382
"Curacao","Population, total",1970,144739
"Cyprus","Population, total",1970,647446
"Czechia","Population, total",1970,9858071
"Denmark","Population, total",1970,4928757
"Djibouti","Population, total",1970,145175
"Dominica","Population, total",1970,68908
"Dominican Republic","Population, total",1970,4399290
"Ecuador","Population, total",1970,6155387
"Egypt, Arab Rep.","Population, total",1970,34623990
"El Salvador","Population, total",1970,3668796
"Equatorial Guinea","Population, total",1970,320803
"Eritrea","Population, total",1970,1243453
"Estonia","Population, total",1970,1360076
"Eswatini","Population, total",1970,441216
"Ethiopia","Population, total",1970,27829128
"Faroe Islands","Population, total",1970,38269
"Fiji","Population, total",1970,531188
"Finland","Population, total",1970,4606307
"France","Population, total",1970,52007169
"French Polynesia","Population, total",1970,114010
"Gabon","Population, total",1970,595846
"Gambia, The","Population, total",1970,524105
"Georgia","Population, total",1970,4119900
"Germany","Population, total",1970,78169289
"Ghana","Population, total",1970,8925813
"Gibraltar","Population, total",1970,26634
"Greece","Population, total",1970,8792806
"Greenland","Population, total",1970,46400
"Grenada","Population, total",1970,98414
"Guam","Population, total",1970,88365
"Guatemala","Population, total",1970,5396966
"Guinea","Population, total",1970,4277535
"Guinea-Bissau","Population, total",1970,584403
"Guyana","Population, total",1970,702705
"Haiti","Population, total",1970,4635124
"Honduras","Population, total",1970,2750715
"Hong Kong SAR, China","Population, total",1970,3959000
"Hungary","Population, total",1970,10337910
"Iceland","Population, total",1970,204438
"India","Population, total",1970,545864268
"Indonesia","Population, total",1970,115657495
"Iran, Islamic Rep.","Population, total",1970,29145100
"Iraq","Population, total",1970,9735611
"Ireland","Population, total",1970,2957250
"Isle of Man","Population, total",1970,55300
"Israel","Population, total",1970,2974000
"Italy","Population, total",1970,53821850
"Jamaica","Population, total",1970,1878196
"Japan","Population, total",1970,103403000
"Jordan","Population, total",1970,1565163
"Kazakhstan","Population, total",1970,12419057
"Kenya","Population, total",1970,11368791
"Kiribati","Population, total",1970,57510
"Korea, Dem. People's Rep.","Population, total",1970,15172775
"Korea, Rep.","Population, total",1970,32240827
"Kosovo","Population, total",1970,1249555
"Kuwait","Population, total",1970,809114
"Kyrgyz Republic","Population, total",1970,2959900
"Lao PDR","Population, total",1970,2669702
"Latvia","Population, total",1970,2359164
"Lebanon","Population, total",1970,2386114
"Lesotho","Population, total",1970,1019273
"Liberia","Population, total",1970,1466676
"Libya","Population, total",1970,2082589
"Liechtenstein","Population, total",1970,21140
"Lithuania","Population, total",1970,3139689
"Luxembourg","Population, total",1970,339171
"Macao SAR, China","Population, total",1970,257396
"Madagascar","Population, total",1970,6672003
"Malawi","Population, total",1970,4633944
"Malaysia","Population, total",1970,10178802
"Maldives","Population, total",1970,123219
"Mali","Population, total",1970,6276472
"Malta","Population, total",1970,302650
"Marshall Islands","Population, total",1970,22530
"Mauritania","Population, total",1970,1099806
"Mauritius","Population, total",1970,826000
"Mexico","Population, total",1970,50814953
"Micronesia, Fed. Sts.","Population, total",1970,58922
"Moldova","Population, total",1970,2437590
"Monaco","Population, total",1970,24229
"Mongolia","Population, total",1970,1295272
"Montenegro","Population, total",1970,512407
"Morocco","Population, total",1970,15129449
"Mozambique","Population, total",1970,8250506
"Myanmar","Population, total",1970,27193016
"Namibia","Population, total",1970,757868
"Nauru","Population, total",1970,6710
"Nepal","Population, total",1970,12436190
"Netherlands","Population, total",1970,13038526
"New Caledonia","Population, total",1970,109338
"New Zealand","Population, total",1970,2810700
"Nicaragua","Population, total",1970,2423065
"Niger","Population, total",1970,4650275
"Nigeria","Population, total",1970,55893838
"North Macedonia","Population, total",1970,1664208
"Northern Mariana Islands","Population, total",1970,10170
"Norway","Population, total",1970,3875763
"Oman","Population, total",1970,662680
"Pakistan","Population, total",1970,60166719
"Palau","Population, total",1970,11368
"Panama","Population, total",1970,1513070
"Papua New Guinea","Population, total",1970,2505628
"Paraguay","Population, total",1970,2388028
"Peru","Population, total",1970,13501237
"Philippines","Population, total",1970,37622204
"Poland","Population, total",1970,32664300
"Portugal","Population, total",1970,8680431
"Puerto Rico","Population, total",1970,2718000
"Qatar","Population, total",1970,116350
"Romania","Population, total",1970,20250398
"Russian Federation","Population, total",1970,130404000
"Rwanda","Population, total",1970,3980669
"Samoa","Population, total",1970,140400
"San Marino","Population, total",1970,18168
"Sao Tome and Principe","Population, total",1970,77626
"Saudi Arabia","Population, total",1970,3562470
"Senegal","Population, total",1970,4466328
"Serbia","Population, total",1970,7164993
"Seychelles","Population, total",1970,53600
"Sierra Leone","Population, total",1970,2712286
"Singapore","Population, total",1970,2074507
"Sint Maarten (Dutch part)","Population, total",1970,6414
"Slovak Republic","Population, total",1970,4538223
"Slovenia","Population, total",1970,1724891
"Solomon Islands","Population, total",1970,176579
"Somalia","Population, total",1970,3738448
"South Africa","Population, total",1970,22279984
"South Sudan","Population, total",1970,3409614
"Spain","Population, total",1970,33814531
"Sri Lanka","Population, total",1970,12287110
"St. Kitts and Nevis","Population, total",1970,44606
"St. Lucia","Population, total",1970,103165
"St. Martin (French part)","Population, total",1970,6047
"St. Vincent and the Grenadines","Population, total",1970,95964
"Sudan","Population, total",1970,11695771
"Suriname","Population, total",1970,379442
"Sweden","Population, total",1970,8042801
"Switzerland","Population, total",1970,6180877
"Syrian Arab Republic","Population, total",1970,6380609
"Tajikistan","Population, total",1970,2936779
"Tanzania","Population, total",1970,13492677
"Thailand","Population, total",1970,35954408
"Timor-Leste","Population, total",1970,553069
"Togo","Population, total",1970,2244773
"Tonga","Population, total",1970,84401
"Trinidad and Tobago","Population, total",1970,991471
"Tunisia","Population, total",1970,5131396
"Turkiye","Population, total",1970,36638465
"Turkmenistan","Population, total",1970,2195616
"Turks and Caicos Islands","Population, total",1970,5667
"Tuvalu","Population, total",1970,5663
"Uganda","Population, total",1970,10321603
"Ukraine","Population, total",1970,47261306
"United Arab Emirates","Population, total",1970,286536
"United Kingdom","Population, total",1970,55663250
"United States","Population, total",1970,205052000
"Uruguay","Population, total",1970,2790807
"Uzbekistan","Population, total",1970,11762638
"Vanuatu","Population, total",1970,86266
"Venezuela, RB","Population, total",1970,11387790
"Viet Nam","Population, total",1970,41475230
"Virgin Islands (U.S.)","Population, total",1970,63476
"Yemen, Rep.","Population, total",1970,7065279
"Zambia","Population, total",1970,4321718
"Zimbabwe","Population, total",1970,5215918
"Africa Eastern and Southern","Population, total",1971,177022314
"Africa Western and Central","Population, total",1971,125072948
"Arab World","Population, total",1971,123950810
"Caribbean small states","Population, total",1971,3148560
"Central Electricity Board (CEB)","Population, total",1971,99635258
"Early-demographic dividend","Population, total",1971,1276141826
"East Asia & Pacific","Population, total",1971,1322856516
"East Asia & Pacific (excluding high income)","Population, total",1971,1146649477
"East Asia & Pacific (IDA & IBRD)","Population, total",1971,1131095541
"Euro area","Population, total",1971,293516097
"Europe & Central Asia","Population, total",1971,744432963
"Europe & Central Asia (excluding high income)","Population, total",1971,158428591
"Europe & Central Asia (IDA & IBRD)","Population, total",1971,355796328
"European Union","Population, total",1971,388553371
"Fragile and conflict affected situations","Population, total",1971,311844505
"Heavily indebted poor countries (HIPC)","Population, total",1971,217344674
"High income","Population, total",1971,1022885127
"IBRD only","Population, total",1971,2401008150
"IDA & IBRD total","Population, total",1971,2926951963
"IDA blend","Population, total",1971,167356115
"IDA only","Population, total",1971,358587698
"IDA total","Population, total",1971,525943813
"Late-demographic dividend","Population, total",1971,1366487769
"Latin America & Caribbean","Population, total",1971,292033454
"Latin America & Caribbean (excluding high income)","Population, total",1971,258688096
"Latin America & Caribbean (IDA & IBRD)","Population, total",1971,279784152
"Least developed countries: UN classification","Population, total",1971,322517398
"Low & middle income","Population, total",1971,2695387305
"Low income","Population, total",1971,151313255
"Lower middle income","Population, total",1971,1068357281
"Middle East and North Africa","Population, total",1971,213438350
"Middle East & North Africa (excluding high income)","Population, total",1971,204099318
"Middle East & North Africa (IDA & IBRD)","Population, total",1971,204099318
"Middle income","Population, total",1971,2544074050
"North America","Population, total",1971,229675639
"OECD members","Population, total",1971,930596384
"Other small states","Population, total",1971,6348289
"Pacific island small states","Population, total",1971,1205879
"Post-demographic dividend","Population, total",1971,849553629
"Pre-demographic dividend","Population, total",1971,249344292
"Small states","Population, total",1971,10702728
"South Asia","Population, total",1971,654081362
"South Asia (IDA & IBRD)","Population, total",1971,654081362
"Sub-Saharan Africa","Population, total",1971,302095262
"Sub-Saharan Africa (excluding high income)","Population, total",1971,273440461
"Sub-Saharan Africa (IDA & IBRD)","Population, total",1971,302095262
"Upper middle income","Population, total",1971,1475716769
"World","Population, total",1971,3758613546
"Afghanistan","Population, total",1971,11567667
"Albania","Population, total",1971,2187853
"Algeria","Population, total",1971,14098936
"American Samoa","Population, total",1971,27533
"Andorra","Population, total",1971,21442
"Angola","Population, total",1971,5991102
"Antigua and Barbuda","Population, total",1971,64729
"Argentina","Population, total",1971,24257208
"Armenia","Population, total",1971,2525345
"Aruba","Population, total",1971,58781
"Australia","Population, total",1971,12937000
"Austria","Population, total",1971,7500482
"Azerbaijan","Population, total",1971,5282950
"Bahamas, The","Population, total",1971,190857
"Bahrain","Population, total",1971,230733
"Bangladesh","Population, total",1971,70276758
"Barbados","Population, total",1971,249168
"Belarus","Population, total",1971,9115576
"Belgium","Population, total",1971,9673162
"Belize","Population, total",1971,122805
"Benin","Population, total",1971,3134767
"Bermuda","Population, total",1971,52607
"Bhutan","Population, total",1971,319211
"Bolivia","Population, total",1971,4694342
"Bosnia and Herzegovina","Population, total",1971,3809376
"Botswana","Population, total",1971,600481
"Brazil","Population, total",1971,97739273
"British Virgin Islands","Population, total",1971,10095
"Brunei Darussalam","Population, total",1971,137921
"Bulgaria","Population, total",1971,8536395
"Burkina Faso","Population, total",1971,5707999
"Burundi","Population, total",1971,3617289
"Cabo Verde","Population, total",1971,294046
"Cambodia","Population, total",1971,6620880
"Cameroon","Population, total",1971,6624408
"Canada","Population, total",1971,21962032
"Cayman Islands","Population, total",1971,11098
"Central African Republic","Population, total",1971,2141450
"Chad","Population, total",1971,3807316
"Channel Islands","Population, total",1971,124555
"Chile","Population, total",1971,10009701
"China","Population, total",1971,841105000
"Colombia","Population, total",1971,21319096
"Comoros","Population, total",1971,251865
"Congo, Dem. Rep.","Population, total",1971,20695569
"Congo, Rep.","Population, total",1971,1441039
"Costa Rica","Population, total",1971,1888539
"Cote d'Ivoire","Population, total",1971,5650868
"Croatia","Population, total",1971,4431275
"Cuba","Population, total",1971,8979085
"Curacao","Population, total",1971,147389
"Cyprus","Population, total",1971,654050
"Czechia","Population, total",1971,9826815
"Denmark","Population, total",1971,4963126
"Djibouti","Population, total",1971,155136
"Dominica","Population, total",1971,69532
"Dominican Republic","Population, total",1971,4524234
"Ecuador","Population, total",1971,6340052
"Egypt, Arab Rep.","Population, total",1971,35433368
"El Salvador","Population, total",1971,3757523
"Equatorial Guinea","Population, total",1971,315940
"Eritrea","Population, total",1971,1276154
"Estonia","Population, total",1971,1376955
"Eswatini","Population, total",1971,453183
"Ethiopia","Population, total",1971,28600106
"Faroe Islands","Population, total",1971,38703
"Fiji","Population, total",1971,541121
"Finland","Population, total",1971,4612124
"France","Population, total",1971,52499553
"French Polynesia","Population, total",1971,117945
"Gabon","Population, total",1971,608348
"Gambia, The","Population, total",1971,539388
"Georgia","Population, total",1971,4163000
"Germany","Population, total",1971,78312842
"Ghana","Population, total",1971,9176264
"Gibraltar","Population, total",1971,27020
"Greece","Population, total",1971,8831036
"Greenland","Population, total",1971,47200
"Grenada","Population, total",1971,98648
"Guam","Population, total",1971,90466
"Guatemala","Population, total",1971,5538355
"Guinea","Population, total",1971,4355200
"Guinea-Bissau","Population, total",1971,586221
"Guyana","Population, total",1971,712662
"Haiti","Population, total",1971,4723244
"Honduras","Population, total",1971,2834616
"Hong Kong SAR, China","Population, total",1971,4045300
"Hungary","Population, total",1971,10367537
"Iceland","Population, total",1971,206098
"India","Population, total",1971,558096387
"Indonesia","Population, total",1971,118833702
"Iran, Islamic Rep.","Population, total",1971,30029071
"Iraq","Population, total",1971,10077809
"Ireland","Population, total",1971,2992050
"Isle of Man","Population, total",1971,56427
"Israel","Population, total",1971,3069000
"Italy","Population, total",1971,54073490
"Jamaica","Population, total",1971,1903728
"Japan","Population, total",1971,105697000
"Jordan","Population, total",1971,1645145
"Kazakhstan","Population, total",1971,12684813
"Kenya","Population, total",1971,11788904
"Kiribati","Population, total",1971,58652
"Korea, Dem. People's Rep.","Population, total",1971,15572457
"Korea, Rep.","Population, total",1971,32882704
"Kosovo","Population, total",1971,1273021
"Kuwait","Population, total",1971,865076
"Kyrgyz Republic","Population, total",1971,3022300
"Lao PDR","Population, total",1971,2734628
"Latvia","Population, total",1971,2376389
"Lebanon","Population, total",1971,2446314
"Lesotho","Population, total",1971,1056246
"Liberia","Population, total",1971,1504077
"Libya","Population, total",1971,2153534
"Liechtenstein","Population, total",1971,21600
"Lithuania","Population, total",1971,3179041
"Luxembourg","Population, total",1971,342421
"Macao SAR, China","Population, total",1971,247400
"Madagascar","Population, total",1971,6868868
"Malawi","Population, total",1971,4751434
"Malaysia","Population, total",1971,10423453
"Maldives","Population, total",1971,127035
"Mali","Population, total",1971,6377944
"Malta","Population, total",1971,302700
"Marshall Islands","Population, total",1971,23366
"Mauritania","Population, total",1971,1133702
"Mauritius","Population, total",1971,839230
"Mexico","Population, total",1971,52412558
"Micronesia, Fed. Sts.","Population, total",1971,60636
"Moldova","Population, total",1971,2460611
"Monaco","Population, total",1971,24576
"Mongolia","Population, total",1971,1330071
"Montenegro","Population, total",1971,515449
"Morocco","Population, total",1971,15527225
"Mozambique","Population, total",1971,8456317
"Myanmar","Population, total",1971,27807219
"Namibia","Population, total",1971,780584
"Nauru","Population, total",1971,6762
"Nepal","Population, total",1971,12710061
"Netherlands","Population, total",1971,13194497
"New Caledonia","Population, total",1971,114514
"New Zealand","Population, total",1971,2853000
"Nicaragua","Population, total",1971,2499825
"Niger","Population, total",1971,4776225
"Nigeria","Population, total",1971,57214684
"North Macedonia","Population, total",1971,1691216
"Northern Mariana Islands","Population, total",1971,11271
"Norway","Population, total",1971,3903039
"Oman","Population, total",1971,681119
"Pakistan","Population, total",1971,61847899
"Palau","Population, total",1971,11759
"Panama","Population, total",1971,1556081
"Papua New Guinea","Population, total",1971,2566421
"Paraguay","Population, total",1971,2442537
"Peru","Population, total",1971,13838067
"Philippines","Population, total",1971,38518659
"Poland","Population, total",1971,32783500
"Portugal","Population, total",1971,8643756
"Puerto Rico","Population, total",1971,2762190
"Qatar","Population, total",1971,131346
"Romania","Population, total",1971,20461567
"Russian Federation","Population, total",1971,131155000
"Rwanda","Population, total",1971,4100044
"Samoa","Population, total",1971,142503
"San Marino","Population, total",1971,18419
"Sao Tome and Principe","Population, total",1971,79330
"Saudi Arabia","Population, total",1971,3724031
"Senegal","Population, total",1971,4601864
"Serbia","Population, total",1971,7211716
"Seychelles","Population, total",1971,54695
"Sierra Leone","Population, total",1971,2763222
"Singapore","Population, total",1971,2112900
"Sint Maarten (Dutch part)","Population, total",1971,6888
"Slovak Republic","Population, total",1971,4557449
"Slovenia","Population, total",1971,1738335
"Solomon Islands","Population, total",1971,180637
"Somalia","Population, total",1971,3837691
"South Africa","Population, total",1971,22942143
"South Sudan","Population, total",1971,3468646
"Spain","Population, total",1971,34224490
"Sri Lanka","Population, total",1971,12551910
"St. Kitts and Nevis","Population, total",1971,44206
"St. Lucia","Population, total",1971,104564
"St. Martin (French part)","Population, total",1971,6228
"St. Vincent and the Grenadines","Population, total",1971,96872
"Sudan","Population, total",1971,12105539
"Suriname","Population, total",1971,391932
"Sweden","Population, total",1971,8098334
"Switzerland","Population, total",1971,6213399
"Syrian Arab Republic","Population, total",1971,6598094
"Tajikistan","Population, total",1971,3028837
"Tanzania","Population, total",1971,13971451
"Thailand","Population, total",1971,36937387
"Timor-Leste","Population, total",1971,562966
"Togo","Population, total",1971,2317976
"Tonga","Population, total",1971,85896
"Trinidad and Tobago","Population, total",1971,1002585
"Tunisia","Population, total",1971,5261658
"Turkiye","Population, total",1971,37518611
"Turkmenistan","Population, total",1971,2253119
"Turks and Caicos Islands","Population, total",1971,5754
"Tuvalu","Population, total",1971,5685
"Uganda","Population, total",1971,10618206
"Ukraine","Population, total",1971,47573287
"United Arab Emirates","Population, total",1971,335027
"United Kingdom","Population, total",1971,55896223
"United States","Population, total",1971,207661000
"Uruguay","Population, total",1971,2806462
"Uzbekistan","Population, total",1971,12111511
"Vanuatu","Population, total",1971,88862
"Venezuela, RB","Population, total",1971,11741008
"Viet Nam","Population, total",1971,42449276
"Virgin Islands (U.S.)","Population, total",1971,70937
"Yemen, Rep.","Population, total",1971,7257462
"Zambia","Population, total",1971,4442525
"Zimbabwe","Population, total",1971,5374712
"Africa Eastern and Southern","Population, total",1972,182126556
"Africa Western and Central","Population, total",1972,128176494
"Arab World","Population, total",1972,127535560
"Caribbean small states","Population, total",1972,3185617
"Central Electricity Board (CEB)","Population, total",1972,100357161
"Early-demographic dividend","Population, total",1972,1307009646
"East Asia & Pacific","Population, total",1972,1354228289
"East Asia & Pacific (excluding high income)","Population, total",1972,1175176176
"East Asia & Pacific (IDA & IBRD)","Population, total",1972,1159220113
"Euro area","Population, total",1972,295527442
"Europe & Central Asia","Population, total",1972,750728655
"Europe & Central Asia (excluding high income)","Population, total",1972,161049046
"Europe & Central Asia (IDA & IBRD)","Population, total",1972,359698417
"European Union","Population, total",1972,391197266
"Fragile and conflict affected situations","Population, total",1972,319025117
"Heavily indebted poor countries (HIPC)","Population, total",1972,223189830
"High income","Population, total",1972,1032671994
"IBRD only","Population, total",1972,2454764228
"IDA & IBRD total","Population, total",1972,2994028911
"IDA blend","Population, total",1972,172011394
"IDA only","Population, total",1972,367253289
"IDA total","Population, total",1972,539264683
"Late-demographic dividend","Population, total",1972,1396407513
"Latin America & Caribbean","Population, total",1972,299187510
"Latin America & Caribbean (excluding high income)","Population, total",1972,265122103
"Latin America & Caribbean (IDA & IBRD)","Population, total",1972,286726529
"Least developed countries: UN classification","Population, total",1972,330244369
"Low & middle income","Population, total",1972,2760300540
"Low income","Population, total",1972,155206976
"Lower middle income","Population, total",1972,1093403193
"Middle East and North Africa","Population, total",1972,219448355
"Middle East & North Africa (excluding high income)","Population, total",1972,209697605
"Middle East & North Africa (IDA & IBRD)","Population, total",1972,209697605
"Middle income","Population, total",1972,2605093564
"North America","Population, total",1972,232167266
"OECD members","Population, total",1972,941467841
"Other small states","Population, total",1972,6460753
"Pacific island small states","Population, total",1972,1229695
"Post-demographic dividend","Population, total",1972,857513072
"Pre-demographic dividend","Population, total",1972,256080715
"Small states","Population, total",1972,10876065
"South Asia","Population, total",1972,668383197
"South Asia (IDA & IBRD)","Population, total",1972,668383197
"Sub-Saharan Africa","Population, total",1972,310303050
"Sub-Saharan Africa (excluding high income)","Population, total",1972,280872413
"Sub-Saharan Africa (IDA & IBRD)","Population, total",1972,310303050
"Upper middle income","Population, total",1972,1511690371
"World","Population, total",1972,3834446322
"Afghanistan","Population, total",1972,11853696
"Albania","Population, total",1972,2243126
"Algeria","Population, total",1972,14427072
"American Samoa","Population, total",1972,27995
"Andorra","Population, total",1972,22957
"Angola","Population, total",1972,6174262
"Antigua and Barbuda","Population, total",1972,64615
"Argentina","Population, total",1972,24644328
"Armenia","Population, total",1972,2577079
"Aruba","Population, total",1972,58047
"Australia","Population, total",1972,13177000
"Austria","Population, total",1972,7544201
"Azerbaijan","Population, total",1972,5391450
"Bahamas, The","Population, total",1972,196055
"Bahrain","Population, total",1972,242113
"Bangladesh","Population, total",1972,71641519
"Barbados","Population, total",1972,249658
"Belarus","Population, total",1972,9188968
"Belgium","Population, total",1972,9711115
"Belize","Population, total",1972,124676
"Benin","Population, total",1972,3207543
"Bermuda","Population, total",1972,52803
"Bhutan","Population, total",1972,330264
"Bolivia","Population, total",1972,4800978
"Bosnia and Herzegovina","Population, total",1972,3848271
"Botswana","Population, total",1972,622407
"Brazil","Population, total",1972,100146797
"British Virgin Islands","Population, total",1972,10235
"Brunei Darussalam","Population, total",1972,142189
"Bulgaria","Population, total",1972,8576200
"Burkina Faso","Population, total",1972,5807234
"Burundi","Population, total",1972,3617128
"Cabo Verde","Population, total",1972,297386
"Cambodia","Population, total",1972,6673886
"Cameroon","Population, total",1972,6806872
"Canada","Population, total",1972,22218463
"Cayman Islands","Population, total",1972,11764
"Central African Republic","Population, total",1972,2183769
"Chad","Population, total",1972,3893252
"Channel Islands","Population, total",1972,125764
"Chile","Population, total",1972,10174678
"China","Population, total",1972,862030000
"Colombia","Population, total",1972,21819563
"Comoros","Population, total",1972,260077
"Congo, Dem. Rep.","Population, total",1972,21251160
"Congo, Rep.","Population, total",1972,1486468
"Costa Rica","Population, total",1972,1938248
"Cote d'Ivoire","Population, total",1972,5909716
"Croatia","Population, total",1972,4450564
"Cuba","Population, total",1972,9123891
"Curacao","Population, total",1972,147710
"Cyprus","Population, total",1972,661063
"Czechia","Population, total",1972,9867632
"Denmark","Population, total",1972,4991596
"Djibouti","Population, total",1972,166256
"Dominica","Population, total",1972,70060
"Dominican Republic","Population, total",1972,4651883
"Ecuador","Population, total",1972,6529034
"Egypt, Arab Rep.","Population, total",1972,36258328
"El Salvador","Population, total",1972,3846830
"Equatorial Guinea","Population, total",1972,309468
"Eritrea","Population, total",1972,1309235
"Estonia","Population, total",1972,1392518
"Eswatini","Population, total",1972,465788
"Ethiopia","Population, total",1972,29374608
"Faroe Islands","Population, total",1972,39172
"Fiji","Population, total",1972,550499
"Finland","Population, total",1972,4639657
"France","Population, total",1972,52962356
"French Polynesia","Population, total",1972,121886
"Gabon","Population, total",1972,620960
"Gambia, The","Population, total",1972,555370
"Georgia","Population, total",1972,4205300
"Germany","Population, total",1972,78688452
"Ghana","Population, total",1972,9438187
"Gibraltar","Population, total",1972,27290
"Greece","Population, total",1972,8888628
"Greenland","Population, total",1972,48300
"Grenada","Population, total",1972,98777
"Guam","Population, total",1972,92619
"Guatemala","Population, total",1972,5682833
"Guinea","Population, total",1972,4431292
"Guinea-Bissau","Population, total",1972,586620
"Guyana","Population, total",1972,721617
"Haiti","Population, total",1972,4813868
"Honduras","Population, total",1972,2922064
"Hong Kong SAR, China","Population, total",1972,4123600
"Hungary","Population, total",1972,10398489
"Iceland","Population, total",1972,209137
"India","Population, total",1972,570482142
"Indonesia","Population, total",1972,122039841
"Iran, Islamic Rep.","Population, total",1972,30921179
"Iraq","Population, total",1972,10430164
"Ireland","Population, total",1972,3036850
"Isle of Man","Population, total",1972,57367
"Israel","Population, total",1972,3148000
"Italy","Population, total",1972,54381345
"Jamaica","Population, total",1972,1931542
"Japan","Population, total",1972,107188000
"Jordan","Population, total",1972,1714555
"Kazakhstan","Population, total",1972,12951798
"Kenya","Population, total",1972,12206060
"Kiribati","Population, total",1972,59778
"Korea, Dem. People's Rep.","Population, total",1972,15975069
"Korea, Rep.","Population, total",1972,33505406
"Kosovo","Population, total",1972,1301579
"Kuwait","Population, total",1972,920352
"Kyrgyz Republic","Population, total",1972,3088200
"Lao PDR","Population, total",1972,2801660
"Latvia","Population, total",1972,2395674
"Lebanon","Population, total",1972,2509729
"Lesotho","Population, total",1972,1094063
"Liberia","Population, total",1972,1542670
"Libya","Population, total",1972,2226091
"Liechtenstein","Population, total",1972,22132
"Lithuania","Population, total",1972,3213622
"Luxembourg","Population, total",1972,346600
"Macao SAR, China","Population, total",1972,245050
"Madagascar","Population, total",1972,7074398
"Malawi","Population, total",1972,4874475
"Malaysia","Population, total",1972,10676835
"Maldives","Population, total",1972,130968
"Mali","Population, total",1972,6483726
"Malta","Population, total",1972,302450
"Marshall Islands","Population, total",1972,23992
"Mauritania","Population, total",1972,1168355
"Mauritius","Population, total",1972,852053
"Mexico","Population, total",1972,54030168
"Micronesia, Fed. Sts.","Population, total",1972,62278
"Moldova","Population, total",1972,2484742
"Monaco","Population, total",1972,24862
"Mongolia","Population, total",1972,1366821
"Montenegro","Population, total",1972,521785
"Morocco","Population, total",1972,15924692
"Mozambique","Population, total",1972,8692935
"Myanmar","Population, total",1972,28428324
"Namibia","Population, total",1972,804399
"Nauru","Population, total",1972,6812
"Nepal","Population, total",1972,12989099
"Netherlands","Population, total",1972,13328593
"New Caledonia","Population, total",1972,119931
"New Zealand","Population, total",1972,2903900
"Nicaragua","Population, total",1972,2573578
"Niger","Population, total",1972,4904845
"Nigeria","Population, total",1972,58601748
"North Macedonia","Population, total",1972,1717395
"Northern Mariana Islands","Population, total",1972,12636
"Norway","Population, total",1972,3933004
"Oman","Population, total",1972,700593
"Pakistan","Population, total",1972,63583194
"Palau","Population, total",1972,12194
"Panama","Population, total",1972,1599723
"Papua New Guinea","Population, total",1972,2628432
"Paraguay","Population, total",1972,2499881
"Peru","Population, total",1972,14210147
"Philippines","Population, total",1972,39408560
"Poland","Population, total",1972,33055650
"Portugal","Population, total",1972,8630430
"Puerto Rico","Population, total",1972,2817256
"Qatar","Population, total",1972,146506
"Romania","Population, total",1972,20657957
"Russian Federation","Population, total",1972,131909000
"Rwanda","Population, total",1972,4220335
"Samoa","Population, total",1972,144538
"San Marino","Population, total",1972,18787
"Sao Tome and Principe","Population, total",1972,81041
"Saudi Arabia","Population, total",1972,3905722
"Senegal","Population, total",1972,4741631
"Serbia","Population, total",1972,7252012
"Seychelles","Population, total",1972,56029
"Sierra Leone","Population, total",1972,2814388
"Singapore","Population, total",1972,2152400
"Sint Maarten (Dutch part)","Population, total",1972,7380
"Slovak Republic","Population, total",1972,4596622
"Slovenia","Population, total",1972,1752233
"Solomon Islands","Population, total",1972,184994
"Somalia","Population, total",1972,3939436
"South Africa","Population, total",1972,23609456
"South Sudan","Population, total",1972,3542497
"Spain","Population, total",1972,34604469
"Sri Lanka","Population, total",1972,12809205
"St. Kitts and Nevis","Population, total",1972,44033
"St. Lucia","Population, total",1972,106002
"St. Martin (French part)","Population, total",1972,6409
"St. Vincent and the Grenadines","Population, total",1972,97790
"Sudan","Population, total",1972,12527856
"Suriname","Population, total",1972,397413
"Sweden","Population, total",1972,8122300
"Switzerland","Population, total",1972,6260956
"Syrian Arab Republic","Population, total",1972,6826024
"Tajikistan","Population, total",1972,3123691
"Tanzania","Population, total",1972,14479308
"Thailand","Population, total",1972,37933929
"Timor-Leste","Population, total",1972,572962
"Togo","Population, total",1972,2384994
"Tonga","Population, total",1972,87356
"Trinidad and Tobago","Population, total",1972,1014921
"Tunisia","Population, total",1972,5396557
"Turkiye","Population, total",1972,38430221
"Turkmenistan","Population, total",1972,2311430
"Turks and Caicos Islands","Population, total",1972,5915
"Tuvalu","Population, total",1972,5692
"Uganda","Population, total",1972,10885796
"Ukraine","Population, total",1972,47946893
"United Arab Emirates","Population, total",1972,385014
"United Kingdom","Population, total",1972,56086065
"United States","Population, total",1972,209896000
"Uruguay","Population, total",1972,2821644
"Uzbekistan","Population, total",1972,12465106
"Vanuatu","Population, total",1972,91562
"Venezuela, RB","Population, total",1972,12099180
"Viet Nam","Population, total",1972,43429168
"Virgin Islands (U.S.)","Population, total",1972,76319
"Yemen, Rep.","Population, total",1972,7460068
"Zambia","Population, total",1972,4569309
"Zimbabwe","Population, total",1972,5542445
"Africa Eastern and Southern","Population, total",1973,187524135
"Africa Western and Central","Population, total",1973,131449942
"Arab World","Population, total",1973,131335660
"Caribbean small states","Population, total",1973,3215024
"Central Electricity Board (CEB)","Population, total",1973,101112680
"Early-demographic dividend","Population, total",1973,1339671375
"East Asia & Pacific","Population, total",1973,1384605041
"East Asia & Pacific (excluding high income)","Population, total",1973,1202715705
"East Asia & Pacific (IDA & IBRD)","Population, total",1973,1186384756
"Euro area","Population, total",1973,297413652
"Europe & Central Asia","Population, total",1973,756775460
"Europe & Central Asia (excluding high income)","Population, total",1973,163601189
"Europe & Central Asia (IDA & IBRD)","Population, total",1973,363554198
"European Union","Population, total",1973,393739994
"Fragile and conflict affected situations","Population, total",1973,326527998
"Heavily indebted poor countries (HIPC)","Population, total",1973,229341403
"High income","Population, total",1973,1042151537
"IBRD only","Population, total",1973,2508370507
"IDA & IBRD total","Population, total",1973,3062266606
"IDA blend","Population, total",1973,176954946
"IDA only","Population, total",1973,376941153
"IDA total","Population, total",1973,553896099
"Late-demographic dividend","Population, total",1973,1425381475
"Latin America & Caribbean","Population, total",1973,306451409
"Latin America & Caribbean (excluding high income)","Population, total",1973,271649494
"Latin America & Caribbean (IDA & IBRD)","Population, total",1973,293783764
"Least developed countries: UN classification","Population, total",1973,339000836
"Low & middle income","Population, total",1973,2826286599
"Low income","Population, total",1973,159304515
"Lower middle income","Population, total",1973,1120170342
"Middle East and North Africa","Population, total",1973,225808044
"Middle East & North Africa (excluding high income)","Population, total",1973,215569107
"Middle East & North Africa (IDA & IBRD)","Population, total",1973,215569107
"Middle income","Population, total",1973,2666982084
"North America","Population, total",1973,234453723
"OECD members","Population, total",1973,952000973
"Other small states","Population, total",1973,6573195
"Pacific island small states","Population, total",1973,1253169
"Post-demographic dividend","Population, total",1973,865015884
"Pre-demographic dividend","Population, total",1973,263238228
"Small states","Population, total",1973,11041388
"South Asia","Population, total",1973,684000704
"South Asia (IDA & IBRD)","Population, total",1973,684000704
"Sub-Saharan Africa","Population, total",1973,318974077
"Sub-Saharan Africa (excluding high income)","Population, total",1973,288750400
"Sub-Saharan Africa (IDA & IBRD)","Population, total",1973,318974077
"Upper middle income","Population, total",1973,1546811742
"World","Population, total",1973,3911068458
"Afghanistan","Population, total",1973,12157999
"Albania","Population, total",1973,2296752
"Algeria","Population, total",1973,14771147
"American Samoa","Population, total",1973,28436
"Andorra","Population, total",1973,24523
"Angola","Population, total",1973,6388528
"Antigua and Barbuda","Population, total",1973,64342
"Argentina","Population, total",1973,25046005
"Armenia","Population, total",1973,2630860
"Aruba","Population, total",1973,58299
"Australia","Population, total",1973,13380000
"Austria","Population, total",1973,7586115
"Azerbaijan","Population, total",1973,5493900
"Bahamas, The","Population, total",1973,200791
"Bahrain","Population, total",1973,255320
"Bangladesh","Population, total",1973,73722294
"Barbados","Population, total",1973,250322
"Belarus","Population, total",1973,9257272
"Belgium","Population, total",1973,9741720
"Belize","Population, total",1973,126445
"Benin","Population, total",1973,3283496
"Bermuda","Population, total",1973,52946
"Bhutan","Population, total",1973,341705
"Bolivia","Population, total",1973,4910200
"Bosnia and Herzegovina","Population, total",1973,3887376
"Botswana","Population, total",1973,652408
"Brazil","Population, total",1973,102600976
"British Virgin Islands","Population, total",1973,10367
"Brunei Darussalam","Population, total",1973,147369
"Bulgaria","Population, total",1973,8620967
"Burkina Faso","Population, total",1973,5911927
"Burundi","Population, total",1973,3611991
"Cabo Verde","Population, total",1973,299881
"Cambodia","Population, total",1973,6739726
"Cameroon","Population, total",1973,6996660
"Canada","Population, total",1973,22491777
"Cayman Islands","Population, total",1973,12438
"Central African Republic","Population, total",1973,2226008
"Chad","Population, total",1973,3985909
"Channel Islands","Population, total",1973,126873
"Chile","Population, total",1973,10340362
"China","Population, total",1973,881940000
"Colombia","Population, total",1973,22325374
"Comoros","Population, total",1973,268820
"Congo, Dem. Rep.","Population, total",1973,21827665
"Congo, Rep.","Population, total",1973,1533680
"Costa Rica","Population, total",1973,1988343
"Cote d'Ivoire","Population, total",1973,6184944
"Croatia","Population, total",1973,4470161
"Cuba","Population, total",1973,9255328
"Curacao","Population, total",1973,146912
"Cyprus","Population, total",1973,665937
"Czechia","Population, total",1973,9922266
"Denmark","Population, total",1973,5021861
"Djibouti","Population, total",1973,178449
"Dominica","Population, total",1973,70585
"Dominican Republic","Population, total",1973,4782227
"Ecuador","Population, total",1973,6722033
"Egypt, Arab Rep.","Population, total",1973,37102043
"El Salvador","Population, total",1973,3938068
"Equatorial Guinea","Population, total",1973,302281
"Eritrea","Population, total",1973,1342669
"Estonia","Population, total",1973,1405951
"Eswatini","Population, total",1973,479038
"Ethiopia","Population, total",1973,30166785
"Faroe Islands","Population, total",1973,39636
"Fiji","Population, total",1973,559222
"Finland","Population, total",1973,4666081
"France","Population, total",1973,53392161
"French Polynesia","Population, total",1973,125897
"Gabon","Population, total",1973,633995
"Gambia, The","Population, total",1973,571991
"Georgia","Population, total",1973,4242500
"Germany","Population, total",1973,78936666
"Ghana","Population, total",1973,9714617
"Gibraltar","Population, total",1973,27537
"Greece","Population, total",1973,8929086
"Greenland","Population, total",1973,49000
"Grenada","Population, total",1973,98709
"Guam","Population, total",1973,94781
"Guatemala","Population, total",1973,5831631
"Guinea","Population, total",1973,4506324
"Guinea-Bissau","Population, total",1973,592808
"Guyana","Population, total",1973,730138
"Haiti","Population, total",1973,4906743
"Honduras","Population, total",1973,3011459
"Hong Kong SAR, China","Population, total",1973,4241600
"Hungary","Population, total",1973,10432055
"Iceland","Population, total",1973,212317
"India","Population, total",1973,583465598
"Indonesia","Population, total",1973,125288515
"Iran, Islamic Rep.","Population, total",1973,31839838
"Iraq","Population, total",1973,10795869
"Ireland","Population, total",1973,3085950
"Isle of Man","Population, total",1973,58256
"Israel","Population, total",1973,3278000
"Italy","Population, total",1973,54751406
"Jamaica","Population, total",1973,1961219
"Japan","Population, total",1973,108707000
"Jordan","Population, total",1973,1778094
"Kazakhstan","Population, total",1973,13208121
"Kenya","Population, total",1973,12634835
"Kiribati","Population, total",1973,60824
"Korea, Dem. People's Rep.","Population, total",1973,16350367
"Korea, Rep.","Population, total",1973,34103149
"Kosovo","Population, total",1973,1331176
"Kuwait","Population, total",1973,977654
"Kyrgyz Republic","Population, total",1973,3153800
"Lao PDR","Population, total",1973,2870573
"Latvia","Population, total",1973,2415819
"Lebanon","Population, total",1973,2572935
"Lesotho","Population, total",1973,1132697
"Liberia","Population, total",1973,1583588
"Libya","Population, total",1973,2314193
"Liechtenstein","Population, total",1973,22785
"Lithuania","Population, total",1973,3244438
"Luxembourg","Population, total",1973,350450
"Macao SAR, China","Population, total",1973,242800
"Madagascar","Population, total",1973,7288048
"Malawi","Population, total",1973,5003938
"Malaysia","Population, total",1973,10935621
"Maldives","Population, total",1973,134952
"Mali","Population, total",1973,6597106
"Malta","Population, total",1973,302200
"Marshall Islands","Population, total",1973,24581
"Mauritania","Population, total",1973,1203838
"Mauritius","Population, total",1973,864819
"Mexico","Population, total",1973,55667284
"Micronesia, Fed. Sts.","Population, total",1973,63986
"Moldova","Population, total",1973,2510584
"Monaco","Population, total",1973,25072
"Mongolia","Population, total",1973,1405502
"Montenegro","Population, total",1973,530220
"Morocco","Population, total",1973,16326269
"Mozambique","Population, total",1973,8954242
"Myanmar","Population, total",1973,29026388
"Namibia","Population, total",1973,828928
"Nauru","Population, total",1973,6866
"Nepal","Population, total",1973,13275239
"Netherlands","Population, total",1973,13439322
"New Caledonia","Population, total",1973,125585
"New Zealand","Population, total",1973,2961300
"Nicaragua","Population, total",1973,2649278
"Niger","Population, total",1973,5037865
"Nigeria","Population, total",1973,60082139
"North Macedonia","Population, total",1973,1743816
"Northern Mariana Islands","Population, total",1973,13880
"Norway","Population, total",1973,3960612
"Oman","Population, total",1973,721179
"Pakistan","Population, total",1973,65461912
"Palau","Population, total",1973,12552
"Panama","Population, total",1973,1643690
"Papua New Guinea","Population, total",1973,2690629
"Paraguay","Population, total",1973,2561102
"Peru","Population, total",1973,14582867
"Philippines","Population, total",1973,40294130
"Poland","Population, total",1973,33357200
"Portugal","Population, total",1973,8633100
"Puerto Rico","Population, total",1973,2878786
"Qatar","Population, total",1973,161841
"Romania","Population, total",1973,20835681
"Russian Federation","Population, total",1973,132669000
"Rwanda","Population, total",1973,4345047
"Samoa","Population, total",1973,146516
"San Marino","Population, total",1973,18992
"Sao Tome and Principe","Population, total",1973,82798
"Saudi Arabia","Population, total",1973,4106344
"Senegal","Population, total",1973,4885181
"Serbia","Population, total",1973,7283902
"Seychelles","Population, total",1973,56892
"Sierra Leone","Population, total",1973,2866955
"Singapore","Population, total",1973,2193000
"Sint Maarten (Dutch part)","Population, total",1973,7917
"Slovak Republic","Population, total",1973,4641445
"Slovenia","Population, total",1973,1766697
"Solomon Islands","Population, total",1973,189774
"Somalia","Population, total",1973,4045592
"South Africa","Population, total",1973,24294263
"South Sudan","Population, total",1973,3627383
"Spain","Population, total",1973,34988947
"Sri Lanka","Population, total",1973,13060916
"St. Kitts and Nevis","Population, total",1973,43880
"St. Lucia","Population, total",1973,107498
"St. Martin (French part)","Population, total",1973,6596
"St. Vincent and the Grenadines","Population, total",1973,98691
"Sudan","Population, total",1973,13049315
"Suriname","Population, total",1973,395772
"Sweden","Population, total",1973,8136312
"Switzerland","Population, total",1973,6307347
"Syrian Arab Republic","Population, total",1973,7060321
"Tajikistan","Population, total",1973,3222290
"Tanzania","Population, total",1973,15010101
"Thailand","Population, total",1973,38947787
"Timor-Leste","Population, total",1973,582855
"Togo","Population, total",1973,2448749
"Tonga","Population, total",1973,88805
"Trinidad and Tobago","Population, total",1973,1027851
"Tunisia","Population, total",1973,5537242
"Turkiye","Population, total",1973,39329533
"Turkmenistan","Population, total",1973,2370919
"Turks and Caicos Islands","Population, total",1973,6090
"Tuvalu","Population, total",1973,5681
"Uganda","Population, total",1973,11144236
"Ukraine","Population, total",1973,48277121
"United Arab Emirates","Population, total",1973,436399
"United Kingdom","Population, total",1973,56194527
"United States","Population, total",1973,211909000
"Uruguay","Population, total",1973,2837133
"Uzbekistan","Population, total",1973,12831047
"Vanuatu","Population, total",1973,94362
"Venezuela, RB","Population, total",1973,12463537
"Viet Nam","Population, total",1973,44409861
"Virgin Islands (U.S.)","Population, total",1973,84121
"Yemen, Rep.","Population, total",1973,7672796
"Zambia","Population, total",1973,4702693
"Zimbabwe","Population, total",1973,5720404
"Africa Eastern and Southern","Population, total",1974,193186642
"Africa Western and Central","Population, total",1974,134911581
"Arab World","Population, total",1974,135282861
"Caribbean small states","Population, total",1974,3242803
"Central Electricity Board (CEB)","Population, total",1974,101939916
"Early-demographic dividend","Population, total",1974,1373219822
"East Asia & Pacific","Population, total",1974,1413496627
"East Asia & Pacific (excluding high income)","Population, total",1974,1228688547
"East Asia & Pacific (IDA & IBRD)","Population, total",1974,1212035036
"Euro area","Population, total",1974,299065145
"Europe & Central Asia","Population, total",1974,762546552
"Europe & Central Asia (excluding high income)","Population, total",1974,166121814
"Europe & Central Asia (IDA & IBRD)","Population, total",1974,367431547
"European Union","Population, total",1974,396124649
"Fragile and conflict affected situations","Population, total",1974,334361510
"Heavily indebted poor countries (HIPC)","Population, total",1974,235791936
"High income","Population, total",1974,1051440406
"IBRD only","Population, total",1974,2561343989
"IDA & IBRD total","Population, total",1974,3130418531
"IDA blend","Population, total",1974,182138604
"IDA only","Population, total",1974,386935938
"IDA total","Population, total",1974,569074542
"Late-demographic dividend","Population, total",1974,1452919554
"Latin America & Caribbean","Population, total",1974,313798324
"Latin America & Caribbean (excluding high income)","Population, total",1974,278251796
"Latin America & Caribbean (IDA & IBRD)","Population, total",1974,300937685
"Least developed countries: UN classification","Population, total",1974,348044659
"Low & middle income","Population, total",1974,2892061210
"Low income","Population, total",1974,163605392
"Lower middle income","Population, total",1974,1147885460
"Middle East and North Africa","Population, total",1974,232392106
"Middle East & North Africa (excluding high income)","Population, total",1974,221668657
"Middle East & North Africa (IDA & IBRD)","Population, total",1974,221668657
"Middle income","Population, total",1974,2728455818
"North America","Population, total",1974,236715025
"OECD members","Population, total",1974,962281658
"Other small states","Population, total",1974,6679456
"Pacific island small states","Population, total",1974,1277600
"Post-demographic dividend","Population, total",1974,872247955
"Pre-demographic dividend","Population, total",1974,270820390
"Small states","Population, total",1974,11199859
"South Asia","Population, total",1974,700247383
"South Asia (IDA & IBRD)","Population, total",1974,700247383
"Sub-Saharan Africa","Population, total",1974,328098223
"Sub-Saharan Africa (excluding high income)","Population, total",1974,297083013
"Sub-Saharan Africa (IDA & IBRD)","Population, total",1974,328098223
"Upper middle income","Population, total",1974,1580570358
"World","Population, total",1974,3987294240
"Afghanistan","Population, total",1974,12469127
"Albania","Population, total",1974,2350124
"Algeria","Population, total",1974,15133502
"American Samoa","Population, total",1974,28875
"Andorra","Population, total",1974,26130
"Angola","Population, total",1974,6613367
"Antigua and Barbuda","Population, total",1974,64058
"Argentina","Population, total",1974,25461351
"Armenia","Population, total",1974,2686445
"Aruba","Population, total",1974,58349
"Australia","Population, total",1974,13723000
"Austria","Population, total",1974,7599038
"Azerbaijan","Population, total",1974,5594100
"Bahamas, The","Population, total",1974,205342
"Bahrain","Population, total",1974,269038
"Bangladesh","Population, total",1974,75839348
"Barbados","Population, total",1974,250777
"Belarus","Population, total",1974,9317584
"Belgium","Population, total",1974,9772419
"Belize","Population, total",1974,128185
"Benin","Population, total",1974,3362633
"Bermuda","Population, total",1974,53056
"Bhutan","Population, total",1974,353538
"Bolivia","Population, total",1974,5022475
"Bosnia and Herzegovina","Population, total",1974,3926472
"Botswana","Population, total",1974,685448
"Brazil","Population, total",1974,105089675
"British Virgin Islands","Population, total",1974,10494
"Brunei Darussalam","Population, total",1974,152656
"Bulgaria","Population, total",1974,8678745
"Burkina Faso","Population, total",1974,6024904
"Burundi","Population, total",1974,3703590
"Cabo Verde","Population, total",1974,302570
"Cambodia","Population, total",1974,6783240
"Cameroon","Population, total",1974,7193583
"Canada","Population, total",1974,22807969
"Cayman Islands","Population, total",1974,13114
"Central African Republic","Population, total",1974,2269338
"Chad","Population, total",1974,4078356
"Channel Islands","Population, total",1974,127893
"Chile","Population, total",1974,10505817
"China","Population, total",1974,900350000
"Colombia","Population, total",1974,22833469
"Comoros","Population, total",1974,278075
"Congo, Dem. Rep.","Population, total",1974,22418878
"Congo, Rep.","Population, total",1974,1582301
"Costa Rica","Population, total",1974,2039643
"Cote d'Ivoire","Population, total",1974,6474057
"Croatia","Population, total",1974,4490660
"Cuba","Population, total",1974,9374183
"Curacao","Population, total",1974,148351
"Cyprus","Population, total",1974,663254
"Czechia","Population, total",1974,9988459
"Denmark","Population, total",1974,5045297
"Djibouti","Population, total",1974,192613
"Dominica","Population, total",1974,71091
"Dominican Republic","Population, total",1974,4914197
"Ecuador","Population, total",1974,6918573
"Egypt, Arab Rep.","Population, total",1974,37969667
"El Salvador","Population, total",1974,4029671
"Equatorial Guinea","Population, total",1974,294953
"Eritrea","Population, total",1974,1375688
"Estonia","Population, total",1974,1418169
"Eswatini","Population, total",1974,492988
"Ethiopia","Population, total",1974,30957273
"Faroe Islands","Population, total",1974,40106
"Fiji","Population, total",1974,567489
"Finland","Population, total",1974,4690574
"France","Population, total",1974,53746571
"French Polynesia","Population, total",1974,129960
"Gabon","Population, total",1974,647691
"Gambia, The","Population, total",1974,589085
"Georgia","Population, total",1974,4279500
"Germany","Population, total",1974,78967433
"Ghana","Population, total",1974,10000523
"Gibraltar","Population, total",1974,27755
"Greece","Population, total",1974,8962022
"Greenland","Population, total",1974,49500
"Grenada","Population, total",1974,98486
"Guam","Population, total",1974,96939
"Guatemala","Population, total",1974,5981197
"Guinea","Population, total",1974,4580510
"Guinea-Bissau","Population, total",1974,613338
"Guyana","Population, total",1974,738057
"Haiti","Population, total",1974,5001796
"Honduras","Population, total",1974,3099836
"Hong Kong SAR, China","Population, total",1974,4377800
"Hungary","Population, total",1974,10478720
"Iceland","Population, total",1974,215209
"India","Population, total",1974,597041391
"Indonesia","Population, total",1974,128555045
"Iran, Islamic Rep.","Population, total",1974,32796463
"Iraq","Population, total",1974,11167761
"Ireland","Population, total",1974,3137500
"Isle of Man","Population, total",1974,59139
"Israel","Population, total",1974,3377000
"Italy","Population, total",1974,55110868
"Jamaica","Population, total",1974,1990906
"Japan","Population, total",1974,110162000
"Jordan","Population, total",1974,1839182
"Kazakhstan","Population, total",1974,13454570
"Kenya","Population, total",1974,13070078
"Kiribati","Population, total",1974,61219
"Korea, Dem. People's Rep.","Population, total",1974,16673121
"Korea, Rep.","Population, total",1974,34692266
"Kosovo","Population, total",1974,1363123
"Kuwait","Population, total",1974,1038346
"Kyrgyz Republic","Population, total",1974,3223900
"Lao PDR","Population, total",1974,2939761
"Latvia","Population, total",1974,2437186
"Lebanon","Population, total",1974,2635185
"Lesotho","Population, total",1974,1172420
"Liberia","Population, total",1974,1626362
"Libya","Population, total",1974,2432211
"Liechtenstein","Population, total",1974,23451
"Lithuania","Population, total",1974,3273894
"Luxembourg","Population, total",1974,355050
"Macao SAR, China","Population, total",1974,240550
"Madagascar","Population, total",1974,7509726
"Malawi","Population, total",1974,5141337
"Malaysia","Population, total",1974,11200906
"Maldives","Population, total",1974,138978
"Mali","Population, total",1974,6715436
"Malta","Population, total",1974,301996
"Marshall Islands","Population, total",1974,25296
"Mauritania","Population, total",1974,1240188
"Mauritius","Population, total",1974,878042
"Mexico","Population, total",1974,57320149
"Micronesia, Fed. Sts.","Population, total",1974,65749
"Moldova","Population, total",1974,2538164
"Monaco","Population, total",1974,25235
"Mongolia","Population, total",1974,1446050
"Montenegro","Population, total",1974,538902
"Morocco","Population, total",1974,16733842
"Mozambique","Population, total",1974,9236093
"Myanmar","Population, total",1974,29598167
"Namibia","Population, total",1974,854320
"Nauru","Population, total",1974,6923
"Nepal","Population, total",1974,13568435
"Netherlands","Population, total",1974,13545056
"New Caledonia","Population, total",1974,131452
"New Zealand","Population, total",1974,3023700
"Nicaragua","Population, total",1974,2732075
"Niger","Population, total",1974,5174953
"Nigeria","Population, total",1974,61679144
"North Macedonia","Population, total",1974,1770545
"Northern Mariana Islands","Population, total",1974,14655
"Norway","Population, total",1974,3985258
"Oman","Population, total",1974,746988
"Pakistan","Population, total",1974,67415487
"Palau","Population, total",1974,12687
"Panama","Population, total",1974,1687926
"Papua New Guinea","Population, total",1974,2752671
"Paraguay","Population, total",1974,2625621
"Peru","Population, total",1974,14956552
"Philippines","Population, total",1974,41174341
"Poland","Population, total",1974,33678899
"Portugal","Population, total",1974,8754365
"Puerto Rico","Population, total",1974,2939299
"Qatar","Population, total",1974,177362
"Romania","Population, total",1974,21029429
"Russian Federation","Population, total",1974,133432000
"Rwanda","Population, total",1974,4474228
"Samoa","Population, total",1974,149431
"San Marino","Population, total",1974,19030
"Sao Tome and Principe","Population, total",1974,84672
"Saudi Arabia","Population, total",1974,4323632
"Senegal","Population, total",1974,5029437
"Serbia","Population, total",1974,7326043
"Seychelles","Population, total",1974,57937
"Sierra Leone","Population, total",1974,2920459
"Singapore","Population, total",1974,2229800
"Sint Maarten (Dutch part)","Population, total",1974,8492
"Slovak Republic","Population, total",1974,4689623
"Slovenia","Population, total",1974,1776132
"Solomon Islands","Population, total",1974,195041
"Somalia","Population, total",1974,4151842
"South Africa","Population, total",1974,24989108
"South Sudan","Population, total",1974,3723259
"Spain","Population, total",1974,35373335
"Sri Lanka","Population, total",1974,13305693
"St. Kitts and Nevis","Population, total",1974,43738
"St. Lucia","Population, total",1974,109076
"St. Martin (French part)","Population, total",1974,6801
"St. Vincent and the Grenadines","Population, total",1974,99556
"Sudan","Population, total",1974,13580723
"Suriname","Population, total",1974,393676
"Sweden","Population, total",1974,8159955
"Switzerland","Population, total",1974,6341405
"Syrian Arab Republic","Population, total",1974,7302160
"Tajikistan","Population, total",1974,3324499
"Tanzania","Population, total",1974,15561630
"Thailand","Population, total",1974,39952891
"Timor-Leste","Population, total",1974,590827
"Togo","Population, total",1974,2511760
"Tonga","Population, total",1974,90683
"Trinidad and Tobago","Population, total",1974,1040761
"Tunisia","Population, total",1974,5684674
"Turkiye","Population, total",1974,40210234
"Turkmenistan","Population, total",1974,2432028
"Turks and Caicos Islands","Population, total",1974,6273
"Tuvalu","Population, total",1974,5822
"Uganda","Population, total",1974,11424846
"Ukraine","Population, total",1974,48576570
"United Arab Emirates","Population, total",1974,489087
"United Kingdom","Population, total",1974,56229974
"United States","Population, total",1974,213854000
"Uruguay","Population, total",1974,2853944
"Uzbekistan","Population, total",1974,13209011
"Vanuatu","Population, total",1974,97260
"Venezuela, RB","Population, total",1974,12835351
"Viet Nam","Population, total",1974,45413537
"Virgin Islands (U.S.)","Population, total",1974,89941
"Yemen, Rep.","Population, total",1974,7896783
"Zambia","Population, total",1974,4842746
"Zimbabwe","Population, total",1974,5908328
"Africa Eastern and Southern","Population, total",1975,198914573
"Africa Western and Central","Population, total",1975,138569918
"Arab World","Population, total",1975,139495837
"Caribbean small states","Population, total",1975,3269733
"Central Electricity Board (CEB)","Population, total",1975,102860571
"Early-demographic dividend","Population, total",1975,1407636737
"East Asia & Pacific","Population, total",1975,1439634332
"East Asia & Pacific (excluding high income)","Population, total",1975,1252174248
"East Asia & Pacific (IDA & IBRD)","Population, total",1975,1235222835
"Euro area","Population, total",1975,300516726
"Europe & Central Asia","Population, total",1975,768080678
"Europe & Central Asia (excluding high income)","Population, total",1975,168594458
"Europe & Central Asia (IDA & IBRD)","Population, total",1975,371336064
"European Union","Population, total",1975,398397694
"Fragile and conflict affected situations","Population, total",1975,342377291
"Heavily indebted poor countries (HIPC)","Population, total",1975,242344150
"High income","Population, total",1975,1060472674
"IBRD only","Population, total",1975,2613194091
"IDA & IBRD total","Population, total",1975,3197494325
"IDA blend","Population, total",1975,187586058
"IDA only","Population, total",1975,396714176
"IDA total","Population, total",1975,584300234
"Late-demographic dividend","Population, total",1975,1478265786
"Latin America & Caribbean","Population, total",1975,321203546
"Latin America & Caribbean (excluding high income)","Population, total",1975,284908402
"Latin America & Caribbean (IDA & IBRD)","Population, total",1975,308171037
"Least developed countries: UN classification","Population, total",1975,356845675
"Low & middle income","Population, total",1975,2956658953
"Low income","Population, total",1975,167964187
"Lower middle income","Population, total",1975,1176467266
"Middle East and North Africa","Population, total",1975,239405806
"Middle East & North Africa (excluding high income)","Population, total",1975,228187384
"Middle East & North Africa (IDA & IBRD)","Population, total",1975,228187384
"Middle income","Population, total",1975,2788694766
"North America","Population, total",1975,239169404
"OECD members","Population, total",1975,972242932
"Other small states","Population, total",1975,6790788
"Pacific island small states","Population, total",1975,1303608
"Post-demographic dividend","Population, total",1975,879088327
"Pre-demographic dividend","Population, total",1975,278656584
"Small states","Population, total",1975,11364129
"South Asia","Population, total",1975,717092514
"South Asia (IDA & IBRD)","Population, total",1975,717092514
"Sub-Saharan Africa","Population, total",1975,337484491
"Sub-Saharan Africa (excluding high income)","Population, total",1975,305701947
"Sub-Saharan Africa (IDA & IBRD)","Population, total",1975,337484491
"Upper middle income","Population, total",1975,1612227500
"World","Population, total",1975,4062070771
"Afghanistan","Population, total",1975,12773954
"Albania","Population, total",1975,2404831
"Algeria","Population, total",1975,15678596
"American Samoa","Population, total",1975,29390
"Andorra","Population, total",1975,27773
"Angola","Population, total",1975,6842947
"Antigua and Barbuda","Population, total",1975,63839
"Argentina","Population, total",1975,25874107
"Armenia","Population, total",1975,2743660
"Aruba","Population, total",1975,58295
"Australia","Population, total",1975,13893000
"Austria","Population, total",1975,7578903
"Azerbaijan","Population, total",1975,5689050
"Bahamas, The","Population, total",1975,209886
"Bahrain","Population, total",1975,283243
"Bangladesh","Population, total",1975,77854351
"Barbados","Population, total",1975,251175
"Belarus","Population, total",1975,9367000
"Belgium","Population, total",1975,9800700
"Belize","Population, total",1975,130387
"Benin","Population, total",1975,3445407
"Bermuda","Population, total",1975,53129
"Bhutan","Population, total",1975,365791
"Bolivia","Population, total",1975,5137539
"Bosnia and Herzegovina","Population, total",1975,3965743
"Botswana","Population, total",1975,720380
"Brazil","Population, total",1975,107619565
"British Virgin Islands","Population, total",1975,10606
"Brunei Darussalam","Population, total",1975,158070
"Bulgaria","Population, total",1975,8720742
"Burkina Faso","Population, total",1975,6147569
"Burundi","Population, total",1975,3796612
"Cabo Verde","Population, total",1975,305847
"Cambodia","Population, total",1975,6581371
"Cameroon","Population, total",1975,7397120
"Canada","Population, total",1975,23143275
"Cayman Islands","Population, total",1975,13788
"Central African Republic","Population, total",1975,2313916
"Chad","Population, total",1975,4167234
"Channel Islands","Population, total",1975,128781
"Chile","Population, total",1975,10671559
"China","Population, total",1975,916395000
"Colombia","Population, total",1975,23344644
"Comoros","Population, total",1975,287692
"Congo, Dem. Rep.","Population, total",1975,23021101
"Congo, Rep.","Population, total",1975,1627032
"Costa Rica","Population, total",1975,2092719
"Cote d'Ivoire","Population, total",1975,6776297
"Croatia","Population, total",1975,4512082
"Cuba","Population, total",1975,9479726
"Curacao","Population, total",1975,149129
"Cyprus","Population, total",1975,659405
"Czechia","Population, total",1975,10058620
"Denmark","Population, total",1975,5059862
"Djibouti","Population, total",1975,209908
"Dominica","Population, total",1975,71570
"Dominican Republic","Population, total",1975,5046776
"Ecuador","Population, total",1975,7118251
"Egypt, Arab Rep.","Population, total",1975,38875327
"El Salvador","Population, total",1975,4120449
"Equatorial Guinea","Population, total",1975,287901
"Eritrea","Population, total",1975,1408210
"Estonia","Population, total",1975,1429352
"Eswatini","Population, total",1975,507673
"Ethiopia","Population, total",1975,31723252
"Faroe Islands","Population, total",1975,40568
"Fiji","Population, total",1975,575906
"Finland","Population, total",1975,4711440
"France","Population, total",1975,54002853
"French Polynesia","Population, total",1975,134045
"Gabon","Population, total",1975,662197
"Gambia, The","Population, total",1975,606821
"Georgia","Population, total",1975,4311200
"Germany","Population, total",1975,78673554
"Ghana","Population, total",1975,10294308
"Gibraltar","Population, total",1975,27951
"Greece","Population, total",1975,9046541
"Greenland","Population, total",1975,49600
"Grenada","Population, total",1975,98126
"Guam","Population, total",1975,99057
"Guatemala","Population, total",1975,6128731
"Guinea","Population, total",1975,4653876
"Guinea-Bissau","Population, total",1975,650966
"Guyana","Population, total",1975,745393
"Haiti","Population, total",1975,5099086
"Honduras","Population, total",1975,3193234
"Hong Kong SAR, China","Population, total",1975,4461600
"Hungary","Population, total",1975,10540525
"Iceland","Population, total",1975,217979
"India","Population, total",1975,611309535
"Indonesia","Population, total",1975,131843848
"Iran, Islamic Rep.","Population, total",1975,33802973
"Iraq","Population, total",1975,11543639
"Ireland","Population, total",1975,3189550
"Isle of Man","Population, total",1975,59959
"Israel","Population, total",1975,3455000
"Italy","Population, total",1975,55441001
"Jamaica","Population, total",1975,2018981
"Japan","Population, total",1975,111573000
"Jordan","Population, total",1975,1899055
"Kazakhstan","Population, total",1975,13700843
"Kenya","Population, total",1975,13511671
"Kiribati","Population, total",1975,60987
"Korea, Dem. People's Rep.","Population, total",1975,16971055
"Korea, Rep.","Population, total",1975,35280725
"Kosovo","Population, total",1975,1397686
"Kuwait","Population, total",1975,1104863
"Kyrgyz Republic","Population, total",1975,3292400
"Lao PDR","Population, total",1975,3005521
"Latvia","Population, total",1975,2456130
"Lebanon","Population, total",1975,2693191
"Lesotho","Population, total",1975,1213643
"Liberia","Population, total",1975,1670913
"Libya","Population, total",1975,2571556
"Liechtenstein","Population, total",1975,23846
"Lithuania","Population, total",1975,3301652
"Luxembourg","Population, total",1975,358950
"Macao SAR, China","Population, total",1975,238200
"Madagascar","Population, total",1975,7739336
"Malawi","Population, total",1975,5287367
"Malaysia","Population, total",1975,11471914
"Maldives","Population, total",1975,143158
"Mali","Population, total",1975,6837261
"Malta","Population, total",1975,304222
"Marshall Islands","Population, total",1975,26154
"Mauritania","Population, total",1975,1277330
"Mauritius","Population, total",1975,892000
"Mexico","Population, total",1975,58982400
"Micronesia, Fed. Sts.","Population, total",1975,67428
"Moldova","Population, total",1975,2566998
"Monaco","Population, total",1975,25500
"Mongolia","Population, total",1975,1488296
"Montenegro","Population, total",1975,546487
"Morocco","Population, total",1975,17150786
"Mozambique","Population, total",1975,9540817
"Myanmar","Population, total",1975,30176565
"Namibia","Population, total",1975,881032
"Nauru","Population, total",1975,6987
"Nepal","Population, total",1975,13870695
"Netherlands","Population, total",1975,13666335
"New Caledonia","Population, total",1975,137462
"New Zealand","Population, total",1975,3083100
"Nicaragua","Population, total",1975,2816943
"Niger","Population, total",1975,5317019
"Nigeria","Population, total",1975,63410815
"North Macedonia","Population, total",1975,1797972
"Northern Mariana Islands","Population, total",1975,15065
"Norway","Population, total",1975,4007313
"Oman","Population, total",1975,778864
"Pakistan","Population, total",1975,69461175
"Palau","Population, total",1975,12655
"Panama","Population, total",1975,1732389
"Papua New Guinea","Population, total",1975,2814820
"Paraguay","Population, total",1975,2691648
"Peru","Population, total",1975,15333957
"Philippines","Population, total",1975,42120826
"Poland","Population, total",1975,34015199
"Portugal","Population, total",1975,9093470
"Puerto Rico","Population, total",1975,2994000
"Qatar","Population, total",1975,193087
"Romania","Population, total",1975,21293583
"Russian Federation","Population, total",1975,134200000
"Rwanda","Population, total",1975,4607728
"Samoa","Population, total",1975,153344
"San Marino","Population, total",1975,19046
"Sao Tome and Principe","Population, total",1975,86708
"Saudi Arabia","Population, total",1975,4556287
"Senegal","Population, total",1975,5170810
"Serbia","Population, total",1975,7368717
"Seychelles","Population, total",1975,59292
"Sierra Leone","Population, total",1975,2974657
"Singapore","Population, total",1975,2262600
"Sint Maarten (Dutch part)","Population, total",1975,9094
"Slovak Republic","Population, total",1975,4739105
"Slovenia","Population, total",1975,1793581
"Solomon Islands","Population, total",1975,200744
"Somalia","Population, total",1975,4257535
"South Africa","Population, total",1975,25690940
"South Sudan","Population, total",1975,3821494
"Spain","Population, total",1975,35757900
"Sri Lanka","Population, total",1975,13548984
"St. Kitts and Nevis","Population, total",1975,43606
"St. Lucia","Population, total",1975,110725
"St. Martin (French part)","Population, total",1975,7038
"St. Vincent and the Grenadines","Population, total",1975,100387
"Sudan","Population, total",1975,14064798
"Suriname","Population, total",1975,391170
"Sweden","Population, total",1975,8192437
"Switzerland","Population, total",1975,6338632
"Syrian Arab Republic","Population, total",1975,7554364
"Tajikistan","Population, total",1975,3430425
"Tanzania","Population, total",1975,16138361
"Thailand","Population, total",1975,40940005
"Timor-Leste","Population, total",1975,598158
"Togo","Population, total",1975,2574622
"Tonga","Population, total",1975,93017
"Trinidad and Tobago","Population, total",1975,1053469
"Tunisia","Population, total",1975,5839262
"Turkiye","Population, total",1975,41053126
"Turkmenistan","Population, total",1975,2494570
"Turks and Caicos Islands","Population, total",1975,6463
"Tuvalu","Population, total",1975,6117
"Uganda","Population, total",1975,11725240
"Ukraine","Population, total",1975,48865229
"United Arab Emirates","Population, total",1975,542856
"United Kingdom","Population, total",1975,56225800
"United States","Population, total",1975,215973000
"Uruguay","Population, total",1975,2872320
"Uzbekistan","Population, total",1975,13598521
"Vanuatu","Population, total",1975,100269
"Venezuela, RB","Population, total",1975,13215892
"Viet Nam","Population, total",1975,46482903
"Virgin Islands (U.S.)","Population, total",1975,94484
"Yemen, Rep.","Population, total",1975,8133598
"Zambia","Population, total",1975,4990086
"Zimbabwe","Population, total",1975,6098658
"Africa Eastern and Southern","Population, total",1976,204802976
"Africa Western and Central","Population, total",1976,142337272
"Arab World","Population, total",1976,144014135
"Caribbean small states","Population, total",1976,3296410
"Central Electricity Board (CEB)","Population, total",1976,103776068
"Early-demographic dividend","Population, total",1976,1442753987
"East Asia & Pacific","Population, total",1976,1463747757
"East Asia & Pacific (excluding high income)","Population, total",1976,1273922384
"East Asia & Pacific (IDA & IBRD)","Population, total",1976,1256698596
"Euro area","Population, total",1976,301804324
"Europe & Central Asia","Population, total",1976,773619713
"Europe & Central Asia (excluding high income)","Population, total",1976,171119860
"Europe & Central Asia (IDA & IBRD)","Population, total",1976,375469327
"European Union","Population, total",1976,400490355
"Fragile and conflict affected situations","Population, total",1976,350583131
"Heavily indebted poor countries (HIPC)","Population, total",1976,249034009
"High income","Population, total",1976,1069129380
"IBRD only","Population, total",1976,2664387118
"IDA & IBRD total","Population, total",1976,3264075702
"IDA blend","Population, total",1976,193252681
"IDA only","Population, total",1976,406435903
"IDA total","Population, total",1976,599688584
"Late-demographic dividend","Population, total",1976,1502269051
"Latin America & Caribbean","Population, total",1976,328673285
"Latin America & Caribbean (excluding high income)","Population, total",1976,291624269
"Latin America & Caribbean (IDA & IBRD)","Population, total",1976,315490913
"Least developed countries: UN classification","Population, total",1976,365558134
"Low & middle income","Population, total",1976,3020488457
"Low income","Population, total",1976,172393281
"Lower middle income","Population, total",1976,1205621573
"Middle East and North Africa","Population, total",1976,246821883
"Middle East & North Africa (excluding high income)","Population, total",1976,235058983
"Middle East & North Africa (IDA & IBRD)","Population, total",1976,235058983
"Middle income","Population, total",1976,2848095176
"North America","Population, total",1976,241538018
"OECD members","Population, total",1976,981612322
"Other small states","Population, total",1976,6913443
"Pacific island small states","Population, total",1976,1331351
"Post-demographic dividend","Population, total",1976,885244462
"Pre-demographic dividend","Population, total",1976,286692896
"Small states","Population, total",1976,11541204
"South Asia","Population, total",1976,734217635
"South Asia (IDA & IBRD)","Population, total",1976,734217635
"Sub-Saharan Africa","Population, total",1976,347140248
"Sub-Saharan Africa (excluding high income)","Population, total",1976,314545326
"Sub-Saharan Africa (IDA & IBRD)","Population, total",1976,347140248
"Upper middle income","Population, total",1976,1642473603
"World","Population, total",1976,4135758539
"Afghanistan","Population, total",1976,13059851
"Albania","Population, total",1976,2458526
"Algeria","Population, total",1976,16409170
"American Samoa","Population, total",1976,29959
"Andorra","Population, total",1976,29436
"Angola","Population, total",1976,7074664
"Antigua and Barbuda","Population, total",1976,63762
"Argentina","Population, total",1976,26282283
"Armenia","Population, total",1976,2818165
"Aruba","Population, total",1976,58368
"Australia","Population, total",1976,14033000
"Austria","Population, total",1976,7565525
"Azerbaijan","Population, total",1976,5781000
"Bahamas, The","Population, total",1976,214501
"Bahrain","Population, total",1976,297863
"Bangladesh","Population, total",1976,79855318
"Barbados","Population, total",1976,251442
"Belarus","Population, total",1976,9411000
"Belgium","Population, total",1976,9818227
"Belize","Population, total",1976,133099
"Benin","Population, total",1976,3532196
"Bermuda","Population, total",1976,53210
"Bhutan","Population, total",1976,378490
"Bolivia","Population, total",1976,5256496
"Bosnia and Herzegovina","Population, total",1976,4004552
"Botswana","Population, total",1976,758508
"Brazil","Population, total",1976,110213349
"British Virgin Islands","Population, total",1976,10709
"Brunei Darussalam","Population, total",1976,163607
"Bulgaria","Population, total",1976,8758599
"Burkina Faso","Population, total",1976,6280635
"Burundi","Population, total",1976,3882626
"Cabo Verde","Population, total",1976,309455
"Cambodia","Population, total",1976,6134991
"Cameroon","Population, total",1976,7597962
"Canada","Population, total",1976,23449808
"Cayman Islands","Population, total",1976,14454
"Central African Republic","Population, total",1976,2348566
"Chad","Population, total",1976,4251297
"Channel Islands","Population, total",1976,129391
"Chile","Population, total",1976,10838251
"China","Population, total",1976,930685000
"Colombia","Population, total",1976,23858810
"Comoros","Population, total",1976,297538
"Congo, Dem. Rep.","Population, total",1976,23624031
"Congo, Rep.","Population, total",1976,1667225
"Costa Rica","Population, total",1976,2147774
"Cote d'Ivoire","Population, total",1976,7057958
"Croatia","Population, total",1976,4535934
"Cuba","Population, total",1976,9571242
"Curacao","Population, total",1976,149399
"Cyprus","Population, total",1976,662032
"Czechia","Population, total",1976,10125939
"Denmark","Population, total",1976,5072596
"Djibouti","Population, total",1976,230737
"Dominica","Population, total",1976,72017
"Dominican Republic","Population, total",1976,5180404
"Ecuador","Population, total",1976,7320912
"Egypt, Arab Rep.","Population, total",1976,39795557
"El Salvador","Population, total",1976,4210310
"Equatorial Guinea","Population, total",1976,281031
"Eritrea","Population, total",1976,1443807
"Estonia","Population, total",1976,1439576
"Eswatini","Population, total",1976,523330
"Ethiopia","Population, total",1976,32534418
"Faroe Islands","Population, total",1976,41020
"Fiji","Population, total",1976,585534
"Finland","Population, total",1976,4725664
"France","Population, total",1976,54232383
"French Polynesia","Population, total",1976,138114
"Gabon","Population, total",1976,677628
"Gambia, The","Population, total",1976,625667
"Georgia","Population, total",1976,4342400
"Germany","Population, total",1976,78336950
"Ghana","Population, total",1976,10594913
"Gibraltar","Population, total",1976,28134
"Greece","Population, total",1976,9188150
"Greenland","Population, total",1976,49700
"Grenada","Population, total",1976,97632
"Guam","Population, total",1976,101166
"Guatemala","Population, total",1976,6262404
"Guinea","Population, total",1976,4727022
"Guinea-Bissau","Population, total",1976,694191
"Guyana","Population, total",1976,752253
"Haiti","Population, total",1976,5198357
"Honduras","Population, total",1976,3294457
"Hong Kong SAR, China","Population, total",1976,4518000
"Hungary","Population, total",1976,10598677
"Iceland","Population, total",1976,220154
"India","Population, total",1976,625861883
"Indonesia","Population, total",1976,135173655
"Iran, Islamic Rep.","Population, total",1976,34837271
"Iraq","Population, total",1976,11927651
"Ireland","Population, total",1976,3238050
"Isle of Man","Population, total",1976,60750
"Israel","Population, total",1976,3533000
"Italy","Population, total",1976,55718260
"Jamaica","Population, total",1976,2045578
"Japan","Population, total",1976,112775000
"Jordan","Population, total",1976,1958177
"Kazakhstan","Population, total",1976,13998738
"Kenya","Population, total",1976,13957623
"Kiribati","Population, total",1976,60661
"Korea, Dem. People's Rep.","Population, total",1976,17243450
"Korea, Rep.","Population, total",1976,35848523
"Kosovo","Population, total",1976,1434880
"Kuwait","Population, total",1976,1178711
"Kyrgyz Republic","Population, total",1976,3358700
"Lao PDR","Population, total",1976,3064876
"Latvia","Population, total",1976,2470989
"Lebanon","Population, total",1976,2726469
"Lesotho","Population, total",1976,1253214
"Liberia","Population, total",1976,1717060
"Libya","Population, total",1976,2721237
"Liechtenstein","Population, total",1976,24058
"Lithuania","Population, total",1976,3328664
"Luxembourg","Population, total",1976,360731
"Macao SAR, China","Population, total",1976,235600
"Madagascar","Population, total",1976,7976831
"Malawi","Population, total",1976,5443384
"Malaysia","Population, total",1976,11750097
"Maldives","Population, total",1976,147525
"Mali","Population, total",1976,6960979
"Malta","Population, total",1976,305774
"Marshall Islands","Population, total",1976,27021
"Mauritania","Population, total",1976,1315336
"Mauritius","Population, total",1976,906507
"Mexico","Population, total",1976,60645512
"Micronesia, Fed. Sts.","Population, total",1976,69049
"Moldova","Population, total",1976,2596491
"Monaco","Population, total",1976,25895
"Mongolia","Population, total",1976,1531945
"Montenegro","Population, total",1976,552562
"Morocco","Population, total",1976,17574182
"Mozambique","Population, total",1976,9867209
"Myanmar","Population, total",1976,30758811
"Namibia","Population, total",1976,906566
"Nauru","Population, total",1976,7064
"Nepal","Population, total",1976,14177649
"Netherlands","Population, total",1976,13774037
"New Caledonia","Population, total",1976,142091
"New Zealand","Population, total",1976,3110500
"Nicaragua","Population, total",1976,2903851
"Niger","Population, total",1976,5464962
"Nigeria","Population, total",1976,65258009
"North Macedonia","Population, total",1976,1825830
"Northern Mariana Islands","Population, total",1976,15438
"Norway","Population, total",1976,4026152
"Oman","Population, total",1976,814701
"Pakistan","Population, total",1976,71620254
"Palau","Population, total",1976,12598
"Panama","Population, total",1976,1776935
"Papua New Guinea","Population, total",1976,2877327
"Paraguay","Population, total",1976,2758836
"Peru","Population, total",1976,15716809
"Philippines","Population, total",1976,43201488
"Poland","Population, total",1976,34356300
"Portugal","Population, total",1976,9355810
"Puerto Rico","Population, total",1976,3043854
"Qatar","Population, total",1976,209052
"Romania","Population, total",1976,21551634
"Russian Federation","Population, total",1976,135147000
"Rwanda","Population, total",1976,4745954
"Samoa","Population, total",1976,157113
"San Marino","Population, total",1976,19110
"Sao Tome and Principe","Population, total",1976,88922
"Saudi Arabia","Population, total",1976,4807933
"Senegal","Population, total",1976,5308564
"Serbia","Population, total",1976,7418973
"Seychelles","Population, total",1976,60504
"Sierra Leone","Population, total",1976,3028820
"Singapore","Population, total",1976,2293300
"Sint Maarten (Dutch part)","Population, total",1976,9716
"Slovak Republic","Population, total",1976,4789507
"Slovenia","Population, total",1976,1820249
"Solomon Islands","Population, total",1976,207194
"Somalia","Population, total",1976,4365812
"South Africa","Population, total",1976,26395450
"South Sudan","Population, total",1976,3921910
"Spain","Population, total",1976,36137812
"Sri Lanka","Population, total",1976,13796770
"St. Kitts and Nevis","Population, total",1976,43482
"St. Lucia","Population, total",1976,112425
"St. Martin (French part)","Population, total",1976,7303
"St. Vincent and the Grenadines","Population, total",1976,101197
"Sudan","Population, total",1976,14569716
"Suriname","Population, total",1976,388289
"Sweden","Population, total",1976,8222286
"Switzerland","Population, total",1976,6302504
"Syrian Arab Republic","Population, total",1976,7817320
"Tajikistan","Population, total",1976,3540076
"Tanzania","Population, total",1976,16736211
"Thailand","Population, total",1976,41896504
"Timor-Leste","Population, total",1976,607620
"Togo","Population, total",1976,2637796
"Tonga","Population, total",1976,95325
"Trinidad and Tobago","Population, total",1976,1066311
"Tunisia","Population, total",1976,5996994
"Turkiye","Population, total",1976,41899984
"Turkmenistan","Population, total",1976,2558521
"Turks and Caicos Islands","Population, total",1976,6660
"Tuvalu","Population, total",1976,6404
"Uganda","Population, total",1976,12037294
"Ukraine","Population, total",1976,49120842
"United Arab Emirates","Population, total",1976,615866
"United Kingdom","Population, total",1976,56211968
"United States","Population, total",1976,218035000
"Uruguay","Population, total",1976,2891392
"Uzbekistan","Population, total",1976,13998620
"Vanuatu","Population, total",1976,103388
"Venezuela, RB","Population, total",1976,13606284
"Viet Nam","Population, total",1976,47684931
"Virgin Islands (U.S.)","Population, total",1976,96166
"Yemen, Rep.","Population, total",1976,8384113
"Zambia","Population, total",1976,5143842
"Zimbabwe","Population, total",1976,6287105
"Africa Eastern and Southern","Population, total",1977,210680842
"Africa Western and Central","Population, total",1977,146258576
"Arab World","Population, total",1977,148599336
"Caribbean small states","Population, total",1977,3322722
"Central Electricity Board (CEB)","Population, total",1977,104616884
"Early-demographic dividend","Population, total",1977,1478479688
"East Asia & Pacific","Population, total",1977,1486397441
"East Asia & Pacific (excluding high income)","Population, total",1977,1294303118
"East Asia & Pacific (IDA & IBRD)","Population, total",1977,1276830008
"Euro area","Population, total",1977,303021757
"Europe & Central Asia","Population, total",1977,779117798
"Europe & Central Asia (excluding high income)","Population, total",1977,173726978
"Europe & Central Asia (IDA & IBRD)","Population, total",1977,379635878
"European Union","Population, total",1977,402445831
"Fragile and conflict affected situations","Population, total",1977,358846637
"Heavily indebted poor countries (HIPC)","Population, total",1977,255707170
"High income","Population, total",1977,1077728159
"IBRD only","Population, total",1977,2714845767
"IDA & IBRD total","Population, total",1977,3330218383
"IDA blend","Population, total",1977,199165729
"IDA only","Population, total",1977,416206887
"IDA total","Population, total",1977,615372616
"Late-demographic dividend","Population, total",1977,1524947137
"Latin America & Caribbean","Population, total",1977,336262441
"Latin America & Caribbean (excluding high income)","Population, total",1977,298457236
"Latin America & Caribbean (IDA & IBRD)","Population, total",1977,322954210
"Least developed countries: UN classification","Population, total",1977,374293198
"Low & middle income","Population, total",1977,3084056561
"Low income","Population, total",1977,176957140
"Lower middle income","Population, total",1977,1235700491
"Middle East and North Africa","Population, total",1977,254463059
"Middle East & North Africa (excluding high income)","Population, total",1977,242098387
"Middle East & North Africa (IDA & IBRD)","Population, total",1977,242098387
"Middle income","Population, total",1977,2907099421
"North America","Population, total",1977,244018165
"OECD members","Population, total",1977,990951247
"Other small states","Population, total",1977,7044675
"Pacific island small states","Population, total",1977,1360619
"Post-demographic dividend","Population, total",1977,891301791
"Pre-demographic dividend","Population, total",1977,295051411
"Small states","Population, total",1977,11728016
"South Asia","Population, total",1977,751760482
"South Asia (IDA & IBRD)","Population, total",1977,751760482
"Sub-Saharan Africa","Population, total",1977,356939418
"Sub-Saharan Africa (excluding high income)","Population, total",1977,323710360
"Sub-Saharan Africa (IDA & IBRD)","Population, total",1977,356939418
"Upper middle income","Population, total",1977,1671398930
"World","Population, total",1977,4208958804
"Afghanistan","Population, total",1977,13340756
"Albania","Population, total",1977,2513546
"Algeria","Population, total",1977,17015994
"American Samoa","Population, total",1977,30521
"Andorra","Population, total",1977,31097
"Angola","Population, total",1977,7317829
"Antigua and Barbuda","Population, total",1977,63862
"Argentina","Population, total",1977,26701805
"Armenia","Population, total",1977,2912827
"Aruba","Population, total",1977,58580
"Australia","Population, total",1977,14192000
"Austria","Population, total",1977,7568430
"Azerbaijan","Population, total",1977,5876150
"Bahamas, The","Population, total",1977,219157
"Bahrain","Population, total",1977,312823
"Bangladesh","Population, total",1977,81867264
"Barbados","Population, total",1977,251626
"Belarus","Population, total",1977,9463000
"Belgium","Population, total",1977,9830358
"Belize","Population, total",1977,135887
"Benin","Population, total",1977,3623202
"Bermuda","Population, total",1977,53322
"Bhutan","Population, total",1977,391639
"Bolivia","Population, total",1977,5379166
"Bosnia and Herzegovina","Population, total",1977,4042124
"Botswana","Population, total",1977,799574
"Brazil","Population, total",1977,112875292
"British Virgin Islands","Population, total",1977,10800
"Brunei Darussalam","Population, total",1977,169277
"Bulgaria","Population, total",1977,8804183
"Burkina Faso","Population, total",1977,6428734
"Burundi","Population, total",1977,3983582
"Cabo Verde","Population, total",1977,312834
"Cambodia","Population, total",1977,5668551
"Cameroon","Population, total",1977,7796501
"Canada","Population, total",1977,23725843
"Cayman Islands","Population, total",1977,15105
"Central African Republic","Population, total",1977,2372930
"Chad","Population, total",1977,4331667
"Channel Islands","Population, total",1977,129726
"Chile","Population, total",1977,11005519
"China","Population, total",1977,943455000
"Colombia","Population, total",1977,24393494
"Comoros","Population, total",1977,307579
"Congo, Dem. Rep.","Population, total",1977,24229061
"Congo, Rep.","Population, total",1977,1707568
"Costa Rica","Population, total",1977,2205025
"Cote d'Ivoire","Population, total",1977,7321950
"Croatia","Population, total",1977,4559571
"Cuba","Population, total",1977,9648440
"Curacao","Population, total",1977,149459
"Cyprus","Population, total",1977,667101
"Czechia","Population, total",1977,10186755
"Denmark","Population, total",1977,5088419
"Djibouti","Population, total",1977,254613
"Dominica","Population, total",1977,72406
"Dominican Republic","Population, total",1977,5315443
"Ecuador","Population, total",1977,7526819
"Egypt, Arab Rep.","Population, total",1977,40748870
"El Salvador","Population, total",1977,4301256
"Equatorial Guinea","Population, total",1977,276779
"Eritrea","Population, total",1977,1482565
"Estonia","Population, total",1977,1450211
"Eswatini","Population, total",1977,540348
"Ethiopia","Population, total",1977,33167272
"Faroe Islands","Population, total",1977,41468
"Fiji","Population, total",1977,597805
"Finland","Population, total",1977,4738902
"France","Population, total",1977,54486467
"French Polynesia","Population, total",1977,142313
"Gabon","Population, total",1977,693984
"Gambia, The","Population, total",1977,645770
"Georgia","Population, total",1977,4372100
"Germany","Population, total",1977,78159814
"Ghana","Population, total",1977,10911871
"Gibraltar","Population, total",1977,28300
"Greece","Population, total",1977,9308479
"Greenland","Population, total",1977,49400
"Grenada","Population, total",1977,97017
"Guam","Population, total",1977,103298
"Guatemala","Population, total",1977,6401515
"Guinea","Population, total",1977,4801128
"Guinea-Bissau","Population, total",1977,741789
"Guyana","Population, total",1977,758654
"Haiti","Population, total",1977,5299476
"Honduras","Population, total",1977,3398655
"Hong Kong SAR, China","Population, total",1977,4583700
"Hungary","Population, total",1977,10648031
"Iceland","Population, total",1977,221799
"India","Population, total",1977,640801103
"Indonesia","Population, total",1977,138533541
"Iran, Islamic Rep.","Population, total",1977,35933181
"Iraq","Population, total",1977,12331046
"Ireland","Population, total",1977,3282200
"Isle of Man","Population, total",1977,61566
"Israel","Population, total",1977,3613000
"Italy","Population, total",1977,55955411
"Jamaica","Population, total",1977,2070657
"Japan","Population, total",1977,113872000
"Jordan","Population, total",1977,2019002
"Kazakhstan","Population, total",1977,14353265
"Kenya","Population, total",1977,14428819
"Kiribati","Population, total",1977,60267
"Korea, Dem. People's Rep.","Population, total",1977,17492798
"Korea, Rep.","Population, total",1977,36411795
"Kosovo","Population, total",1977,1474457
"Kuwait","Population, total",1977,1258023
"Kyrgyz Republic","Population, total",1977,3423900
"Lao PDR","Population, total",1977,3118923
"Latvia","Population, total",1977,2485073
"Lebanon","Population, total",1977,2762155
"Lesotho","Population, total",1977,1289967
"Liberia","Population, total",1977,1766019
"Libya","Population, total",1977,2881533
"Liechtenstein","Population, total",1977,24442
"Lithuania","Population, total",1977,3355036
"Luxembourg","Population, total",1977,361358
"Macao SAR, China","Population, total",1977,232950
"Madagascar","Population, total",1977,8222240
"Malawi","Population, total",1977,5614983
"Malaysia","Population, total",1977,12035713
"Maldives","Population, total",1977,151930
"Mali","Population, total",1977,7090979
"Malta","Population, total",1977,306970
"Marshall Islands","Population, total",1977,27906
"Mauritania","Population, total",1977,1353768
"Mauritius","Population, total",1977,921379
"Mexico","Population, total",1977,62308493
"Micronesia, Fed. Sts.","Population, total",1977,70753
"Moldova","Population, total",1977,2626298
"Monaco","Population, total",1977,26273
"Mongolia","Population, total",1977,1576245
"Montenegro","Population, total",1977,557576
"Morocco","Population, total",1977,18014756
"Mozambique","Population, total",1977,10224975
"Myanmar","Population, total",1977,31355966
"Namibia","Population, total",1977,931104
"Nauru","Population, total",1977,7163
"Nepal","Population, total",1977,14499175
"Netherlands","Population, total",1977,13856185
"New Caledonia","Population, total",1977,144599
"New Zealand","Population, total",1977,3120200
"Nicaragua","Population, total",1977,2992534
"Niger","Population, total",1977,5619716
"Nigeria","Population, total",1977,67234590
"North Macedonia","Population, total",1977,1853138
"Northern Mariana Islands","Population, total",1977,15787
"Norway","Population, total",1977,4043205
"Oman","Population, total",1977,855314
"Pakistan","Population, total",1977,73901827
"Palau","Population, total",1977,12525
"Panama","Population, total",1977,1821543
"Papua New Guinea","Population, total",1977,2940327
"Paraguay","Population, total",1977,2827874
"Peru","Population, total",1977,16109806
"Philippines","Population, total",1977,44367962
"Poland","Population, total",1977,34689050
"Portugal","Population, total",1977,9455675
"Puerto Rico","Population, total",1977,3088690
"Qatar","Population, total",1977,225285
"Romania","Population, total",1977,21756096
"Russian Federation","Population, total",1977,136100000
"Rwanda","Population, total",1977,4888240
"Samoa","Population, total",1977,159753
"San Marino","Population, total",1977,20017
"Sao Tome and Principe","Population, total",1977,91301
"Saudi Arabia","Population, total",1977,5083048
"Senegal","Population, total",1977,5439549
"Serbia","Population, total",1977,7462783
"Seychelles","Population, total",1977,61786
"Sierra Leone","Population, total",1977,3085354
"Singapore","Population, total",1977,2325300
"Sint Maarten (Dutch part)","Population, total",1977,10364
"Slovak Republic","Population, total",1977,4840501
"Slovenia","Population, total",1977,1842377
"Solomon Islands","Population, total",1977,214418
"Somalia","Population, total",1977,4484050
"South Africa","Population, total",1977,27118952
"South Sudan","Population, total",1977,4024032
"Spain","Population, total",1977,36511638
"Sri Lanka","Population, total",1977,14049371
"St. Kitts and Nevis","Population, total",1977,43358
"St. Lucia","Population, total",1977,114135
"St. Martin (French part)","Population, total",1977,7569
"St. Vincent and the Grenadines","Population, total",1977,101999
"Sudan","Population, total",1977,15086614
"Suriname","Population, total",1977,385067
"Sweden","Population, total",1977,8251540
"Switzerland","Population, total",1977,6281174
"Syrian Arab Republic","Population, total",1977,8090501
"Tajikistan","Population, total",1977,3653265
"Tanzania","Population, total",1977,17352929
"Thailand","Population, total",1977,42843974
"Timor-Leste","Population, total",1977,618315
"Togo","Population, total",1977,2701894
"Tonga","Population, total",1977,96725
"Trinidad and Tobago","Population, total",1977,1079554
"Tunisia","Population, total",1977,6155931
"Turkiye","Population, total",1977,42773298
"Turkmenistan","Population, total",1977,2623948
"Turks and Caicos Islands","Population, total",1977,6864
"Tuvalu","Population, total",1977,6686
"Uganda","Population, total",1977,12359669
"Ukraine","Population, total",1977,49336481
"United Arab Emirates","Population, total",1977,710209
"United Kingdom","Population, total",1977,56193492
"United States","Population, total",1977,220239000
"Uruguay","Population, total",1977,2909461
"Uzbekistan","Population, total",1977,14408822
"Vanuatu","Population, total",1977,106618
"Venezuela, RB","Population, total",1977,14006812
"Viet Nam","Population, total",1977,48954872
"Virgin Islands (U.S.)","Population, total",1977,93203
"Yemen, Rep.","Population, total",1977,8648222
"Zambia","Population, total",1977,5302480
"Zimbabwe","Population, total",1977,6449512
"Africa Eastern and Southern","Population, total",1978,217074286
"Africa Western and Central","Population, total",1978,150402616
"Arab World","Population, total",1978,153568663
"Caribbean small states","Population, total",1978,3348386
"Central Electricity Board (CEB)","Population, total",1978,105329397
"Early-demographic dividend","Population, total",1978,1514572817
"East Asia & Pacific","Population, total",1978,1509073118
"East Asia & Pacific (excluding high income)","Population, total",1978,1314775496
"East Asia & Pacific (IDA & IBRD)","Population, total",1978,1297059239
"Euro area","Population, total",1978,304275086
"Europe & Central Asia","Population, total",1978,784556247
"Europe & Central Asia (excluding high income)","Population, total",1978,176315643
"Europe & Central Asia (IDA & IBRD)","Population, total",1978,383687824
"European Union","Population, total",1978,404312949
"Fragile and conflict affected situations","Population, total",1978,367727720
"Heavily indebted poor countries (HIPC)","Population, total",1978,262985512
"High income","Population, total",1978,1086358633
"IBRD only","Population, total",1978,2765565797
"IDA & IBRD total","Population, total",1978,3397524507
"IDA blend","Population, total",1978,205318127
"IDA only","Population, total",1978,426640583
"IDA total","Population, total",1978,631958710
"Late-demographic dividend","Population, total",1978,1547677040
"Latin America & Caribbean","Population, total",1978,344000129
"Latin America & Caribbean (excluding high income)","Population, total",1978,305428657
"Latin America & Caribbean (IDA & IBRD)","Population, total",1978,330579364
"Least developed countries: UN classification","Population, total",1978,383667234
"Low & middle income","Population, total",1978,3148921134
"Low income","Population, total",1978,182134871
"Lower middle income","Population, total",1978,1266293483
"Middle East and North Africa","Population, total",1978,262393904
"Middle East & North Africa (excluding high income)","Population, total",1978,249392069
"Middle East & North Africa (IDA & IBRD)","Population, total",1978,249392069
"Middle income","Population, total",1978,2966786263
"North America","Population, total",1978,246601634
"OECD members","Population, total",1978,1000355869
"Other small states","Population, total",1978,7176063
"Pacific island small states","Population, total",1978,1390784
"Post-demographic dividend","Population, total",1978,897398355
"Pre-demographic dividend","Population, total",1978,304240149
"Small states","Population, total",1978,11915233
"South Asia","Population, total",1978,769329109
"South Asia (IDA & IBRD)","Population, total",1978,769329109
"Sub-Saharan Africa","Population, total",1978,367476902
"Sub-Saharan Africa (excluding high income)","Population, total",1978,333680160
"Sub-Saharan Africa (IDA & IBRD)","Population, total",1978,367476902
"Upper middle income","Population, total",1978,1700492780
"World","Population, total",1978,4283431043
"Afghanistan","Population, total",1978,13611441
"Albania","Population, total",1978,2566266
"Algeria","Population, total",1978,17506974
"American Samoa","Population, total",1978,31076
"Andorra","Population, total",1978,32735
"Angola","Population, total",1978,7576734
"Antigua and Barbuda","Population, total",1978,64038
"Argentina","Population, total",1978,27132158
"Armenia","Population, total",1978,3012807
"Aruba","Population, total",1978,58776
"Australia","Population, total",1978,14358000
"Austria","Population, total",1978,7562305
"Azerbaijan","Population, total",1978,5976150
"Bahamas, The","Population, total",1978,223761
"Bahrain","Population, total",1978,328046
"Bangladesh","Population, total",1978,83889655
"Barbados","Population, total",1978,251551
"Belarus","Population, total",1978,9525000
"Belgium","Population, total",1978,9839534
"Belize","Population, total",1978,138713
"Benin","Population, total",1978,3718305
"Bermuda","Population, total",1978,53431
"Bhutan","Population, total",1978,405243
"Bolivia","Population, total",1978,5504123
"Bosnia and Herzegovina","Population, total",1978,4078240
"Botswana","Population, total",1978,849239
"Brazil","Population, total",1978,115600942
"British Virgin Islands","Population, total",1978,10886
"Brunei Darussalam","Population, total",1978,174884
"Bulgaria","Population, total",1978,8814032
"Burkina Faso","Population, total",1978,6590984
"Burundi","Population, total",1978,4100338
"Cabo Verde","Population, total",1978,316147
"Cambodia","Population, total",1978,5211653
"Cameroon","Population, total",1978,8011921
"Canada","Population, total",1978,23963203
"Cayman Islands","Population, total",1978,15727
"Central African Republic","Population, total",1978,2397961
"Chad","Population, total",1978,4411366
"Channel Islands","Population, total",1978,129981
"Chile","Population, total",1978,11172695
"China","Population, total",1978,956165000
"Colombia","Population, total",1978,24950337
"Comoros","Population, total",1978,317688
"Congo, Dem. Rep.","Population, total",1978,24992689
"Congo, Rep.","Population, total",1978,1748089
"Costa Rica","Population, total",1978,2264510
"Cote d'Ivoire","Population, total",1978,7603130
"Croatia","Population, total",1978,4581085
"Cuba","Population, total",1978,9711980
"Curacao","Population, total",1978,148341
"Cyprus","Population, total",1978,672249
"Czechia","Population, total",1978,10242098
"Denmark","Population, total",1978,5104248
"Djibouti","Population, total",1978,280031
"Dominica","Population, total",1978,72724
"Dominican Republic","Population, total",1978,5451882
"Ecuador","Population, total",1978,7736167
"Egypt, Arab Rep.","Population, total",1978,41761431
"El Salvador","Population, total",1978,4394114
"Equatorial Guinea","Population, total",1978,276531
"Eritrea","Population, total",1978,1522378
"Estonia","Population, total",1978,1460188
"Eswatini","Population, total",1978,558446
"Ethiopia","Population, total",1978,33734592
"Faroe Islands","Population, total",1978,41968
"Fiji","Population, total",1978,612091
"Finland","Population, total",1978,4752528
"France","Population, total",1978,54734030
"French Polynesia","Population, total",1978,146821
"Gabon","Population, total",1978,711245
"Gambia, The","Population, total",1978,667103
"Georgia","Population, total",1978,4397700
"Germany","Population, total",1978,78091820
"Ghana","Population, total",1978,11248450
"Gibraltar","Population, total",1978,28446
"Greece","Population, total",1978,9429959
"Greenland","Population, total",1978,49200
"Grenada","Population, total",1978,96305
"Guam","Population, total",1978,105424
"Guatemala","Population, total",1978,6561534
"Guinea","Population, total",1978,4877854
"Guinea-Bissau","Population, total",1978,791694
"Guyana","Population, total",1978,764586
"Haiti","Population, total",1978,5402580
"Honduras","Population, total",1978,3505463
"Hong Kong SAR, China","Population, total",1978,4667500
"Hungary","Population, total",1978,10684822
"Iceland","Population, total",1978,223537
"India","Population, total",1978,655728229
"Indonesia","Population, total",1978,141953163
"Iran, Islamic Rep.","Population, total",1978,37126535
"Iraq","Population, total",1978,12753355
"Ireland","Population, total",1978,3329100
"Isle of Man","Population, total",1978,62398
"Israel","Population, total",1978,3690000
"Italy","Population, total",1978,56155143
"Jamaica","Population, total",1978,2094836
"Japan","Population, total",1978,114913000
"Jordan","Population, total",1978,2083595
"Kazakhstan","Population, total",1978,14711497
"Kenya","Population, total",1978,14934126
"Kiribati","Population, total",1978,59864
"Korea, Dem. People's Rep.","Population, total",1978,17735995
"Korea, Rep.","Population, total",1978,36969185
"Kosovo","Population, total",1978,1516249
"Kuwait","Population, total",1978,1340319
"Kyrgyz Republic","Population, total",1978,3487100
"Lao PDR","Population, total",1978,3171740
"Latvia","Population, total",1978,2497921
"Lebanon","Population, total",1978,2822682
"Lesotho","Population, total",1978,1327240
"Liberia","Population, total",1978,1818247
"Libya","Population, total",1978,3052526
"Liechtenstein","Population, total",1978,25028
"Lithuania","Population, total",1978,3379514
"Luxembourg","Population, total",1978,362007
"Macao SAR, China","Population, total",1978,232400
"Madagascar","Population, total",1978,8475864
"Malawi","Population, total",1978,5810132
"Malaysia","Population, total",1978,12328157
"Maldives","Population, total",1978,156159
"Mali","Population, total",1978,7229651
"Malta","Population, total",1978,310182
"Marshall Islands","Population, total",1978,28809
"Mauritania","Population, total",1978,1392713
"Mauritius","Population, total",1978,933499
"Mexico","Population, total",1978,63979046
"Micronesia, Fed. Sts.","Population, total",1978,72754
"Moldova","Population, total",1978,2656211
"Monaco","Population, total",1978,26605
"Mongolia","Population, total",1978,1619468
"Montenegro","Population, total",1978,562065
"Morocco","Population, total",1978,18477385
"Mozambique","Population, total",1978,10618250
"Myanmar","Population, total",1978,31972976
"Namibia","Population, total",1978,947269
"Nauru","Population, total",1978,7298
"Nepal","Population, total",1978,14839695
"Netherlands","Population, total",1978,13941700
"New Caledonia","Population, total",1978,146392
"New Zealand","Population, total",1978,3121200
"Nicaragua","Population, total",1978,3080314
"Niger","Population, total",1978,5782932
"Nigeria","Population, total",1978,69326532
"North Macedonia","Population, total",1978,1879847
"Northern Mariana Islands","Population, total",1978,16130
"Norway","Population, total",1978,4058671
"Oman","Population, total",1978,900304
"Pakistan","Population, total",1978,76307379
"Palau","Population, total",1978,12440
"Panama","Population, total",1978,1866311
"Papua New Guinea","Population, total",1978,3003714
"Paraguay","Population, total",1978,2899269
"Peru","Population, total",1978,16516059
"Philippines","Population, total",1978,45575281
"Poland","Population, total",1978,34965600
"Portugal","Population, total",1978,9558250
"Puerto Rico","Population, total",1978,3129421
"Qatar","Population, total",1978,241808
"Romania","Population, total",1978,21951464
"Russian Federation","Population, total",1978,137060000
"Rwanda","Population, total",1978,5035171
"Samoa","Population, total",1978,161375
"San Marino","Population, total",1978,21026
"Sao Tome and Principe","Population, total",1978,93794
"Saudi Arabia","Population, total",1978,5381902
"Senegal","Population, total",1978,5568096
"Serbia","Population, total",1978,7504017
"Seychelles","Population, total",1978,62150
"Sierra Leone","Population, total",1978,3145517
"Singapore","Population, total",1978,2353600
"Sint Maarten (Dutch part)","Population, total",1978,11039
"Slovak Republic","Population, total",1978,4890125
"Slovenia","Population, total",1978,1862548
"Solomon Islands","Population, total",1978,222029
"Somalia","Population, total",1978,4814892
"South Africa","Population, total",1978,27869507
"South Sudan","Population, total",1978,4127657
"Spain","Population, total",1978,36864898
"Sri Lanka","Population, total",1978,14310128
"St. Kitts and Nevis","Population, total",1978,43217
"St. Lucia","Population, total",1978,115834
"St. Martin (French part)","Population, total",1978,7822
"St. Vincent and the Grenadines","Population, total",1978,102775
"Sudan","Population, total",1978,15695003
"Suriname","Population, total",1978,381502
"Sweden","Population, total",1978,8275599
"Switzerland","Population, total",1978,6281738
"Syrian Arab Republic","Population, total",1978,8372759
"Tajikistan","Population, total",1978,3768508
"Tanzania","Population, total",1978,17976566
"Thailand","Population, total",1978,43788976
"Timor-Leste","Population, total",1978,628775
"Togo","Population, total",1978,2768148
"Tonga","Population, total",1978,97204
"Trinidad and Tobago","Population, total",1978,1093380
"Tunisia","Population, total",1978,6309390
"Turkiye","Population, total",1978,43645306
"Turkmenistan","Population, total",1978,2691088
"Turks and Caicos Islands","Population, total",1978,7083
"Tuvalu","Population, total",1978,6957
"Uganda","Population, total",1978,12692113
"Ukraine","Population, total",1978,49521243
"United Arab Emirates","Population, total",1978,809274
"United Kingdom","Population, total",1978,56196504
"United States","Population, total",1978,222585000
"Uruguay","Population, total",1978,2925715
"Uzbekistan","Population, total",1978,14816349
"Vanuatu","Population, total",1978,109963
"Venezuela, RB","Population, total",1978,14416684
"Viet Nam","Population, total",1978,50249552
"Virgin Islands (U.S.)","Population, total",1978,95929
"Yemen, Rep.","Population, total",1978,8926586
"Zambia","Population, total",1978,5465374
"Zimbabwe","Population, total",1978,6543575
"Africa Eastern and Southern","Population, total",1979,223974122
"Africa Western and Central","Population, total",1979,154721711
"Arab World","Population, total",1979,159054118
"Caribbean small states","Population, total",1979,3373242
"Central Electricity Board (CEB)","Population, total",1979,105948616
"Early-demographic dividend","Population, total",1979,1552194676
"East Asia & Pacific","Population, total",1979,1532261700
"East Asia & Pacific (excluding high income)","Population, total",1979,1335637622
"East Asia & Pacific (IDA & IBRD)","Population, total",1979,1317673957
"Euro area","Population, total",1979,305541545
"Europe & Central Asia","Population, total",1979,789862141
"Europe & Central Asia (excluding high income)","Population, total",1979,178774505
"Europe & Central Asia (IDA & IBRD)","Population, total",1979,387559928
"European Union","Population, total",1979,406112162
"Fragile and conflict affected situations","Population, total",1979,376996705
"Heavily indebted poor countries (HIPC)","Population, total",1979,270569759
"High income","Population, total",1979,1095282220
"IBRD only","Population, total",1979,2816995104
"IDA & IBRD total","Population, total",1979,3466649271
"IDA blend","Population, total",1979,211887858
"IDA only","Population, total",1979,437766309
"IDA total","Population, total",1979,649654167
"Late-demographic dividend","Population, total",1979,1570272872
"Latin America & Caribbean","Population, total",1979,351820083
"Latin America & Caribbean (excluding high income)","Population, total",1979,312477579
"Latin America & Caribbean (IDA & IBRD)","Population, total",1979,338302777
"Least developed countries: UN classification","Population, total",1979,393715341
"Low & middle income","Population, total",1979,3215700977
"Low income","Population, total",1979,187656318
"Lower middle income","Population, total",1979,1298149128
"Middle East and North Africa","Population, total",1979,270666000
"Middle East & North Africa (excluding high income)","Population, total",1979,256976193
"Middle East & North Africa (IDA & IBRD)","Population, total",1979,256976193
"Middle income","Population, total",1979,3028044659
"North America","Population, total",1979,249310061
"OECD members","Population, total",1979,1009880602
"Other small states","Population, total",1979,7309677
"Pacific island small states","Population, total",1979,1422234
"Post-demographic dividend","Population, total",1979,903773491
"Pre-demographic dividend","Population, total",1979,313887702
"Small states","Population, total",1979,12105153
"South Asia","Population, total",1979,787440583
"South Asia (IDA & IBRD)","Population, total",1979,787440583
"Sub-Saharan Africa","Population, total",1979,378695833
"Sub-Saharan Africa (excluding high income)","Population, total",1979,344394495
"Sub-Saharan Africa (IDA & IBRD)","Population, total",1979,378695833
"Upper middle income","Population, total",1979,1729895531
"World","Population, total",1979,4360056401
"Afghanistan","Population, total",1979,13655567
"Albania","Population, total",1979,2617832
"Algeria","Population, total",1979,18036655
"American Samoa","Population, total",1979,31611
"Andorra","Population, total",1979,34306
"Angola","Population, total",1979,7847207
"Antigua and Barbuda","Population, total",1979,64274
"Argentina","Population, total",1979,27568895
"Armenia","Population, total",1979,3078501
"Aruba","Population, total",1979,59191
"Australia","Population, total",1979,14514000
"Austria","Population, total",1979,7549425
"Azerbaijan","Population, total",1979,6071300
"Bahamas, The","Population, total",1979,228230
"Bahrain","Population, total",1979,343457
"Bangladesh","Population, total",1979,85935072
"Barbados","Population, total",1979,251269
"Belarus","Population, total",1979,9584000
"Belgium","Population, total",1979,9848382
"Belize","Population, total",1979,141678
"Benin","Population, total",1979,3818528
"Bermuda","Population, total",1979,53517
"Bhutan","Population, total",1979,419200
"Bolivia","Population, total",1979,5630849
"Bosnia and Herzegovina","Population, total",1979,4113300
"Botswana","Population, total",1979,901742
"Brazil","Population, total",1979,118380821
"British Virgin Islands","Population, total",1979,10965
"Brunei Darussalam","Population, total",1979,180422
"Bulgaria","Population, total",1979,8825940
"Burkina Faso","Population, total",1979,6763903
"Burundi","Population, total",1979,4203530
"Cabo Verde","Population, total",1979,319480
"Cambodia","Population, total",1979,5088808
"Cameroon","Population, total",1979,8239641
"Canada","Population, total",1979,24201544
"Cayman Islands","Population, total",1979,16351
"Central African Republic","Population, total",1979,2423794
"Chad","Population, total",1979,4505384
"Channel Islands","Population, total",1979,130220
"Chile","Population, total",1979,11339779
"China","Population, total",1979,969005000
"Colombia","Population, total",1979,25515626
"Comoros","Population, total",1979,327791
"Congo, Dem. Rep.","Population, total",1979,25886782
"Congo, Rep.","Population, total",1979,1788524
"Costa Rica","Population, total",1979,2326490
"Cote d'Ivoire","Population, total",1979,7902267
"Croatia","Population, total",1979,4594778
"Cuba","Population, total",1979,9763355
"Curacao","Population, total",1979,147851
"Cyprus","Population, total",1979,677549
"Czechia","Population, total",1979,10292341
"Denmark","Population, total",1979,5116801
"Djibouti","Population, total",1979,304513
"Dominica","Population, total",1979,72959
"Dominican Republic","Population, total",1979,5589690
"Ecuador","Population, total",1979,7948869
"Egypt, Arab Rep.","Population, total",1979,42818628
"El Salvador","Population, total",1979,4480388
"Equatorial Guinea","Population, total",1979,279846
"Eritrea","Population, total",1979,1563332
"Estonia","Population, total",1979,1468333
"Eswatini","Population, total",1979,577199
"Ethiopia","Population, total",1979,34238652
"Faroe Islands","Population, total",1979,42521
"Fiji","Population, total",1979,626862
"Finland","Population, total",1979,4764690
"France","Population, total",1979,54979851
"French Polynesia","Population, total",1979,151569
"Gabon","Population, total",1979,729375
"Gambia, The","Population, total",1979,689781
"Georgia","Population, total",1979,4430200
"Germany","Population, total",1979,78126350
"Ghana","Population, total",1979,11597255
"Gibraltar","Population, total",1979,28575
"Greece","Population, total",1979,9548258
"Greenland","Population, total",1979,49600
"Grenada","Population, total",1979,95490
"Guam","Population, total",1979,107636
"Guatemala","Population, total",1979,6727797
"Guinea","Population, total",1979,4959283
"Guinea-Bissau","Population, total",1979,819867
"Guyana","Population, total",1979,770062
"Haiti","Population, total",1979,5507590
"Honduras","Population, total",1979,3614981
"Hong Kong SAR, China","Population, total",1979,4929700
"Hungary","Population, total",1979,10704152
"Iceland","Population, total",1979,225735
"India","Population, total",1979,671155747
"Indonesia","Population, total",1979,145434834
"Iran, Islamic Rep.","Population, total",1979,38424952
"Iraq","Population, total",1979,13170365
"Ireland","Population, total",1979,3373750
"Isle of Man","Population, total",1979,63239
"Israel","Population, total",1979,3786000
"Italy","Population, total",1979,56317749
"Jamaica","Population, total",1979,2119486
"Japan","Population, total",1979,115890000
"Jordan","Population, total",1979,2153882
"Kazakhstan","Population, total",1979,14978696
"Kenya","Population, total",1979,15460666
"Kiribati","Population, total",1979,60172
"Korea, Dem. People's Rep.","Population, total",1979,17983470
"Korea, Rep.","Population, total",1979,37534236
"Kosovo","Population, total",1979,1559787
"Kuwait","Population, total",1979,1423514
"Kyrgyz Republic","Population, total",1979,3552000
"Lao PDR","Population, total",1979,3228202
"Latvia","Population, total",1979,2505953
"Lebanon","Population, total",1979,2882635
"Lesotho","Population, total",1979,1366169
"Liberia","Population, total",1979,1872713
"Libya","Population, total",1979,3233846
"Liechtenstein","Population, total",1979,25575
"Lithuania","Population, total",1979,3397842
"Luxembourg","Population, total",1979,362856
"Macao SAR, China","Population, total",1979,235200
"Madagascar","Population, total",1979,8737581
"Malawi","Population, total",1979,6028749
"Malaysia","Population, total",1979,12627862
"Maldives","Population, total",1979,160360
"Mali","Population, total",1979,7375266
"Malta","Population, total",1979,313342
"Marshall Islands","Population, total",1979,29738
"Mauritania","Population, total",1979,1432758
"Mauritius","Population, total",1979,949888
"Mexico","Population, total",1979,65648865
"Micronesia, Fed. Sts.","Population, total",1979,75054
"Moldova","Population, total",1979,2683035
"Monaco","Population, total",1979,26892
"Mongolia","Population, total",1979,1660659
"Montenegro","Population, total",1979,566888
"Morocco","Population, total",1979,18955589
"Mozambique","Population, total",1979,11028809
"Myanmar","Population, total",1979,32596550
"Namibia","Population, total",1979,962825
"Nauru","Population, total",1979,7468
"Nepal","Population, total",1979,15190590
"Netherlands","Population, total",1979,14038270
"New Caledonia","Population, total",1979,148132
"New Zealand","Population, total",1979,3109000
"Nicaragua","Population, total",1979,3164525
"Niger","Population, total",1979,5955556
"Nigeria","Population, total",1979,71498242
"North Macedonia","Population, total",1979,1906523
"Northern Mariana Islands","Population, total",1979,16488
"Norway","Population, total",1979,4072517
"Oman","Population, total",1979,949116
"Pakistan","Population, total",1979,78997039
"Palau","Population, total",1979,12337
"Panama","Population, total",1979,1911552
"Papua New Guinea","Population, total",1979,3067341
"Paraguay","Population, total",1979,2973968
"Peru","Population, total",1979,16933139
"Philippines","Population, total",1979,46807103
"Poland","Population, total",1979,35247217
"Portugal","Population, total",1979,9661265
"Puerto Rico","Population, total",1979,3168088
"Qatar","Population, total",1979,258670
"Romania","Population, total",1979,22090488
"Russian Federation","Population, total",1979,138027000
"Rwanda","Population, total",1979,5189541
"Samoa","Population, total",1979,162882
"San Marino","Population, total",1979,21320
"Sao Tome and Principe","Population, total",1979,96252
"Saudi Arabia","Population, total",1979,5703698
"Senegal","Population, total",1979,5702895
"Serbia","Population, total",1979,7541997
"Seychelles","Population, total",1979,62686
"Sierra Leone","Population, total",1979,3207499
"Singapore","Population, total",1979,2383500
"Sint Maarten (Dutch part)","Population, total",1979,11723
"Slovak Republic","Population, total",1979,4938973
"Slovenia","Population, total",1979,1882599
"Solomon Islands","Population, total",1979,229953
"Somalia","Population, total",1979,5449117
"South Africa","Population, total",1979,28634162
"South Sudan","Population, total",1979,4232605
"Spain","Population, total",1979,37191330
"Sri Lanka","Population, total",1979,14579614
"St. Kitts and Nevis","Population, total",1979,43033
"St. Lucia","Population, total",1979,117528
"St. Martin (French part)","Population, total",1979,8063
"St. Vincent and the Grenadines","Population, total",1979,103478
"Sudan","Population, total",1979,16355352
"Suriname","Population, total",1979,377602
"Sweden","Population, total",1979,8293678
"Switzerland","Population, total",1979,6294365
"Syrian Arab Republic","Population, total",1979,8661909
"Tajikistan","Population, total",1979,3882691
"Tanzania","Population, total",1979,18592038
"Thailand","Population, total",1979,44718434
"Timor-Leste","Population, total",1979,638719
"Togo","Population, total",1979,2839854
"Tonga","Population, total",1979,97544
"Trinidad and Tobago","Population, total",1979,1107639
"Tunisia","Population, total",1979,6456419
"Turkiye","Population, total",1979,44510429
"Turkmenistan","Population, total",1979,2760358
"Turks and Caicos Islands","Population, total",1979,7306
"Tuvalu","Population, total",1979,7184
"Uganda","Population, total",1979,13002163
"Ukraine","Population, total",1979,49721381
"United Arab Emirates","Population, total",1979,912010
"United Kingdom","Population, total",1979,56246951
"United States","Population, total",1979,225055000
"Uruguay","Population, total",1979,2939903
"Uzbekistan","Population, total",1979,15215587
"Vanuatu","Population, total",1979,113040
"Venezuela, RB","Population, total",1979,14834552
"Viet Nam","Population, total",1979,51378211
"Virgin Islands (U.S.)","Population, total",1979,96183
"Yemen, Rep.","Population, total",1979,9224194
"Zambia","Population, total",1979,5631728
"Zimbabwe","Population, total",1979,6647556
"Africa Eastern and Southern","Population, total",1980,230792729
"Africa Western and Central","Population, total",1980,159166518
"Arab World","Population, total",1980,164657321
"Caribbean small states","Population, total",1980,3399087
"Central Electricity Board (CEB)","Population, total",1980,106541316
"Early-demographic dividend","Population, total",1980,1591961664
"East Asia & Pacific","Population, total",1980,1555055871
"East Asia & Pacific (excluding high income)","Population, total",1980,1356226475
"East Asia & Pacific (IDA & IBRD)","Population, total",1980,1338009609
"Euro area","Population, total",1980,306894340
"Europe & Central Asia","Population, total",1980,795362835
"Europe & Central Asia (excluding high income)","Population, total",1980,181309432
"Europe & Central Asia (IDA & IBRD)","Population, total",1980,391562181
"European Union","Population, total",1980,407986180
"Fragile and conflict affected situations","Population, total",1980,385675261
"Heavily indebted poor countries (HIPC)","Population, total",1980,277128014
"High income","Population, total",1980,1104005914
"IBRD only","Population, total",1980,2869277824
"IDA & IBRD total","Population, total",1980,3536954994
"IDA blend","Population, total",1980,219552133
"IDA only","Population, total",1980,448125037
"IDA total","Population, total",1980,667677170
"Late-demographic dividend","Population, total",1980,1592439385
"Latin America & Caribbean","Population, total",1980,359713036
"Latin America & Caribbean (excluding high income)","Population, total",1980,319588567
"Latin America & Caribbean (IDA & IBRD)","Population, total",1980,346105657
"Least developed countries: UN classification","Population, total",1980,403007563
"Low & middle income","Population, total",1980,3283910246
"Low income","Population, total",1980,192424417
"Lower middle income","Population, total",1980,1332297507
"Middle East and North Africa","Population, total",1980,279347788
"Middle East & North Africa (excluding high income)","Population, total",1980,264948525
"Middle East & North Africa (IDA & IBRD)","Population, total",1980,264948525
"Middle income","Population, total",1980,3091485829
"North America","Population, total",1980,251794340
"OECD members","Population, total",1980,1019332414
"Other small states","Population, total",1980,7444817
"Pacific island small states","Population, total",1980,1454476
"Post-demographic dividend","Population, total",1980,909919829
"Pre-demographic dividend","Population, total",1980,322965422
"Small states","Population, total",1980,12298380
"South Asia","Population, total",1980,806369775
"South Asia (IDA & IBRD)","Population, total",1980,806369775
"Sub-Saharan Africa","Population, total",1980,389959247
"Sub-Saharan Africa (excluding high income)","Population, total",1980,355467472
"Sub-Saharan Africa (IDA & IBRD)","Population, total",1980,389959247
"Upper middle income","Population, total",1980,1759188322
"World","Population, total",1980,4437602892
"Afghanistan","Population, total",1980,13169311
"Albania","Population, total",1980,2671997
"Algeria","Population, total",1980,18607174
"American Samoa","Population, total",1980,32403
"Andorra","Population, total",1980,35782
"Angola","Population, total",1980,8133872
"Antigua and Barbuda","Population, total",1980,64513
"Argentina","Population, total",1980,28011596
"Armenia","Population, total",1980,3107415
"Aruba","Population, total",1980,59909
"Australia","Population, total",1980,14692000
"Austria","Population, total",1980,7549433
"Azerbaijan","Population, total",1980,6160500
"Bahamas, The","Population, total",1980,232526
"Bahrain","Population, total",1980,358978
"Bangladesh","Population, total",1980,88016432
"Barbados","Population, total",1980,251524
"Belarus","Population, total",1980,9643000
"Belgium","Population, total",1980,9859242
"Belize","Population, total",1980,145062
"Benin","Population, total",1980,3925251
"Bermuda","Population, total",1980,53673
"Bhutan","Population, total",1980,433404
"Bolivia","Population, total",1980,5758900
"Bosnia and Herzegovina","Population, total",1980,4148426
"Botswana","Population, total",1980,937485
"Brazil","Population, total",1980,121207461
"British Virgin Islands","Population, total",1980,11130
"Brunei Darussalam","Population, total",1980,186111
"Bulgaria","Population, total",1980,8861535
"Burkina Faso","Population, total",1980,6947900
"Burundi","Population, total",1980,4383706
"Cabo Verde","Population, total",1980,323301
"Cambodia","Population, total",1980,5199872
"Cameroon","Population, total",1980,8512219
"Canada","Population, total",1980,24515667
"Cayman Islands","Population, total",1980,17079
"Central African Republic","Population, total",1980,2450535
"Chad","Population, total",1980,4515453
"Channel Islands","Population, total",1980,130462
"Chile","Population, total",1980,11508550
"China","Population, total",1980,981235000
"Colombia","Population, total",1980,26104498
"Comoros","Population, total",1980,337721
"Congo, Dem. Rep.","Population, total",1980,26711099
"Congo, Rep.","Population, total",1980,1828985
"Costa Rica","Population, total",1980,2390633
"Cote d'Ivoire","Population, total",1980,8220714
"Croatia","Population, total",1980,4599782
"Cuba","Population, total",1980,9804796
"Curacao","Population, total",1980,148041
"Cyprus","Population, total",1980,683076
"Czechia","Population, total",1980,10304193
"Denmark","Population, total",1980,5123027
"Djibouti","Population, total",1980,325815
"Dominica","Population, total",1980,73083
"Dominican Republic","Population, total",1980,5729037
"Ecuador","Population, total",1980,8165877
"Egypt, Arab Rep.","Population, total",1980,43950413
"El Salvador","Population, total",1980,4540382
"Equatorial Guinea","Population, total",1980,288644
"Eritrea","Population, total",1980,1605797
"Estonia","Population, total",1980,1477219
"Eswatini","Population, total",1980,596644
"Ethiopia","Population, total",1980,34428514
"Faroe Islands","Population, total",1980,43072
"Fiji","Population, total",1980,641975
"Finland","Population, total",1980,4779535
"France","Population, total",1980,55274184
"French Polynesia","Population, total",1980,156471
"Gabon","Population, total",1980,748389
"Gambia, The","Population, total",1980,713913
"Georgia","Population, total",1980,4467700
"Germany","Population, total",1980,78288576
"Ghana","Population, total",1980,11941448
"Gibraltar","Population, total",1980,28675
"Greece","Population, total",1980,9642505
"Greenland","Population, total",1980,50200
"Grenada","Population, total",1980,94538
"Guam","Population, total",1980,110141
"Guatemala","Population, total",1980,6900212
"Guinea","Population, total",1980,5047419
"Guinea-Bissau","Population, total",1980,829303
"Guyana","Population, total",1980,774367
"Haiti","Population, total",1980,5614493
"Honduras","Population, total",1980,3727173
"Hong Kong SAR, China","Population, total",1980,5063100
"Hungary","Population, total",1980,10711122
"Iceland","Population, total",1980,228138
"India","Population, total",1980,687354025
"Indonesia","Population, total",1980,148950540
"Iran, Islamic Rep.","Population, total",1980,39842324
"Iraq","Population, total",1980,13591992
"Ireland","Population, total",1980,3412800
"Isle of Man","Population, total",1980,64076
"Israel","Population, total",1980,3878000
"Italy","Population, total",1980,56433883
"Jamaica","Population, total",1980,2145658
"Japan","Population, total",1980,116807000
"Jordan","Population, total",1980,2234186
"Kazakhstan","Population, total",1980,15152949
"Kenya","Population, total",1980,16018459
"Kiribati","Population, total",1980,61148
"Korea, Dem. People's Rep.","Population, total",1980,18236786
"Korea, Rep.","Population, total",1980,38123775
"Kosovo","Population, total",1980,1604818
"Kuwait","Population, total",1980,1504782
"Kyrgyz Republic","Population, total",1980,3617400
"Lao PDR","Population, total",1980,3292573
"Latvia","Population, total",1980,2511701
"Lebanon","Population, total",1980,2944763
"Lesotho","Population, total",1980,1406521
"Liberia","Population, total",1980,1929253
"Libya","Population, total",1980,3424378
"Liechtenstein","Population, total",1980,25512
"Lithuania","Population, total",1980,3413202
"Luxembourg","Population, total",1980,364150
"Macao SAR, China","Population, total",1980,239650
"Madagascar","Population, total",1980,9006032
"Malawi","Population, total",1980,6265529
"Malaysia","Population, total",1980,12983363
"Maldives","Population, total",1980,164835
"Mali","Population, total",1980,7530515
"Malta","Population, total",1980,316645
"Marshall Islands","Population, total",1980,30774
"Mauritania","Population, total",1980,1474043
"Mauritius","Population, total",1980,966039
"Mexico","Population, total",1980,67300334
"Micronesia, Fed. Sts.","Population, total",1980,77407
"Moldova","Population, total",1980,2708675
"Monaco","Population, total",1980,27122
"Mongolia","Population, total",1980,1701335
"Montenegro","Population, total",1980,572608
"Morocco","Population, total",1980,19459943
"Mozambique","Population, total",1980,11336221
"Myanmar","Population, total",1980,33227204
"Namibia","Population, total",1980,981434
"Nauru","Population, total",1980,7649
"Nepal","Population, total",1980,15553105
"Netherlands","Population, total",1980,14149800
"New Caledonia","Population, total",1980,149817
"New Zealand","Population, total",1980,3112900
"Nicaragua","Population, total",1980,3252403
"Niger","Population, total",1980,6135971
"Nigeria","Population, total",1980,73764641
"North Macedonia","Population, total",1980,1933038
"Northern Mariana Islands","Population, total",1980,17625
"Norway","Population, total",1980,4085620
"Oman","Population, total",1980,1001248
"Pakistan","Population, total",1980,82291010
"Palau","Population, total",1980,12271
"Panama","Population, total",1980,1957534
"Papua New Guinea","Population, total",1980,3131512
"Paraguay","Population, total",1980,3053235
"Peru","Population, total",1980,17360949
"Philippines","Population, total",1980,48043740
"Poland","Population, total",1980,35574150
"Portugal","Population, total",1980,9766312
"Puerto Rico","Population, total",1980,3206000
"Qatar","Population, total",1980,275913
"Romania","Population, total",1980,22207282
"Russian Federation","Population, total",1980,139010000
"Rwanda","Population, total",1980,5353259
"Samoa","Population, total",1980,164322
"San Marino","Population, total",1980,21585
"Sao Tome and Principe","Population, total",1980,98544
"Saudi Arabia","Population, total",1980,6047997
"Senegal","Population, total",1980,5845638
"Serbia","Population, total",1980,7709544
"Seychelles","Population, total",1980,63261
"Sierra Leone","Population, total",1980,3272089
"Singapore","Population, total",1980,2413945
"Sint Maarten (Dutch part)","Population, total",1980,12410
"Slovak Republic","Population, total",1980,4979815
"Slovenia","Population, total",1980,1901315
"Solomon Islands","Population, total",1980,238135
"Somalia","Population, total",1980,5936154
"South Africa","Population, total",1980,29518857
"South Sudan","Population, total",1980,4339030
"Spain","Population, total",1980,37491165
"Sri Lanka","Population, total",1980,14847974
"St. Kitts and Nevis","Population, total",1980,42850
"St. Lucia","Population, total",1980,119290
"St. Martin (French part)","Population, total",1980,8288
"St. Vincent and the Grenadines","Population, total",1980,104213
"Sudan","Population, total",1980,17058905
"Suriname","Population, total",1980,375377
"Sweden","Population, total",1980,8310531
"Switzerland","Population, total",1980,6319408
"Syrian Arab Republic","Population, total",1980,8957663
"Tajikistan","Population, total",1980,3995256
"Tanzania","Population, total",1980,19189769
"Thailand","Population, total",1980,45650022
"Timor-Leste","Population, total",1980,649871
"Togo","Population, total",1980,2920894
"Tonga","Population, total",1980,97769
"Trinidad and Tobago","Population, total",1980,1121744
"Tunisia","Population, total",1980,6606195
"Turkiye","Population, total",1980,45408815
"Turkmenistan","Population, total",1980,2832203
"Turks and Caicos Islands","Population, total",1980,7564
"Tuvalu","Population, total",1980,7366
"Uganda","Population, total",1980,13275741
"Ukraine","Population, total",1980,49955152
"United Arab Emirates","Population, total",1980,1015700
"United Kingdom","Population, total",1980,56314216
"United States","Population, total",1980,227225000
"Uruguay","Population, total",1980,2951953
"Uzbekistan","Population, total",1980,15619936
"Vanuatu","Population, total",1980,115660
"Venezuela, RB","Population, total",1980,15258218
"Viet Nam","Population, total",1980,52490101
"Virgin Islands (U.S.)","Population, total",1980,99636
"Yemen, Rep.","Population, total",1980,9543358
"Zambia","Population, total",1980,5802833
"Zimbabwe","Population, total",1980,7041303
"Africa Eastern and Southern","Population, total",1981,238043099
"Africa Western and Central","Population, total",1981,163762473
"Arab World","Population, total",1981,170015485
"Caribbean small states","Population, total",1981,3425354
"Central Electricity Board (CEB)","Population, total",1981,107129392
"Early-demographic dividend","Population, total",1981,1634107159
"East Asia & Pacific","Population, total",1981,1578588756
"East Asia & Pacific (excluding high income)","Population, total",1981,1377473854
"East Asia & Pacific (IDA & IBRD)","Population, total",1981,1358992800
"Euro area","Population, total",1981,308127421
"Europe & Central Asia","Population, total",1981,800542417
"Europe & Central Asia (excluding high income)","Population, total",1981,183746315
"Europe & Central Asia (IDA & IBRD)","Population, total",1981,395441598
"European Union","Population, total",1981,409724709
"Fragile and conflict affected situations","Population, total",1981,393958598
"Heavily indebted poor countries (HIPC)","Population, total",1981,283255371
"High income","Population, total",1981,1112639701
"IBRD only","Population, total",1981,2923255528
"IDA & IBRD total","Population, total",1981,3609089669
"IDA blend","Population, total",1981,227625217
"IDA only","Population, total",1981,458208924
"IDA total","Population, total",1981,685834141
"Late-demographic dividend","Population, total",1981,1615106897
"Latin America & Caribbean","Population, total",1981,367619244
"Latin America & Caribbean (excluding high income)","Population, total",1981,326710408
"Latin America & Caribbean (IDA & IBRD)","Population, total",1981,353922621
"Least developed countries: UN classification","Population, total",1981,412046787
"Low & middle income","Population, total",1981,3353295180
"Low income","Population, total",1981,196030673
"Lower middle income","Population, total",1981,1367489973
"Middle East and North Africa","Population, total",1981,288391729
"Middle East & North Africa (excluding high income)","Population, total",1981,273288518
"Middle East & North Africa (IDA & IBRD)","Population, total",1981,273288518
"Middle income","Population, total",1981,3157264507
"North America","Population, total",1981,254339912
"OECD members","Population, total",1981,1028615740
"Other small states","Population, total",1981,7577614
"Pacific island small states","Population, total",1981,1487561
"Post-demographic dividend","Population, total",1981,916024683
"Pre-demographic dividend","Population, total",1981,330988678
"Small states","Population, total",1981,12490529
"South Asia","Population, total",1981,825638560
"South Asia (IDA & IBRD)","Population, total",1981,825638560
"Sub-Saharan Africa","Population, total",1981,401805572
"Sub-Saharan Africa (excluding high income)","Population, total",1981,366437525
"Sub-Saharan Africa (IDA & IBRD)","Population, total",1981,401805572
"Upper middle income","Population, total",1981,1789774534
"World","Population, total",1981,4516926190
"Afghanistan","Population, total",1981,11937581
"Albania","Population, total",1981,2726056
"Algeria","Population, total",1981,19220704
"American Samoa","Population, total",1981,33584
"Andorra","Population, total",1981,37169
"Angola","Population, total",1981,8435607
"Antigua and Barbuda","Population, total",1981,64665
"Argentina","Population, total",1981,28463959
"Armenia","Population, total",1981,3135349
"Aruba","Population, total",1981,60563
"Australia","Population, total",1981,14923260
"Austria","Population, total",1981,7568710
"Azerbaijan","Population, total",1981,6257750
"Bahamas, The","Population, total",1981,236614
"Bahrain","Population, total",1981,373524
"Bangladesh","Population, total",1981,90303105
"Barbados","Population, total",1981,252270
"Belarus","Population, total",1981,9710000
"Belgium","Population, total",1981,9858982
"Belize","Population, total",1981,148786
"Benin","Population, total",1981,4038307
"Bermuda","Population, total",1981,53997
"Bhutan","Population, total",1981,447836
"Bolivia","Population, total",1981,5888109
"Bosnia and Herzegovina","Population, total",1981,4184217
"Botswana","Population, total",1981,969996
"Brazil","Population, total",1981,124063109
"British Virgin Islands","Population, total",1981,11479
"Brunei Darussalam","Population, total",1981,191977
"Bulgaria","Population, total",1981,8891117
"Burkina Faso","Population, total",1981,7140271
"Burundi","Population, total",1981,4566014
"Cabo Verde","Population, total",1981,327846
"Cambodia","Population, total",1981,5284495
"Cameroon","Population, total",1981,8816377
"Canada","Population, total",1981,24819915
"Cayman Islands","Population, total",1981,17905
"Central African Republic","Population, total",1981,2478402
"Chad","Population, total",1981,4520959
"Channel Islands","Population, total",1981,131078
"Chile","Population, total",1981,11678717
"China","Population, total",1981,993885000
"Colombia","Population, total",1981,26713267
"Comoros","Population, total",1981,347382
"Congo, Dem. Rep.","Population, total",1981,27500515
"Congo, Rep.","Population, total",1981,1869759
"Costa Rica","Population, total",1981,2456637
"Cote d'Ivoire","Population, total",1981,8556596
"Croatia","Population, total",1981,4611509
"Cuba","Population, total",1981,9849320
"Curacao","Population, total",1981,148629
"Cyprus","Population, total",1981,688893
"Czechia","Population, total",1981,10300591
"Denmark","Population, total",1981,5121572
"Djibouti","Population, total",1981,343047
"Dominica","Population, total",1981,72986
"Dominican Republic","Population, total",1981,5868453
"Ecuador","Population, total",1981,8386910
"Egypt, Arab Rep.","Population, total",1981,45147224
"El Salvador","Population, total",1981,4570599
"Equatorial Guinea","Population, total",1981,303252
"Eritrea","Population, total",1981,1649939
"Estonia","Population, total",1981,1487666
"Eswatini","Population, total",1981,616808
"Ethiopia","Population, total",1981,35304012
"Faroe Islands","Population, total",1981,43626
"Fiji","Population, total",1981,657471
"Finland","Population, total",1981,4799964
"France","Population, total",1981,55603353
"French Polynesia","Population, total",1981,161506
"Gabon","Population, total",1981,768385
"Gambia, The","Population, total",1981,739125
"Georgia","Population, total",1981,4504500
"Germany","Population, total",1981,78407907
"Ghana","Population, total",1981,12281712
"Gibraltar","Population, total",1981,28740
"Greece","Population, total",1981,9729350
"Greenland","Population, total",1981,51000
"Grenada","Population, total",1981,94052
"Guam","Population, total",1981,112902
"Guatemala","Population, total",1981,7075648
"Guinea","Population, total",1981,5143288
"Guinea-Bissau","Population, total",1981,842432
"Guyana","Population, total",1981,776453
"Haiti","Population, total",1981,5723725
"Honduras","Population, total",1981,3841778
"Hong Kong SAR, China","Population, total",1981,5183400
"Hungary","Population, total",1981,10711848
"Iceland","Population, total",1981,230755
"India","Population, total",1981,703696250
"Indonesia","Population, total",1981,152485035
"Iran, Islamic Rep.","Population, total",1981,41989312
"Iraq","Population, total",1981,14006381
"Ireland","Population, total",1981,3453000
"Isle of Man","Population, total",1981,64596
"Israel","Population, total",1981,3956000
"Italy","Population, total",1981,56501675
"Jamaica","Population, total",1981,2173818
"Japan","Population, total",1981,117661000
"Jordan","Population, total",1981,2325517
"Kazakhstan","Population, total",1981,15323082
"Kenya","Population, total",1981,16601507
"Kiribati","Population, total",1981,62121
"Korea, Dem. People's Rep.","Population, total",1981,18501295
"Korea, Rep.","Population, total",1981,38723248
"Kosovo","Population, total",1981,1646565
"Kuwait","Population, total",1981,1583426
"Kyrgyz Republic","Population, total",1981,3685800
"Lao PDR","Population, total",1981,3366631
"Latvia","Population, total",1981,2519421
"Lebanon","Population, total",1981,3008981
"Lesotho","Population, total",1981,1448069
"Liberia","Population, total",1981,1986867
"Libya","Population, total",1981,3621486
"Liechtenstein","Population, total",1981,25673
"Lithuania","Population, total",1981,3432947
"Luxembourg","Population, total",1981,365225
"Macao SAR, China","Population, total",1981,244800
"Madagascar","Population, total",1981,9279011
"Malawi","Population, total",1981,6516454
"Malaysia","Population, total",1981,13399203
"Maldives","Population, total",1981,169532
"Mali","Population, total",1981,7692766
"Malta","Population, total",1981,318982
"Marshall Islands","Population, total",1981,32017
"Mauritania","Population, total",1981,1516877
"Mauritius","Population, total",1981,980462
"Mexico","Population, total",1981,68892108
"Micronesia, Fed. Sts.","Population, total",1981,79794
"Moldova","Population, total",1981,2735987
"Monaco","Population, total",1981,27293
"Mongolia","Population, total",1981,1742857
"Montenegro","Population, total",1981,579445
"Morocco","Population, total",1981,19985401
"Mozambique","Population, total",1981,11568127
"Myanmar","Population, total",1981,33858783
"Namibia","Population, total",1981,992500
"Nauru","Population, total",1981,7839
"Nepal","Population, total",1981,15922423
"Netherlands","Population, total",1981,14247208
"New Caledonia","Population, total",1981,151441
"New Zealand","Population, total",1981,3124900
"Nicaragua","Population, total",1981,3345674
"Niger","Population, total",1981,6322006
"Nigeria","Population, total",1981,76068103
"North Macedonia","Population, total",1981,1959065
"Northern Mariana Islands","Population, total",1981,19826
"Norway","Population, total",1981,4099702
"Oman","Population, total",1981,1057320
"Pakistan","Population, total",1981,85802049
"Palau","Population, total",1981,12402
"Panama","Population, total",1981,2004418
"Papua New Guinea","Population, total",1981,3197019
"Paraguay","Population, total",1981,3137604
"Peru","Population, total",1981,17798805
"Philippines","Population, total",1981,49311727
"Poland","Population, total",1981,35898587
"Portugal","Population, total",1981,9851362
"Puerto Rico","Population, total",1981,3242552
"Qatar","Population, total",1981,293553
"Romania","Population, total",1981,22353070
"Russian Federation","Population, total",1981,139941000
"Rwanda","Population, total",1981,5527230
"Samoa","Population, total",1981,165678
"San Marino","Population, total",1981,21840
"Sao Tome and Principe","Population, total",1981,100615
"Saudi Arabia","Population, total",1981,6420551
"Senegal","Population, total",1981,5997160
"Serbia","Population, total",1981,7736787
"Seychelles","Population, total",1981,64035
"Sierra Leone","Population, total",1981,3338940
"Singapore","Population, total",1981,2532835
"Sint Maarten (Dutch part)","Population, total",1981,13302
"Slovak Republic","Population, total",1981,5016105
"Slovenia","Population, total",1981,1906531
"Solomon Islands","Population, total",1981,246555
"Somalia","Population, total",1981,5982849
"South Africa","Population, total",1981,30541044
"South Sudan","Population, total",1981,4447272
"Spain","Population, total",1981,37758631
"Sri Lanka","Population, total",1981,15099414
"St. Kitts and Nevis","Population, total",1981,42698
"St. Lucia","Population, total",1981,121166
"St. Martin (French part)","Population, total",1981,8498
"St. Vincent and the Grenadines","Population, total",1981,105073
"Sudan","Population, total",1981,17780572
"Suriname","Population, total",1981,375459
"Sweden","Population, total",1981,8320503
"Switzerland","Population, total",1981,6354074
"Syrian Arab Republic","Population, total",1981,9260189
"Tajikistan","Population, total",1981,4109022
"Tanzania","Population, total",1981,19784703
"Thailand","Population, total",1981,46575855
"Timor-Leste","Population, total",1981,660493
"Togo","Population, total",1981,3013043
"Tonga","Population, total",1981,97909
"Trinidad and Tobago","Population, total",1981,1135132
"Tunisia","Population, total",1981,6758284
"Turkiye","Population, total",1981,46321190
"Turkmenistan","Population, total",1981,2907187
"Turks and Caicos Islands","Population, total",1981,7908
"Tuvalu","Population, total",1981,7526
"Uganda","Population, total",1981,13556452
"Ukraine","Population, total",1981,50189281
"United Arab Emirates","Population, total",1981,1099855
"United Kingdom","Population, total",1981,56333829
"United States","Population, total",1981,229466000
"Uruguay","Population, total",1981,2963246
"Uzbekistan","Population, total",1981,16035032
"Vanuatu","Population, total",1981,118249
"Venezuela, RB","Population, total",1981,15687297
"Viet Nam","Population, total",1981,53738141
"Virgin Islands (U.S.)","Population, total",1981,99853
"Yemen, Rep.","Population, total",1981,9882362
"Zambia","Population, total",1981,5983289
"Zimbabwe","Population, total",1981,7498635
"Africa Eastern and Southern","Population, total",1982,245822010
"Africa Western and Central","Population, total",1982,168585118
"Arab World","Population, total",1982,175370356
"Caribbean small states","Population, total",1982,3450895
"Central Electricity Board (CEB)","Population, total",1982,107730380
"Early-demographic dividend","Population, total",1982,1677532811
"East Asia & Pacific","Population, total",1982,1604460320
"East Asia & Pacific (excluding high income)","Population, total",1982,1401081634
"East Asia & Pacific (IDA & IBRD)","Population, total",1982,1382326011
"Euro area","Population, total",1982,308901125
"Europe & Central Asia","Population, total",1982,805247476
"Europe & Central Asia (excluding high income)","Population, total",1982,186272610
"Europe & Central Asia (IDA & IBRD)","Population, total",1982,399353523
"European Union","Population, total",1982,410988238
"Fragile and conflict affected situations","Population, total",1982,402886924
"Heavily indebted poor countries (HIPC)","Population, total",1982,290471550
"High income","Population, total",1982,1120660141
"IBRD only","Population, total",1982,2980033813
"IDA & IBRD total","Population, total",1982,3685043956
"IDA blend","Population, total",1982,235282858
"IDA only","Population, total",1982,469727285
"IDA total","Population, total",1982,705010143
"Late-demographic dividend","Population, total",1982,1639793804
"Latin America & Caribbean","Population, total",1982,375568417
"Latin America & Caribbean (excluding high income)","Population, total",1982,333866128
"Latin America & Caribbean (IDA & IBRD)","Population, total",1982,361763155
"Least developed countries: UN classification","Population, total",1982,422560922
"Low & middle income","Population, total",1982,3426055936
"Low income","Population, total",1982,200239487
"Lower middle income","Population, total",1982,1403093561
"Middle East and North Africa","Population, total",1982,297671219
"Middle East & North Africa (excluding high income)","Population, total",1982,281844787
"Middle East & North Africa (IDA & IBRD)","Population, total",1982,281844787
"Middle income","Population, total",1982,3225816449
"North America","Population, total",1982,256835329
"OECD members","Population, total",1982,1037419356
"Other small states","Population, total",1982,7711694
"Pacific island small states","Population, total",1982,1521261
"Post-demographic dividend","Population, total",1982,921558505
"Pre-demographic dividend","Population, total",1982,339575832
"Small states","Population, total",1982,12683850
"South Asia","Population, total",1982,845349352
"South Asia (IDA & IBRD)","Population, total",1982,845349352
"Sub-Saharan Africa","Population, total",1982,414407128
"Sub-Saharan Africa (excluding high income)","Population, total",1982,377641425
"Sub-Saharan Africa (IDA & IBRD)","Population, total",1982,414407128
"Upper middle income","Population, total",1982,1822722888
"World","Population, total",1982,4599539241
"Afghanistan","Population, total",1982,10991378
"Albania","Population, total",1982,2784278
"Algeria","Population, total",1982,19872348
"American Samoa","Population, total",1982,34909
"Andorra","Population, total",1982,38764
"Angola","Population, total",1982,8751648
"Antigua and Barbuda","Population, total",1982,64785
"Argentina","Population, total",1982,28924262
"Armenia","Population, total",1982,3163144
"Aruba","Population, total",1982,61276
"Australia","Population, total",1982,15184247
"Austria","Population, total",1982,7574140
"Azerbaijan","Population, total",1982,6357550
"Bahamas, The","Population, total",1982,240614
"Bahrain","Population, total",1982,386983
"Bangladesh","Population, total",1982,92814507
"Barbados","Population, total",1982,253095
"Belarus","Population, total",1982,9776000
"Belgium","Population, total",1982,9856303
"Belize","Population, total",1982,152548
"Benin","Population, total",1982,4156596
"Bermuda","Population, total",1982,54387
"Bhutan","Population, total",1982,462485
"Bolivia","Population, total",1982,6018088
"Bosnia and Herzegovina","Population, total",1982,4221100
"Botswana","Population, total",1982,1009269
"Brazil","Population, total",1982,126923155
"British Virgin Islands","Population, total",1982,11921
"Brunei Darussalam","Population, total",1982,198165
"Bulgaria","Population, total",1982,8917457
"Burkina Faso","Population, total",1982,7340197
"Burundi","Population, total",1982,4681390
"Cabo Verde","Population, total",1982,332724
"Cambodia","Population, total",1982,5436432
"Cameroon","Population, total",1982,9028678
"Canada","Population, total",1982,25116942
"Cayman Islands","Population, total",1982,18750
"Central African Republic","Population, total",1982,2507375
"Chad","Population, total",1982,4738483
"Channel Islands","Population, total",1982,132172
"Chile","Population, total",1982,11850214
"China","Population, total",1982,1008630000
"Colombia","Population, total",1982,27338331
"Comoros","Population, total",1982,357139
"Congo, Dem. Rep.","Population, total",1982,28338190
"Congo, Rep.","Population, total",1982,1910430
"Costa Rica","Population, total",1982,2524806
"Cote d'Ivoire","Population, total",1982,8907936
"Croatia","Population, total",1982,4634234
"Cuba","Population, total",1982,9912681
"Curacao","Population, total",1982,150101
"Cyprus","Population, total",1982,696497
"Czechia","Population, total",1982,10314826
"Denmark","Population, total",1982,5117810
"Djibouti","Population, total",1982,356880
"Dominica","Population, total",1982,72688
"Dominican Republic","Population, total",1982,6007114
"Ecuador","Population, total",1982,8611298
"Egypt, Arab Rep.","Population, total",1982,46407611
"El Salvador","Population, total",1982,4622477
"Equatorial Guinea","Population, total",1982,322216
"Eritrea","Population, total",1982,1695461
"Estonia","Population, total",1982,1498414
"Eswatini","Population, total",1982,637652
"Ethiopia","Population, total",1982,36701290
"Faroe Islands","Population, total",1982,44171
"Fiji","Population, total",1982,673414
"Finland","Population, total",1982,4826933
"France","Population, total",1982,55806789
"French Polynesia","Population, total",1982,166646
"Gabon","Population, total",1982,789286
"Gambia, The","Population, total",1982,765753
"Georgia","Population, total",1982,4542800
"Germany","Population, total",1982,78333366
"Ghana","Population, total",1982,12643819
"Gibraltar","Population, total",1982,28765
"Greece","Population, total",1982,9789513
"Greenland","Population, total",1982,51500
"Grenada","Population, total",1982,94383
"Guam","Population, total",1982,115711
"Guatemala","Population, total",1982,7240241
"Guinea","Population, total",1982,5247672
"Guinea-Bissau","Population, total",1982,855891
"Guyana","Population, total",1982,776712
"Haiti","Population, total",1982,5835937
"Honduras","Population, total",1982,3958728
"Hong Kong SAR, China","Population, total",1982,5264500
"Hungary","Population, total",1982,10705535
"Iceland","Population, total",1982,233860
"India","Population, total",1982,720313473
"Indonesia","Population, total",1982,156052152
"Iran, Islamic Rep.","Population, total",1982,44272141
"Iraq","Population, total",1982,14406083
"Ireland","Population, total",1982,3485800
"Isle of Man","Population, total",1982,64686
"Israel","Population, total",1982,4031000
"Italy","Population, total",1982,56543548
"Jamaica","Population, total",1982,2203889
"Japan","Population, total",1982,118480000
"Jordan","Population, total",1982,2426927
"Kazakhstan","Population, total",1982,15492595
"Kenya","Population, total",1982,17206175
"Kiribati","Population, total",1982,63134
"Korea, Dem. People's Rep.","Population, total",1982,18776357
"Korea, Rep.","Population, total",1982,39326352
"Kosovo","Population, total",1982,1683166
"Kuwait","Population, total",1982,1662480
"Kyrgyz Republic","Population, total",1982,3759300
"Lao PDR","Population, total",1982,3450026
"Latvia","Population, total",1982,2531080
"Lebanon","Population, total",1982,3054931
"Lesotho","Population, total",1982,1490732
"Liberia","Population, total",1982,2045073
"Libya","Population, total",1982,3724765
"Liechtenstein","Population, total",1982,26255
"Lithuania","Population, total",1982,3457179
"Luxembourg","Population, total",1982,365525
"Macao SAR, China","Population, total",1982,254650
"Madagascar","Population, total",1982,9557671
"Malawi","Population, total",1982,6778879
"Malaysia","Population, total",1982,13832798
"Maldives","Population, total",1982,174333
"Mali","Population, total",1982,7860194
"Malta","Population, total",1982,325898
"Marshall Islands","Population, total",1982,33397
"Mauritania","Population, total",1982,1561176
"Mauritius","Population, total",1982,992521
"Mexico","Population, total",1982,70433260
"Micronesia, Fed. Sts.","Population, total",1982,82219
"Moldova","Population, total",1982,2763101
"Monaco","Population, total",1982,27561
"Mongolia","Population, total",1982,1785364
"Montenegro","Population, total",1982,587001
"Morocco","Population, total",1982,20520318
"Mozambique","Population, total",1982,11824370
"Myanmar","Population, total",1982,34482965
"Namibia","Population, total",1982,1010308
"Nauru","Population, total",1982,8040
"Nepal","Population, total",1982,16297987
"Netherlands","Population, total",1982,14312690
"New Caledonia","Population, total",1982,153001
"New Zealand","Population, total",1982,3156100
"Nicaragua","Population, total",1982,3438745
"Niger","Population, total",1982,6512732
"Nigeria","Population, total",1982,78378701
"North Macedonia","Population, total",1982,1978956
"Northern Mariana Islands","Population, total",1982,22350
"Norway","Population, total",1982,4114787
"Oman","Population, total",1982,1117678
"Pakistan","Population, total",1982,89089246
"Palau","Population, total",1982,12694
"Panama","Population, total",1982,2052271
"Papua New Guinea","Population, total",1982,3264291
"Paraguay","Population, total",1982,3226189
"Peru","Population, total",1982,18246503
"Philippines","Population, total",1982,50695707
"Poland","Population, total",1982,36230481
"Portugal","Population, total",1982,9911771
"Puerto Rico","Population, total",1982,3277453
"Qatar","Population, total",1982,311537
"Romania","Population, total",1982,22475741
"Russian Federation","Population, total",1982,140823000
"Rwanda","Population, total",1982,5711549
"Samoa","Population, total",1982,166484
"San Marino","Population, total",1982,22055
"Sao Tome and Principe","Population, total",1982,102508
"Saudi Arabia","Population, total",1982,6824486
"Senegal","Population, total",1982,6156961
"Serbia","Population, total",1982,7763335
"Seychelles","Population, total",1982,64413
"Sierra Leone","Population, total",1982,3408183
"Singapore","Population, total",1982,2646466
"Sint Maarten (Dutch part)","Population, total",1982,14607
"Slovak Republic","Population, total",1982,5055099
"Slovenia","Population, total",1982,1910334
"Solomon Islands","Population, total",1982,255200
"Somalia","Population, total",1982,6003840
"South Africa","Population, total",1982,31615339
"South Sudan","Population, total",1982,4557686
"Spain","Population, total",1982,37986012
"Sri Lanka","Population, total",1982,15286567
"St. Kitts and Nevis","Population, total",1982,42532
"St. Lucia","Population, total",1982,123087
"St. Martin (French part)","Population, total",1982,9494
"St. Vincent and the Grenadines","Population, total",1982,105969
"Sudan","Population, total",1982,18486645
"Suriname","Population, total",1982,376555
"Sweden","Population, total",1982,8325263
"Switzerland","Population, total",1982,6391309
"Syrian Arab Republic","Population, total",1982,9572511
"Tajikistan","Population, total",1982,4227171
"Tanzania","Population, total",1982,20398571
"Thailand","Population, total",1982,47494577
"Timor-Leste","Population, total",1982,669149
"Togo","Population, total",1982,3115042
"Tonga","Population, total",1982,97980
"Trinidad and Tobago","Population, total",1982,1147927
"Tunisia","Population, total",1982,6908642
"Turkiye","Population, total",1982,47322096
"Turkmenistan","Population, total",1982,2985557
"Turks and Caicos Islands","Population, total",1982,8297
"Tuvalu","Population, total",1982,7664
"Uganda","Population, total",1982,13873631
"Ukraine","Population, total",1982,50402724
"United Arab Emirates","Population, total",1982,1166370
"United Kingdom","Population, total",1982,56313641
"United States","Population, total",1982,231664000
"Uruguay","Population, total",1982,2975492
"Uzbekistan","Population, total",1982,16462736
"Vanuatu","Population, total",1982,121035
"Venezuela, RB","Population, total",1982,16121874
"Viet Nam","Population, total",1982,55011289
"Virgin Islands (U.S.)","Population, total",1982,100068
"Yemen, Rep.","Population, total",1982,10241006
"Zambia","Population, total",1982,6178637
"Zimbabwe","Population, total",1982,7796496
"Africa Eastern and Southern","Population, total",1983,253644643
"Africa Western and Central","Population, total",1983,173255157
"Arab World","Population, total",1983,180973288
"Caribbean small states","Population, total",1983,3476621
"Central Electricity Board (CEB)","Population, total",1983,108297837
"Early-demographic dividend","Population, total",1983,1721104015
"East Asia & Pacific","Population, total",1983,1630462798
"East Asia & Pacific (excluding high income)","Population, total",1983,1424971585
"East Asia & Pacific (IDA & IBRD)","Population, total",1983,1405938773
"Euro area","Population, total",1983,309543455
"Europe & Central Asia","Population, total",1983,809947364
"Europe & Central Asia (excluding high income)","Population, total",1983,188979984
"Europe & Central Asia (IDA & IBRD)","Population, total",1983,403378262
"European Union","Population, total",1983,412072128
"Fragile and conflict affected situations","Population, total",1983,412313057
"Heavily indebted poor countries (HIPC)","Population, total",1983,298600262
"High income","Population, total",1983,1128262810
"IBRD only","Population, total",1983,3037252917
"IDA & IBRD total","Population, total",1983,3762109361
"IDA blend","Population, total",1983,242589635
"IDA only","Population, total",1983,482266809
"IDA total","Population, total",1983,724856444
"Late-demographic dividend","Population, total",1983,1664394629
"Latin America & Caribbean","Population, total",1983,383657148
"Latin America & Caribbean (excluding high income)","Population, total",1983,341148229
"Latin America & Caribbean (IDA & IBRD)","Population, total",1983,369728268
"Least developed countries: UN classification","Population, total",1983,434142125
"Low & middle income","Population, total",1983,3500358704
"Low income","Population, total",1983,205645993
"Lower middle income","Population, total",1983,1439288342
"Middle East and North Africa","Population, total",1983,307301861
"Middle East & North Africa (excluding high income)","Population, total",1983,290721921
"Middle East & North Africa (IDA & IBRD)","Population, total",1983,290721921
"Middle income","Population, total",1983,3294712711
"North America","Population, total",1983,259213228
"OECD members","Population, total",1983,1046094679
"Other small states","Population, total",1983,7843045
"Pacific island small states","Population, total",1983,1555284
"Post-demographic dividend","Population, total",1983,926768139
"Pre-demographic dividend","Population, total",1983,349226289
"Small states","Population, total",1983,12874950
"South Asia","Population, total",1983,865442337
"South Asia (IDA & IBRD)","Population, total",1983,865442337
"Sub-Saharan Africa","Population, total",1983,426899800
"Sub-Saharan Africa (excluding high income)","Population, total",1983,389094648
"Sub-Saharan Africa (IDA & IBRD)","Population, total",1983,426899800
"Upper middle income","Population, total",1983,1855424369
"World","Population, total",1983,4682924536
"Afghanistan","Population, total",1983,10917982
"Albania","Population, total",1983,2843960
"Algeria","Population, total",1983,20558115
"American Samoa","Population, total",1983,36271
"Andorra","Population, total",1983,40565
"Angola","Population, total",1983,9082983
"Antigua and Barbuda","Population, total",1983,64934
"Argentina","Population, total",1983,29391332
"Armenia","Population, total",1983,3191539
"Aruba","Population, total",1983,62228
"Australia","Population, total",1983,15393472
"Austria","Population, total",1983,7561910
"Azerbaijan","Population, total",1983,6459800
"Bahamas, The","Population, total",1983,244698
"Bahrain","Population, total",1983,400707
"Bangladesh","Population, total",1983,95335155
"Barbados","Population, total",1983,253992
"Belarus","Population, total",1983,9843000
"Belgium","Population, total",1983,9855520
"Belize","Population, total",1983,156297
"Benin","Population, total",1983,4278978
"Bermuda","Population, total",1983,54777
"Bhutan","Population, total",1983,477460
"Bolivia","Population, total",1983,6149060
"Bosnia and Herzegovina","Population, total",1983,4258728
"Botswana","Population, total",1983,1046137
"Brazil","Population, total",1983,129790077
"British Virgin Islands","Population, total",1983,12370
"Brunei Darussalam","Population, total",1983,204741
"Bulgaria","Population, total",1983,8939738
"Burkina Faso","Population, total",1983,7551129
"Burundi","Population, total",1983,4808528
"Cabo Verde","Population, total",1983,337654
"Cambodia","Population, total",1983,5636203
"Cameroon","Population, total",1983,9215397
"Canada","Population, total",1983,25366451
"Cayman Islands","Population, total",1983,19598
"Central African Republic","Population, total",1983,2537399
"Chad","Population, total",1983,4979130
"Channel Islands","Population, total",1983,133413
"Chile","Population, total",1983,12026138
"China","Population, total",1983,1023310000
"Colombia","Population, total",1983,27988173
"Comoros","Population, total",1983,367233
"Congo, Dem. Rep.","Population, total",1983,29250963
"Congo, Rep.","Population, total",1983,1950321
"Costa Rica","Population, total",1983,2595153
"Cote d'Ivoire","Population, total",1983,9272744
"Croatia","Population, total",1983,4658254
"Cuba","Population, total",1983,9991026
"Curacao","Population, total",1983,151159
"Cyprus","Population, total",1983,707225
"Czechia","Population, total",1983,10323856
"Denmark","Population, total",1983,5114297
"Djibouti","Population, total",1983,369553
"Dominica","Population, total",1983,72365
"Dominican Republic","Population, total",1983,6147248
"Ecuador","Population, total",1983,8840417
"Egypt, Arab Rep.","Population, total",1983,47786402
"El Salvador","Population, total",1983,4707367
"Equatorial Guinea","Population, total",1983,343421
"Eritrea","Population, total",1983,1736160
"Estonia","Population, total",1983,1508745
"Eswatini","Population, total",1983,658957
"Ethiopia","Population, total",1983,37740817
"Faroe Islands","Population, total",1983,44670
"Fiji","Population, total",1983,689835
"Finland","Population, total",1983,4855787
"France","Population, total",1983,56108330
"French Polynesia","Population, total",1983,171750
"Gabon","Population, total",1983,811005
"Gambia, The","Population, total",1983,794525
"Georgia","Population, total",1983,4582900
"Germany","Population, total",1983,78128282
"Ghana","Population, total",1983,13029836
"Gibraltar","Population, total",1983,28733
"Greece","Population, total",1983,9846627
"Greenland","Population, total",1983,52100
"Grenada","Population, total",1983,94948
"Guam","Population, total",1983,118508
"Guatemala","Population, total",1983,7419642
"Guinea","Population, total",1983,5359814
"Guinea-Bissau","Population, total",1983,869592
"Guyana","Population, total",1983,775891
"Haiti","Population, total",1983,5951096
"Honduras","Population, total",1983,4078174
"Hong Kong SAR, China","Population, total",1983,5345100
"Hungary","Population, total",1983,10689463
"Iceland","Population, total",1983,236977
"India","Population, total",1983,737372681
"Indonesia","Population, total",1983,159651381
"Iran, Islamic Rep.","Population, total",1983,46029535
"Iraq","Population, total",1983,14840555
"Ireland","Population, total",1983,3510600
"Isle of Man","Population, total",1983,64630
"Israel","Population, total",1983,4105000
"Italy","Population, total",1983,56564074
"Jamaica","Population, total",1983,2234832
"Japan","Population, total",1983,119307000
"Jordan","Population, total",1983,2537307
"Kazakhstan","Population, total",1983,15665551
"Kenya","Population, total",1983,17846374
"Kiribati","Population, total",1983,64169
"Korea, Dem. People's Rep.","Population, total",1983,19054034
"Korea, Rep.","Population, total",1983,39910403
"Kosovo","Population, total",1983,1719245
"Kuwait","Population, total",1983,1744295
"Kyrgyz Republic","Population, total",1983,3838300
"Lao PDR","Population, total",1983,3541001
"Latvia","Population, total",1983,2546011
"Lebanon","Population, total",1983,3094996
"Lesotho","Population, total",1983,1534413
"Liberia","Population, total",1983,2107113
"Libya","Population, total",1983,3718961
"Liechtenstein","Population, total",1983,26446
"Lithuania","Population, total",1983,3485192
"Luxembourg","Population, total",1983,365622
"Macao SAR, China","Population, total",1983,269300
"Madagascar","Population, total",1983,9843044
"Malawi","Population, total",1983,7051709
"Malaysia","Population, total",1983,14285907
"Maldives","Population, total",1983,179128
"Mali","Population, total",1983,8034400
"Malta","Population, total",1983,330524
"Marshall Islands","Population, total",1983,34811
"Mauritania","Population, total",1983,1606746
"Mauritius","Population, total",1983,1001691
"Mexico","Population, total",1983,71971240
"Micronesia, Fed. Sts.","Population, total",1983,84680
"Moldova","Population, total",1983,2791207
"Monaco","Population, total",1983,27960
"Mongolia","Population, total",1983,1829092
"Montenegro","Population, total",1983,594506
"Morocco","Population, total",1983,21060696
"Mozambique","Population, total",1983,12073822
"Myanmar","Population, total",1983,35162715
"Namibia","Population, total",1983,1037511
"Nauru","Population, total",1983,8216
"Nepal","Population, total",1983,16689119
"Netherlands","Population, total",1983,14367070
"New Caledonia","Population, total",1983,155003
"New Zealand","Population, total",1983,3199300
"Nicaragua","Population, total",1983,3530282
"Niger","Population, total",1983,6708644
"Nigeria","Population, total",1983,80438260
"North Macedonia","Population, total",1983,1991901
"Northern Mariana Islands","Population, total",1983,24936
"Norway","Population, total",1983,4128432
"Oman","Population, total",1983,1181459
"Pakistan","Population, total",1983,92227711
"Palau","Population, total",1983,13006
"Panama","Population, total",1983,2101106
"Papua New Guinea","Population, total",1983,3333633
"Paraguay","Population, total",1983,3318068
"Peru","Population, total",1983,18705957
"Philippines","Population, total",1983,52194620
"Poland","Population, total",1983,36571808
"Portugal","Population, total",1983,9957865
"Puerto Rico","Population, total",1983,3311138
"Qatar","Population, total",1983,329709
"Romania","Population, total",1983,22560478
"Russian Federation","Population, total",1983,141668000
"Rwanda","Population, total",1983,5905311
"Samoa","Population, total",1983,166714
"San Marino","Population, total",1983,22229
"Sao Tome and Principe","Population, total",1983,104380
"Saudi Arabia","Population, total",1983,7252941
"Senegal","Population, total",1983,6324504
"Serbia","Population, total",1983,7788100
"Seychelles","Population, total",1983,64335
"Sierra Leone","Population, total",1983,3481646
"Singapore","Population, total",1983,2681061
"Sint Maarten (Dutch part)","Population, total",1983,16133
"Slovak Republic","Population, total",1983,5091971
"Slovenia","Population, total",1983,1922321
"Solomon Islands","Population, total",1983,264068
"Somalia","Population, total",1983,6198430
"South Africa","Population, total",1983,32739304
"South Sudan","Population, total",1983,4661574
"Spain","Population, total",1983,38171525
"Sri Lanka","Population, total",1983,15388794
"St. Kitts and Nevis","Population, total",1983,42334
"St. Lucia","Population, total",1983,125044
"St. Martin (French part)","Population, total",1983,11485
"St. Vincent and the Grenadines","Population, total",1983,106838
"Sudan","Population, total",1983,19109770
"Suriname","Population, total",1983,378746
"Sweden","Population, total",1983,8329033
"Switzerland","Population, total",1983,6418773
"Syrian Arab Republic","Population, total",1983,9904809
"Tajikistan","Population, total",1983,4350874
"Tanzania","Population, total",1983,21079874
"Thailand","Population, total",1983,48423309
"Timor-Leste","Population, total",1983,677707
"Togo","Population, total",1983,3222899
"Tonga","Population, total",1983,97998
"Trinidad and Tobago","Population, total",1983,1160534
"Tunisia","Population, total",1983,7053800
"Turkiye","Population, total",1983,48447410
"Turkmenistan","Population, total",1983,3067534
"Turks and Caicos Islands","Population, total",1983,8697
"Tuvalu","Population, total",1983,7789
"Uganda","Population, total",1983,14221881
"Ukraine","Population, total",1983,50637029
"United Arab Emirates","Population, total",1983,1235305
"United Kingdom","Population, total",1983,56332848
"United States","Population, total",1983,233792000
"Uruguay","Population, total",1983,2988778
"Uzbekistan","Population, total",1983,16908400
"Vanuatu","Population, total",1983,123998
"Venezuela, RB","Population, total",1983,16562205
"Viet Nam","Population, total",1983,56337921
"Virgin Islands (U.S.)","Population, total",1983,100348
"Yemen, Rep.","Population, total",1983,10621499
"Zambia","Population, total",1983,6381038
"Zimbabwe","Population, total",1983,8098404
"Africa Eastern and Southern","Population, total",1984,261458202
"Africa Western and Central","Population, total",1984,177880746
"Arab World","Population, total",1984,186733957
"Caribbean small states","Population, total",1984,3502418
"Central Electricity Board (CEB)","Population, total",1984,108838073
"Early-demographic dividend","Population, total",1984,1765269111
"East Asia & Pacific","Population, total",1984,1655263328
"East Asia & Pacific (excluding high income)","Population, total",1984,1447871073
"East Asia & Pacific (IDA & IBRD)","Population, total",1984,1428557744
"Euro area","Population, total",1984,310046458
"Europe & Central Asia","Population, total",1984,814856984
"Europe & Central Asia (excluding high income)","Population, total",1984,191755370
"Europe & Central Asia (IDA & IBRD)","Population, total",1984,407686015
"European Union","Population, total",1984,412998350
"Fragile and conflict affected situations","Population, total",1984,422123181
"Heavily indebted poor countries (HIPC)","Population, total",1984,306943902
"High income","Population, total",1984,1135690050
"IBRD only","Population, total",1984,3094477559
"IDA & IBRD total","Population, total",1984,3839296592
"IDA blend","Population, total",1984,249868265
"IDA only","Population, total",1984,494950768
"IDA total","Population, total",1984,744819033
"Late-demographic dividend","Population, total",1984,1688121991
"Latin America & Caribbean","Population, total",1984,391832861
"Latin America & Caribbean (excluding high income)","Population, total",1984,348504110
"Latin America & Caribbean (IDA & IBRD)","Population, total",1984,377777260
"Least developed countries: UN classification","Population, total",1984,445947594
"Low & middle income","Population, total",1984,3574605687
"Low income","Population, total",1984,211255335
"Lower middle income","Population, total",1984,1476095233
"Middle East and North Africa","Population, total",1984,317366458
"Middle East & North Africa (excluding high income)","Population, total",1984,300042126
"Middle East & North Africa (IDA & IBRD)","Population, total",1984,300042126
"Middle income","Population, total",1984,3363350352
"North America","Population, total",1984,261487222
"OECD members","Population, total",1984,1054395892
"Other small states","Population, total",1984,7975015
"Pacific island small states","Population, total",1984,1590058
"Post-demographic dividend","Population, total",1984,931624894
"Pre-demographic dividend","Population, total",1984,359259708
"Small states","Population, total",1984,13067491
"South Asia","Population, total",1984,885894499
"South Asia (IDA & IBRD)","Population, total",1984,885894499
"Sub-Saharan Africa","Population, total",1984,439338948
"Sub-Saharan Africa (excluding high income)","Population, total",1984,400538509
"Sub-Saharan Africa (IDA & IBRD)","Population, total",1984,439338948
"Upper middle income","Population, total",1984,1887255119
"World","Population, total",1984,4766040300
"Afghanistan","Population, total",1984,11190221
"Albania","Population, total",1984,2904429
"Algeria","Population, total",1984,21271969
"American Samoa","Population, total",1984,37667
"Andorra","Population, total",1984,42273
"Angola","Population, total",1984,9425917
"Antigua and Barbuda","Population, total",1984,64882
"Argentina","Population, total",1984,29863093
"Armenia","Population, total",1984,3224547
"Aruba","Population, total",1984,62901
"Australia","Population, total",1984,15579391
"Austria","Population, total",1984,7561434
"Azerbaijan","Population, total",1984,6567850
"Bahamas, The","Population, total",1984,248863
"Bahrain","Population, total",1984,415154
"Bangladesh","Population, total",1984,97814966
"Barbados","Population, total",1984,254920
"Belarus","Population, total",1984,9910000
"Belgium","Population, total",1984,9855372
"Belize","Population, total",1984,160044
"Benin","Population, total",1984,4405895
"Bermuda","Population, total",1984,55169
"Bhutan","Population, total",1984,492784
"Bolivia","Population, total",1984,6281868
"Bosnia and Herzegovina","Population, total",1984,4295536
"Botswana","Population, total",1984,1083660
"Brazil","Population, total",1984,132658864
"British Virgin Islands","Population, total",1984,12820
"Brunei Darussalam","Population, total",1984,211661
"Bulgaria","Population, total",1984,8960679
"Burkina Faso","Population, total",1984,7772256
"Burundi","Population, total",1984,4926465
"Cabo Verde","Population, total",1984,342505
"Cambodia","Population, total",1984,5845117
"Cameroon","Population, total",1984,9475078
"Canada","Population, total",1984,25607053
"Cayman Islands","Population, total",1984,20454
"Central African Republic","Population, total",1984,2568610
"Chad","Population, total",1984,5045145
"Channel Islands","Population, total",1984,134727
"Chile","Population, total",1984,12207733
"China","Population, total",1984,1036825000
"Colombia","Population, total",1984,28642690
"Comoros","Population, total",1984,377637
"Congo, Dem. Rep.","Population, total",1984,30245081
"Congo, Rep.","Population, total",1984,1999528
"Costa Rica","Population, total",1984,2667595
"Cote d'Ivoire","Population, total",1984,9650516
"Croatia","Population, total",1984,4680285
"Cuba","Population, total",1984,10073299
"Curacao","Population, total",1984,151940
"Cyprus","Population, total",1984,719334
"Czechia","Population, total",1984,10330213
"Denmark","Population, total",1984,5111619
"Djibouti","Population, total",1984,384053
"Dominica","Population, total",1984,72056
"Dominican Republic","Population, total",1984,6289040
"Ecuador","Population, total",1984,9074782
"Egypt, Arab Rep.","Population, total",1984,49247334
"El Salvador","Population, total",1984,4798003
"Equatorial Guinea","Population, total",1984,364899
"Eritrea","Population, total",1984,1771730
"Estonia","Population, total",1984,1518617
"Eswatini","Population, total",1984,680783
"Ethiopia","Population, total",1984,38735722
"Faroe Islands","Population, total",1984,45141
"Fiji","Population, total",1984,706716
"Finland","Population, total",1984,4881803
"France","Population, total",1984,56383085
"French Polynesia","Population, total",1984,176469
"Gabon","Population, total",1984,833501
"Gambia, The","Population, total",1984,825631
"Georgia","Population, total",1984,4622200
"Germany","Population, total",1984,77858685
"Ghana","Population, total",1984,13370590
"Gibraltar","Population, total",1984,28643
"Greece","Population, total",1984,9895801
"Greenland","Population, total",1984,52700
"Grenada","Population, total",1984,95498
"Guam","Population, total",1984,121302
"Guatemala","Population, total",1984,7630682
"Guinea","Population, total",1984,5480096
"Guinea-Bissau","Population, total",1984,883519
"Guyana","Population, total",1984,774111
"Haiti","Population, total",1984,6069230
"Honduras","Population, total",1984,4199850
"Hong Kong SAR, China","Population, total",1984,5397900
"Hungary","Population, total",1984,10668095
"Iceland","Population, total",1984,239511
"India","Population, total",1984,754875449
"Indonesia","Population, total",1984,163251124
"Iran, Islamic Rep.","Population, total",1984,47793998
"Iraq","Population, total",1984,15310733
"Ireland","Population, total",1984,3532423
"Isle of Man","Population, total",1984,64528
"Israel","Population, total",1984,4159000
"Italy","Population, total",1984,56576718
"Jamaica","Population, total",1984,2264562
"Japan","Population, total",1984,120083000
"Jordan","Population, total",1984,2654688
"Kazakhstan","Population, total",1984,15844621
"Kenya","Population, total",1984,18514906
"Kiribati","Population, total",1984,65228
"Korea, Dem. People's Rep.","Population, total",1984,19335043
"Korea, Rep.","Population, total",1984,40405956
"Kosovo","Population, total",1984,1756818
"Kuwait","Population, total",1984,1820688
"Kyrgyz Republic","Population, total",1984,3916400
"Lao PDR","Population, total",1984,3637843
"Latvia","Population, total",1984,2562047
"Lebanon","Population, total",1984,3152744
"Lesotho","Population, total",1984,1578986
"Liberia","Population, total",1984,2173312
"Libya","Population, total",1984,3773633
"Liechtenstein","Population, total",1984,26596
"Lithuania","Population, total",1984,3514205
"Luxembourg","Population, total",1984,365998
"Macao SAR, China","Population, total",1984,282850
"Madagascar","Population, total",1984,10134550
"Malawi","Population, total",1984,7332810
"Malaysia","Population, total",1984,14759009
"Maldives","Population, total",1984,184198
"Mali","Population, total",1984,8208599
"Malta","Population, total",1984,330593
"Marshall Islands","Population, total",1984,36264
"Mauritania","Population, total",1984,1653693
"Mauritius","Population, total",1984,1012221
"Mexico","Population, total",1984,73506846
"Micronesia, Fed. Sts.","Population, total",1984,87176
"Moldova","Population, total",1984,2820518
"Monaco","Population, total",1984,28356
"Mongolia","Population, total",1984,1874349
"Montenegro","Population, total",1984,600884
"Morocco","Population, total",1984,21593778
"Mozambique","Population, total",1984,12315954
"Myanmar","Population, total",1984,35899313
"Namibia","Population, total",1984,1065989
"Nauru","Population, total",1984,8377
"Nepal","Population, total",1984,17085242
"Netherlands","Population, total",1984,14424211
"New Caledonia","Population, total",1984,157583
"New Zealand","Population, total",1984,3227100
"Nicaragua","Population, total",1984,3619104
"Niger","Population, total",1984,6909971
"Nigeria","Population, total",1984,82526443
"North Macedonia","Population, total",1984,2003399
"Northern Mariana Islands","Population, total",1984,27575
"Norway","Population, total",1984,4140099
"Oman","Population, total",1984,1247716
"Pakistan","Population, total",1984,95164936
"Palau","Population, total",1984,13337
"Panama","Population, total",1984,2150782
"Papua New Guinea","Population, total",1984,3405198
"Paraguay","Population, total",1984,3412936
"Peru","Population, total",1984,19174716
"Philippines","Population, total",1984,53726181
"Poland","Population, total",1984,36904134
"Portugal","Population, total",1984,9996232
"Puerto Rico","Population, total",1984,3344190
"Qatar","Population, total",1984,347878
"Romania","Population, total",1984,22640547
"Russian Federation","Population, total",1984,142745000
"Rwanda","Population, total",1984,6107627
"Samoa","Population, total",1984,166796
"San Marino","Population, total",1984,22346
"Sao Tome and Principe","Population, total",1984,106394
"Saudi Arabia","Population, total",1984,7697307
"Senegal","Population, total",1984,6499364
"Serbia","Population, total",1984,7813549
"Seychelles","Population, total",1984,64717
"Sierra Leone","Population, total",1984,3558758
"Singapore","Population, total",1984,2732221
"Sint Maarten (Dutch part)","Population, total",1984,17694
"Slovak Republic","Population, total",1984,5127097
"Slovenia","Population, total",1984,1932154
"Solomon Islands","Population, total",1984,273163
"Somalia","Population, total",1984,6428389
"South Africa","Population, total",1984,33892788
"South Sudan","Population, total",1984,4750627
"Spain","Population, total",1984,38330364
"Sri Lanka","Population, total",1984,15441860
"St. Kitts and Nevis","Population, total",1984,42113
"St. Lucia","Population, total",1984,127067
"St. Martin (French part)","Population, total",1984,13733
"St. Vincent and the Grenadines","Population, total",1984,107687
"Sudan","Population, total",1984,19546528
"Suriname","Population, total",1984,382193
"Sweden","Population, total",1984,8336605
"Switzerland","Population, total",1984,6441865
"Syrian Arab Republic","Population, total",1984,10258398
"Tajikistan","Population, total",1984,4480026
"Tanzania","Population, total",1984,21779066
"Thailand","Population, total",1984,49351708
"Timor-Leste","Population, total",1984,686777
"Togo","Population, total",1984,3332837
"Tonga","Population, total",1984,97990
"Trinidad and Tobago","Population, total",1984,1172984
"Tunisia","Population, total",1984,7220044
"Turkiye","Population, total",1984,49574069
"Turkmenistan","Population, total",1984,3154079
"Turks and Caicos Islands","Population, total",1984,9107
"Tuvalu","Population, total",1984,7902
"Uganda","Population, total",1984,14607677
"Ukraine","Population, total",1984,50887599
"United Arab Emirates","Population, total",1984,1305996
"United Kingdom","Population, total",1984,56422072
"United States","Population, total",1984,235825000
"Uruguay","Population, total",1984,3002488
"Uzbekistan","Population, total",1984,17378846
"Vanuatu","Population, total",1984,127109
"Venezuela, RB","Population, total",1984,17008841
"Viet Nam","Population, total",1984,57706067
"Virgin Islands (U.S.)","Population, total",1984,100600
"Yemen, Rep.","Population, total",1984,11025597
"Zambia","Population, total",1984,6580490
"Zimbabwe","Population, total",1984,8391488
"Africa Eastern and Southern","Population, total",1985,269450407
"Africa Western and Central","Population, total",1985,182811038
"Arab World","Population, total",1985,192563243
"Caribbean small states","Population, total",1985,3530570
"Central Electricity Board (CEB)","Population, total",1985,109338285
"Early-demographic dividend","Population, total",1985,1810019176
"East Asia & Pacific","Population, total",1985,1680467718
"East Asia & Pacific (excluding high income)","Population, total",1985,1471340337
"East Asia & Pacific (IDA & IBRD)","Population, total",1985,1451742188
"Euro area","Population, total",1985,310617659
"Europe & Central Asia","Population, total",1985,819874109
"Europe & Central Asia (excluding high income)","Population, total",1985,194525195
"Europe & Central Asia (IDA & IBRD)","Population, total",1985,411980043
"European Union","Population, total",1985,413962998
"Fragile and conflict affected situations","Population, total",1985,432271865
"Heavily indebted poor countries (HIPC)","Population, total",1985,315429759
"High income","Population, total",1985,1143179465
"IBRD only","Population, total",1985,3152581662
"IDA & IBRD total","Population, total",1985,3918002286
"IDA blend","Population, total",1985,257661913
"IDA only","Population, total",1985,507758711
"IDA total","Population, total",1985,765420624
"Late-demographic dividend","Population, total",1985,1712585483
"Latin America & Caribbean","Population, total",1985,400012327
"Latin America & Caribbean (excluding high income)","Population, total",1985,355849792
"Latin America & Caribbean (IDA & IBRD)","Population, total",1985,385830246
"Least developed countries: UN classification","Population, total",1985,457866946
"Low & middle income","Population, total",1985,3650257753
"Low income","Population, total",1985,216877271
"Lower middle income","Population, total",1985,1513694513
"Middle East and North Africa","Population, total",1985,327681501
"Middle East & North Africa (excluding high income)","Population, total",1985,309566339
"Middle East & North Africa (IDA & IBRD)","Population, total",1985,309566339
"Middle income","Population, total",1985,3433380482
"North America","Population, total",1985,263821663
"OECD members","Population, total",1985,1062728299
"Other small states","Population, total",1985,8118973
"Pacific island small states","Population, total",1985,1625654
"Post-demographic dividend","Population, total",1985,936480384
"Pre-demographic dividend","Population, total",1985,369570962
"Small states","Population, total",1985,13275197
"South Asia","Population, total",1985,906622025
"South Asia (IDA & IBRD)","Population, total",1985,906622025
"Sub-Saharan Africa","Population, total",1985,452261445
"Sub-Saharan Africa (excluding high income)","Population, total",1985,412354065
"Sub-Saharan Africa (IDA & IBRD)","Population, total",1985,452261445
"Upper middle income","Population, total",1985,1919685969
"World","Population, total",1985,4850740788
"Afghanistan","Population, total",1985,11426852
"Albania","Population, total",1985,2964762
"Algeria","Population, total",1985,22008544
"American Samoa","Population, total",1985,39103
"Andorra","Population, total",1985,43825
"Angola","Population, total",1985,9779120
"Antigua and Barbuda","Population, total",1985,64591
"Argentina","Population, total",1985,30336441
"Armenia","Population, total",1985,3260432
"Aruba","Population, total",1985,61728
"Australia","Population, total",1985,15788312
"Austria","Population, total",1985,7564985
"Azerbaijan","Population, total",1985,6670150
"Bahamas, The","Population, total",1985,253154
"Bahrain","Population, total",1985,430358
"Bangladesh","Population, total",1985,100253825
"Barbados","Population, total",1985,255820
"Belarus","Population, total",1985,9975000
"Belgium","Population, total",1985,9858308
"Belize","Population, total",1985,163796
"Benin","Population, total",1985,4538012
"Bermuda","Population, total",1985,55547
"Bhutan","Population, total",1985,508392
"Bolivia","Population, total",1985,6416185
"Bosnia and Herzegovina","Population, total",1985,4330364
"Botswana","Population, total",1985,1121945
"Brazil","Population, total",1985,135515595
"British Virgin Islands","Population, total",1985,13269
"Brunei Darussalam","Population, total",1985,218919
"Bulgaria","Population, total",1985,8960547
"Burkina Faso","Population, total",1985,7999935
"Burundi","Population, total",1985,5034042
"Cabo Verde","Population, total",1985,347365
"Cambodia","Population, total",1985,6043783
"Cameroon","Population, total",1985,9761730
"Canada","Population, total",1985,25842116
"Cayman Islands","Population, total",1985,21324
"Central African Republic","Population, total",1985,2600932
"Chad","Population, total",1985,5096269
"Channel Islands","Population, total",1985,136075
"Chile","Population, total",1985,12395274
"China","Population, total",1985,1051040000
"Colombia","Population, total",1985,29268470
"Comoros","Population, total",1985,388352
"Congo, Dem. Rep.","Population, total",1985,31264816
"Congo, Rep.","Population, total",1985,2059311
"Costa Rica","Population, total",1985,2741894
"Cote d'Ivoire","Population, total",1985,10040483
"Croatia","Population, total",1985,4701417
"Cuba","Population, total",1985,10157228
"Curacao","Population, total",1985,152711
"Cyprus","Population, total",1985,731277
"Czechia","Population, total",1985,10337118
"Denmark","Population, total",1985,5113691
"Djibouti","Population, total",1985,402687
"Dominica","Population, total",1985,71744
"Dominican Republic","Population, total",1985,6430404
"Ecuador","Population, total",1985,9311154
"Egypt, Arab Rep.","Population, total",1985,50734968
"El Salvador","Population, total",1985,4894706
"Equatorial Guinea","Population, total",1985,385547
"Eritrea","Population, total",1985,1807816
"Estonia","Population, total",1985,1528781
"Eswatini","Population, total",1985,706196
"Ethiopia","Population, total",1985,39842136
"Faroe Islands","Population, total",1985,45707
"Fiji","Population, total",1985,723761
"Finland","Population, total",1985,4902206
"France","Population, total",1985,56665619
"French Polynesia","Population, total",1985,180988
"Gabon","Population, total",1985,856726
"Gambia, The","Population, total",1985,858874
"Georgia","Population, total",1985,4662900
"Germany","Population, total",1985,77684873
"Ghana","Population, total",1985,13661229
"Gibraltar","Population, total",1985,28512
"Greece","Population, total",1985,9934300
"Greenland","Population, total",1985,53200
"Grenada","Population, total",1985,96111
"Guam","Population, total",1985,124117
"Guatemala","Population, total",1985,7849693
"Guinea","Population, total",1985,5610373
"Guinea-Bissau","Population, total",1985,897697
"Guyana","Population, total",1985,771477
"Haiti","Population, total",1985,6190862
"Honduras","Population, total",1985,4323342
"Hong Kong SAR, China","Population, total",1985,5456200
"Hungary","Population, total",1985,10648713
"Iceland","Population, total",1985,241405
"India","Population, total",1985,772647793
"Indonesia","Population, total",1985,166776185
"Iran, Islamic Rep.","Population, total",1985,49582289
"Iraq","Population, total",1985,15683430
"Ireland","Population, total",1985,3538082
"Isle of Man","Population, total",1985,64401
"Israel","Population, total",1985,4233000
"Italy","Population, total",1985,56593071
"Jamaica","Population, total",1985,2290656
"Japan","Population, total",1985,120837000
"Jordan","Population, total",1985,2778810
"Kazakhstan","Population, total",1985,16031090
"Kenya","Population, total",1985,19201768
"Kiribati","Population, total",1985,66496
"Korea, Dem. People's Rep.","Population, total",1985,19620388
"Korea, Rep.","Population, total",1985,40805744
"Kosovo","Population, total",1985,1796018
"Kuwait","Population, total",1985,1894242
"Kyrgyz Republic","Population, total",1985,3990300
"Lao PDR","Population, total",1985,3739985
"Latvia","Population, total",1985,2578873
"Lebanon","Population, total",1985,3217376
"Lesotho","Population, total",1985,1624379
"Liberia","Population, total",1985,2240539
"Libya","Population, total",1985,3898745
"Liechtenstein","Population, total",1985,26878
"Lithuania","Population, total",1985,3544543
"Luxembourg","Population, total",1985,366706
"Macao SAR, China","Population, total",1985,289700
"Madagascar","Population, total",1985,10433142
"Malawi","Population, total",1985,7620508
"Malaysia","Population, total",1985,15252258
"Maldives","Population, total",1985,190169
"Mali","Population, total",1985,8374663
"Malta","Population, total",1985,336452
"Marshall Islands","Population, total",1985,37761
"Mauritania","Population, total",1985,1702107
"Mauritius","Population, total",1985,1020528
"Mexico","Population, total",1985,75043414
"Micronesia, Fed. Sts.","Population, total",1985,89707
"Moldova","Population, total",1985,2850787
"Monaco","Population, total",1985,28731
"Mongolia","Population, total",1985,1921514
"Montenegro","Population, total",1985,605398
"Morocco","Population, total",1985,22113953
"Mozambique","Population, total",1985,12548949
"Myanmar","Population, total",1985,36622827
"Namibia","Population, total",1985,1096890
"Nauru","Population, total",1985,8551
"Nepal","Population, total",1985,17477692
"Netherlands","Population, total",1985,14491632
"New Caledonia","Population, total",1985,160234
"New Zealand","Population, total",1985,3247100
"Nicaragua","Population, total",1985,3706479
"Niger","Population, total",1985,7118457
"Nigeria","Population, total",1985,84897973
"North Macedonia","Population, total",1985,2014331
"Northern Mariana Islands","Population, total",1985,30258
"Norway","Population, total",1985,4152516
"Oman","Population, total",1985,1325480
"Pakistan","Population, total",1985,98229285
"Palau","Population, total",1985,13688
"Panama","Population, total",1985,2200915
"Papua New Guinea","Population, total",1985,3478936
"Paraguay","Population, total",1985,3510671
"Peru","Population, total",1985,19648204
"Philippines","Population, total",1985,55213006
"Poland","Population, total",1985,37201885
"Portugal","Population, total",1985,10023613
"Puerto Rico","Population, total",1985,3377000
"Qatar","Population, total",1985,365940
"Romania","Population, total",1985,22732999
"Russian Federation","Population, total",1985,143858000
"Rwanda","Population, total",1985,6317228
"Samoa","Population, total",1985,166849
"San Marino","Population, total",1985,22485
"Sao Tome and Principe","Population, total",1985,108658
"Saudi Arabia","Population, total",1985,8151779
"Senegal","Population, total",1985,6683287
"Serbia","Population, total",1985,7835902
"Seychelles","Population, total",1985,65244
"Sierra Leone","Population, total",1985,3638438
"Singapore","Population, total",1985,2735957
"Sint Maarten (Dutch part)","Population, total",1985,19291
"Slovak Republic","Population, total",1985,5161768
"Slovenia","Population, total",1985,1941641
"Solomon Islands","Population, total",1985,282455
"Somalia","Population, total",1985,6693289
"South Africa","Population, total",1985,35042093
"South Sudan","Population, total",1985,4834296
"Spain","Population, total",1985,38469512
"Sri Lanka","Population, total",1985,15544154
"St. Kitts and Nevis","Population, total",1985,41874
"St. Lucia","Population, total",1985,129159
"St. Martin (French part)","Population, total",1985,16095
"St. Vincent and the Grenadines","Population, total",1985,108506
"Sudan","Population, total",1985,19905872
"Suriname","Population, total",1985,386972
"Sweden","Population, total",1985,8350386
"Switzerland","Population, total",1985,6470365
"Syrian Arab Republic","Population, total",1985,10625672
"Tajikistan","Population, total",1985,4619003
"Tanzania","Population, total",1985,22501693
"Thailand","Population, total",1985,50270753
"Timor-Leste","Population, total",1985,696665
"Togo","Population, total",1985,3441091
"Tonga","Population, total",1985,97984
"Trinidad and Tobago","Population, total",1985,1187366
"Tunisia","Population, total",1985,7409903
"Turkiye","Population, total",1985,50687115
"Turkmenistan","Population, total",1985,3247534
"Turks and Caicos Islands","Population, total",1985,9521
"Tuvalu","Population, total",1985,8046
"Uganda","Population, total",1985,15023681
"Ukraine","Population, total",1985,51108770
"United Arab Emirates","Population, total",1985,1377911
"United Kingdom","Population, total",1985,56550268
"United States","Population, total",1985,237924000
"Uruguay","Population, total",1985,3017037
"Uzbekistan","Population, total",1985,17875339
"Vanuatu","Population, total",1985,130356
"Venezuela, RB","Population, total",1985,17461434
"Viet Nam","Population, total",1985,59060622
"Virgin Islands (U.S.)","Population, total",1985,100760
"Yemen, Rep.","Population, total",1985,11453825
"Zambia","Population, total",1985,6780953
"Zimbabwe","Population, total",1985,8686813
"Africa Eastern and Southern","Population, total",1986,277621771
"Africa Western and Central","Population, total",1986,187889141
"Arab World","Population, total",1986,198509771
"Caribbean small states","Population, total",1986,3559870
"Central Electricity Board (CEB)","Population, total",1986,109824166
"Early-demographic dividend","Population, total",1986,1855391159
"East Asia & Pacific","Population, total",1986,1706848439
"East Asia & Pacific (excluding high income)","Population, total",1986,1496124294
"East Asia & Pacific (IDA & IBRD)","Population, total",1986,1476236205
"Euro area","Population, total",1986,311372728
"Europe & Central Asia","Population, total",1986,825034695
"Europe & Central Asia (excluding high income)","Population, total",1986,197344981
"Europe & Central Asia (IDA & IBRD)","Population, total",1986,416211558
"European Union","Population, total",1986,415087013
"Fragile and conflict affected situations","Population, total",1986,442386405
"Heavily indebted poor countries (HIPC)","Population, total",1986,324025001
"High income","Population, total",1986,1150810379
"IBRD only","Population, total",1986,3212177926
"IDA & IBRD total","Population, total",1986,3998725110
"IDA blend","Population, total",1986,265801351
"IDA only","Population, total",1986,520745833
"IDA total","Population, total",1986,786547184
"Late-demographic dividend","Population, total",1986,1738504785
"Latin America & Caribbean","Population, total",1986,408172564
"Latin America & Caribbean (excluding high income)","Population, total",1986,363159117
"Latin America & Caribbean (IDA & IBRD)","Population, total",1986,393862440
"Least developed countries: UN classification","Population, total",1986,469843634
"Low & middle income","Population, total",1986,3727939991
"Low income","Population, total",1986,222444478
"Lower middle income","Population, total",1986,1551923872
"Middle East and North Africa","Population, total",1986,338209596
"Middle East & North Africa (excluding high income)","Population, total",1986,319257806
"Middle East & North Africa (IDA & IBRD)","Population, total",1986,319257806
"Middle income","Population, total",1986,3505495513
"North America","Population, total",1986,266289167
"OECD members","Population, total",1986,1071222636
"Other small states","Population, total",1986,8271747
"Pacific island small states","Population, total",1986,1660533
"Post-demographic dividend","Population, total",1986,941566838
"Pre-demographic dividend","Population, total",1986,379883689
"Small states","Population, total",1986,13492150
"South Asia","Population, total",1986,927646189
"South Asia (IDA & IBRD)","Population, total",1986,927646189
"Sub-Saharan Africa","Population, total",1986,465510912
"Sub-Saharan Africa (excluding high income)","Population, total",1986,424407604
"Sub-Saharan Africa (IDA & IBRD)","Population, total",1986,465510912
"Upper middle income","Population, total",1986,1953571641
"World","Population, total",1986,4937711562
"Afghanistan","Population, total",1986,11420074
"Albania","Population, total",1986,3022635
"Algeria","Population, total",1986,22745499
"American Samoa","Population, total",1986,40571
"Andorra","Population, total",1986,45734
"Angola","Population, total",1986,10139450
"Antigua and Barbuda","Population, total",1986,64276
"Argentina","Population, total",1986,30811980
"Armenia","Population, total",1986,3294847
"Aruba","Population, total",1986,59931
"Australia","Population, total",1986,16018350
"Austria","Population, total",1986,7569794
"Azerbaijan","Population, total",1986,6770300
"Bahamas, The","Population, total",1986,257536
"Bahrain","Population, total",1986,446286
"Bangladesh","Population, total",1986,102635572
"Barbados","Population, total",1986,256618
"Belarus","Population, total",1986,10043000
"Belgium","Population, total",1986,9861823
"Belize","Population, total",1986,167554
"Benin","Population, total",1986,4675420
"Bermuda","Population, total",1986,55889
"Bhutan","Population, total",1986,524324
"Bolivia","Population, total",1986,6552479
"Bosnia and Herzegovina","Population, total",1986,4362115
"Botswana","Population, total",1986,1160650
"Brazil","Population, total",1986,138336370
"British Virgin Islands","Population, total",1986,13726
"Brunei Darussalam","Population, total",1986,226495
"Bulgaria","Population, total",1986,8958171
"Burkina Faso","Population, total",1986,8228847
"Burundi","Population, total",1986,5129414
"Cabo Verde","Population, total",1986,352312
"Cambodia","Population, total",1986,6285693
"Cameroon","Population, total",1986,10060342
"Canada","Population, total",1986,26100278
"Cayman Islands","Population, total",1986,22197
"Central African Republic","Population, total",1986,2634258
"Chad","Population, total",1986,5251069
"Channel Islands","Population, total",1986,137413
"Chile","Population, total",1986,12588914
"China","Population, total",1986,1066790000
"Colombia","Population, total",1986,29879112
"Comoros","Population, total",1986,399318
"Congo, Dem. Rep.","Population, total",1986,32265196
"Congo, Rep.","Population, total",1986,2120602
"Costa Rica","Population, total",1986,2817216
"Cote d'Ivoire","Population, total",1986,10440917
"Croatia","Population, total",1986,4721446
"Cuba","Population, total",1986,10244247
"Curacao","Population, total",1986,152662
"Cyprus","Population, total",1986,743105
"Czechia","Population, total",1986,10342227
"Denmark","Population, total",1986,5120534
"Djibouti","Population, total",1986,426341
"Dominica","Population, total",1986,71406
"Dominican Republic","Population, total",1986,6571208
"Ecuador","Population, total",1986,9545998
"Egypt, Arab Rep.","Population, total",1986,52206295
"El Salvador","Population, total",1986,4992769
"Equatorial Guinea","Population, total",1986,404728
"Eritrea","Population, total",1986,1845164
"Estonia","Population, total",1986,1540190
"Eswatini","Population, total",1986,734732
"Ethiopia","Population, total",1986,41037656
"Faroe Islands","Population, total",1986,46131
"Fiji","Population, total",1986,739306
"Finland","Population, total",1986,4918154
"France","Population, total",1986,56956002
"French Polynesia","Population, total",1986,185669
"Gabon","Population, total",1986,880705
"Gambia, The","Population, total",1986,894019
"Georgia","Population, total",1986,4704500
"Germany","Population, total",1986,77720436
"Ghana","Population, total",1986,13965217
"Gibraltar","Population, total",1986,28328
"Greece","Population, total",1986,9967213
"Greenland","Population, total",1986,53500
"Grenada","Population, total",1986,96790
"Guam","Population, total",1986,126965
"Guatemala","Population, total",1986,8070818
"Guinea","Population, total",1986,5750668
"Guinea-Bissau","Population, total",1986,912126
"Guyana","Population, total",1986,768098
"Haiti","Population, total",1986,6316122
"Honduras","Population, total",1986,4448899
"Hong Kong SAR, China","Population, total",1986,5524600
"Hungary","Population, total",1986,10630564
"Iceland","Population, total",1986,243180
"India","Population, total",1986,790689978
"Indonesia","Population, total",1986,170175065
"Iran, Islamic Rep.","Population, total",1986,51446045
"Iraq","Population, total",1986,16074145
"Ireland","Population, total",1986,3539690
"Isle of Man","Population, total",1986,64695
"Israel","Population, total",1986,4299000
"Italy","Population, total",1986,56596155
"Jamaica","Population, total",1986,2312125
"Japan","Population, total",1986,121482000
"Jordan","Population, total",1986,2909887
"Kazakhstan","Population, total",1986,16262702
"Kenya","Population, total",1986,19901646
"Kiribati","Population, total",1986,68059
"Korea, Dem. People's Rep.","Population, total",1986,19910855
"Korea, Rep.","Population, total",1986,41213674
"Kosovo","Population, total",1986,1836972
"Kuwait","Population, total",1986,1972520
"Kyrgyz Republic","Population, total",1986,4066500
"Lao PDR","Population, total",1986,3846715
"Latvia","Population, total",1986,2599892
"Lebanon","Population, total",1986,3300365
"Lesotho","Population, total",1986,1666138
"Liberia","Population, total",1986,2308511
"Libya","Population, total",1986,4017403
"Liechtenstein","Population, total",1986,27238
"Lithuania","Population, total",1986,3578914
"Luxembourg","Population, total",1986,368355
"Macao SAR, China","Population, total",1986,296050
"Madagascar","Population, total",1986,10736857
"Malawi","Population, total",1986,7906480
"Malaysia","Population, total",1986,15760419
"Maldives","Population, total",1986,196935
"Mali","Population, total",1986,8531277
"Malta","Population, total",1986,342121
"Marshall Islands","Population, total",1986,39286
"Mauritania","Population, total",1986,1751835
"Mauritius","Population, total",1986,1028360
"Mexico","Population, total",1986,76585637
"Micronesia, Fed. Sts.","Population, total",1986,92266
"Moldova","Population, total",1986,2883057
"Monaco","Population, total",1986,29093
"Mongolia","Population, total",1986,1970965
"Montenegro","Population, total",1986,607711
"Morocco","Population, total",1986,22600803
"Mozambique","Population, total",1986,12770578
"Myanmar","Population, total",1986,37314878
"Namibia","Population, total",1986,1131081
"Nauru","Population, total",1986,8742
"Nepal","Population, total",1986,17868124
"Netherlands","Population, total",1986,14572278
"New Caledonia","Population, total",1986,162898
"New Zealand","Population, total",1986,3246300
"Nicaragua","Population, total",1986,3794157
"Niger","Population, total",1986,7335811
"Nigeria","Population, total",1986,87235953
"North Macedonia","Population, total",1986,2024732
"Northern Mariana Islands","Population, total",1986,32980
"Norway","Population, total",1986,4167354
"Oman","Population, total",1986,1413419
"Pakistan","Population, total",1986,101606764
"Palau","Population, total",1986,14024
"Panama","Population, total",1986,2251325
"Papua New Guinea","Population, total",1986,3554793
"Paraguay","Population, total",1986,3611474
"Peru","Population, total",1986,20117122
"Philippines","Population, total",1986,56645077
"Poland","Population, total",1986,37456119
"Portugal","Population, total",1986,10032734
"Puerto Rico","Population, total",1986,3409554
"Qatar","Population, total",1986,382422
"Romania","Population, total",1986,22836841
"Russian Federation","Population, total",1986,144894000
"Rwanda","Population, total",1986,6531881
"Samoa","Population, total",1986,167061
"San Marino","Population, total",1986,22636
"Sao Tome and Principe","Population, total",1986,111150
"Saudi Arabia","Population, total",1986,8628639
"Senegal","Population, total",1986,6878192
"Serbia","Population, total",1986,7853824
"Seychelles","Population, total",1986,65652
"Sierra Leone","Population, total",1986,3728380
"Singapore","Population, total",1986,2733373
"Sint Maarten (Dutch part)","Population, total",1986,20930
"Slovak Republic","Population, total",1986,5193838
"Slovenia","Population, total",1986,1965964
"Solomon Islands","Population, total",1986,291842
"Somalia","Population, total",1986,6974788
"South Africa","Population, total",1986,36180515
"South Sudan","Population, total",1986,4921240
"Spain","Population, total",1986,38584624
"Sri Lanka","Population, total",1986,15731256
"St. Kitts and Nevis","Population, total",1986,41618
"St. Lucia","Population, total",1986,131239
"St. Martin (French part)","Population, total",1986,18558
"St. Vincent and the Grenadines","Population, total",1986,109281
"Sudan","Population, total",1986,20288238
"Suriname","Population, total",1986,392330
"Sweden","Population, total",1986,8369829
"Switzerland","Population, total",1986,6504124
"Syrian Arab Republic","Population, total",1986,11002844
"Tajikistan","Population, total",1986,4772139
"Tanzania","Population, total",1986,23258959
"Thailand","Population, total",1986,51177834
"Timor-Leste","Population, total",1986,707185
"Togo","Population, total",1986,3547952
"Tonga","Population, total",1986,98010
"Trinidad and Tobago","Population, total",1986,1203124
"Tunisia","Population, total",1986,7600301
"Turkiye","Population, total",1986,51777772
"Turkmenistan","Population, total",1986,3347809
"Turks and Caicos Islands","Population, total",1986,9941
"Tuvalu","Population, total",1986,8217
"Uganda","Population, total",1986,15467579
"Ukraine","Population, total",1986,51318745
"United Arab Emirates","Population, total",1986,1467383
"United Kingdom","Population, total",1986,56681396
"United States","Population, total",1986,240133000
"Uruguay","Population, total",1986,3032845
"Uzbekistan","Population, total",1986,18395621
"Vanuatu","Population, total",1986,133720
"Venezuela, RB","Population, total",1986,17923536
"Viet Nam","Population, total",1986,60347048
"Virgin Islands (U.S.)","Population, total",1986,100842
"Yemen, Rep.","Population, total",1986,11901040
"Zambia","Population, total",1986,6986471
"Zimbabwe","Population, total",1986,8982578
"Africa Eastern and Southern","Population, total",1987,286067346
"Africa Western and Central","Population, total",1987,193104347
"Arab World","Population, total",1987,204524595
"Caribbean small states","Population, total",1987,3586018
"Central Electricity Board (CEB)","Population, total",1987,110296425
"Early-demographic dividend","Population, total",1987,1901405537
"East Asia & Pacific","Population, total",1987,1734703629
"East Asia & Pacific (excluding high income)","Population, total",1987,1522374575
"East Asia & Pacific (IDA & IBRD)","Population, total",1987,1502192372
"Euro area","Population, total",1987,312223048
"Europe & Central Asia","Population, total",1987,830294805
"Europe & Central Asia (excluding high income)","Population, total",1987,200194022
"Europe & Central Asia (IDA & IBRD)","Population, total",1987,420430601
"European Union","Population, total",1987,416296769
"Fragile and conflict affected situations","Population, total",1987,452678880
"Heavily indebted poor countries (HIPC)","Population, total",1987,333016950
"High income","Population, total",1987,1158607400
"IBRD only","Population, total",1987,3273388723
"IDA & IBRD total","Population, total",1987,4081589183
"IDA blend","Population, total",1987,274161638
"IDA only","Population, total",1987,534038822
"IDA total","Population, total",1987,808200460
"Late-demographic dividend","Population, total",1987,1765799733
"Latin America & Caribbean","Population, total",1987,416332693
"Latin America & Caribbean (excluding high income)","Population, total",1987,370452304
"Latin America & Caribbean (IDA & IBRD)","Population, total",1987,401890697
"Least developed countries: UN classification","Population, total",1987,482075790
"Low & middle income","Population, total",1987,3807567876
"Low income","Population, total",1987,228079094
"Lower middle income","Population, total",1987,1590598381
"Middle East and North Africa","Population, total",1987,348933449
"Middle East & North Africa (excluding high income)","Population, total",1987,329101677
"Middle East & North Africa (IDA & IBRD)","Population, total",1987,329101677
"Middle income","Population, total",1987,3579488782
"North America","Population, total",1987,268791866
"OECD members","Population, total",1987,1079813087
"Other small states","Population, total",1987,8429468
"Pacific island small states","Population, total",1987,1692234
"Post-demographic dividend","Population, total",1987,946817118
"Pre-demographic dividend","Population, total",1987,390374024
"Small states","Population, total",1987,13707720
"South Asia","Population, total",1987,948802143
"South Asia (IDA & IBRD)","Population, total",1987,948802143
"Sub-Saharan Africa","Population, total",1987,479171693
"Sub-Saharan Africa (excluding high income)","Population, total",1987,436643155
"Sub-Saharan Africa (IDA & IBRD)","Population, total",1987,479171693
"Upper middle income","Population, total",1987,1988890401
"World","Population, total",1987,5027030278
"Afghanistan","Population, total",1987,11387818
"Albania","Population, total",1987,3083605
"Algeria","Population, total",1987,23443624
"American Samoa","Population, total",1987,42072
"Andorra","Population, total",1987,47653
"Angola","Population, total",1987,10497858
"Antigua and Barbuda","Population, total",1987,63946
"Argentina","Population, total",1987,31291762
"Armenia","Population, total",1987,3328520
"Aruba","Population, total",1987,59159
"Australia","Population, total",1987,16263874
"Austria","Population, total",1987,7574586
"Azerbaijan","Population, total",1987,6875350
"Bahamas, The","Population, total",1987,261935
"Bahrain","Population, total",1987,462854
"Bangladesh","Population, total",1987,104959291
"Barbados","Population, total",1987,257279
"Belarus","Population, total",1987,10111000
"Belgium","Population, total",1987,9870234
"Belize","Population, total",1987,171338
"Benin","Population, total",1987,4818486
"Bermuda","Population, total",1987,56265
"Bhutan","Population, total",1987,540557
"Bolivia","Population, total",1987,6692162
"Bosnia and Herzegovina","Population, total",1987,4390246
"Botswana","Population, total",1987,1199167
"Brazil","Population, total",1987,141104944
"British Virgin Islands","Population, total",1987,14194
"Brunei Darussalam","Population, total",1987,233860
"Bulgaria","Population, total",1987,8971359
"Burkina Faso","Population, total",1987,8457109
"Burundi","Population, total",1987,5247787
"Cabo Verde","Population, total",1987,357302
"Cambodia","Population, total",1987,6557970
"Cameroon","Population, total",1987,10370749
"Canada","Population, total",1987,26446601
"Cayman Islands","Population, total",1987,23073
"Central African Republic","Population, total",1987,2669155
"Chad","Population, total",1987,5438309
"Channel Islands","Population, total",1987,138743
"Chile","Population, total",1987,12790150
"China","Population, total",1987,1084035000
"Colombia","Population, total",1987,30499467
"Comoros","Population, total",1987,410439
"Congo, Dem. Rep.","Population, total",1987,33298904
"Congo, Rep.","Population, total",1987,2183473
"Costa Rica","Population, total",1987,2892699
"Cote d'Ivoire","Population, total",1987,10851475
"Croatia","Population, total",1987,4739745
"Cuba","Population, total",1987,10335342
"Curacao","Population, total",1987,151456
"Cyprus","Population, total",1987,754785
"Czechia","Population, total",1987,10347318
"Denmark","Population, total",1987,5127024
"Djibouti","Population, total",1987,454399
"Dominica","Population, total",1987,71023
"Dominican Republic","Population, total",1987,6712515
"Ecuador","Population, total",1987,9779290
"Egypt, Arab Rep.","Population, total",1987,53674435
"El Salvador","Population, total",1987,5092441
"Equatorial Guinea","Population, total",1987,422522
"Eritrea","Population, total",1987,1888669
"Estonia","Population, total",1987,1552221
"Eswatini","Population, total",1987,763811
"Ethiopia","Population, total",1987,42460039
"Faroe Islands","Population, total",1987,46701
"Fiji","Population, total",1987,750540
"Finland","Population, total",1987,4932123
"France","Population, total",1987,57266167
"French Polynesia","Population, total",1987,190449
"Gabon","Population, total",1987,905479
"Gambia, The","Population, total",1987,931091
"Georgia","Population, total",1987,4743500
"Germany","Population, total",1987,77839920
"Ghana","Population, total",1987,14289108
"Gibraltar","Population, total",1987,28096
"Greece","Population, total",1987,10000595
"Greenland","Population, total",1987,54100
"Grenada","Population, total",1987,97526
"Guam","Population, total",1987,129858
"Guatemala","Population, total",1987,8296485
"Guinea","Population, total",1987,5900198
"Guinea-Bissau","Population, total",1987,926862
"Guyana","Population, total",1987,764120
"Haiti","Population, total",1987,6445123
"Honduras","Population, total",1987,4576910
"Hong Kong SAR, China","Population, total",1987,5580500
"Hungary","Population, total",1987,10612741
"Iceland","Population, total",1987,245859
"India","Population, total",1987,808931270
"Indonesia","Population, total",1987,173511154
"Iran, Islamic Rep.","Population, total",1987,53323493
"Iraq","Population, total",1987,16521049
"Ireland","Population, total",1987,3540057
"Isle of Man","Population, total",1987,65597
"Israel","Population, total",1987,4369000
"Italy","Population, total",1987,56601931
"Jamaica","Population, total",1987,2329813
"Japan","Population, total",1987,122069000
"Jordan","Population, total",1987,3047634
"Kazakhstan","Population, total",1987,16527715
"Kenya","Population, total",1987,20616096
"Kiribati","Population, total",1987,69733
"Korea, Dem. People's Rep.","Population, total",1987,20205483
"Korea, Rep.","Population, total",1987,41621690
"Kosovo","Population, total",1987,1880590
"Kuwait","Population, total",1987,2052994
"Kyrgyz Republic","Population, total",1987,4144600
"Lao PDR","Population, total",1987,3957612
"Latvia","Population, total",1987,2626583
"Lebanon","Population, total",1987,3385555
"Lesotho","Population, total",1987,1703390
"Liberia","Population, total",1987,2377229
"Libya","Population, total",1987,4129739
"Liechtenstein","Population, total",1987,27557
"Lithuania","Population, total",1987,3616367
"Luxembourg","Population, total",1987,370750
"Macao SAR, China","Population, total",1987,306850
"Madagascar","Population, total",1987,11047291
"Malawi","Population, total",1987,8293174
"Malaysia","Population, total",1987,16276737
"Maldives","Population, total",1987,203944
"Mali","Population, total",1987,8681164
"Malta","Population, total",1987,344485
"Marshall Islands","Population, total",1987,40828
"Mauritania","Population, total",1987,1803014
"Mauritius","Population, total",1987,1036082
"Mexico","Population, total",1987,78136651
"Micronesia, Fed. Sts.","Population, total",1987,94844
"Moldova","Population, total",1987,2916306
"Monaco","Population, total",1987,29446
"Mongolia","Population, total",1987,2022800
"Montenegro","Population, total",1987,608144
"Morocco","Population, total",1987,23054392
"Mozambique","Population, total",1987,12822574
"Myanmar","Population, total",1987,37971594
"Namibia","Population, total",1987,1167889
"Nauru","Population, total",1987,8946
"Nepal","Population, total",1987,18250505
"Netherlands","Population, total",1987,14665037
"New Caledonia","Population, total",1987,165650
"New Zealand","Population, total",1987,3274400
"Nicaragua","Population, total",1987,3882164
"Niger","Population, total",1987,7561150
"Nigeria","Population, total",1987,89591716
"North Macedonia","Population, total",1987,2035157
"Northern Mariana Islands","Population, total",1987,35736
"Norway","Population, total",1987,4186905
"Oman","Population, total",1987,1500996
"Pakistan","Population, total",1987,105130717
"Palau","Population, total",1987,14334
"Panama","Population, total",1987,2301970
"Papua New Guinea","Population, total",1987,3632543
"Paraguay","Population, total",1987,3714889
"Peru","Population, total",1987,20582320
"Philippines","Population, total",1987,58157496
"Poland","Population, total",1987,37668045
"Portugal","Population, total",1987,10030031
"Puerto Rico","Population, total",1987,3441850
"Qatar","Population, total",1987,397005
"Romania","Population, total",1987,22949430
"Russian Federation","Population, total",1987,145908000
"Rwanda","Population, total",1987,6749493
"Samoa","Population, total",1987,167661
"San Marino","Population, total",1987,22686
"Sao Tome and Principe","Population, total",1987,113919
"Saudi Arabia","Population, total",1987,9130194
"Senegal","Population, total",1987,7081530
"Serbia","Population, total",1987,7868027
"Seychelles","Population, total",1987,68499
"Sierra Leone","Population, total",1987,3829718
"Singapore","Population, total",1987,2774789
"Sint Maarten (Dutch part)","Population, total",1987,22617
"Slovak Republic","Population, total",1987,5222840
"Slovenia","Population, total",1987,1989776
"Solomon Islands","Population, total",1987,301414
"Somalia","Population, total",1987,7228302
"South Africa","Population, total",1987,37326190
"South Sudan","Population, total",1987,4962395
"Spain","Population, total",1987,38684815
"Sri Lanka","Population, total",1987,15916576
"St. Kitts and Nevis","Population, total",1987,41348
"St. Lucia","Population, total",1987,133227
"St. Martin (French part)","Population, total",1987,21108
"St. Vincent and the Grenadines","Population, total",1987,110001
"Sudan","Population, total",1987,20704904
"Suriname","Population, total",1987,396911
"Sweden","Population, total",1987,8397804
"Switzerland","Population, total",1987,6545106
"Syrian Arab Republic","Population, total",1987,11388923
"Tajikistan","Population, total",1987,4939059
"Tanzania","Population, total",1987,24030378
"Thailand","Population, total",1987,52074105
"Timor-Leste","Population, total",1987,718476
"Togo","Population, total",1987,3657508
"Tonga","Population, total",1987,98376
"Trinidad and Tobago","Population, total",1987,1217364
"Tunisia","Population, total",1987,7789987
"Turkiye","Population, total",1987,52843670
"Turkmenistan","Population, total",1987,3452731
"Turks and Caicos Islands","Population, total",1987,10361
"Tuvalu","Population, total",1987,8371
"Uganda","Population, total",1987,15954170
"Ukraine","Population, total",1987,51515732
"United Arab Emirates","Population, total",1987,1574244
"United Kingdom","Population, total",1987,56802050
"United States","Population, total",1987,242289000
"Uruguay","Population, total",1987,3049896
"Uzbekistan","Population, total",1987,18930070
"Vanuatu","Population, total",1987,137187
"Venezuela, RB","Population, total",1987,18394963
"Viet Nam","Population, total",1987,61584651
"Virgin Islands (U.S.)","Population, total",1987,100901
"Yemen, Rep.","Population, total",1987,12369912
"Zambia","Population, total",1987,7191282
"Zimbabwe","Population, total",1987,9284644
"Africa Eastern and Southern","Population, total",1988,294498625
"Africa Western and Central","Population, total",1988,198485027
"Arab World","Population, total",1988,210269696
"Caribbean small states","Population, total",1988,3610609
"Central Electricity Board (CEB)","Population, total",1988,110686740
"Early-demographic dividend","Population, total",1988,1947928955
"East Asia & Pacific","Population, total",1988,1762936165
"East Asia & Pacific (excluding high income)","Population, total",1988,1549038591
"East Asia & Pacific (IDA & IBRD)","Population, total",1988,1528559240
"Euro area","Population, total",1988,313272522
"Europe & Central Asia","Population, total",1988,835601587
"Europe & Central Asia (excluding high income)","Population, total",1988,202990335
"Europe & Central Asia (IDA & IBRD)","Population, total",1988,424466137
"European Union","Population, total",1988,417653885
"Fragile and conflict affected situations","Population, total",1988,463045466
"Heavily indebted poor countries (HIPC)","Population, total",1988,342381086
"High income","Population, total",1988,1166527684
"IBRD only","Population, total",1988,3334875641
"IDA & IBRD total","Population, total",1988,4165012459
"IDA blend","Population, total",1988,282708012
"IDA only","Population, total",1988,547428806
"IDA total","Population, total",1988,830136818
"Late-demographic dividend","Population, total",1988,1793220326
"Latin America & Caribbean","Population, total",1988,424525590
"Latin America & Caribbean (excluding high income)","Population, total",1988,377766659
"Latin America & Caribbean (IDA & IBRD)","Population, total",1988,409945610
"Least developed countries: UN classification","Population, total",1988,494400159
"Low & middle income","Population, total",1988,3887617477
"Low income","Population, total",1988,233656588
"Lower middle income","Population, total",1988,1629655073
"Middle East and North Africa","Population, total",1988,359728415
"Middle East & North Africa (excluding high income)","Population, total",1988,339013669
"Middle East & North Africa (IDA & IBRD)","Population, total",1988,339013669
"Middle income","Population, total",1988,3653960889
"North America","Population, total",1988,271347446
"OECD members","Population, total",1988,1088587717
"Other small states","Population, total",1988,8592255
"Pacific island small states","Population, total",1988,1721206
"Post-demographic dividend","Population, total",1988,952284317
"Pre-demographic dividend","Population, total",1988,400820214
"Small states","Population, total",1988,13924070
"South Asia","Population, total",1988,970044151
"South Asia (IDA & IBRD)","Population, total",1988,970044151
"Sub-Saharan Africa","Population, total",1988,492983652
"Sub-Saharan Africa (excluding high income)","Population, total",1988,448764072
"Sub-Saharan Africa (IDA & IBRD)","Population, total",1988,492983652
"Upper middle income","Population, total",1988,2024305816
"World","Population, total",1988,5117167006
"Afghanistan","Population, total",1988,11523298
"Albania","Population, total",1988,3142336
"Algeria","Population, total",1988,24109536
"American Samoa","Population, total",1988,43615
"Andorra","Population, total",1988,49416
"Angola","Population, total",1988,10861291
"Antigua and Barbuda","Population, total",1988,63623
"Argentina","Population, total",1988,31780532
"Armenia","Population, total",1988,3355125
"Aruba","Population, total",1988,59331
"Australia","Population, total",1988,16532164
"Austria","Population, total",1988,7585317
"Azerbaijan","Population, total",1988,6974600
"Bahamas, The","Population, total",1988,266448
"Bahrain","Population, total",1988,479929
"Bangladesh","Population, total",1988,107216008
"Barbados","Population, total",1988,257763
"Belarus","Population, total",1988,10140000
"Belgium","Population, total",1988,9901664
"Belize","Population, total",1988,175180
"Benin","Population, total",1988,4967341
"Bermuda","Population, total",1988,56699
"Bhutan","Population, total",1988,556986
"Bolivia","Population, total",1988,6835508
"Bosnia and Herzegovina","Population, total",1988,4414404
"Botswana","Population, total",1988,1235476
"Brazil","Population, total",1988,143826357
"British Virgin Islands","Population, total",1988,14680
"Brunei Darussalam","Population, total",1988,240913
"Bulgaria","Population, total",1988,8981446
"Burkina Faso","Population, total",1988,8687435
"Burundi","Population, total",1988,5365327
"Cabo Verde","Population, total",1988,362329
"Cambodia","Population, total",1988,6812014
"Cameroon","Population, total",1988,10684968
"Canada","Population, total",1988,26791747
"Cayman Islands","Population, total",1988,23951
"Central African Republic","Population, total",1988,2713965
"Chad","Population, total",1988,5625602
"Channel Islands","Population, total",1988,140089
"Chile","Population, total",1988,12999424
"China","Population, total",1988,1101630000
"Colombia","Population, total",1988,31130524
"Comoros","Population, total",1988,421687
"Congo, Dem. Rep.","Population, total",1988,34382752
"Congo, Rep.","Population, total",1988,2247653
"Costa Rica","Population, total",1988,2968103
"Cote d'Ivoire","Population, total",1988,11275189
"Croatia","Population, total",1988,4755207
"Cuba","Population, total",1988,10432585
"Curacao","Population, total",1988,149254
"Cyprus","Population, total",1988,766235
"Czechia","Population, total",1988,10355276
"Denmark","Population, total",1988,5129516
"Djibouti","Population, total",1988,484523
"Dominica","Population, total",1988,70608
"Dominican Republic","Population, total",1988,6855734
"Ecuador","Population, total",1988,10010808
"Egypt, Arab Rep.","Population, total",1988,55187681
"El Salvador","Population, total",1988,5195833
"Equatorial Guinea","Population, total",1988,439651
"Eritrea","Population, total",1988,1938255
"Estonia","Population, total",1988,1561900
"Eswatini","Population, total",1988,799798
"Ethiopia","Population, total",1988,44150825
"Faroe Islands","Population, total",1988,47355
"Fiji","Population, total",1988,758697
"Finland","Population, total",1988,4946481
"France","Population, total",1988,57598186
"French Polynesia","Population, total",1988,195193
"Gabon","Population, total",1988,931020
"Gambia, The","Population, total",1988,970160
"Georgia","Population, total",1988,4790700
"Germany","Population, total",1988,78144619
"Ghana","Population, total",1988,14636568
"Gibraltar","Population, total",1988,27839
"Greece","Population, total",1988,10036983
"Greenland","Population, total",1988,54800
"Grenada","Population, total",1988,98308
"Guam","Population, total",1988,132799
"Guatemala","Population, total",1988,8532099
"Guinea","Population, total",1988,6056574
"Guinea-Bissau","Population, total",1988,942061
"Guyana","Population, total",1988,759663
"Haiti","Population, total",1988,6578145
"Honduras","Population, total",1988,4707677
"Hong Kong SAR, China","Population, total",1988,5627600
"Hungary","Population, total",1988,10596487
"Iceland","Population, total",1988,249740
"India","Population, total",1988,827342990
"Indonesia","Population, total",1988,176855065
"Iran, Islamic Rep.","Population, total",1988,55072694
"Iraq","Population, total",1988,16908819
"Ireland","Population, total",1988,3524949
"Isle of Man","Population, total",1988,66680
"Israel","Population, total",1988,4442000
"Italy","Population, total",1988,56629288
"Jamaica","Population, total",1988,2345777
"Japan","Population, total",1988,122578000
"Jordan","Population, total",1988,3193039
"Kazakhstan","Population, total",1988,16781168
"Kenya","Population, total",1988,21356219
"Kiribati","Population, total",1988,71427
"Korea, Dem. People's Rep.","Population, total",1988,20503161
"Korea, Rep.","Population, total",1988,42031247
"Kosovo","Population, total",1988,1917882
"Kuwait","Population, total",1988,2134707
"Kyrgyz Republic","Population, total",1988,4218400
"Lao PDR","Population, total",1988,4072601
"Latvia","Population, total",1988,2653434
"Lebanon","Population, total",1988,3454649
"Lesotho","Population, total",1988,1739841
"Liberia","Population, total",1988,2446941
"Libya","Population, total",1988,4237755
"Liechtenstein","Population, total",1988,27948
"Lithuania","Population, total",1988,3655049
"Luxembourg","Population, total",1988,373450
"Macao SAR, China","Population, total",1988,316000
"Madagascar","Population, total",1988,11369462
"Malawi","Population, total",1988,8753262
"Malaysia","Population, total",1988,16796605
"Maldives","Population, total",1988,210885
"Mali","Population, total",1988,8833996
"Malta","Population, total",1988,347325
"Marshall Islands","Population, total",1988,42321
"Mauritania","Population, total",1988,1855859
"Mauritius","Population, total",1988,1043239
"Mexico","Population, total",1988,79695531
"Micronesia, Fed. Sts.","Population, total",1988,97097
"Moldova","Population, total",1988,2948891
"Monaco","Population, total",1988,29781
"Mongolia","Population, total",1988,2076322
"Montenegro","Population, total",1988,607413
"Morocco","Population, total",1988,23500524
"Mozambique","Population, total",1988,12800558
"Myanmar","Population, total",1988,38600927
"Namibia","Population, total",1988,1209696
"Nauru","Population, total",1988,9165
"Nepal","Population, total",1988,18638661
"Netherlands","Population, total",1988,14760094
"New Caledonia","Population, total",1988,168502
"New Zealand","Population, total",1988,3283400
"Nicaragua","Population, total",1988,3972320
"Niger","Population, total",1988,7793748
"Nigeria","Population, total",1988,92020090
"North Macedonia","Population, total",1988,2045737
"Northern Mariana Islands","Population, total",1988,38519
"Norway","Population, total",1988,4209488
"Oman","Population, total",1988,1588568
"Pakistan","Population, total",1988,108724739
"Palau","Population, total",1988,14645
"Panama","Population, total",1988,2352848
"Papua New Guinea","Population, total",1988,3711880
"Paraguay","Population, total",1988,3820546
"Peru","Population, total",1988,21054702
"Philippines","Population, total",1988,59739052
"Poland","Population, total",1988,37824487
"Portugal","Population, total",1988,10019610
"Puerto Rico","Population, total",1988,3473898
"Qatar","Population, total",1988,411264
"Romania","Population, total",1988,23057662
"Russian Federation","Population, total",1988,146857000
"Rwanda","Population, total",1988,6968071
"Samoa","Population, total",1988,168346
"San Marino","Population, total",1988,22843
"Sao Tome and Principe","Population, total",1988,116939
"Saudi Arabia","Population, total",1988,9629165
"Senegal","Population, total",1988,7289618
"Serbia","Population, total",1988,7884218
"Seychelles","Population, total",1988,68755
"Sierra Leone","Population, total",1988,3934517
"Singapore","Population, total",1988,2846108
"Sint Maarten (Dutch part)","Population, total",1988,24357
"Slovak Republic","Population, total",1988,5250596
"Slovenia","Population, total",1988,1995196
"Solomon Islands","Population, total",1988,311265
"Somalia","Population, total",1988,7235360
"South Africa","Population, total",1988,38480649
"South Sudan","Population, total",1988,4848029
"Spain","Population, total",1988,38766939
"Sri Lanka","Population, total",1988,16078621
"St. Kitts and Nevis","Population, total",1988,41062
"St. Lucia","Population, total",1988,135000
"St. Martin (French part)","Population, total",1988,23749
"St. Vincent and the Grenadines","Population, total",1988,110658
"Sudan","Population, total",1988,21138431
"Suriname","Population, total",1988,402227
"Sweden","Population, total",1988,8436489
"Switzerland","Population, total",1988,6593386
"Syrian Arab Republic","Population, total",1988,11782264
"Tajikistan","Population, total",1988,5114989
"Tanzania","Population, total",1988,24769686
"Thailand","Population, total",1988,52969595
"Timor-Leste","Population, total",1988,730745
"Togo","Population, total",1988,3769742
"Tonga","Population, total",1988,98969
"Trinidad and Tobago","Population, total",1988,1230069
"Tunisia","Population, total",1988,7974440
"Turkiye","Population, total",1988,53909626
"Turkmenistan","Population, total",1988,3559363
"Turks and Caicos Islands","Population, total",1988,10775
"Tuvalu","Population, total",1988,8518
"Uganda","Population, total",1988,16470483
"Ukraine","Population, total",1988,51724853
"United Arab Emirates","Population, total",1988,1681788
"United Kingdom","Population, total",1988,56928327
"United States","Population, total",1988,244499000
"Uruguay","Population, total",1988,3067961
"Uzbekistan","Population, total",1988,19460630
"Vanuatu","Population, total",1988,140756
"Venezuela, RB","Population, total",1988,18871020
"Viet Nam","Population, total",1988,62843228
"Virgin Islands (U.S.)","Population, total",1988,100952
"Yemen, Rep.","Population, total",1988,12859708
"Zambia","Population, total",1988,7391440
"Zimbabwe","Population, total",1988,9583094
"Africa Eastern and Southern","Population, total",1989,302939121
"Africa Western and Central","Population, total",1989,204062274
"Arab World","Population, total",1989,215969068
"Caribbean small states","Population, total",1989,3634409
"Central Electricity Board (CEB)","Population, total",1989,110801640
"Early-demographic dividend","Population, total",1989,1994666990
"East Asia & Pacific","Population, total",1989,1790597018
"East Asia & Pacific (excluding high income)","Population, total",1989,1575101307
"East Asia & Pacific (IDA & IBRD)","Population, total",1989,1554321275
"Euro area","Population, total",1989,314634075
"Europe & Central Asia","Population, total",1989,840881506
"Europe & Central Asia (excluding high income)","Population, total",1989,205733205
"Europe & Central Asia (IDA & IBRD)","Population, total",1989,428221424
"European Union","Population, total",1989,419102379
"Fragile and conflict affected situations","Population, total",1989,473853393
"Heavily indebted poor countries (HIPC)","Population, total",1989,352065913
"High income","Population, total",1989,1174766407
"IBRD only","Population, total",1989,3395765359
"IDA & IBRD total","Population, total",1989,4248240134
"IDA blend","Population, total",1989,291381564
"IDA only","Population, total",1989,561093211
"IDA total","Population, total",1989,852474775
"Late-demographic dividend","Population, total",1989,1819952808
"Latin America & Caribbean","Population, total",1989,432726590
"Latin America & Caribbean (excluding high income)","Population, total",1989,385080987
"Latin America & Caribbean (IDA & IBRD)","Population, total",1989,418004229
"Least developed countries: UN classification","Population, total",1989,506991476
"Low & middle income","Population, total",1989,3967659848
"Low income","Population, total",1989,239520711
"Lower middle income","Population, total",1989,1669138722
"Middle East and North Africa","Population, total",1989,370724431
"Middle East & North Africa (excluding high income)","Population, total",1989,349120795
"Middle East & North Africa (IDA & IBRD)","Population, total",1989,349120795
"Middle income","Population, total",1989,3728139137
"North America","Population, total",1989,274152910
"OECD members","Population, total",1989,1097876374
"Other small states","Population, total",1989,8765561
"Pacific island small states","Population, total",1989,1748900
"Post-demographic dividend","Population, total",1989,958176572
"Pre-demographic dividend","Population, total",1989,411682495
"Small states","Population, total",1989,14148870
"South Asia","Population, total",1989,991571016
"South Asia (IDA & IBRD)","Population, total",1989,991571016
"Sub-Saharan Africa","Population, total",1989,507001395
"Sub-Saharan Africa (excluding high income)","Population, total",1989,461052538
"Sub-Saharan Africa (IDA & IBRD)","Population, total",1989,507001395
"Upper middle income","Population, total",1989,2059000415
"World","Population, total",1989,5207654866
"Afghanistan","Population, total",1989,11874088
"Albania","Population, total",1989,3227943
"Algeria","Population, total",1989,24754485
"American Samoa","Population, total",1989,45191
"Andorra","Population, total",1989,50620
"Angola","Population, total",1989,11238562
"Antigua and Barbuda","Population, total",1989,63325
"Argentina","Population, total",1989,32270948
"Armenia","Population, total",1989,3443100
"Aruba","Population, total",1989,60443
"Australia","Population, total",1989,16814416
"Austria","Population, total",1989,7619567
"Azerbaijan","Population, total",1989,7076550
"Bahamas, The","Population, total",1989,271178
"Bahrain","Population, total",1989,497327
"Bangladesh","Population, total",1989,109433799
"Barbados","Population, total",1989,258109
"Belarus","Population, total",1989,10170000
"Belgium","Population, total",1989,9937697
"Belize","Population, total",1989,179107
"Benin","Population, total",1989,5121657
"Bermuda","Population, total",1989,57129
"Bhutan","Population, total",1989,573586
"Bolivia","Population, total",1989,6981766
"Bosnia and Herzegovina","Population, total",1989,4433983
"Botswana","Population, total",1989,1270274
"Brazil","Population, total",1989,146502972
"British Virgin Islands","Population, total",1989,15180
"Brunei Darussalam","Population, total",1989,248064
"Bulgaria","Population, total",1989,8876972
"Burkina Faso","Population, total",1989,8921175
"Burundi","Population, total",1989,5471706
"Cabo Verde","Population, total",1989,367803
"Cambodia","Population, total",1989,7073473
"Cameroon","Population, total",1989,11002745
"Canada","Population, total",1989,27276781
"Cayman Islands","Population, total",1989,24874
"Central African Republic","Population, total",1989,2783970
"Chad","Population, total",1989,5819586
"Channel Islands","Population, total",1989,141501
"Chile","Population, total",1989,13215005
"China","Population, total",1989,1118650000
"Colombia","Population, total",1989,31776279
"Comoros","Population, total",1989,433103
"Congo, Dem. Rep.","Population, total",1989,35486866
"Congo, Rep.","Population, total",1989,2313558
"Costa Rica","Population, total",1989,3043827
"Cote d'Ivoire","Population, total",1989,11719771
"Croatia","Population, total",1989,4767260
"Cuba","Population, total",1989,10533243
"Curacao","Population, total",1989,146937
"Cyprus","Population, total",1989,777420
"Czechia","Population, total",1989,10361068
"Denmark","Population, total",1989,5132594
"Djibouti","Population, total",1989,523355
"Dominica","Population, total",1989,70153
"Dominican Republic","Population, total",1989,7002295
"Ecuador","Population, total",1989,10241852
"Egypt, Arab Rep.","Population, total",1989,56710642
"El Salvador","Population, total",1989,5298979
"Equatorial Guinea","Population, total",1989,456808
"Eritrea","Population, total",1989,1987017
"Estonia","Population, total",1989,1568131
"Eswatini","Population, total",1989,837800
"Ethiopia","Population, total",1989,45879690
"Faroe Islands","Population, total",1989,47958
"Fiji","Population, total",1989,766321
"Finland","Population, total",1989,4964371
"France","Population, total",1989,57943062
"French Polynesia","Population, total",1989,199643
"Gabon","Population, total",1989,957138
"Gambia, The","Population, total",1989,1011357
"Georgia","Population, total",1989,4803300
"Germany","Population, total",1989,78751283
"Ghana","Population, total",1989,15006813
"Gibraltar","Population, total",1989,27544
"Greece","Population, total",1989,10089498
"Greenland","Population, total",1989,55300
"Grenada","Population, total",1989,99121
"Guam","Population, total",1989,135799
"Guatemala","Population, total",1989,8775546
"Guinea","Population, total",1989,6215811
"Guinea-Bissau","Population, total",1989,957789
"Guyana","Population, total",1989,754865
"Haiti","Population, total",1989,6714730
"Honduras","Population, total",1989,4841838
"Hong Kong SAR, China","Population, total",1989,5686200
"Hungary","Population, total",1989,10481719
"Iceland","Population, total",1989,252852
"India","Population, total",1989,846039529
"Indonesia","Population, total",1989,180201630
"Iran, Islamic Rep.","Population, total",1989,56704914
"Iraq","Population, total",1989,17364542
"Ireland","Population, total",1989,3511009
"Isle of Man","Population, total",1989,67790
"Israel","Population, total",1989,4518000
"Italy","Population, total",1989,56671781
"Jamaica","Population, total",1989,2361916
"Japan","Population, total",1989,123069000
"Jordan","Population, total",1989,3349627
"Kazakhstan","Population, total",1989,16997013
"Kenya","Population, total",1989,22118434
"Kiribati","Population, total",1989,73147
"Korea, Dem. People's Rep.","Population, total",1989,20804367
"Korea, Rep.","Population, total",1989,42449038
"Kosovo","Population, total",1989,1946339
"Kuwait","Population, total",1989,2217468
"Kyrgyz Republic","Population, total",1989,4307500
"Lao PDR","Population, total",1989,4190974
"Latvia","Population, total",1989,2666955
"Lebanon","Population, total",1989,3525285
"Lesotho","Population, total",1989,1775436
"Liberia","Population, total",1989,2517858
"Libya","Population, total",1989,4342920
"Liechtenstein","Population, total",1989,28317
"Lithuania","Population, total",1989,3684255
"Luxembourg","Population, total",1989,377100
"Macao SAR, China","Population, total",1989,325100
"Madagascar","Population, total",1989,11704998
"Malawi","Population, total",1989,9176220
"Malaysia","Population, total",1989,17314997
"Maldives","Population, total",1989,217738
"Mali","Population, total",1989,8999938
"Malta","Population, total",1989,350722
"Marshall Islands","Population, total",1989,43586
"Mauritania","Population, total",1989,1903048
"Mauritius","Population, total",1989,1051260
"Mexico","Population, total",1989,81247182
"Micronesia, Fed. Sts.","Population, total",1989,99003
"Moldova","Population, total",1989,2970039
"Monaco","Population, total",1989,30084
"Mongolia","Population, total",1989,2124185
"Montenegro","Population, total",1989,606571
"Morocco","Population, total",1989,23939414
"Mozambique","Population, total",1989,12906842
"Myanmar","Population, total",1989,39214618
"Namibia","Population, total",1989,1288947
"Nauru","Population, total",1989,9390
"Nepal","Population, total",1989,19057807
"Netherlands","Population, total",1989,14848907
"New Caledonia","Population, total",1989,172029
"New Zealand","Population, total",1989,3299200
"Nicaragua","Population, total",1989,4066476
"Niger","Population, total",1989,8034780
"Nigeria","Population, total",1989,94531014
"North Macedonia","Population, total",1989,2055649
"Northern Mariana Islands","Population, total",1989,41303
"Norway","Population, total",1989,4226901
"Oman","Population, total",1989,1676228
"Pakistan","Population, total",1989,112336629
"Palau","Population, total",1989,14945
"Panama","Population, total",1989,2403820
"Papua New Guinea","Population, total",1989,3796078
"Paraguay","Population, total",1989,3927802
"Peru","Population, total",1989,21532589
"Philippines","Population, total",1989,61265260
"Poland","Population, total",1989,37961529
"Portugal","Population, total",1989,10005000
"Puerto Rico","Population, total",1989,3505650
"Qatar","Population, total",1989,425646
"Romania","Population, total",1989,23161458
"Russian Federation","Population, total",1989,147721000
"Rwanda","Population, total",1989,7184706
"Samoa","Population, total",1989,168768
"San Marino","Population, total",1989,23154
"Sao Tome and Principe","Population, total",1989,119979
"Saudi Arabia","Population, total",1989,10128394
"Senegal","Population, total",1989,7502207
"Serbia","Population, total",1989,7893787
"Seychelles","Population, total",1989,69167
"Sierra Leone","Population, total",1989,4034037
"Singapore","Population, total",1989,2930901
"Sint Maarten (Dutch part)","Population, total",1989,26169
"Slovak Republic","Population, total",1989,5275942
"Slovenia","Population, total",1989,1996351
"Solomon Islands","Population, total",1989,321282
"Somalia","Population, total",1989,7114817
"South Africa","Population, total",1989,39628575
"South Sudan","Population, total",1989,4713229
"Spain","Population, total",1989,38827764
"Sri Lanka","Population, total",1989,16248557
"St. Kitts and Nevis","Population, total",1989,40758
"St. Lucia","Population, total",1989,136512
"St. Martin (French part)","Population, total",1989,26453
"St. Vincent and the Grenadines","Population, total",1989,111272
"Sudan","Population, total",1989,21578022
"Suriname","Population, total",1989,408409
"Sweden","Population, total",1989,8492964
"Switzerland","Population, total",1989,6646912
"Syrian Arab Republic","Population, total",1989,12179060
"Tajikistan","Population, total",1989,5267249
"Tanzania","Population, total",1989,25438759
"Thailand","Population, total",1989,53848956
"Timor-Leste","Population, total",1989,744856
"Togo","Population, total",1989,3883411
"Tonga","Population, total",1989,99403
"Trinidad and Tobago","Population, total",1989,1241600
"Tunisia","Population, total",1989,8151660
"Turkiye","Population, total",1989,54976723
"Turkmenistan","Population, total",1989,3662459
"Turks and Caicos Islands","Population, total",1989,11193
"Tuvalu","Population, total",1989,8662
"Uganda","Population, total",1989,17010698
"Ukraine","Population, total",1989,51917817
"United Arab Emirates","Population, total",1989,1789851
"United Kingdom","Population, total",1989,57076711
"United States","Population, total",1989,246819000
"Uruguay","Population, total",1989,3086255
"Uzbekistan","Population, total",1989,19977183
"Vanuatu","Population, total",1989,144393
"Venezuela, RB","Population, total",1989,19348921
"Viet Nam","Population, total",1989,64147348
"Virgin Islands (U.S.)","Population, total",1989,101041
"Yemen, Rep.","Population, total",1989,13364174
"Zambia","Population, total",1989,7589216
"Zimbabwe","Population, total",1989,9864798
"Africa Eastern and Southern","Population, total",1990,311748681
"Africa Western and Central","Population, total",1990,209566031
"Arab World","Population, total",1990,223184294
"Caribbean small states","Population, total",1990,3654949
"Central Electricity Board (CEB)","Population, total",1990,110743128
"Early-demographic dividend","Population, total",1990,2044241467
"East Asia & Pacific","Population, total",1990,1817735909
"East Asia & Pacific (excluding high income)","Population, total",1990,1600739173
"East Asia & Pacific (IDA & IBRD)","Population, total",1990,1579651917
"Euro area","Population, total",1990,316087007
"Europe & Central Asia","Population, total",1990,845290251
"Europe & Central Asia (excluding high income)","Population, total",1990,208212866
"Europe & Central Asia (IDA & IBRD)","Population, total",1990,430990546
"European Union","Population, total",1990,420525030
"Fragile and conflict affected situations","Population, total",1990,486723712
"Heavily indebted poor countries (HIPC)","Population, total",1990,361657937
"High income","Population, total",1990,1182189938
"IBRD only","Population, total",1990,3455533853
"IDA & IBRD total","Population, total",1990,4330689753
"IDA blend","Population, total",1990,300366368
"IDA only","Population, total",1990,574789532
"IDA total","Population, total",1990,875155900
"Late-demographic dividend","Population, total",1990,1844718134
"Latin America & Caribbean","Population, total",1990,440958144
"Latin America & Caribbean (excluding high income)","Population, total",1990,392413347
"Latin America & Caribbean (IDA & IBRD)","Population, total",1990,426091608
"Least developed countries: UN classification","Population, total",1990,519693837
"Low & middle income","Population, total",1990,4049620054
"Low income","Population, total",1990,245338485
"Lower middle income","Population, total",1990,1711634869
"Middle East and North Africa","Population, total",1990,383279026
"Middle East & North Africa (excluding high income)","Population, total",1990,361322200
"Middle East & North Africa (IDA & IBRD)","Population, total",1990,359343952
"Middle income","Population, total",1990,3804281569
"North America","Population, total",1990,277371697
"OECD members","Population, total",1990,1107695519
"Other small states","Population, total",1990,8949306
"Pacific island small states","Population, total",1990,1775607
"Post-demographic dividend","Population, total",1990,964371624
"Pre-demographic dividend","Population, total",1990,422471117
"Small states","Population, total",1990,14379862
"South Asia","Population, total",1990,1013297018
"South Asia (IDA & IBRD)","Population, total",1990,1013297018
"Sub-Saharan Africa","Population, total",1990,521314712
"Sub-Saharan Africa (excluding high income)","Population, total",1990,473635450
"Sub-Saharan Africa (IDA & IBRD)","Population, total",1990,521314712
"Upper middle income","Population, total",1990,2092646700
"World","Population, total",1990,5299246757
"Afghanistan","Population, total",1990,12045660
"Albania","Population, total",1990,3286542
"Algeria","Population, total",1990,25375810
"American Samoa","Population, total",1990,46640
"Andorra","Population, total",1990,52597
"Angola","Population, total",1990,11626360
"Antigua and Barbuda","Population, total",1990,63066
"Argentina","Population, total",1990,32755901
"Armenia","Population, total",1990,3552128
"Aruba","Population, total",1990,62753
"Australia","Population, total",1990,17065128
"Austria","Population, total",1990,7677850
"Azerbaijan","Population, total",1990,7175200
"Bahamas, The","Population, total",1990,275945
"Bahrain","Population, total",1990,514797
"Bangladesh","Population, total",1990,111633717
"Barbados","Population, total",1990,258582
"Belarus","Population, total",1990,10189348
"Belgium","Population, total",1990,9967379
"Belize","Population, total",1990,183076
"Benin","Population, total",1990,5281479
"Bermuda","Population, total",1990,57559
"Bhutan","Population, total",1990,589287
"Bolivia","Population, total",1990,7130142
"Bosnia and Herzegovina","Population, total",1990,4448652
"Botswana","Population, total",1990,1305696
"Brazil","Population, total",1990,149143223
"British Virgin Islands","Population, total",1990,15704
"Brunei Darussalam","Population, total",1990,255292
"Bulgaria","Population, total",1990,8718289
"Burkina Faso","Population, total",1990,9159356
"Burundi","Population, total",1990,5587052
"Cabo Verde","Population, total",1990,375428
"Cambodia","Population, total",1990,7374752
"Cameroon","Population, total",1990,11331821
"Canada","Population, total",1990,27691138
"Cayman Islands","Population, total",1990,25999
"Central African Republic","Population, total",1990,2871910
"Chad","Population, total",1990,5982833
"Channel Islands","Population, total",1990,143087
"Chile","Population, total",1990,13437176
"China","Population, total",1990,1135185000
"Colombia","Population, total",1990,32440069
"Comoros","Population, total",1990,444596
"Congo, Dem. Rep.","Population, total",1990,36684063
"Congo, Rep.","Population, total",1990,2380560
"Costa Rica","Population, total",1990,3121706
"Cote d'Ivoire","Population, total",1990,12189778
"Croatia","Population, total",1990,4777368
"Cuba","Population, total",1990,10631799
"Curacao","Population, total",1990,145400
"Cyprus","Population, total",1990,788351
"Czechia","Population, total",1990,10333355
"Denmark","Population, total",1990,5140939
"Djibouti","Population, total",1990,579538
"Dominica","Population, total",1990,69627
"Dominican Republic","Population, total",1990,7151166
"Ecuador","Population, total",1990,10473673
"Egypt, Arab Rep.","Population, total",1990,58396618
"El Salvador","Population, total",1990,5399726
"Equatorial Guinea","Population, total",1990,474274
"Eritrea","Population, total",1990,2032737
"Estonia","Population, total",1990,1569174
"Eswatini","Population, total",1990,872428
"Ethiopia","Population, total",1990,47609755
"Faroe Islands","Population, total",1990,47740
"Fiji","Population, total",1990,773316
"Finland","Population, total",1990,4986431
"France","Population, total",1990,58261012
"French Polynesia","Population, total",1990,203776
"Gabon","Population, total",1990,983734
"Gambia, The","Population, total",1990,1054696
"Georgia","Population, total",1990,4802000
"Germany","Population, total",1990,79433029
"Ghana","Population, total",1990,15394648
"Gibraltar","Population, total",1990,27200
"Greece","Population, total",1990,10196792
"Greenland","Population, total",1990,55600
"Grenada","Population, total",1990,99957
"Guam","Population, total",1990,138610
"Guatemala","Population, total",1990,9024773
"Guinea","Population, total",1990,6434374
"Guinea-Bissau","Population, total",1990,973669
"Guyana","Population, total",1990,749894
"Haiti","Population, total",1990,6854441
"Honduras","Population, total",1990,4980488
"Hong Kong SAR, China","Population, total",1990,5704500
"Hungary","Population, total",1990,10373988
"Iceland","Population, total",1990,254826
"India","Population, total",1990,864972221
"Indonesia","Population, total",1990,183501098
"Iran, Islamic Rep.","Population, total",1990,58380092
"Iraq","Population, total",1990,17581206
"Ireland","Population, total",1990,3513974
"Isle of Man","Population, total",1990,68916
"Israel","Population, total",1990,4660000
"Italy","Population, total",1990,56719240
"Jamaica","Population, total",1990,2379877
"Japan","Population, total",1990,123478000
"Jordan","Population, total",1990,3621908
"Kazakhstan","Population, total",1990,17154054
"Kenya","Population, total",1990,22892651
"Kiribati","Population, total",1990,74855
"Korea, Dem. People's Rep.","Population, total",1990,21112137
"Korea, Rep.","Population, total",1990,42869283
"Kosovo","Population, total",1990,1973790
"Kuwait","Population, total",1990,1684819
"Kyrgyz Republic","Population, total",1990,4391236
"Lao PDR","Population, total",1990,4311955
"Latvia","Population, total",1990,2663151
"Lebanon","Population, total",1990,3595175
"Lesotho","Population, total",1990,1809696
"Liberia","Population, total",1990,2223667
"Libya","Population, total",1990,4445239
"Liechtenstein","Population, total",1990,28742
"Lithuania","Population, total",1990,3697838
"Luxembourg","Population, total",1990,381850
"Macao SAR, China","Population, total",1990,334950
"Madagascar","Population, total",1990,12055639
"Malawi","Population, total",1990,9545852
"Malaysia","Population, total",1990,17833171
"Maldives","Population, total",1990,224762
"Mali","Population, total",1990,9178830
"Malta","Population, total",1990,354170
"Marshall Islands","Population, total",1990,44629
"Mauritania","Population, total",1990,1951878
"Mauritius","Population, total",1990,1058775
"Mexico","Population, total",1990,82820170
"Micronesia, Fed. Sts.","Population, total",1990,100888
"Moldova","Population, total",1990,2977912
"Monaco","Population, total",1990,30358
"Mongolia","Population, total",1990,2098710
"Montenegro","Population, total",1990,606372
"Morocco","Population, total",1990,24375551
"Mozambique","Population, total",1990,13094537
"Myanmar","Population, total",1990,39817251
"Namibia","Population, total",1990,1369303
"Nauru","Population, total",1990,9622
"Nepal","Population, total",1990,19524573
"Netherlands","Population, total",1990,14951510
"New Caledonia","Population, total",1990,176456
"New Zealand","Population, total",1990,3329800
"Nicaragua","Population, total",1990,4162559
"Niger","Population, total",1990,8286059
"Nigeria","Population, total",1990,97120925
"North Macedonia","Population, total",1990,2063689
"Northern Mariana Islands","Population, total",1990,43342
"Norway","Population, total",1990,4241473
"Oman","Population, total",1990,1763954
"Pakistan","Population, total",1990,116155576
"Palau","Population, total",1990,15259
"Panama","Population, total",1990,2455583
"Papua New Guinea","Population, total",1990,3896481
"Paraguay","Population, total",1990,4035747
"Peru","Population, total",1990,22014771
"Philippines","Population, total",1990,62854666
"Poland","Population, total",1990,38110782
"Portugal","Population, total",1990,9983218
"Puerto Rico","Population, total",1990,3537000
"Qatar","Population, total",1990,440175
"Romania","Population, total",1990,23201835
"Russian Federation","Population, total",1990,147969406
"Rwanda","Population, total",1990,7375307
"Samoa","Population, total",1990,169042
"San Marino","Population, total",1990,23475
"Sao Tome and Principe","Population, total",1990,122980
"Saudi Arabia","Population, total",1990,10640691
"Senegal","Population, total",1990,7720523
"Serbia","Population, total",1990,7897937
"Seychelles","Population, total",1990,69507
"Sierra Leone","Population, total",1990,4196828
"Singapore","Population, total",1990,3047132
"Sint Maarten (Dutch part)","Population, total",1990,28061
"Slovak Republic","Population, total",1990,5299187
"Slovenia","Population, total",1990,1998161
"Solomon Islands","Population, total",1990,331435
"Somalia","Population, total",1990,7082811
"South Africa","Population, total",1990,40746268
"South Sudan","Population, total",1990,4737633
"Spain","Population, total",1990,38867322
"Sri Lanka","Population, total",1990,16352458
"St. Kitts and Nevis","Population, total",1990,40432
"St. Lucia","Population, total",1990,137857
"St. Martin (French part)","Population, total",1990,28224
"St. Vincent and the Grenadines","Population, total",1990,111812
"Sudan","Population, total",1990,22021481
"Suriname","Population, total",1990,412493
"Sweden","Population, total",1990,8558835
"Switzerland","Population, total",1990,6715519
"Syrian Arab Republic","Population, total",1990,12579208
"Tajikistan","Population, total",1990,5398768
"Tanzania","Population, total",1990,26110207
"Thailand","Population, total",1990,54738329
"Timor-Leste","Population, total",1990,760345
"Togo","Population, total",1990,3998761
"Tonga","Population, total",1990,99700
"Trinidad and Tobago","Population, total",1990,1252208
"Tunisia","Population, total",1990,8324509
"Turkiye","Population, total",1990,56015628
"Turkmenistan","Population, total",1990,3760562
"Turks and Caicos Islands","Population, total",1990,11688
"Tuvalu","Population, total",1990,8798
"Uganda","Population, total",1990,17569897
"Ukraine","Population, total",1990,52054092
"United Arab Emirates","Population, total",1990,1898220
"United Kingdom","Population, total",1990,57247586
"United States","Population, total",1990,249623000
"Uruguay","Population, total",1990,3104403
"Uzbekistan","Population, total",1990,20464956
"Vanuatu","Population, total",1990,148063
"Venezuela, RB","Population, total",1990,19827010
"Viet Nam","Population, total",1990,65504552
"Virgin Islands (U.S.)","Population, total",1990,103963
"West Bank and Gaza","Population, total",1990,1978248
"Yemen, Rep.","Population, total",1990,13887862
"Zambia","Population, total",1990,7786169
"Zimbabwe","Population, total",1990,10137281
"Africa Eastern and Southern","Population, total",1991,320442961
"Africa Western and Central","Population, total",1991,215178709
"Arab World","Population, total",1991,228402316
"Caribbean small states","Population, total",1991,3677765
"Central Electricity Board (CEB)","Population, total",1991,110469467
"Early-demographic dividend","Population, total",1991,2092102478
"East Asia & Pacific","Population, total",1991,1844189975
"East Asia & Pacific (excluding high income)","Population, total",1991,1625498444
"East Asia & Pacific (IDA & IBRD)","Population, total",1991,1604095270
"Euro area","Population, total",1991,317407910
"Europe & Central Asia","Population, total",1991,849169384
"Europe & Central Asia (excluding high income)","Population, total",1991,210169114
"Europe & Central Asia (IDA & IBRD)","Population, total",1991,433132067
"European Union","Population, total",1991,421741276
"Fragile and conflict affected situations","Population, total",1991,497970454
"Heavily indebted poor countries (HIPC)","Population, total",1991,371411648
"High income","Population, total",1991,1190620651
"IBRD only","Population, total",1991,3513390696
"IDA & IBRD total","Population, total",1991,4411587746
"IDA blend","Population, total",1991,309491517
"IDA only","Population, total",1991,588705533
"IDA total","Population, total",1991,898197050
"Late-demographic dividend","Population, total",1991,1868272190
"Latin America & Caribbean","Population, total",1991,449128999
"Latin America & Caribbean (excluding high income)","Population, total",1991,399683088
"Latin America & Caribbean (IDA & IBRD)","Population, total",1991,434138780
"Least developed countries: UN classification","Population, total",1991,532595517
"Low & middle income","Population, total",1991,4127853483
"Low income","Population, total",1991,250935723
"Lower middle income","Population, total",1991,1752379727
"Middle East and North Africa","Population, total",1991,394251647
"Middle East & North Africa (excluding high income)","Population, total",1991,371610655
"Middle East & North Africa (IDA & IBRD)","Population, total",1991,369541810
"Middle income","Population, total",1991,3876917760
"North America","Population, total",1991,281076404
"OECD members","Population, total",1991,1118410105
"Other small states","Population, total",1991,9131087
"Pacific island small states","Population, total",1991,1801531
"Post-demographic dividend","Population, total",1991,971291914
"Pre-demographic dividend","Population, total",1991,433111892
"Small states","Population, total",1991,14610383
"South Asia","Population, total",1991,1035058149
"South Asia (IDA & IBRD)","Population, total",1991,1035058149
"Sub-Saharan Africa","Population, total",1991,535621670
"Sub-Saharan Africa (excluding high income)","Population, total",1991,485834033
"Sub-Saharan Africa (IDA & IBRD)","Population, total",1991,535621670
"Upper middle income","Population, total",1991,2124538033
"World","Population, total",1991,5388496228
"Afghanistan","Population, total",1991,12238879
"Albania","Population, total",1991,3266790
"Algeria","Population, total",1991,25987928
"American Samoa","Population, total",1991,47882
"Andorra","Population, total",1991,56667
"Angola","Population, total",1991,12023529
"Antigua and Barbuda","Population, total",1991,63387
"Argentina","Population, total",1991,33230294
"Armenia","Population, total",1991,3613977
"Aruba","Population, total",1991,65896
"Australia","Population, total",1991,17284036
"Austria","Population, total",1991,7754891
"Azerbaijan","Population, total",1991,7271300
"Bahamas, The","Population, total",1991,280731
"Bahrain","Population, total",1991,503052
"Bangladesh","Population, total",1991,113787109
"Barbados","Population, total",1991,259373
"Belarus","Population, total",1991,10194050
"Belgium","Population, total",1991,10004486
"Belize","Population, total",1991,187040
"Benin","Population, total",1991,5446932
"Bermuda","Population, total",1991,57984
"Bhutan","Population, total",1991,599784
"Bolivia","Population, total",1991,7280289
"Bosnia and Herzegovina","Population, total",1991,4458343
"Botswana","Population, total",1991,1341756
"Brazil","Population, total",1991,151724256
"British Virgin Islands","Population, total",1991,16187
"Brunei Darussalam","Population, total",1991,262596
"Bulgaria","Population, total",1991,8632367
"Burkina Faso","Population, total",1991,9394632
"Burundi","Population, total",1991,5703857
"Cabo Verde","Population, total",1991,384586
"Cambodia","Population, total",1991,7686850
"Cameroon","Population, total",1991,11667180
"Canada","Population, total",1991,28037420
"Cayman Islands","Population, total",1991,27294
"Central African Republic","Population, total",1991,2963191
"Chad","Population, total",1991,6205676
"Channel Islands","Population, total",1991,144269
"Chile","Population, total",1991,13662491
"China","Population, total",1991,1150780000
"Colombia","Population, total",1991,33098372
"Comoros","Population, total",1991,455556
"Congo, Dem. Rep.","Population, total",1991,37925817
"Congo, Rep.","Population, total",1991,2449229
"Costa Rica","Population, total",1991,3202176
"Cote d'Ivoire","Population, total",1991,12683870
"Croatia","Population, total",1991,4689022
"Cuba","Population, total",1991,10717640
"Curacao","Population, total",1991,144403
"Cyprus","Population, total",1991,798944
"Czechia","Population, total",1991,10308578
"Denmark","Population, total",1991,5154298
"Djibouti","Population, total",1991,631092
"Dominica","Population, total",1991,69296
"Dominican Republic","Population, total",1991,7299853
"Ecuador","Population, total",1991,10702380
"Egypt, Arab Rep.","Population, total",1991,60028997
"El Salvador","Population, total",1991,5495077
"Equatorial Guinea","Population, total",1991,492217
"Eritrea","Population, total",1991,1919571
"Estonia","Population, total",1991,1561314
"Eswatini","Population, total",1991,908189
"Ethiopia","Population, total",1991,49717198
"Faroe Islands","Population, total",1991,47446
"Fiji","Population, total",1991,779656
"Finland","Population, total",1991,5013740
"France","Population, total",1991,58554242
"French Polynesia","Population, total",1991,207744
"Gabon","Population, total",1991,1010818
"Gambia, The","Population, total",1991,1099959
"Georgia","Population, total",1991,4835900
"Germany","Population, total",1991,80013896
"Ghana","Population, total",1991,15787496
"Gibraltar","Population, total",1991,26898
"Greece","Population, total",1991,10319927
"Greenland","Population, total",1991,55500
"Grenada","Population, total",1991,100793
"Guam","Population, total",1991,141073
"Guatemala","Population, total",1991,9272584
"Guinea","Population, total",1991,6697166
"Guinea-Bissau","Population, total",1991,994639
"Guyana","Population, total",1991,747861
"Haiti","Population, total",1991,6995450
"Honduras","Population, total",1991,5123792
"Hong Kong SAR, China","Population, total",1991,5752000
"Hungary","Population, total",1991,10373400
"Iceland","Population, total",1991,257797
"India","Population, total",1991,883927600
"Indonesia","Population, total",1991,186778238
"Iran, Islamic Rep.","Population, total",1991,59986931
"Iraq","Population, total",1991,17767253
"Ireland","Population, total",1991,3534235
"Isle of Man","Population, total",1991,69808
"Israel","Population, total",1991,4949000
"Italy","Population, total",1991,56758521
"Jamaica","Population, total",1991,2400869
"Japan","Population, total",1991,123964000
"Jordan","Population, total",1991,3915149
"Kazakhstan","Population, total",1991,17278600
"Kenya","Population, total",1991,23646514
"Kiribati","Population, total",1991,76367
"Korea, Dem. People's Rep.","Population, total",1991,21428638
"Korea, Rep.","Population, total",1991,43295704
"Kosovo","Population, total",1991,2005362
"Kuwait","Population, total",1991,1351399
"Kyrgyz Republic","Population, total",1991,4463634
"Lao PDR","Population, total",1991,4435118
"Latvia","Population, total",1991,2650581
"Lebanon","Population, total",1991,3668912
"Lesotho","Population, total",1991,1842379
"Liberia","Population, total",1991,1956518
"Libya","Population, total",1991,4544400
"Liechtenstein","Population, total",1991,29209
"Lithuania","Population, total",1991,3704134
"Luxembourg","Population, total",1991,387000
"Macao SAR, China","Population, total",1991,351650
"Madagascar","Population, total",1991,12421412
"Malawi","Population, total",1991,9844227
"Malaysia","Population, total",1991,18342464
"Maldives","Population, total",1991,231802
"Mali","Population, total",1991,9362888
"Malta","Population, total",1991,363845
"Marshall Islands","Population, total",1991,45568
"Mauritania","Population, total",1991,2009738
"Mauritius","Population, total",1991,1070266
"Mexico","Population, total",1991,84430572
"Micronesia, Fed. Sts.","Population, total",1991,102754
"Moldova","Population, total",1991,2981566
"Monaco","Population, total",1991,30625
"Mongolia","Population, total",1991,2165342
"Montenegro","Population, total",1991,607105
"Morocco","Population, total",1991,24799014
"Mozambique","Population, total",1991,13352090
"Myanmar","Population, total",1991,40394154
"Namibia","Population, total",1991,1415684
"Nauru","Population, total",1991,9850
"Nepal","Population, total",1991,20036500
"Netherlands","Population, total",1991,15069798
"New Caledonia","Population, total",1991,181238
"New Zealand","Population, total",1991,3495100
"Nicaragua","Population, total",1991,4259637
"Niger","Population, total",1991,8546900
"Nigeria","Population, total",1991,99720162
"North Macedonia","Population, total",1991,2055994
"Northern Mariana Islands","Population, total",1991,44393
"Norway","Population, total",1991,4261732
"Oman","Population, total",1991,1851473
"Pakistan","Population, total",1991,120060406
"Palau","Population, total",1991,15614
"Panama","Population, total",1991,2508265
"Papua New Guinea","Population, total",1991,4021837
"Paraguay","Population, total",1991,4144364
"Peru","Population, total",1991,22483775
"Philippines","Population, total",1991,64382249
"Poland","Population, total",1991,38246193
"Portugal","Population, total",1991,9960235
"Puerto Rico","Population, total",1991,3562110
"Qatar","Population, total",1991,454853
"Romania","Population, total",1991,23001155
"Russian Federation","Population, total",1991,148394216
"Rwanda","Population, total",1991,7526966
"Samoa","Population, total",1991,169368
"San Marino","Population, total",1991,23797
"Sao Tome and Principe","Population, total",1991,125697
"Saudi Arabia","Population, total",1991,11160744
"Senegal","Population, total",1991,7943085
"Serbia","Population, total",1991,7595636
"Seychelles","Population, total",1991,70439
"Sierra Leone","Population, total",1991,4246267
"Singapore","Population, total",1991,3135083
"Sint Maarten (Dutch part)","Population, total",1991,30046
"Slovak Republic","Population, total",1991,5303294
"Slovenia","Population, total",1991,1999429
"Solomon Islands","Population, total",1991,341738
"Somalia","Population, total",1991,6813760
"South Africa","Population, total",1991,41687898
"South Sudan","Population, total",1991,4836677
"Spain","Population, total",1991,38966376
"Sri Lanka","Population, total",1991,16475354
"St. Kitts and Nevis","Population, total",1991,40358
"St. Lucia","Population, total",1991,139520
"St. Martin (French part)","Population, total",1991,28800
"St. Vincent and the Grenadines","Population, total",1991,112222
"Sudan","Population, total",1991,22470676
"Suriname","Population, total",1991,415013
"Sweden","Population, total",1991,8617375
"Switzerland","Population, total",1991,6799978
"Syrian Arab Republic","Population, total",1991,12980821
"Tajikistan","Population, total",1991,5541205
"Tanzania","Population, total",1991,26780436
"Thailand","Population, total",1991,55637434
"Timor-Leste","Population, total",1991,778278
"Togo","Population, total",1991,4115560
"Tonga","Population, total",1991,99895
"Trinidad and Tobago","Population, total",1991,1262171
"Tunisia","Population, total",1991,8501827
"Turkiye","Population, total",1991,57009887
"Turkmenistan","Population, total",1991,3855894
"Turks and Caicos Islands","Population, total",1991,12305
"Tuvalu","Population, total",1991,8928
"Uganda","Population, total",1991,18155901
"Ukraine","Population, total",1991,52170961
"United Arab Emirates","Population, total",1991,2006626
"United Kingdom","Population, total",1991,57424897
"United States","Population, total",1991,252981000
"Uruguay","Population, total",1991,3122354
"Uzbekistan","Population, total",1991,20962910
"Vanuatu","Population, total",1991,151793
"Venezuela, RB","Population, total",1991,20304896
"Viet Nam","Population, total",1991,66891775
"Virgin Islands (U.S.)","Population, total",1991,104807
"West Bank and Gaza","Population, total",1991,2068845
"Yemen, Rep.","Population, total",1991,14430201
"Zambia","Population, total",1991,7981650
"Zimbabwe","Population, total",1991,10404816
"Africa Eastern and Southern","Population, total",1992,329082707
"Africa Western and Central","Population, total",1992,221191375
"Arab World","Population, total",1992,234321565
"Caribbean small states","Population, total",1992,3706523
"Central Electricity Board (CEB)","Population, total",1992,110111454
"Early-demographic dividend","Population, total",1992,2138854231
"East Asia & Pacific","Population, total",1992,1869074614
"East Asia & Pacific (excluding high income)","Population, total",1992,1648872786
"East Asia & Pacific (IDA & IBRD)","Population, total",1992,1627147885
"Euro area","Population, total",1992,318742973
"Europe & Central Asia","Population, total",1992,852664500
"Europe & Central Asia (excluding high income)","Population, total",1992,212032319
"Europe & Central Asia (IDA & IBRD)","Population, total",1992,434844449
"European Union","Population, total",1992,422968989
"Fragile and conflict affected situations","Population, total",1992,510691966
"Heavily indebted poor countries (HIPC)","Population, total",1992,382507617
"High income","Population, total",1992,1199265189
"IBRD only","Population, total",1992,3568890021
"IDA & IBRD total","Population, total",1992,4491324220
"IDA blend","Population, total",1992,318337815
"IDA only","Population, total",1992,604096384
"IDA total","Population, total",1992,922434199
"Late-demographic dividend","Population, total",1992,1890820460
"Latin America & Caribbean","Population, total",1992,457245250
"Latin America & Caribbean (excluding high income)","Population, total",1992,406898894
"Latin America & Caribbean (IDA & IBRD)","Population, total",1992,442150885
"Least developed countries: UN classification","Population, total",1992,546905231
"Low & middle income","Population, total",1992,4205224081
"Low income","Population, total",1992,257817106
"Lower middle income","Population, total",1992,1792821112
"Middle East and North Africa","Population, total",1992,405847278
"Middle East & North Africa (excluding high income)","Population, total",1992,381995940
"Middle East & North Africa (IDA & IBRD)","Population, total",1992,379832349
"Middle income","Population, total",1992,3947406975
"North America","Population, total",1992,284943671
"OECD members","Population, total",1992,1129039882
"Other small states","Population, total",1992,9201490
"Pacific island small states","Population, total",1992,1827395
"Post-demographic dividend","Population, total",1992,978087877
"Pre-demographic dividend","Population, total",1992,445411988
"Small states","Population, total",1992,14735408
"South Asia","Population, total",1992,1057074570
"South Asia (IDA & IBRD)","Population, total",1992,1057074570
"Sub-Saharan Africa","Population, total",1992,550274082
"Sub-Saharan Africa (excluding high income)","Population, total",1992,498349572
"Sub-Saharan Africa (IDA & IBRD)","Population, total",1992,550274082
"Upper middle income","Population, total",1992,2154585863
"World","Population, total",1992,5477123965
"Afghanistan","Population, total",1992,13278974
"Albania","Population, total",1992,3247039
"Algeria","Population, total",1992,26628568
"American Samoa","Population, total",1992,49038
"Andorra","Population, total",1992,60200
"Angola","Population, total",1992,12423712
"Antigua and Barbuda","Population, total",1992,64404
"Argentina","Population, total",1992,33693527
"Armenia","Population, total",1992,3571861
"Aruba","Population, total",1992,69005
"Australia","Population, total",1992,17478635
"Austria","Population, total",1992,7840709
"Azerbaijan","Population, total",1992,7382050
"Bahamas, The","Population, total",1992,285927
"Bahrain","Population, total",1992,516458
"Bangladesh","Population, total",1992,115952192
"Barbados","Population, total",1992,260267
"Belarus","Population, total",1992,10216470
"Belgium","Population, total",1992,10045158
"Belize","Population, total",1992,190983
"Benin","Population, total",1992,5617844
"Bermuda","Population, total",1992,58407
"Bhutan","Population, total",1992,577774
"Bolivia","Population, total",1992,7430336
"Bosnia and Herzegovina","Population, total",1992,4234616
"Botswana","Population, total",1992,1380033
"Brazil","Population, total",1992,154275079
"British Virgin Islands","Population, total",1992,16593
"Brunei Darussalam","Population, total",1992,269839
"Bulgaria","Population, total",1992,8540164
"Burkina Faso","Population, total",1992,9629275
"Burundi","Population, total",1992,5858407
"Cabo Verde","Population, total",1992,393415
"Cambodia","Population, total",1992,8113083
"Cameroon","Population, total",1992,12006353
"Canada","Population, total",1992,28371264
"Cayman Islands","Population, total",1992,28621
"Central African Republic","Population, total",1992,3058831
"Chad","Population, total",1992,6474656
"Channel Islands","Population, total",1992,144733
"Chile","Population, total",1992,13884577
"China","Population, total",1992,1164970000
"Colombia","Population, total",1992,33760571
"Comoros","Population, total",1992,465113
"Congo, Dem. Rep.","Population, total",1992,39228910
"Congo, Rep.","Population, total",1992,2519465
"Costa Rica","Population, total",1992,3284258
"Cote d'Ivoire","Population, total",1992,13200310
"Croatia","Population, total",1992,4575818
"Cuba","Population, total",1992,10785801
"Curacao","Population, total",1992,143912
"Cyprus","Population, total",1992,810341
"Czechia","Population, total",1992,10319123
"Denmark","Population, total",1992,5171370
"Djibouti","Population, total",1992,626010
"Dominica","Population, total",1992,69325
"Dominican Republic","Population, total",1992,7447474
"Ecuador","Population, total",1992,10930128
"Egypt, Arab Rep.","Population, total",1992,61480660
"El Salvador","Population, total",1992,5585609
"Equatorial Guinea","Population, total",1992,510770
"Eritrea","Population, total",1992,1798748
"Estonia","Population, total",1992,1533091
"Eswatini","Population, total",1992,943416
"Ethiopia","Population, total",1992,51853747
"Faroe Islands","Population, total",1992,47286
"Fiji","Population, total",1992,785346
"Finland","Population, total",1992,5041992
"France","Population, total",1992,58846584
"French Polynesia","Population, total",1992,211559
"Gabon","Population, total",1992,1038380
"Gambia, The","Population, total",1992,1145582
"Georgia","Population, total",1992,4873500
"Germany","Population, total",1992,80624598
"Ghana","Population, total",1992,16184855
"Gibraltar","Population, total",1992,26878
"Greece","Population, total",1992,10399061
"Greenland","Population, total",1992,55300
"Grenada","Population, total",1992,101602
"Guam","Population, total",1992,143393
"Guatemala","Population, total",1992,9522266
"Guinea","Population, total",1992,6914366
"Guinea-Bissau","Population, total",1992,1024356
"Guyana","Population, total",1992,749911
"Haiti","Population, total",1992,7136571
"Honduras","Population, total",1992,5271431
"Hong Kong SAR, China","Population, total",1992,5800500
"Hungary","Population, total",1992,10369341
"Iceland","Population, total",1992,261057
"India","Population, total",1992,902957070
"Indonesia","Population, total",1992,190043744
"Iran, Islamic Rep.","Population, total",1992,61184983
"Iraq","Population, total",1992,18300845
"Ireland","Population, total",1992,3558430
"Isle of Man","Population, total",1992,70353
"Israel","Population, total",1992,5123000
"Italy","Population, total",1992,56797087
"Jamaica","Population, total",1992,2424701
"Japan","Population, total",1992,124425000
"Jordan","Population, total",1992,4127693
"Kazakhstan","Population, total",1992,17332625
"Kenya","Population, total",1992,24382460
"Kiribati","Population, total",1992,77641
"Korea, Dem. People's Rep.","Population, total",1992,21750911
"Korea, Rep.","Population, total",1992,43747962
"Kosovo","Population, total",1992,2039723
"Kuwait","Population, total",1992,1634961
"Kyrgyz Republic","Population, total",1992,4515400
"Lao PDR","Population, total",1992,4559646
"Latvia","Population, total",1992,2614338
"Lebanon","Population, total",1992,3747371
"Lesotho","Population, total",1992,1873274
"Liberia","Population, total",1992,2072461
"Libya","Population, total",1992,4640352
"Liechtenstein","Population, total",1992,29627
"Lithuania","Population, total",1992,3700114
"Luxembourg","Population, total",1992,392175
"Macao SAR, China","Population, total",1992,370900
"Madagascar","Population, total",1992,12800870
"Malawi","Population, total",1992,10135079
"Malaysia","Population, total",1992,18834572
"Maldives","Population, total",1992,238543
"Mali","Population, total",1992,9553540
"Malta","Population, total",1992,367618
"Marshall Islands","Population, total",1992,46388
"Mauritania","Population, total",1992,2088135
"Mauritius","Population, total",1992,1084441
"Mexico","Population, total",1992,86044809
"Micronesia, Fed. Sts.","Population, total",1992,104806
"Moldova","Population, total",1992,2980965
"Monaco","Population, total",1992,30887
"Mongolia","Population, total",1992,2167790
"Montenegro","Population, total",1992,608516
"Morocco","Population, total",1992,25212468
"Mozambique","Population, total",1992,13613316
"Myanmar","Population, total",1992,40950342
"Namibia","Population, total",1992,1461322
"Nauru","Population, total",1992,10021
"Nepal","Population, total",1992,20609707
"Netherlands","Population, total",1992,15184166
"New Caledonia","Population, total",1992,186072
"New Zealand","Population, total",1992,3531700
"Nicaragua","Population, total",1992,4357026
"Niger","Population, total",1992,8817633
"Nigeria","Population, total",1992,102372770
"North Macedonia","Population, total",1992,2032523
"Northern Mariana Islands","Population, total",1992,45181
"Norway","Population, total",1992,4286401
"Oman","Population, total",1992,1938238
"Pakistan","Population, total",1992,123546848
"Palau","Population, total",1992,15989
"Panama","Population, total",1992,2561336
"Papua New Guinea","Population, total",1992,4166699
"Paraguay","Population, total",1992,4253600
"Peru","Population, total",1992,22946340
"Philippines","Population, total",1992,65926125
"Poland","Population, total",1992,38363667
"Portugal","Population, total",1992,9952494
"Puerto Rico","Population, total",1992,3585176
"Qatar","Population, total",1992,469657
"Romania","Population, total",1992,22794284
"Russian Federation","Population, total",1992,148538197
"Rwanda","Population, total",1992,7683266
"Samoa","Population, total",1992,170331
"San Marino","Population, total",1992,24125
"Sao Tome and Principe","Population, total",1992,128110
"Saudi Arabia","Population, total",1992,11686676
"Senegal","Population, total",1992,8168395
"Serbia","Population, total",1992,7604063
"Seychelles","Population, total",1992,70763
"Sierra Leone","Population, total",1992,4166366
"Singapore","Population, total",1992,3230698
"Sint Maarten (Dutch part)","Population, total",1992,31567
"Slovak Republic","Population, total",1992,5305016
"Slovenia","Population, total",1992,1996498
"Solomon Islands","Population, total",1992,352205
"Somalia","Population, total",1992,6495107
"South Africa","Population, total",1992,42443509
"South Sudan","Population, total",1992,4909749
"Spain","Population, total",1992,39157685
"Sri Lanka","Population, total",1992,16739284
"St. Kitts and Nevis","Population, total",1992,40715
"St. Lucia","Population, total",1992,141617
"St. Martin (French part)","Population, total",1992,29081
"St. Vincent and the Grenadines","Population, total",1992,112509
"Sudan","Population, total",1992,22927355
"Suriname","Population, total",1992,417589
"Sweden","Population, total",1992,8668067
"Switzerland","Population, total",1992,6875364
"Syrian Arab Republic","Population, total",1992,13385571
"Tajikistan","Population, total",1992,5649400
"Tanzania","Population, total",1992,27457588
"Thailand","Population, total",1992,56528834
"Timor-Leste","Population, total",1992,799318
"Togo","Population, total",1992,4233617
"Tonga","Population, total",1992,100022
"Trinidad and Tobago","Population, total",1992,1271674
"Tunisia","Population, total",1992,8682512
"Turkiye","Population, total",1992,57990118
"Turkmenistan","Population, total",1992,3944689
"Turks and Caicos Islands","Population, total",1992,12970
"Tuvalu","Population, total",1992,9038
"Uganda","Population, total",1992,18785032
"Ukraine","Population, total",1992,52323671
"United Arab Emirates","Population, total",1992,2114730
"United Kingdom","Population, total",1992,57580402
"United States","Population, total",1992,256514000
"Uruguay","Population, total",1992,3139702
"Uzbekistan","Population, total",1992,21485090
"Vanuatu","Population, total",1992,155608
"Venezuela, RB","Population, total",1992,20780948
"Viet Nam","Population, total",1992,68260337
"Virgin Islands (U.S.)","Population, total",1992,105712
"West Bank and Gaza","Population, total",1992,2163591
"Yemen, Rep.","Population, total",1992,14989494
"Zambia","Population, total",1992,8176680
"Zimbabwe","Population, total",1992,10702700
"Africa Eastern and Southern","Population, total",1993,338324002
"Africa Western and Central","Population, total",1993,227246778
"Arab World","Population, total",1993,240926205
"Caribbean small states","Population, total",1993,3735156
"Central Electricity Board (CEB)","Population, total",1993,110041924
"Early-demographic dividend","Population, total",1993,2184656122
"East Asia & Pacific","Population, total",1993,1893258583
"East Asia & Pacific (excluding high income)","Population, total",1993,1671604370
"East Asia & Pacific (IDA & IBRD)","Population, total",1993,1649557492
"Euro area","Population, total",1993,320053176
"Europe & Central Asia","Population, total",1993,855554221
"Europe & Central Asia (excluding high income)","Population, total",1993,213395945
"Europe & Central Asia (IDA & IBRD)","Population, total",1993,436152186
"European Union","Population, total",1993,424344744
"Fragile and conflict affected situations","Population, total",1993,524592905
"Heavily indebted poor countries (HIPC)","Population, total",1993,394851493
"High income","Population, total",1993,1207321941
"IBRD only","Population, total",1993,3622924380
"IDA & IBRD total","Population, total",1993,4570777029
"IDA blend","Population, total",1993,327140314
"IDA only","Population, total",1993,620712335
"IDA total","Population, total",1993,947852649
"Late-demographic dividend","Population, total",1993,1912010271
"Latin America & Caribbean","Population, total",1993,465325731
"Latin America & Caribbean (excluding high income)","Population, total",1993,414075451
"Latin America & Caribbean (IDA & IBRD)","Population, total",1993,450131381
"Least developed countries: UN classification","Population, total",1993,562489881
"Low & middle income","Population, total",1993,4282493268
"Low income","Population, total",1993,265888248
"Lower middle income","Population, total",1993,1833665328
"Middle East and North Africa","Population, total",1993,417150344
"Middle East & North Africa (excluding high income)","Population, total",1993,392371485
"Middle East & North Africa (IDA & IBRD)","Population, total",1993,390108809
"Middle income","Population, total",1993,4016605020
"North America","Population, total",1993,288662580
"OECD members","Population, total",1993,1139203498
"Other small states","Population, total",1993,9249106
"Pacific island small states","Population, total",1993,1853148
"Post-demographic dividend","Population, total",1993,984398082
"Pre-demographic dividend","Population, total",1993,459529211
"Small states","Population, total",1993,14837410
"South Asia","Population, total",1993,1079256381
"South Asia (IDA & IBRD)","Population, total",1993,1079256381
"Sub-Saharan Africa","Population, total",1993,565570780
"Sub-Saharan Africa (excluding high income)","Population, total",1993,511789636
"Sub-Saharan Africa (IDA & IBRD)","Population, total",1993,565570780
"Upper middle income","Population, total",1993,2182939692
"World","Population, total",1993,5564778620
"Afghanistan","Population, total",1993,14943172
"Albania","Population, total",1993,3227287
"Algeria","Population, total",1993,27277048
"American Samoa","Population, total",1993,50159
"Andorra","Population, total",1993,63272
"Angola","Population, total",1993,12827135
"Antigua and Barbuda","Population, total",1993,65587
"Argentina","Population, total",1993,34152717
"Armenia","Population, total",1993,3453332
"Aruba","Population, total",1993,73685
"Australia","Population, total",1993,17634808
"Austria","Population, total",1993,7905633
"Azerbaijan","Population, total",1993,7494800
"Bahamas, The","Population, total",1993,291339
"Bahrain","Population, total",1993,530225
"Bangladesh","Population, total",1993,118132360
"Barbados","Population, total",1993,261027
"Belarus","Population, total",1993,10239050
"Belgium","Population, total",1993,10084475
"Belize","Population, total",1993,194902
"Benin","Population, total",1993,5872706
"Bermuda","Population, total",1993,58816
"Bhutan","Population, total",1993,554673
"Bolivia","Population, total",1993,7579195
"Bosnia and Herzegovina","Population, total",1993,3904482
"Botswana","Population, total",1993,1420115
"Brazil","Population, total",1993,156794577
"British Virgin Islands","Population, total",1993,16989
"Brunei Darussalam","Population, total",1993,276971
"Bulgaria","Population, total",1993,8472313
"Burkina Faso","Population, total",1993,9871713
"Burundi","Population, total",1993,5676843
"Cabo Verde","Population, total",1993,401965
"Cambodia","Population, total",1993,8616381
"Cameroon","Population, total",1993,12353131
"Canada","Population, total",1993,28684764
"Cayman Islands","Population, total",1993,29976
"Central African Republic","Population, total",1993,3157839
"Chad","Population, total",1993,6629146
"Channel Islands","Population, total",1993,144984
"Chile","Population, total",1993,14102276
"China","Population, total",1993,1178440000
"Colombia","Population, total",1993,34441473
"Comoros","Population, total",1993,473682
"Congo, Dem. Rep.","Population, total",1993,40656336
"Congo, Rep.","Population, total",1993,2595124
"Costa Rica","Population, total",1993,3367434
"Cote d'Ivoire","Population, total",1993,13735951
"Croatia","Population, total",1993,4600463
"Cuba","Population, total",1993,10841031
"Curacao","Population, total",1993,144299
"Cyprus","Population, total",1993,826034
"Czechia","Population, total",1993,10329855
"Denmark","Population, total",1993,5188628
"Djibouti","Population, total",1993,614245
"Dominica","Population, total",1993,69433
"Dominican Republic","Population, total",1993,7594572
"Ecuador","Population, total",1993,11154274
"Egypt, Arab Rep.","Population, total",1993,62915681
"El Salvador","Population, total",1993,5659957
"Equatorial Guinea","Population, total",1993,530023
"Eritrea","Population, total",1993,1856006
"Estonia","Population, total",1993,1494128
"Eswatini","Population, total",1993,971318
"Ethiopia","Population, total",1993,53708891
"Faroe Islands","Population, total",1993,46473
"Fiji","Population, total",1993,790369
"Finland","Population, total",1993,5066447
"France","Population, total",1993,59103094
"French Polynesia","Population, total",1993,215219
"Gabon","Population, total",1993,1066405
"Gambia, The","Population, total",1993,1188365
"Georgia","Population, total",1993,4911100
"Germany","Population, total",1993,81156363
"Ghana","Population, total",1993,16589519
"Gibraltar","Population, total",1993,27070
"Greece","Population, total",1993,10460415
"Greenland","Population, total",1993,55200
"Grenada","Population, total",1993,102382
"Guam","Population, total",1993,145654
"Guatemala","Population, total",1993,9779761
"Guinea","Population, total",1993,7128177
"Guinea-Bissau","Population, total",1993,1058745
"Guyana","Population, total",1993,752965
"Haiti","Population, total",1993,7278181
"Honduras","Population, total",1993,5423249
"Hong Kong SAR, China","Population, total",1993,5901000
"Hungary","Population, total",1993,10357523
"Iceland","Population, total",1993,263725
"India","Population, total",1993,922118387
"Indonesia","Population, total",1993,193305168
"Iran, Islamic Rep.","Population, total",1993,61403543
"Iraq","Population, total",1993,19201195
"Ireland","Population, total",1993,3576261
"Isle of Man","Population, total",1993,70772
"Israel","Population, total",1993,5261000
"Italy","Population, total",1993,56831821
"Jamaica","Population, total",1993,2449916
"Japan","Population, total",1993,124829000
"Jordan","Population, total",1993,4348020
"Kazakhstan","Population, total",1993,17274487
"Kenya","Population, total",1993,25117188
"Kiribati","Population, total",1993,78841
"Korea, Dem. People's Rep.","Population, total",1993,22073352
"Korea, Rep.","Population, total",1993,44194628
"Kosovo","Population, total",1993,2072664
"Kuwait","Population, total",1993,1672151
"Kyrgyz Republic","Population, total",1993,4516777
"Lao PDR","Population, total",1993,4685060
"Latvia","Population, total",1993,2563290
"Lebanon","Population, total",1993,3820647
"Lesotho","Population, total",1993,1901793
"Liberia","Population, total",1993,2155126
"Libya","Population, total",1993,4733045
"Liechtenstein","Population, total",1993,30089
"Lithuania","Population, total",1993,3682613
"Luxembourg","Population, total",1993,397475
"Macao SAR, China","Population, total",1993,384000
"Madagascar","Population, total",1993,13197345
"Malawi","Population, total",1993,10284024
"Malaysia","Population, total",1993,19322664
"Maldives","Population, total",1993,244884
"Mali","Population, total",1993,9754786
"Malta","Population, total",1993,371308
"Marshall Islands","Population, total",1993,47093
"Mauritania","Population, total",1993,2174328
"Mauritius","Population, total",1993,1097374
"Mexico","Population, total",1993,87653807
"Micronesia, Fed. Sts.","Population, total",1993,107066
"Moldova","Population, total",1993,2975966
"Monaco","Population, total",1993,31136
"Mongolia","Population, total",1993,2165130
"Montenegro","Population, total",1993,610170
"Morocco","Population, total",1993,25614586
"Mozambique","Population, total",1993,14051192
"Myanmar","Population, total",1993,41502429
"Namibia","Population, total",1993,1508697
"Nauru","Population, total",1993,10102
"Nepal","Population, total",1993,21180159
"Netherlands","Population, total",1993,15290368
"New Caledonia","Population, total",1993,190857
"New Zealand","Population, total",1993,3572200
"Nicaragua","Population, total",1993,4453732
"Niger","Population, total",1993,9100789
"Nigeria","Population, total",1993,105122069
"North Macedonia","Population, total",1993,2006854
"Northern Mariana Islands","Population, total",1993,45952
"Norway","Population, total",1993,4311991
"Oman","Population, total",1993,2021675
"Pakistan","Population, total",1993,127020117
"Palau","Population, total",1993,16372
"Panama","Population, total",1993,2615099
"Papua New Guinea","Population, total",1993,4320872
"Paraguay","Population, total",1993,4362696
"Peru","Population, total",1993,23413783
"Philippines","Population, total",1993,67530621
"Poland","Population, total",1993,38461408
"Portugal","Population, total",1993,9964675
"Puerto Rico","Population, total",1993,3615497
"Qatar","Population, total",1993,484545
"Romania","Population, total",1993,22763280
"Russian Federation","Population, total",1993,148458777
"Rwanda","Population, total",1993,7981132
"Samoa","Population, total",1993,171774
"San Marino","Population, total",1993,24472
"Sao Tome and Principe","Population, total",1993,130467
"Saudi Arabia","Population, total",1993,12215862
"Senegal","Population, total",1993,8396288
"Serbia","Population, total",1993,7614328
"Seychelles","Population, total",1993,72253
"Sierra Leone","Population, total",1993,4157130
"Singapore","Population, total",1993,3313471
"Sint Maarten (Dutch part)","Population, total",1993,32026
"Slovak Republic","Population, total",1993,5325305
"Slovenia","Population, total",1993,1991746
"Solomon Islands","Population, total",1993,362839
"Somalia","Population, total",1993,6681399
"South Africa","Population, total",1993,43297156
"South Sudan","Population, total",1993,4956002
"Spain","Population, total",1993,39361262
"Sri Lanka","Population, total",1993,17025918
"St. Kitts and Nevis","Population, total",1993,41242
"St. Lucia","Population, total",1993,143726
"St. Martin (French part)","Population, total",1993,29282
"St. Vincent and the Grenadines","Population, total",1993,112735
"Sudan","Population, total",1993,23445592
"Suriname","Population, total",1993,419352
"Sweden","Population, total",1993,8718561
"Switzerland","Population, total",1993,6938265
"Syrian Arab Republic","Population, total",1993,13795686
"Tajikistan","Population, total",1993,5724993
"Tanzania","Population, total",1993,28332692
"Thailand","Population, total",1993,57408198
"Timor-Leste","Population, total",1993,821437
"Togo","Population, total",1993,4207453
"Tonga","Population, total",1993,100103
"Trinidad and Tobago","Population, total",1993,1280466
"Tunisia","Population, total",1993,8857910
"Turkiye","Population, total",1993,58999167
"Turkmenistan","Population, total",1993,4032407
"Turks and Caicos Islands","Population, total",1993,13648
"Tuvalu","Population, total",1993,9126
"Uganda","Population, total",1993,19445161
"Ukraine","Population, total",1993,52350126
"United Arab Emirates","Population, total",1993,2222093
"United Kingdom","Population, total",1993,57718614
"United States","Population, total",1993,259919000
"Uruguay","Population, total",1993,3156345
"Uzbekistan","Population, total",1993,21987955
"Vanuatu","Population, total",1993,159463
"Venezuela, RB","Population, total",1993,21254520
"Viet Nam","Population, total",1993,69586384
"Virgin Islands (U.S.)","Population, total",1993,106578
"West Bank and Gaza","Population, total",1993,2262676
"Yemen, Rep.","Population, total",1993,15563914
"Zambia","Population, total",1993,8373921
"Zimbabwe","Population, total",1993,10860288
"Africa Eastern and Southern","Population, total",1994,347441809
"Africa Western and Central","Population, total",1994,233360104
"Arab World","Population, total",1994,247626514
"Caribbean small states","Population, total",1994,3763806
"Central Electricity Board (CEB)","Population, total",1994,110021594
"Early-demographic dividend","Population, total",1994,2228719169
"East Asia & Pacific","Population, total",1994,1917389243
"East Asia & Pacific (excluding high income)","Population, total",1994,1694244506
"East Asia & Pacific (IDA & IBRD)","Population, total",1994,1671877438
"Euro area","Population, total",1994,321024031
"Europe & Central Asia","Population, total",1994,857724586
"Europe & Central Asia (excluding high income)","Population, total",1994,214329901
"Europe & Central Asia (IDA & IBRD)","Population, total",1994,437106291
"European Union","Population, total",1994,425404352
"Fragile and conflict affected situations","Population, total",1994,539513196
"Heavily indebted poor countries (HIPC)","Population, total",1994,406935718
"High income","Population, total",1994,1214865410
"IBRD only","Population, total",1994,3675872938
"IDA & IBRD total","Population, total",1994,4649243135
"IDA blend","Population, total",1994,336096421
"IDA only","Population, total",1994,637273776
"IDA total","Population, total",1994,973370197
"Late-demographic dividend","Population, total",1994,1932650915
"Latin America & Caribbean","Population, total",1994,473328616
"Latin America & Caribbean (excluding high income)","Population, total",1994,421179547
"Latin America & Caribbean (IDA & IBRD)","Population, total",1994,458042874
"Least developed countries: UN classification","Population, total",1994,578028937
"Low & middle income","Population, total",1994,4358651071
"Low income","Population, total",1994,273508544
"Lower middle income","Population, total",1994,1874637283
"Middle East and North Africa","Population, total",1994,428117445
"Middle East & North Africa (excluding high income)","Population, total",1994,402475400
"Middle East & North Africa (IDA & IBRD)","Population, total",1994,400109102
"Middle income","Population, total",1994,4085142527
"North America","Population, total",1994,292185857
"OECD members","Population, total",1994,1148779736
"Other small states","Population, total",1994,9328189
"Pacific island small states","Population, total",1994,1878007
"Post-demographic dividend","Population, total",1994,990028770
"Pre-demographic dividend","Population, total",1994,475022693
"Small states","Population, total",1994,14970002
"South Asia","Population, total",1994,1101305517
"South Asia (IDA & IBRD)","Population, total",1994,1101305517
"Sub-Saharan Africa","Population, total",1994,580801913
"Sub-Saharan Africa (excluding high income)","Population, total",1994,525116200
"Sub-Saharan Africa (IDA & IBRD)","Population, total",1994,580801913
"Upper middle income","Population, total",1994,2210505244
"World","Population, total",1994,5650853177
"Afghanistan","Population, total",1994,16250794
"Albania","Population, total",1994,3207536
"Algeria","Population, total",1994,27887279
"American Samoa","Population, total",1994,51251
"Andorra","Population, total",1994,64612
"Angola","Population, total",1994,13249764
"Antigua and Barbuda","Population, total",1994,66843
"Argentina","Population, total",1994,34613491
"Armenia","Population, total",1994,3364610
"Aruba","Population, total",1994,77595
"Australia","Population, total",1994,17805468
"Austria","Population, total",1994,7936118
"Azerbaijan","Population, total",1994,7596550
"Bahamas, The","Population, total",1994,296509
"Bahrain","Population, total",1994,544366
"Bangladesh","Population, total",1994,120343179
"Barbados","Population, total",1994,261620
"Belarus","Population, total",1994,10226955
"Belgium","Population, total",1994,10115603
"Belize","Population, total",1994,199097
"Benin","Population, total",1994,6096506
"Bermuda","Population, total",1994,59194
"Bhutan","Population, total",1994,554497
"Bolivia","Population, total",1994,7727322
"Bosnia and Herzegovina","Population, total",1994,3725412
"Botswana","Population, total",1994,1460023
"Brazil","Population, total",1994,159265006
"British Virgin Islands","Population, total",1994,17406
"Brunei Darussalam","Population, total",1994,284091
"Bulgaria","Population, total",1994,8443591
"Burkina Faso","Population, total",1994,10123798
"Burundi","Population, total",1994,5713854
"Cabo Verde","Population, total",1994,410228
"Cambodia","Population, total",1994,9239162
"Cameroon","Population, total",1994,12704903
"Canada","Population, total",1994,29000663
"Cayman Islands","Population, total",1994,31352
"Central African Republic","Population, total",1994,3257954
"Chad","Population, total",1994,6783450
"Channel Islands","Population, total",1994,145163
"Chile","Population, total",1994,14316256
"China","Population, total",1994,1191835000
"Colombia","Population, total",1994,35127410
"Comoros","Population, total",1994,482142
"Congo, Dem. Rep.","Population, total",1994,42626876
"Congo, Rep.","Population, total",1994,2673144
"Costa Rica","Population, total",1994,3451122
"Cote d'Ivoire","Population, total",1994,14287201
"Croatia","Population, total",1994,4652024
"Cuba","Population, total",1994,10886021
"Curacao","Population, total",1994,144630
"Cyprus","Population, total",1994,844667
"Czechia","Population, total",1994,10333587
"Denmark","Population, total",1994,5206180
"Djibouti","Population, total",1994,626710
"Dominica","Population, total",1994,69477
"Dominican Republic","Population, total",1994,7741694
"Ecuador","Population, total",1994,11372197
"Egypt, Arab Rep.","Population, total",1994,64285589
"El Salvador","Population, total",1994,5714129
"Equatorial Guinea","Population, total",1994,550138
"Eritrea","Population, total",1994,1913915
"Estonia","Population, total",1994,1462514
"Eswatini","Population, total",1994,971212
"Ethiopia","Population, total",1994,55611508
"Faroe Islands","Population, total",1994,44694
"Fiji","Population, total",1994,794771
"Finland","Population, total",1994,5088333
"France","Population, total",1994,59324863
"French Polynesia","Population, total",1994,218738
"Gabon","Population, total",1994,1094720
"Gambia, The","Population, total",1994,1227226
"Georgia","Population, total",1994,4836076
"Germany","Population, total",1994,81438348
"Ghana","Population, total",1994,16993190
"Gibraltar","Population, total",1994,27239
"Greece","Population, total",1994,10512922
"Greenland","Population, total",1994,55500
"Grenada","Population, total",1994,103138
"Guam","Population, total",1994,147868
"Guatemala","Population, total",1994,10043718
"Guinea","Population, total",1994,7345107
"Guinea-Bissau","Population, total",1994,1092031
"Guyana","Population, total",1994,755822
"Haiti","Population, total",1994,7419771
"Honduras","Population, total",1994,5579242
"Hong Kong SAR, China","Population, total",1994,6035400
"Hungary","Population, total",1994,10343355
"Iceland","Population, total",1994,266021
"India","Population, total",1994,941163767
"Indonesia","Population, total",1994,196591828
"Iran, Islamic Rep.","Population, total",1994,61520598
"Iraq","Population, total",1994,20139807
"Ireland","Population, total",1994,3590386
"Isle of Man","Population, total",1994,71168
"Israel","Population, total",1994,5399000
"Italy","Population, total",1994,56843400
"Jamaica","Population, total",1994,2475220
"Japan","Population, total",1994,125178000
"Jordan","Population, total",1994,4561406
"Kazakhstan","Population, total",1994,17043771
"Kenya","Population, total",1994,25857130
"Kiribati","Population, total",1994,80021
"Korea, Dem. People's Rep.","Population, total",1994,22393975
"Korea, Rep.","Population, total",1994,44641540
"Kosovo","Population, total",1994,2105256
"Kuwait","Population, total",1994,1664361
"Kyrgyz Republic","Population, total",1994,4515069
"Lao PDR","Population, total",1994,4809220
"Latvia","Population, total",1994,2520742
"Lebanon","Population, total",1994,3889799
"Lesotho","Population, total",1994,1927707
"Liberia","Population, total",1994,2149928
"Libya","Population, total",1994,4822037
"Liechtenstein","Population, total",1994,30470
"Lithuania","Population, total",1994,3657144
"Luxembourg","Population, total",1994,402925
"Macao SAR, China","Population, total",1994,396800
"Madagascar","Population, total",1994,13613850
"Malawi","Population, total",1994,10164894
"Malaysia","Population, total",1994,19820446
"Maldives","Population, total",1994,250822
"Mali","Population, total",1994,9967031
"Malta","Population, total",1994,374797
"Marshall Islands","Population, total",1994,47712
"Mauritania","Population, total",1994,2249454
"Mauritius","Population, total",1994,1112846
"Mexico","Population, total",1994,89259205
"Micronesia, Fed. Sts.","Population, total",1994,109075
"Moldova","Population, total",1994,2966745
"Monaco","Population, total",1994,31375
"Mongolia","Population, total",1994,2189395
"Montenegro","Population, total",1994,611389
"Morocco","Population, total",1994,26000822
"Mozambique","Population, total",1994,15033853
"Myanmar","Population, total",1994,42055143
"Namibia","Population, total",1994,1556304
"Nauru","Population, total",1994,10137
"Nepal","Population, total",1994,21717479
"Netherlands","Population, total",1994,15382838
"New Caledonia","Population, total",1994,195614
"New Zealand","Population, total",1994,3620000
"Nicaragua","Population, total",1994,4549316
"Niger","Population, total",1994,9398258
"Nigeria","Population, total",1994,107935714
"North Macedonia","Population, total",1994,1992666
"Northern Mariana Islands","Population, total",1994,46730
"Norway","Population, total",1994,4336613
"Oman","Population, total",1994,2081834
"Pakistan","Population, total",1994,130748083
"Palau","Population, total",1994,16770
"Panama","Population, total",1994,2669546
"Papua New Guinea","Population, total",1994,4480208
"Paraguay","Population, total",1994,4471417
"Peru","Population, total",1994,23881493
"Philippines","Population, total",1994,69019291
"Poland","Population, total",1994,38542652
"Portugal","Population, total",1994,9991525
"Puerto Rico","Population, total",1994,3649237
"Qatar","Population, total",1994,499459
"Romania","Population, total",1994,22730211
"Russian Federation","Population, total",1994,148407912
"Rwanda","Population, total",1994,6792352
"Samoa","Population, total",1994,173159
"San Marino","Population, total",1994,24823
"Sao Tome and Principe","Population, total",1994,132732
"Saudi Arabia","Population, total",1994,12750040
"Senegal","Population, total",1994,8624078
"Serbia","Population, total",1994,7622711
"Seychelles","Population, total",1994,74205
"Sierra Leone","Population, total",1994,4173105
"Singapore","Population, total",1994,3419048
"Sint Maarten (Dutch part)","Population, total",1994,31917
"Slovak Republic","Population, total",1994,5346331
"Slovenia","Population, total",1994,1989443
"Solomon Islands","Population, total",1994,373675
"Somalia","Population, total",1994,7026797
"South Africa","Population, total",1994,44004139
"South Sudan","Population, total",1994,5071184
"Spain","Population, total",1994,39549108
"Sri Lanka","Population, total",1994,17275773
"St. Kitts and Nevis","Population, total",1994,41776
"St. Lucia","Population, total",1994,145890
"St. Martin (French part)","Population, total",1994,29413
"St. Vincent and the Grenadines","Population, total",1994,112918
"Sudan","Population, total",1994,24043948
"Suriname","Population, total",1994,422375
"Sweden","Population, total",1994,8780745
"Switzerland","Population, total",1994,6993795
"Syrian Arab Republic","Population, total",1994,14208583
"Tajikistan","Population, total",1994,5825368
"Tanzania","Population, total",1994,29442356
"Thailand","Population, total",1994,58260854
"Timor-Leste","Population, total",1994,844493
"Togo","Population, total",1994,4222940
"Tonga","Population, total",1994,100166
"Trinidad and Tobago","Population, total",1994,1288341
"Tunisia","Population, total",1994,9018448
"Turkiye","Population, total",1994,60033836
"Turkmenistan","Population, total",1994,4116662
"Turks and Caicos Islands","Population, total",1994,14344
"Tuvalu","Population, total",1994,9207
"Uganda","Population, total",1994,20108801
"Ukraine","Population, total",1994,52075998
"United Arab Emirates","Population, total",1994,2328188
"United Kingdom","Population, total",1994,57865745
"United States","Population, total",1994,263126000
"Uruguay","Population, total",1994,3172834
"Uzbekistan","Population, total",1994,22463291
"Vanuatu","Population, total",1994,163314
"Venezuela, RB","Population, total",1994,21725188
"Viet Nam","Population, total",1994,70854391
"Virgin Islands (U.S.)","Population, total",1994,107318
"West Bank and Gaza","Population, total",1994,2366298
"Yemen, Rep.","Population, total",1994,16149147
"Zambia","Population, total",1994,8576269
"Zimbabwe","Population, total",1994,10873148
"Africa Eastern and Southern","Population, total",1995,356580375
"Africa Western and Central","Population, total",1995,239801875
"Arab World","Population, total",1995,253952538
"Caribbean small states","Population, total",1995,3795917
"Central Electricity Board (CEB)","Population, total",1995,109864246
"Early-demographic dividend","Population, total",1995,2273692181
"East Asia & Pacific","Population, total",1995,1941185229
"East Asia & Pacific (excluding high income)","Population, total",1995,1716602413
"East Asia & Pacific (IDA & IBRD)","Population, total",1995,1693960469
"Euro area","Population, total",1995,321808185
"Europe & Central Asia","Population, total",1995,859504753
"Europe & Central Asia (excluding high income)","Population, total",1995,215114964
"Europe & Central Asia (IDA & IBRD)","Population, total",1995,437796116
"European Union","Population, total",1995,426210050
"Fragile and conflict affected situations","Population, total",1995,554041514
"Heavily indebted poor countries (HIPC)","Population, total",1995,418830100
"High income","Population, total",1995,1222056185
"IBRD only","Population, total",1995,3728290191
"IDA & IBRD total","Population, total",1995,4727566480
"IDA blend","Population, total",1995,345327214
"IDA only","Population, total",1995,653949075
"IDA total","Population, total",1995,999276289
"Late-demographic dividend","Population, total",1995,1952702058
"Latin America & Caribbean","Population, total",1995,481309028
"Latin America & Caribbean (excluding high income)","Population, total",1995,428268339
"Latin America & Caribbean (IDA & IBRD)","Population, total",1995,465939463
"Least developed countries: UN classification","Population, total",1995,593609643
"Low & middle income","Population, total",1995,4434718175
"Low income","Population, total",1995,281169146
"Lower middle income","Population, total",1995,1915943684
"Middle East and North Africa","Population, total",1995,438968860
"Middle East & North Africa (excluding high income)","Population, total",1995,412447289
"Middle East & North Africa (IDA & IBRD)","Population, total",1995,409972623
"Middle income","Population, total",1995,4153549029
"North America","Population, total",1995,295639837
"OECD members","Population, total",1995,1158068699
"Other small states","Population, total",1995,9389918
"Pacific island small states","Population, total",1995,1901782
"Post-demographic dividend","Population, total",1995,995338472
"Pre-demographic dividend","Population, total",1995,490118620
"Small states","Population, total",1995,15087617
"South Asia","Population, total",1995,1123515559
"South Asia (IDA & IBRD)","Population, total",1995,1123515559
"Sub-Saharan Africa","Population, total",1995,596382250
"Sub-Saharan Africa (excluding high income)","Population, total",1995,538769611
"Sub-Saharan Africa (IDA & IBRD)","Population, total",1995,596382250
"Upper middle income","Population, total",1995,2237605345
"World","Population, total",1995,5736505516
"Afghanistan","Population, total",1995,17065836
"Albania","Population, total",1995,3187784
"Algeria","Population, total",1995,28470191
"American Samoa","Population, total",1995,52316
"Andorra","Population, total",1995,63912
"Angola","Population, total",1995,13699778
"Antigua and Barbuda","Population, total",1995,68189
"Argentina","Population, total",1995,35070020
"Armenia","Population, total",1995,3307581
"Aruba","Population, total",1995,79805
"Australia","Population, total",1995,18004882
"Austria","Population, total",1995,7948278
"Azerbaijan","Population, total",1995,7684850
"Bahamas, The","Population, total",1995,301461
"Bahrain","Population, total",1995,558879
"Bangladesh","Population, total",1995,122600370
"Barbados","Population, total",1995,262039
"Belarus","Population, total",1995,10193831
"Belgium","Population, total",1995,10136811
"Belize","Population, total",1995,204146
"Benin","Population, total",1995,6226773
"Bermuda","Population, total",1995,59526
"Bhutan","Population, total",1995,547989
"Bolivia","Population, total",1995,7874676
"Bosnia and Herzegovina","Population, total",1995,3715564
"Botswana","Population, total",1995,1498836
"Brazil","Population, total",1995,161735073
"British Virgin Islands","Population, total",1995,17840
"Brunei Darussalam","Population, total",1995,291195
"Bulgaria","Population, total",1995,8406067
"Burkina Faso","Population, total",1995,10386722
"Burundi","Population, total",1995,6066316
"Cabo Verde","Population, total",1995,418104
"Cambodia","Population, total",1995,10018497
"Cameroon","Population, total",1995,13058516
"Canada","Population, total",1995,29302311
"Cayman Islands","Population, total",1995,32743
"Central African Republic","Population, total",1995,3348052
"Chad","Population, total",1995,7089064
"Channel Islands","Population, total",1995,145247
"Chile","Population, total",1995,14527381
"China","Population, total",1995,1204855000
"Colombia","Population, total",1995,35804662
"Comoros","Population, total",1995,490586
"Congo, Dem. Rep.","Population, total",1995,44433704
"Congo, Rep.","Population, total",1995,2749461
"Costa Rica","Population, total",1995,3535176
"Cote d'Ivoire","Population, total",1995,14855565
"Croatia","Population, total",1995,4620030
"Cuba","Population, total",1995,10925362
"Curacao","Population, total",1995,145139
"Cyprus","Population, total",1995,862695
"Czechia","Population, total",1995,10327253
"Denmark","Population, total",1995,5233373
"Djibouti","Population, total",1995,633074
"Dominica","Population, total",1995,69469
"Dominican Republic","Population, total",1995,7888115
"Ecuador","Population, total",1995,11590514
"Egypt, Arab Rep.","Population, total",1995,65652622
"El Salvador","Population, total",1995,5762131
"Equatorial Guinea","Population, total",1995,571264
"Eritrea","Population, total",1995,2025267
"Estonia","Population, total",1995,1436634
"Eswatini","Population, total",1995,970433
"Ethiopia","Population, total",1995,57537335
"Faroe Islands","Population, total",1995,43610
"Fiji","Population, total",1995,798746
"Finland","Population, total",1995,5107790
"France","Population, total",1995,59541294
"French Polynesia","Population, total",1995,222118
"Gabon","Population, total",1995,1123213
"Gambia, The","Population, total",1995,1264313
"Georgia","Population, total",1995,4657722
"Germany","Population, total",1995,81678051
"Ghana","Population, total",1995,17399017
"Gibraltar","Population, total",1995,27377
"Greece","Population, total",1995,10562153
"Greenland","Population, total",1995,55800
"Grenada","Population, total",1995,103869
"Guam","Population, total",1995,150054
"Guatemala","Population, total",1995,10312996
"Guinea","Population, total",1995,7553249
"Guinea-Bissau","Population, total",1995,1119949
"Guyana","Population, total",1995,758388
"Haiti","Population, total",1995,7562546
"Honduras","Population, total",1995,5739637
"Hong Kong SAR, China","Population, total",1995,6156100
"Hungary","Population, total",1995,10328965
"Iceland","Population, total",1995,267468
"India","Population, total",1995,960301044
"Indonesia","Population, total",1995,199888057
"Iran, Islamic Rep.","Population, total",1995,62205567
"Iraq","Population, total",1995,20825860
"Ireland","Population, total",1995,3608841
"Isle of Man","Population, total",1995,71513
"Israel","Population, total",1995,5545000
"Italy","Population, total",1995,56844303
"Jamaica","Population, total",1995,2500151
"Japan","Population, total",1995,125472000
"Jordan","Population, total",1995,4752096
"Kazakhstan","Population, total",1995,16730536
"Kenya","Population, total",1995,26601751
"Kiribati","Population, total",1995,81234
"Korea, Dem. People's Rep.","Population, total",1995,22669304
"Korea, Rep.","Population, total",1995,45092991
"Kosovo","Population, total",1995,2137514
"Kuwait","Population, total",1995,1681513
"Kyrgyz Republic","Population, total",1995,4560454
"Lao PDR","Population, total",1995,4929409
"Latvia","Population, total",1995,2485056
"Lebanon","Population, total",1995,3960735
"Lesotho","Population, total",1995,1951437
"Liberia","Population, total",1995,2169162
"Libya","Population, total",1995,4906843
"Liechtenstein","Population, total",1995,30776
"Lithuania","Population, total",1995,3629102
"Luxembourg","Population, total",1995,408625
"Macao SAR, China","Population, total",1995,409300
"Madagascar","Population, total",1995,14051275
"Malawi","Population, total",1995,10150117
"Malaysia","Population, total",1995,20330599
"Maldives","Population, total",1995,256649
"Mali","Population, total",1995,10185365
"Malta","Population, total",1995,377419
"Marshall Islands","Population, total",1995,48266
"Mauritania","Population, total",1995,2312017
"Mauritius","Population, total",1995,1122457
"Mexico","Population, total",1995,90862455
"Micronesia, Fed. Sts.","Population, total",1995,110230
"Moldova","Population, total",1995,2953200
"Monaco","Population, total",1995,31609
"Mongolia","Population, total",1995,2224945
"Montenegro","Population, total",1995,611712
"Morocco","Population, total",1995,26399429
"Mozambique","Population, total",1995,15960530
"Myanmar","Population, total",1995,42605338
"Namibia","Population, total",1995,1602170
"Nauru","Population, total",1995,10165
"Nepal","Population, total",1995,22245439
"Netherlands","Population, total",1995,15459006
"New Caledonia","Population, total",1995,200379
"New Zealand","Population, total",1995,3673400
"Nicaragua","Population, total",1995,4642931
"Niger","Population, total",1995,9714529
"Nigeria","Population, total",1995,110819428
"North Macedonia","Population, total",1995,1998534
"Northern Mariana Islands","Population, total",1995,48176
"Norway","Population, total",1995,4359184
"Oman","Population, total",1995,2120528
"Pakistan","Population, total",1995,134582253
"Palau","Population, total",1995,17195
"Panama","Population, total",1995,2724557
"Papua New Guinea","Population, total",1995,4644278
"Paraguay","Population, total",1995,4579806
"Peru","Population, total",1995,24348919
"Philippines","Population, total",1995,70546246
"Poland","Population, total",1995,38594998
"Portugal","Population, total",1995,10026176
"Puerto Rico","Population, total",1995,3683103
"Qatar","Population, total",1995,514325
"Romania","Population, total",1995,22684270
"Russian Federation","Population, total",1995,148375787
"Rwanda","Population, total",1995,5674118
"Samoa","Population, total",1995,174571
"San Marino","Population, total",1995,25158
"Sao Tome and Principe","Population, total",1995,134895
"Saudi Arabia","Population, total",1995,13289245
"Senegal","Population, total",1995,8848101
"Serbia","Population, total",1995,7628264
"Seychelles","Population, total",1995,75304
"Sierra Leone","Population, total",1995,4179179
"Singapore","Population, total",1995,3524506
"Sint Maarten (Dutch part)","Population, total",1995,31772
"Slovak Republic","Population, total",1995,5361999
"Slovenia","Population, total",1995,1989872
"Solomon Islands","Population, total",1995,384733
"Somalia","Population, total",1995,7285007
"South Africa","Population, total",1995,44541554
"South Sudan","Population, total",1995,5225836
"Spain","Population, total",1995,39724050
"Sri Lanka","Population, total",1995,17564068
"St. Kitts and Nevis","Population, total",1995,42326
"St. Lucia","Population, total",1995,148208
"St. Martin (French part)","Population, total",1995,29470
"St. Vincent and the Grenadines","Population, total",1995,113047
"Sudan","Population, total",1995,24672143
"Suriname","Population, total",1995,429606
"Sweden","Population, total",1995,8826939
"Switzerland","Population, total",1995,7040687
"Syrian Arab Republic","Population, total",1995,14616801
"Tajikistan","Population, total",1995,5948584
"Tanzania","Population, total",1995,30383497
"Thailand","Population, total",1995,59098232
"Timor-Leste","Population, total",1995,868146
"Togo","Population, total",1995,4410832
"Tonga","Population, total",1995,100225
"Trinidad and Tobago","Population, total",1995,1295169
"Tunisia","Population, total",1995,9161258
"Turkiye","Population, total",1995,61024503
"Turkmenistan","Population, total",1995,4191203
"Turks and Caicos Islands","Population, total",1995,15052
"Tuvalu","Population, total",1995,9280
"Uganda","Population, total",1995,20665667
"Ukraine","Population, total",1995,51665539
"United Arab Emirates","Population, total",1995,2434662
"United Kingdom","Population, total",1995,58019030
"United States","Population, total",1995,266278000
"Uruguay","Population, total",1995,3189440
"Uzbekistan","Population, total",1995,22917589
"Vanuatu","Population, total",1995,167137
"Venezuela, RB","Population, total",1995,22193821
"Viet Nam","Population, total",1995,72049940
"Virgin Islands (U.S.)","Population, total",1995,107818
"West Bank and Gaza","Population, total",1995,2474666
"Yemen, Rep.","Population, total",1995,16740058
"Zambia","Population, total",1995,8785763
"Zimbabwe","Population, total",1995,10974599
"Africa Eastern and Southern","Population, total",1996,366138524
"Africa Western and Central","Population, total",1996,246415446
"Arab World","Population, total",1996,260229121
"Caribbean small states","Population, total",1996,3829184
"Central Electricity Board (CEB)","Population, total",1996,109626194
"Early-demographic dividend","Population, total",1996,2321284245
"East Asia & Pacific","Population, total",1996,1964830092
"East Asia & Pacific (excluding high income)","Population, total",1996,1738632397
"East Asia & Pacific (IDA & IBRD)","Population, total",1996,1715764488
"Euro area","Population, total",1996,322568383
"Europe & Central Asia","Population, total",1996,861073425
"Europe & Central Asia (excluding high income)","Population, total",1996,216002100
"Europe & Central Asia (IDA & IBRD)","Population, total",1996,438325526
"European Union","Population, total",1996,426905134
"Fragile and conflict affected situations","Population, total",1996,566796346
"Heavily indebted poor countries (HIPC)","Population, total",1996,431006940
"High income","Population, total",1996,1229173347
"IBRD only","Population, total",1996,3780446473
"IDA & IBRD total","Population, total",1996,4806199043
"IDA blend","Population, total",1996,354861820
"IDA only","Population, total",1996,670890750
"IDA total","Population, total",1996,1025752570
"Late-demographic dividend","Population, total",1996,1972254664
"Latin America & Caribbean","Population, total",1996,489235073
"Latin America & Caribbean (excluding high income)","Population, total",1996,435299542
"Latin America & Caribbean (IDA & IBRD)","Population, total",1996,473775482
"Least developed countries: UN classification","Population, total",1996,609407699
"Low & middle income","Population, total",1996,4511311531
"Low income","Population, total",1996,289332496
"Lower middle income","Population, total",1996,1957535877
"Middle East and North Africa","Population, total",1996,449859387
"Middle East & North Africa (excluding high income)","Population, total",1996,422368926
"Middle East & North Africa (IDA & IBRD)","Population, total",1996,419780929
"Middle income","Population, total",1996,4221979035
"North America","Population, total",1996,299064031
"OECD members","Population, total",1996,1167149370
"Other small states","Population, total",1996,9493131
"Pacific island small states","Population, total",1996,1926342
"Post-demographic dividend","Population, total",1996,1000836719
"Pre-demographic dividend","Population, total",1996,503373634
"Small states","Population, total",1996,15248657
"South Asia","Population, total",1996,1145998648
"South Asia (IDA & IBRD)","Population, total",1996,1145998648
"Sub-Saharan Africa","Population, total",1996,612553970
"Sub-Saharan Africa (excluding high income)","Population, total",1996,553009918
"Sub-Saharan Africa (IDA & IBRD)","Population, total",1996,612553970
"Upper middle income","Population, total",1996,2264443158
"World","Population, total",1996,5822614626
"Afghanistan","Population, total",1996,17763266
"Albania","Population, total",1996,3168033
"Algeria","Population, total",1996,29033044
"American Samoa","Population, total",1996,53353
"Andorra","Population, total",1996,63984
"Angola","Population, total",1996,14170973
"Antigua and Barbuda","Population, total",1996,69612
"Argentina","Population, total",1996,35513793
"Armenia","Population, total",1996,3278735
"Aruba","Population, total",1996,83021
"Australia","Population, total",1996,18224767
"Austria","Population, total",1996,7959017
"Azerbaijan","Population, total",1996,7763000
"Bahamas, The","Population, total",1996,306268
"Bahrain","Population, total",1996,573792
"Bangladesh","Population, total",1996,124862179
"Barbados","Population, total",1996,262284
"Belarus","Population, total",1996,10159569
"Belgium","Population, total",1996,10156637
"Belize","Population, total",1996,210310
"Benin","Population, total",1996,6391858
"Bermuda","Population, total",1996,59813
"Bhutan","Population, total",1996,548784
"Bolivia","Population, total",1996,8021736
"Bosnia and Herzegovina","Population, total",1996,3875246
"Botswana","Population, total",1996,1535914
"Brazil","Population, total",1996,164202549
"British Virgin Islands","Population, total",1996,18287
"Brunei Darussalam","Population, total",1996,298276
"Bulgaria","Population, total",1996,8362826
"Burkina Faso","Population, total",1996,10655942
"Burundi","Population, total",1996,6070506
"Cabo Verde","Population, total",1996,425581
"Cambodia","Population, total",1996,10801270
"Cameroon","Population, total",1996,13414757
"Canada","Population, total",1996,29610218
"Cayman Islands","Population, total",1996,34143
"Central African Republic","Population, total",1996,3435965
"Chad","Population, total",1996,7410108
"Channel Islands","Population, total",1996,145565
"Chile","Population, total",1996,14734046
"China","Population, total",1996,1217550000
"Colombia","Population, total",1996,36462745
"Comoros","Population, total",1996,499107
"Congo, Dem. Rep.","Population, total",1996,45296124
"Congo, Rep.","Population, total",1996,2826785
"Costa Rica","Population, total",1996,3619013
"Cote d'Ivoire","Population, total",1996,15442312
"Croatia","Population, total",1996,4557097
"Cuba","Population, total",1996,10962010
"Curacao","Population, total",1996,146306
"Cyprus","Population, total",1996,880290
"Czechia","Population, total",1996,10315241
"Denmark","Population, total",1996,5263074
"Djibouti","Population, total",1996,648348
"Dominica","Population, total",1996,69410
"Dominican Republic","Population, total",1996,8032894
"Ecuador","Population, total",1996,11810950
"Egypt, Arab Rep.","Population, total",1996,67028048
"El Salvador","Population, total",1996,5805286
"Equatorial Guinea","Population, total",1996,593492
"Eritrea","Population, total",1996,2128464
"Estonia","Population, total",1996,1415594
"Eswatini","Population, total",1996,989841
"Ethiopia","Population, total",1996,59467635
"Faroe Islands","Population, total",1996,43580
"Fiji","Population, total",1996,803789
"Finland","Population, total",1996,5124573
"France","Population, total",1996,59754504
"French Polynesia","Population, total",1996,225489
"Gabon","Population, total",1996,1152015
"Gambia, The","Population, total",1996,1301410
"Georgia","Population, total",1996,4491699
"Germany","Population, total",1996,81914831
"Ghana","Population, total",1996,17810181
"Gibraltar","Population, total",1996,27487
"Greece","Population, total",1996,10608800
"Greenland","Population, total",1996,55900
"Grenada","Population, total",1996,104584
"Guam","Population, total",1996,152169
"Guatemala","Population, total",1996,10583526
"Guinea","Population, total",1996,7770035
"Guinea-Bissau","Population, total",1996,1143535
"Guyana","Population, total",1996,760526
"Haiti","Population, total",1996,7707557
"Honduras","Population, total",1996,5903954
"Hong Kong SAR, China","Population, total",1996,6435500
"Hungary","Population, total",1996,10311238
"Iceland","Population, total",1996,268916
"India","Population, total",1996,979678458
"Indonesia","Population, total",1996,203204348
"Iran, Islamic Rep.","Population, total",1996,62881300
"Iraq","Population, total",1996,21501321
"Ireland","Population, total",1996,3637510
"Isle of Man","Population, total",1996,72047
"Israel","Population, total",1996,5692000
"Italy","Population, total",1996,56860281
"Jamaica","Population, total",1996,2524463
"Japan","Population, total",1996,125757000
"Jordan","Population, total",1996,4912516
"Kazakhstan","Population, total",1996,16416027
"Kenya","Population, total",1996,27344211
"Kiribati","Population, total",1996,82623
"Korea, Dem. People's Rep.","Population, total",1996,22895746
"Korea, Rep.","Population, total",1996,45524681
"Kosovo","Population, total",1996,2168753
"Kuwait","Population, total",1996,1730246
"Kyrgyz Republic","Population, total",1996,4628438
"Lao PDR","Population, total",1996,5045678
"Latvia","Population, total",1996,2457222
"Lebanon","Population, total",1996,4034781
"Lesotho","Population, total",1996,1972418
"Liberia","Population, total",1996,2232289
"Libya","Population, total",1996,4987393
"Liechtenstein","Population, total",1996,31033
"Lithuania","Population, total",1996,3601613
"Luxembourg","Population, total",1996,414225
"Macao SAR, China","Population, total",1996,415100
"Madagascar","Population, total",1996,14510711
"Malawi","Population, total",1996,10352228
"Malaysia","Population, total",1996,20850087
"Maldives","Population, total",1996,262347
"Mali","Population, total",1996,10407278
"Malta","Population, total",1996,379905
"Marshall Islands","Population, total",1996,48775
"Mauritania","Population, total",1996,2358188
"Mauritius","Population, total",1996,1133996
"Mexico","Population, total",1996,92452702
"Micronesia, Fed. Sts.","Population, total",1996,110710
"Moldova","Population, total",1996,2947293
"Monaco","Population, total",1996,31837
"Mongolia","Population, total",1996,2259507
"Montenegro","Population, total",1996,611003
"Morocco","Population, total",1996,26808107
"Mozambique","Population, total",1996,16492480
"Myanmar","Population, total",1996,43154860
"Namibia","Population, total",1996,1646103
"Nauru","Population, total",1996,10183
"Nepal","Population, total",1996,22741862
"Netherlands","Population, total",1996,15530498
"New Caledonia","Population, total",1996,205034
"New Zealand","Population, total",1996,3732000
"Nicaragua","Population, total",1996,4729974
"Niger","Population, total",1996,10044852
"Nigeria","Population, total",1996,113754779
"North Macedonia","Population, total",1996,2012553
"Northern Mariana Islands","Population, total",1996,51706
"Norway","Population, total",1996,4381336
"Oman","Population, total",1996,2156926
"Pakistan","Population, total",1996,138557092
"Palau","Population, total",1996,17654
"Panama","Population, total",1996,2780227
"Papua New Guinea","Population, total",1996,4813361
"Paraguay","Population, total",1996,4687543
"Peru","Population, total",1996,24811171
"Philippines","Population, total",1996,72190242
"Poland","Population, total",1996,38624370
"Portugal","Population, total",1996,10063945
"Puerto Rico","Population, total",1996,3724655
"Qatar","Population, total",1996,529019
"Romania","Population, total",1996,22619004
"Russian Federation","Population, total",1996,148160129
"Rwanda","Population, total",1996,6708764
"Samoa","Population, total",1996,176071
"San Marino","Population, total",1996,25482
"Sao Tome and Principe","Population, total",1996,136962
"Saudi Arabia","Population, total",1996,13831009
"Senegal","Population, total",1996,9067014
"Serbia","Population, total",1996,7622185
"Seychelles","Population, total",1996,76417
"Sierra Leone","Population, total",1996,4199210
"Singapore","Population, total",1996,3670704
"Sint Maarten (Dutch part)","Population, total",1996,31598
"Slovak Republic","Population, total",1996,5373361
"Slovenia","Population, total",1996,1988628
"Solomon Islands","Population, total",1996,396009
"Somalia","Population, total",1996,7554474
"South Africa","Population, total",1996,45123018
"South Sudan","Population, total",1996,5356925
"Spain","Population, total",1996,39889852
"Sri Lanka","Population, total",1996,17905018
"St. Kitts and Nevis","Population, total",1996,42877
"St. Lucia","Population, total",1996,150436
"St. Martin (French part)","Population, total",1996,29443
"St. Vincent and the Grenadines","Population, total",1996,113119
"Sudan","Population, total",1996,25231528
"Suriname","Population, total",1996,438830
"Sweden","Population, total",1996,8840998
"Switzerland","Population, total",1996,7071850
"Syrian Arab Republic","Population, total",1996,15018104
"Tajikistan","Population, total",1996,6066523
"Tanzania","Population, total",1996,30945762
"Thailand","Population, total",1996,59920064
"Timor-Leste","Population, total",1996,892282
"Togo","Population, total",1996,4577860
"Tonga","Population, total",1996,100275
"Trinidad and Tobago","Population, total",1996,1300928
"Tunisia","Population, total",1996,9294432
"Turkiye","Population, total",1996,61951134
"Turkmenistan","Population, total",1996,4263819
"Turks and Caicos Islands","Population, total",1996,15765
"Tuvalu","Population, total",1996,9342
"Uganda","Population, total",1996,21231550
"Ukraine","Population, total",1996,51226109
"United Arab Emirates","Population, total",1996,2597564
"United Kingdom","Population, total",1996,58166950
"United States","Population, total",1996,269394000
"Uruguay","Population, total",1996,3206324
"Uzbekistan","Population, total",1996,23351981
"Vanuatu","Population, total",1996,170911
"Venezuela, RB","Population, total",1996,22662113
"Viet Nam","Population, total",1996,73156447
"Virgin Islands (U.S.)","Population, total",1996,108095
"West Bank and Gaza","Population, total",1996,2587997
"Yemen, Rep.","Population, total",1996,17313177
"Zambia","Population, total",1996,9004053
"Zimbabwe","Population, total",1996,11158360
"Africa Eastern and Southern","Population, total",1997,375646235
"Africa Western and Central","Population, total",1997,253207584
"Arab World","Population, total",1997,266565183
"Caribbean small states","Population, total",1997,3861673
"Central Electricity Board (CEB)","Population, total",1997,109422013
"Early-demographic dividend","Population, total",1997,2369042441
"East Asia & Pacific","Population, total",1997,1988067577
"East Asia & Pacific (excluding high income)","Population, total",1997,1760512371
"East Asia & Pacific (IDA & IBRD)","Population, total",1997,1737429846
"Euro area","Population, total",1997,323306275
"Europe & Central Asia","Population, total",1997,862335056
"Europe & Central Asia (excluding high income)","Population, total",1997,216672059
"Europe & Central Asia (IDA & IBRD)","Population, total",1997,438638046
"European Union","Population, total",1997,427547651
"Fragile and conflict affected situations","Population, total",1997,579354582
"Heavily indebted poor countries (HIPC)","Population, total",1997,443196153
"High income","Population, total",1997,1236130404
"IBRD only","Population, total",1997,3832391543
"IDA & IBRD total","Population, total",1997,4884731621
"IDA blend","Population, total",1997,364489851
"IDA only","Population, total",1997,687850227
"IDA total","Population, total",1997,1052340078
"Late-demographic dividend","Population, total",1997,1991505992
"Latin America & Caribbean","Population, total",1997,497097004
"Latin America & Caribbean (excluding high income)","Population, total",1997,442282724
"Latin America & Caribbean (IDA & IBRD)","Population, total",1997,481555614
"Least developed countries: UN classification","Population, total",1997,625267815
"Low & middle income","Population, total",1997,4587799929
"Low income","Population, total",1997,297416997
"Lower middle income","Population, total",1997,1999429097
"Middle East and North Africa","Population, total",1997,460864078
"Middle East & North Africa (excluding high income)","Population, total",1997,432334916
"Middle East & North Africa (IDA & IBRD)","Population, total",1997,429628398
"Middle income","Population, total",1997,4290382932
"North America","Population, total",1997,302623125
"OECD members","Population, total",1997,1176191803
"Other small states","Population, total",1997,9618823
"Pacific island small states","Population, total",1997,1954642
"Post-demographic dividend","Population, total",1997,1006102041
"Pre-demographic dividend","Population, total",1997,516729805
"Small states","Population, total",1997,15435138
"South Asia","Population, total",1997,1168625898
"South Asia (IDA & IBRD)","Population, total",1997,1168625898
"Sub-Saharan Africa","Population, total",1997,628853819
"Sub-Saharan Africa (excluding high income)","Population, total",1997,567371961
"Sub-Saharan Africa (IDA & IBRD)","Population, total",1997,628853819
"Upper middle income","Population, total",1997,2290953835
"World","Population, total",1997,5908466557
"Afghanistan","Population, total",1997,18452091
"Albania","Population, total",1997,3148281
"Algeria","Population, total",1997,29579301
"American Samoa","Population, total",1997,54362
"Andorra","Population, total",1997,64700
"Angola","Population, total",1997,14660413
"Antigua and Barbuda","Population, total",1997,71053
"Argentina","Population, total",1997,35947791
"Armenia","Population, total",1997,3246289
"Aruba","Population, total",1997,86301
"Australia","Population, total",1997,18423037
"Austria","Population, total",1997,7968041
"Azerbaijan","Population, total",1997,7838250
"Bahamas, The","Population, total",1997,310904
"Bahrain","Population, total",1997,589115
"Bangladesh","Population, total",1997,127198069
"Barbados","Population, total",1997,262392
"Belarus","Population, total",1997,10117433
"Belgium","Population, total",1997,10181245
"Belize","Population, total",1997,217446
"Benin","Population, total",1997,6583365
"Bermuda","Population, total",1997,60177
"Bhutan","Population, total",1997,558697
"Bolivia","Population, total",1997,8167900
"Bosnia and Herzegovina","Population, total",1997,4018227
"Botswana","Population, total",1997,1571691
"Brazil","Population, total",1997,166661659
"British Virgin Islands","Population, total",1997,18756
"Brunei Darussalam","Population, total",1997,305341
"Bulgaria","Population, total",1997,8312068
"Burkina Faso","Population, total",1997,10934223
"Burundi","Population, total",1997,6070042
"Cabo Verde","Population, total",1997,432798
"Cambodia","Population, total",1997,11570982
"Cameroon","Population, total",1997,13775214
"Canada","Population, total",1997,29905948
"Cayman Islands","Population, total",1997,35543
"Central African Republic","Population, total",1997,3531700
"Chad","Population, total",1997,7670366
"Channel Islands","Population, total",1997,146214
"Chile","Population, total",1997,14932434
"China","Population, total",1997,1230075000
"Colombia","Population, total",1997,37121149
"Comoros","Population, total",1997,507777
"Congo, Dem. Rep.","Population, total",1997,46029902
"Congo, Rep.","Population, total",1997,2887862
"Costa Rica","Population, total",1997,3701711
"Cote d'Ivoire","Population, total",1997,16047170
"Croatia","Population, total",1997,4534920
"Cuba","Population, total",1997,10997934
"Curacao","Population, total",1997,146956
"Cyprus","Population, total",1997,897568
"Czechia","Population, total",1997,10304131
"Denmark","Population, total",1997,5284991
"Djibouti","Population, total",1997,671817
"Dominica","Population, total",1997,69299
"Dominican Republic","Population, total",1997,8174078
"Ecuador","Population, total",1997,12031127
"Egypt, Arab Rep.","Population, total",1997,68431740
"El Salvador","Population, total",1997,5844578
"Equatorial Guinea","Population, total",1997,616893
"Eritrea","Population, total",1997,2152135
"Estonia","Population, total",1997,1399535
"Eswatini","Population, total",1997,1006635
"Ethiopia","Population, total",1997,61404539
"Faroe Islands","Population, total",1997,44131
"Fiji","Population, total",1997,812139
"Finland","Population, total",1997,5139835
"France","Population, total",1997,59968066
"French Polynesia","Population, total",1997,229121
"Gabon","Population, total",1997,1181439
"Gambia, The","Population, total",1997,1338889
"Georgia","Population, total",1997,4349913
"Germany","Population, total",1997,82034771
"Ghana","Population, total",1997,18238958
"Gibraltar","Population, total",1997,27582
"Greece","Population, total",1997,10661259
"Greenland","Population, total",1997,56000
"Grenada","Population, total",1997,105293
"Guam","Population, total",1997,154215
"Guatemala","Population, total",1997,10857754
"Guinea","Population, total",1997,7931370
"Guinea-Bissau","Population, total",1997,1165545
"Guyana","Population, total",1997,762245
"Haiti","Population, total",1997,7854298
"Honduras","Population, total",1997,6071454
"Hong Kong SAR, China","Population, total",1997,6489300
"Hungary","Population, total",1997,10290486
"Iceland","Population, total",1997,271128
"India","Population, total",1997,999133762
"Indonesia","Population, total",1997,206536095
"Iran, Islamic Rep.","Population, total",1997,63639638
"Iraq","Population, total",1997,22176593
"Ireland","Population, total",1997,3674171
"Isle of Man","Population, total",1997,72909
"Israel","Population, total",1997,5836000
"Italy","Population, total",1997,56890372
"Jamaica","Population, total",1997,2547848
"Japan","Population, total",1997,126057000
"Jordan","Population, total",1997,5046285
"Kazakhstan","Population, total",1997,16043251
"Kenya","Population, total",1997,28101768
"Kiribati","Population, total",1997,84147
"Korea, Dem. People's Rep.","Population, total",1997,23110830
"Korea, Rep.","Population, total",1997,45953580
"Kosovo","Population, total",1997,2197284
"Kuwait","Population, total",1997,1787683
"Kyrgyz Republic","Population, total",1997,4696421
"Lao PDR","Population, total",1997,5152011
"Latvia","Population, total",1997,2432851
"Lebanon","Population, total",1997,4108405
"Lesotho","Population, total",1997,1988130
"Liberia","Population, total",1997,2412989
"Libya","Population, total",1997,5064639
"Liechtenstein","Population, total",1997,31232
"Lithuania","Population, total",1997,3575137
"Luxembourg","Population, total",1997,419450
"Macao SAR, China","Population, total",1997,417300
"Madagascar","Population, total",1997,14990814
"Malawi","Population, total",1997,10562035
"Malaysia","Population, total",1997,21375218
"Maldives","Population, total",1997,267707
"Mali","Population, total",1997,10646495
"Malta","Population, total",1997,382791
"Marshall Islands","Population, total",1997,49259
"Mauritania","Population, total",1997,2411306
"Mauritius","Population, total",1997,1148284
"Mexico","Population, total",1997,94021207
"Micronesia, Fed. Sts.","Population, total",1997,111071
"Moldova","Population, total",1997,2936413
"Monaco","Population, total",1997,32063
"Mongolia","Population, total",1997,2291750
"Montenegro","Population, total",1997,609520
"Morocco","Population, total",1997,27213337
"Mozambique","Population, total",1997,16949982
"Myanmar","Population, total",1997,43708798
"Namibia","Population, total",1997,1689264
"Nauru","Population, total",1997,10197
"Nepal","Population, total",1997,23219463
"Netherlands","Population, total",1997,15610650
"New Caledonia","Population, total",1997,209560
"New Zealand","Population, total",1997,3781300
"Nicaragua","Population, total",1997,4809573
"Niger","Population, total",1997,10383969
"Nigeria","Population, total",1997,116754792
"North Macedonia","Population, total",1997,1996869
"Northern Mariana Islands","Population, total",1997,56596
"Norway","Population, total",1997,4405157
"Oman","Population, total",1997,2190720
"Pakistan","Population, total",1997,142531804
"Palau","Population, total",1997,18108
"Panama","Population, total",1997,2836695
"Papua New Guinea","Population, total",1997,4987883
"Paraguay","Population, total",1997,4794412
"Peru","Population, total",1997,25274147
"Philippines","Population, total",1997,73908810
"Poland","Population, total",1997,38649660
"Portugal","Population, total",1997,10108977
"Puerto Rico","Population, total",1997,3759430
"Qatar","Population, total",1997,550500
"Romania","Population, total",1997,22553978
"Russian Federation","Population, total",1997,147915361
"Rwanda","Population, total",1997,7755238
"Samoa","Population, total",1997,177547
"San Marino","Population, total",1997,25800
"Sao Tome and Principe","Population, total",1997,138922
"Saudi Arabia","Population, total",1997,14374943
"Senegal","Population, total",1997,9283495
"Serbia","Population, total",1997,7598538
"Seychelles","Population, total",1997,77319
"Sierra Leone","Population, total",1997,4253716
"Singapore","Population, total",1997,3796038
"Sint Maarten (Dutch part)","Population, total",1997,31404
"Slovak Republic","Population, total",1997,5383291
"Slovenia","Population, total",1997,1985956
"Solomon Islands","Population, total",1997,407474
"Somalia","Population, total",1997,7824525
"South Africa","Population, total",1997,45666838
"South Sudan","Population, total",1997,5509136
"Spain","Population, total",1997,40057389
"Sri Lanka","Population, total",1997,18248200
"St. Kitts and Nevis","Population, total",1997,43428
"St. Lucia","Population, total",1997,152569
"St. Martin (French part)","Population, total",1997,29323
"St. Vincent and the Grenadines","Population, total",1997,113141
"Sudan","Population, total",1997,25799821
"Suriname","Population, total",1997,448067
"Sweden","Population, total",1997,8846062
"Switzerland","Population, total",1997,7088906
"Syrian Arab Republic","Population, total",1997,15417542
"Tajikistan","Population, total",1997,6139829
"Tanzania","Population, total",1997,31578089
"Thailand","Population, total",1997,60724584
"Timor-Leste","Population, total",1997,917184
"Togo","Population, total",1997,4725030
"Tonga","Population, total",1997,100674
"Trinidad and Tobago","Population, total",1997,1305836
"Tunisia","Population, total",1997,9421270
"Turkiye","Population, total",1997,62852966
"Turkmenistan","Population, total",1997,4336730
"Turks and Caicos Islands","Population, total",1997,16482
"Tuvalu","Population, total",1997,9400
"Uganda","Population, total",1997,21856046
"Ukraine","Population, total",1997,50786885
"United Arab Emirates","Population, total",1997,2817410
"United Kingdom","Population, total",1997,58316954
"United States","Population, total",1997,272657000
"Uruguay","Population, total",1997,3223345
"Uzbekistan","Population, total",1997,23758960
"Vanuatu","Population, total",1997,174626
"Venezuela, RB","Population, total",1997,23131685
"Viet Nam","Population, total",1997,74226889
"Virgin Islands (U.S.)","Population, total",1997,108357
"West Bank and Gaza","Population, total",1997,2706518
"Yemen, Rep.","Population, total",1997,17873936
"Zambia","Population, total",1997,9237063
"Zimbabwe","Population, total",1997,11369827
"Africa Eastern and Southern","Population, total",1998,385505757
"Africa Western and Central","Population, total",1998,260297834
"Arab World","Population, total",1998,273094199
"Caribbean small states","Population, total",1998,3893594
"Central Electricity Board (CEB)","Population, total",1998,109238340
"Early-demographic dividend","Population, total",1998,2416119734
"East Asia & Pacific","Population, total",1998,2010443502
"East Asia & Pacific (excluding high income)","Population, total",1998,1781546477
"East Asia & Pacific (IDA & IBRD)","Population, total",1998,1758263635
"Euro area","Population, total",1998,323976358
"Europe & Central Asia","Population, total",1998,863317613
"Europe & Central Asia (excluding high income)","Population, total",1998,217104725
"Europe & Central Asia (IDA & IBRD)","Population, total",1998,438735255
"European Union","Population, total",1998,428120105
"Fragile and conflict affected situations","Population, total",1998,592889780
"Heavily indebted poor countries (HIPC)","Population, total",1998,455939263
"High income","Population, total",1998,1242897726
"IBRD only","Population, total",1998,3884078902
"IDA & IBRD total","Population, total",1998,4963254080
"IDA blend","Population, total",1998,374262946
"IDA only","Population, total",1998,704912232
"IDA total","Population, total",1998,1079175178
"Late-demographic dividend","Population, total",1998,2010169496
"Latin America & Caribbean","Population, total",1998,504952583
"Latin America & Caribbean (excluding high income)","Population, total",1998,449283157
"Latin America & Caribbean (IDA & IBRD)","Population, total",1998,489346270
"Least developed countries: UN classification","Population, total",1998,641401023
"Low & middle income","Population, total",1998,4664177477
"Low income","Population, total",1998,305718387
"Lower middle income","Population, total",1998,2041752501
"Middle East and North Africa","Population, total",1998,472047033
"Middle East & North Africa (excluding high income)","Population, total",1998,442475967
"Middle East & North Africa (IDA & IBRD)","Population, total",1998,439699399
"Middle income","Population, total",1998,4358459090
"North America","Population, total",1998,306069812
"OECD members","Population, total",1998,1184928348
"Other small states","Population, total",1998,9746302
"Pacific island small states","Population, total",1998,1984859
"Post-demographic dividend","Population, total",1998,1011086034
"Pre-demographic dividend","Population, total",1998,531450214
"Small states","Population, total",1998,15624755
"South Asia","Population, total",1998,1191405930
"South Asia (IDA & IBRD)","Population, total",1998,1191405930
"Sub-Saharan Africa","Population, total",1998,645803591
"Sub-Saharan Africa (excluding high income)","Population, total",1998,582361221
"Sub-Saharan Africa (IDA & IBRD)","Population, total",1998,645803591
"Upper middle income","Population, total",1998,2316706589
"World","Population, total",1998,5994040064
"Afghanistan","Population, total",1998,19159996
"Albania","Population, total",1998,3128530
"Algeria","Population, total",1998,30054133
"American Samoa","Population, total",1998,55334
"Andorra","Population, total",1998,65382
"Angola","Population, total",1998,15159370
"Antigua and Barbuda","Population, total",1998,72412
"Argentina","Population, total",1998,36372860
"Armenia","Population, total",1998,3208401
"Aruba","Population, total",1998,88451
"Australia","Population, total",1998,18607584
"Austria","Population, total",1998,7976789
"Azerbaijan","Population, total",1998,7913000
"Bahamas, The","Population, total",1998,315368
"Bahrain","Population, total",1998,604842
"Bangladesh","Population, total",1998,129622332
"Barbados","Population, total",1998,262436
"Belarus","Population, total",1998,10071963
"Belgium","Population, total",1998,10203008
"Belize","Population, total",1998,225173
"Benin","Population, total",1998,6789489
"Bermuda","Population, total",1998,60639
"Bhutan","Population, total",1998,569435
"Bolivia","Population, total",1998,8313394
"Bosnia and Herzegovina","Population, total",1998,4089356
"Botswana","Population, total",1998,1606899
"Brazil","Population, total",1998,169159655
"British Virgin Islands","Population, total",1998,19238
"Brunei Darussalam","Population, total",1998,312385
"Bulgaria","Population, total",1998,8256786
"Burkina Faso","Population, total",1998,11240664
"Burundi","Population, total",1998,6187108
"Cabo Verde","Population, total",1998,439784
"Cambodia","Population, total",1998,12058173
"Cameroon","Population, total",1998,14144860
"Canada","Population, total",1998,30155173
"Cayman Islands","Population, total",1998,36922
"Central African Republic","Population, total",1998,3628827
"Chad","Population, total",1998,7938840
"Channel Islands","Population, total",1998,146906
"Chile","Population, total",1998,15127799
"China","Population, total",1998,1241935000
"Colombia","Population, total",1998,37792165
"Comoros","Population, total",1998,516597
"Congo, Dem. Rep.","Population, total",1998,47297600
"Congo, Rep.","Population, total",1998,2952061
"Costa Rica","Population, total",1998,3782838
"Cote d'Ivoire","Population, total",1998,16663948
"Croatia","Population, total",1998,4532135
"Cuba","Population, total",1998,11034712
"Curacao","Population, total",1998,144472
"Cyprus","Population, total",1998,914548
"Czechia","Population, total",1998,10294373
"Denmark","Population, total",1998,5304219
"Djibouti","Population, total",1998,699352
"Dominica","Population, total",1998,69124
"Dominican Republic","Population, total",1998,8310362
"Ecuador","Population, total",1998,12251184
"Egypt, Arab Rep.","Population, total",1998,69943294
"El Salvador","Population, total",1998,5880781
"Equatorial Guinea","Population, total",1998,641474
"Eritrea","Population, total",1998,2180419
"Estonia","Population, total",1998,1386156
"Eswatini","Population, total",1998,1019653
"Ethiopia","Population, total",1998,63363524
"Faroe Islands","Population, total",1998,44674
"Fiji","Population, total",1998,822258
"Finland","Population, total",1998,5153498
"France","Population, total",1998,60190684
"French Polynesia","Population, total",1998,232891
"Gabon","Population, total",1998,1211736
"Gambia, The","Population, total",1998,1376987
"Georgia","Population, total",1998,4243607
"Germany","Population, total",1998,82047195
"Ghana","Population, total",1998,18688036
"Gibraltar","Population, total",1998,27650
"Greece","Population, total",1998,10720509
"Greenland","Population, total",1998,56100
"Grenada","Population, total",1998,106009
"Guam","Population, total",1998,156237
"Guatemala","Population, total",1998,11139145
"Guinea","Population, total",1998,8081990
"Guinea-Bissau","Population, total",1998,1187473
"Guyana","Population, total",1998,763586
"Haiti","Population, total",1998,8002143
"Honduras","Population, total",1998,6234431
"Hong Kong SAR, China","Population, total",1998,6543700
"Hungary","Population, total",1998,10266570
"Iceland","Population, total",1998,274047
"India","Population, total",1998,1018665080
"Indonesia","Population, total",1998,209826788
"Iran, Islamic Rep.","Population, total",1998,64519859
"Iraq","Population, total",1998,22884399
"Ireland","Population, total",1998,3712696
"Isle of Man","Population, total",1998,73861
"Israel","Population, total",1998,5971000
"Italy","Population, total",1998,56906744
"Jamaica","Population, total",1998,2569736
"Japan","Population, total",1998,126400000
"Jordan","Population, total",1998,5164284
"Kazakhstan","Population, total",1998,15647785
"Kenya","Population, total",1998,28888057
"Kiribati","Population, total",1998,85657
"Korea, Dem. People's Rep.","Population, total",1998,23311564
"Korea, Rep.","Population, total",1998,46286503
"Kosovo","Population, total",1998,2078964
"Kuwait","Population, total",1998,1844302
"Kyrgyz Republic","Population, total",1998,4769015
"Lao PDR","Population, total",1998,5248266
"Latvia","Population, total",1998,2410019
"Lebanon","Population, total",1998,4181281
"Lesotho","Population, total",1998,1998049
"Liberia","Population, total",1998,2670124
"Libya","Population, total",1998,5140704
"Liechtenstein","Population, total",1998,31668
"Lithuania","Population, total",1998,3549331
"Luxembourg","Population, total",1998,424700
"Macao SAR, China","Population, total",1998,422300
"Madagascar","Population, total",1998,15489364
"Malawi","Population, total",1998,10792876
"Malaysia","Population, total",1998,21906713
"Maldives","Population, total",1998,272723
"Mali","Population, total",1998,10919573
"Malta","Population, total",1998,385287
"Marshall Islands","Population, total",1998,49717
"Mauritania","Population, total",1998,2474651
"Mauritius","Population, total",1998,1160421
"Mexico","Population, total",1998,95575245
"Micronesia, Fed. Sts.","Population, total",1998,111377
"Moldova","Population, total",1998,2935227
"Monaco","Population, total",1998,32267
"Mongolia","Population, total",1998,2323809
"Montenegro","Population, total",1998,607662
"Morocco","Population, total",1998,27621648
"Mozambique","Population, total",1998,17340464
"Myanmar","Population, total",1998,44257793
"Namibia","Population, total",1998,1732745
"Nauru","Population, total",1998,10198
"Nepal","Population, total",1998,23680357
"Netherlands","Population, total",1998,15707209
"New Caledonia","Population, total",1998,214047
"New Zealand","Population, total",1998,3815000
"Nicaragua","Population, total",1998,4883655
"Niger","Population, total",1998,10741413
"Nigeria","Population, total",1998,119846254
"North Macedonia","Population, total",1998,2007523
"Northern Mariana Islands","Population, total",1998,61337
"Norway","Population, total",1998,4431464
"Oman","Population, total",1998,2222489
"Pakistan","Population, total",1998,146522356
"Palau","Population, total",1998,18524
"Panama","Population, total",1998,2893914
"Papua New Guinea","Population, total",1998,5166390
"Paraguay","Population, total",1998,4900025
"Peru","Population, total",1998,25738095
"Philippines","Population, total",1998,75791024
"Poland","Population, total",1998,38663481
"Portugal","Population, total",1998,10160196
"Puerto Rico","Population, total",1998,3781101
"Qatar","Population, total",1998,580540
"Romania","Population, total",1998,22507344
"Russian Federation","Population, total",1998,147670784
"Rwanda","Population, total",1998,8081681
"Samoa","Population, total",1998,178905
"San Marino","Population, total",1998,26125
"Sao Tome and Principe","Population, total",1998,140751
"Saudi Arabia","Population, total",1998,14922185
"Senegal","Population, total",1998,9502952
"Serbia","Population, total",1998,7567745
"Seychelles","Population, total",1998,78846
"Sierra Leone","Population, total",1998,4295785
"Singapore","Population, total",1998,3927213
"Sint Maarten (Dutch part)","Population, total",1998,31193
"Slovak Republic","Population, total",1998,5390516
"Slovenia","Population, total",1998,1981629
"Solomon Islands","Population, total",1998,419071
"Somalia","Population, total",1998,8155417
"South Africa","Population, total",1998,46223880
"South Sudan","Population, total",1998,5620068
"Spain","Population, total",1998,40223509
"Sri Lanka","Population, total",1998,18596003
"St. Kitts and Nevis","Population, total",1998,43998
"St. Lucia","Population, total",1998,154677
"St. Martin (French part)","Population, total",1998,29107
"St. Vincent and the Grenadines","Population, total",1998,113180
"Sudan","Population, total",1998,26458999
"Suriname","Population, total",1998,457406
"Sweden","Population, total",1998,8850974
"Switzerland","Population, total",1998,7110001
"Syrian Arab Republic","Population, total",1998,15820413
"Tajikistan","Population, total",1998,6176397
"Tanzania","Population, total",1998,32420458
"Thailand","Population, total",1998,61522630
"Timor-Leste","Population, total",1998,942530
"Togo","Population, total",1998,4860913
"Tonga","Population, total",1998,101388
"Trinidad and Tobago","Population, total",1998,1310225
"Tunisia","Population, total",1998,9541667
"Turkiye","Population, total",1998,63734383
"Turkmenistan","Population, total",1998,4410507
"Turks and Caicos Islands","Population, total",1998,17212
"Tuvalu","Population, total",1998,9451
"Uganda","Population, total",1998,22515806
"Ukraine","Population, total",1998,50379731
"United Arab Emirates","Population, total",1998,3040421
"United Kingdom","Population, total",1998,58487141
"United States","Population, total",1998,275854000
"Uruguay","Population, total",1998,3239280
"Uzbekistan","Population, total",1998,24134929
"Vanuatu","Population, total",1998,178313
"Venezuela, RB","Population, total",1998,23601337
"Viet Nam","Population, total",1998,75299660
"Virgin Islands (U.S.)","Population, total",1998,108537
"West Bank and Gaza","Population, total",1998,2776568
"Yemen, Rep.","Population, total",1998,18446013
"Zambia","Population, total",1998,9482408
"Zimbabwe","Population, total",1998,11594297
"Africa Eastern and Southern","Population, total",1999,395750933
"Africa Western and Central","Population, total",1999,267506298
"Arab World","Population, total",1999,279709634
"Caribbean small states","Population, total",1999,3925229
"Central Electricity Board (CEB)","Population, total",1999,109060951
"Early-demographic dividend","Population, total",1999,2462704115
"East Asia & Pacific","Population, total",1999,2030912462
"East Asia & Pacific (excluding high income)","Population, total",1999,1800932833
"East Asia & Pacific (IDA & IBRD)","Population, total",1999,1777464322
"Euro area","Population, total",1999,324781951
"Europe & Central Asia","Population, total",1999,864306932
"Europe & Central Asia (excluding high income)","Population, total",1999,217579952
"Europe & Central Asia (IDA & IBRD)","Population, total",1999,438650260
"European Union","Population, total",1999,428825949
"Fragile and conflict affected situations","Population, total",1999,607064140
"Heavily indebted poor countries (HIPC)","Population, total",1999,469076891
"High income","Population, total",1999,1249367360
"IBRD only","Population, total",1999,3934521819
"IDA & IBRD total","Population, total",1999,5040645749
"IDA blend","Population, total",1999,384018319
"IDA only","Population, total",1999,722105611
"IDA total","Population, total",1999,1106123930
"Late-demographic dividend","Population, total",1999,2027628907
"Latin America & Caribbean","Population, total",1999,512730984
"Latin America & Caribbean (excluding high income)","Population, total",1999,456223550
"Latin America & Caribbean (IDA & IBRD)","Population, total",1999,497065139
"Least developed countries: UN classification","Population, total",1999,657616923
"Low & middle income","Population, total",1999,4739595823
"Low income","Population, total",1999,314325970
"Lower middle income","Population, total",1999,2083995762
"Middle East and North Africa","Population, total",1999,483430509
"Middle East & North Africa (excluding high income)","Population, total",1999,452793419
"Middle East & North Africa (IDA & IBRD)","Population, total",1999,449944988
"Middle income","Population, total",1999,4425269853
"North America","Population, total",1999,309502410
"OECD members","Population, total",1999,1193682861
"Other small states","Population, total",1999,9758520
"Pacific island small states","Population, total",1999,2014289
"Post-demographic dividend","Population, total",1999,1015990094
"Pre-demographic dividend","Population, total",1999,546890075
"Small states","Population, total",1999,15698038
"South Asia","Population, total",1999,1214263809
"South Asia (IDA & IBRD)","Population, total",1999,1214263809
"Sub-Saharan Africa","Population, total",1999,663257231
"Sub-Saharan Africa (excluding high income)","Population, total",1999,597802260
"Sub-Saharan Africa (IDA & IBRD)","Population, total",1999,663257231
"Upper middle income","Population, total",1999,2341274091
"World","Population, total",1999,6078404337
"Afghanistan","Population, total",1999,19887785
"Albania","Population, total",1999,3108778
"Algeria","Population, total",1999,30474354
"American Samoa","Population, total",1999,56248
"Andorra","Population, total",1999,65710
"Angola","Population, total",1999,15667235
"Antigua and Barbuda","Population, total",1999,73666
"Argentina","Population, total",1999,36794682
"Armenia","Population, total",1999,3167286
"Aruba","Population, total",1999,89659
"Australia","Population, total",1999,18812264
"Austria","Population, total",1999,7992324
"Azerbaijan","Population, total",1999,7982750
"Bahamas, The","Population, total",1999,319614
"Bahrain","Population, total",1999,620989
"Bangladesh","Population, total",1999,132108065
"Barbados","Population, total",1999,262517
"Belarus","Population, total",1999,10026738
"Belgium","Population, total",1999,10226419
"Belize","Population, total",1999,233059
"Benin","Population, total",1999,7002818
"Bermuda","Population, total",1999,61124
"Bhutan","Population, total",1999,582579
"Bolivia","Population, total",1999,8459806
"Bosnia and Herzegovina","Population, total",1999,4130305
"Botswana","Population, total",1999,1641997
"Brazil","Population, total",1999,171641543
"British Virgin Islands","Population, total",1999,19730
"Brunei Darussalam","Population, total",1999,319411
"Bulgaria","Population, total",1999,8210624
"Burkina Faso","Population, total",1999,11574928
"Burundi","Population, total",1999,6337155
"Cabo Verde","Population, total",1999,446519
"Cambodia","Population, total",1999,12265731
"Cameroon","Population, total",1999,14525140
"Canada","Population, total",1999,30401286
"Cayman Islands","Population, total",1999,38284
"Central African Republic","Population, total",1999,3729450
"Chad","Population, total",1999,8222705
"Channel Islands","Population, total",1999,147554
"Chile","Population, total",1999,15319313
"China","Population, total",1999,1252735000
"Colombia","Population, total",1999,38454863
"Comoros","Population, total",1999,525886
"Congo, Dem. Rep.","Population, total",1999,48912971
"Congo, Rep.","Population, total",1999,3032874
"Costa Rica","Population, total",1999,3862101
"Cote d'Ivoire","Population, total",1999,17215935
"Croatia","Population, total",1999,4512597
"Cuba","Population, total",1999,11072230
"Curacao","Population, total",1999,139428
"Cyprus","Population, total",1999,931234
"Czechia","Population, total",1999,10283860
"Denmark","Population, total",1999,5321799
"Djibouti","Population, total",1999,724218
"Dominica","Population, total",1999,68870
"Dominican Republic","Population, total",1999,8446208
"Ecuador","Population, total",1999,12470795
"Egypt, Arab Rep.","Population, total",1999,71520954
"El Salvador","Population, total",1999,5913900
"Equatorial Guinea","Population, total",1999,667214
"Eritrea","Population, total",1999,2212780
"Estonia","Population, total",1999,1390244
"Eswatini","Population, total",1999,1030782
"Ethiopia","Population, total",1999,65374561
"Faroe Islands","Population, total",1999,45146
"Fiji","Population, total",1999,831828
"Finland","Population, total",1999,5165474
"France","Population, total",1999,60501986
"French Polynesia","Population, total",1999,236595
"Gabon","Population, total",1999,1243016
"Gambia, The","Population, total",1999,1415779
"Georgia","Population, total",1999,4157192
"Germany","Population, total",1999,82100243
"Ghana","Population, total",1999,19149864
"Gibraltar","Population, total",1999,27692
"Greece","Population, total",1999,10761698
"Greenland","Population, total",1999,56100
"Grenada","Population, total",1999,106727
"Guam","Population, total",1999,158289
"Guatemala","Population, total",1999,11422965
"Guinea","Population, total",1999,8265123
"Guinea-Bissau","Population, total",1999,1210206
"Guyana","Population, total",1999,764483
"Haiti","Population, total",1999,8151296
"Honduras","Population, total",1999,6400463
"Hong Kong SAR, China","Population, total",1999,6606500
"Hungary","Population, total",1999,10237530
"Iceland","Population, total",1999,277381
"India","Population, total",1999,1038225823
"Indonesia","Population, total",1999,213004668
"Iran, Islamic Rep.","Population, total",1999,65445391
"Iraq","Population, total",1999,23636527
"Ireland","Population, total",1999,3754786
"Isle of Man","Population, total",1999,74790
"Israel","Population, total",1999,6125000
"Italy","Population, total",1999,56916317
"Jamaica","Population, total",1999,2589795
"Japan","Population, total",1999,126631000
"Jordan","Population, total",1999,5276444
"Kazakhstan","Population, total",1999,15455874
"Kenya","Population, total",1999,29733408
"Kiribati","Population, total",1999,87126
"Korea, Dem. People's Rep.","Population, total",1999,23497599
"Korea, Rep.","Population, total",1999,46616677
"Kosovo","Population, total",1999,1871524
"Kuwait","Population, total",1999,1900030
"Kyrgyz Republic","Population, total",1999,4840422
"Lao PDR","Population, total",1999,5340784
"Latvia","Population, total",1999,2390482
"Lebanon","Population, total",1999,4255277
"Lesotho","Population, total",1999,2003234
"Liberia","Population, total",1999,2821684
"Libya","Population, total",1999,5218038
"Liechtenstein","Population, total",1999,32221
"Lithuania","Population, total",1999,3524238
"Luxembourg","Population, total",1999,430475
"Macao SAR, China","Population, total",1999,427400
"Madagascar","Population, total",1999,16000506
"Malawi","Population, total",1999,11047804
"Malaysia","Population, total",1999,22435531
"Maldives","Population, total",1999,277412
"Mali","Population, total",1999,11227415
"Malta","Population, total",1999,387578
"Marshall Islands","Population, total",1999,50202
"Mauritania","Population, total",1999,2541698
"Mauritius","Population, total",1999,1175267
"Mexico","Population, total",1999,97115707
"Micronesia, Fed. Sts.","Population, total",1999,111680
"Moldova","Population, total",1999,2930622
"Monaco","Population, total",1999,32410
"Mongolia","Population, total",1999,2356813
"Montenegro","Population, total",1999,606001
"Morocco","Population, total",1999,28027179
"Mozambique","Population, total",1999,17734506
"Myanmar","Population, total",1999,44787724
"Namibia","Population, total",1999,1776368
"Nauru","Population, total",1999,10187
"Nepal","Population, total",1999,24125199
"Netherlands","Population, total",1999,15812088
"New Caledonia","Population, total",1999,218527
"New Zealand","Population, total",1999,3835100
"Nicaragua","Population, total",1999,4954018
"Niger","Population, total",1999,11117411
"Nigeria","Population, total",1999,123047320
"North Macedonia","Population, total",1999,2017142
"Northern Mariana Islands","Population, total",1999,65916
"Norway","Population, total",1999,4461913
"Oman","Population, total",1999,2252909
"Pakistan","Population, total",1999,150565377
"Palau","Population, total",1999,18901
"Panama","Population, total",1999,2951822
"Papua New Guinea","Population, total",1999,5349333
"Paraguay","Population, total",1999,5003135
"Peru","Population, total",1999,26186504
"Philippines","Population, total",1999,77753257
"Poland","Population, total",1999,38660271
"Portugal","Population, total",1999,10217828
"Puerto Rico","Population, total",1999,3800081
"Qatar","Population, total",1999,612500
"Romania","Population, total",1999,22472040
"Russian Federation","Population, total",1999,147214776
"Rwanda","Population, total",1999,8147912
"Samoa","Population, total",1999,180275
"San Marino","Population, total",1999,26459
"Sao Tome and Principe","Population, total",1999,142442
"Saudi Arabia","Population, total",1999,15472075
"Senegal","Population, total",1999,9730887
"Serbia","Population, total",1999,7540401
"Seychelles","Population, total",1999,80410
"Sierra Leone","Population, total",1999,4318043
"Singapore","Population, total",1999,3958723
"Sint Maarten (Dutch part)","Population, total",1999,30977
"Slovak Republic","Population, total",1999,5396020
"Slovenia","Population, total",1999,1983045
"Solomon Islands","Population, total",1999,430500
"Somalia","Population, total",1999,8492059
"South Africa","Population, total",1999,46730335
"South Sudan","Population, total",1999,5771628
"Spain","Population, total",1999,40386875
"Sri Lanka","Population, total",1999,18944731
"St. Kitts and Nevis","Population, total",1999,44601
"St. Lucia","Population, total",1999,156702
"St. Martin (French part)","Population, total",1999,29284
"St. Vincent and the Grenadines","Population, total",1999,113366
"Sudan","Population, total",1999,27130613
"Suriname","Population, total",1999,466916
"Sweden","Population, total",1999,8857874
"Switzerland","Population, total",1999,7143991
"Syrian Arab Republic","Population, total",1999,16228061
"Tajikistan","Population, total",1999,6208370
"Tanzania","Population, total",1999,33300330
"Thailand","Population, total",1999,62299043
"Timor-Leste","Population, total",1999,834697
"Togo","Population, total",1999,5000269
"Tonga","Population, total",1999,102046
"Trinidad and Tobago","Population, total",1999,1314708
"Tunisia","Population, total",1999,9655963
"Turkiye","Population, total",1999,64591923
"Turkmenistan","Population, total",1999,4492170
"Turks and Caicos Islands","Population, total",1999,17959
"Tuvalu","Population, total",1999,9496
"Uganda","Population, total",1999,23257281
"Ukraine","Population, total",1999,49976446
"United Arab Emirates","Population, total",1999,3266009
"United Kingdom","Population, total",1999,58682466
"United States","Population, total",1999,279040000
"Uruguay","Population, total",1999,3254015
"Uzbekistan","Population, total",1999,24476008
"Vanuatu","Population, total",1999,182048
"Venezuela, RB","Population, total",1999,24066593
"Viet Nam","Population, total",1999,76287452
"Virgin Islands (U.S.)","Population, total",1999,108599
"West Bank and Gaza","Population, total",1999,2848431
"Yemen, Rep.","Population, total",1999,19029420
"Zambia","Population, total",1999,9740005
"Zimbabwe","Population, total",1999,11783458
"Africa Eastern and Southern","Population, total",2000,406156661
"Africa Western and Central","Population, total",2000,274968446
"Arab World","Population, total",2000,286548096
"Caribbean small states","Population, total",2000,3956229
"Central Electricity Board (CEB)","Population, total",2000,108447824
"Early-demographic dividend","Population, total",2000,2509431470
"East Asia & Pacific","Population, total",2000,2050149617
"East Asia & Pacific (excluding high income)","Population, total",2000,1819011507
"East Asia & Pacific (IDA & IBRD)","Population, total",2000,1795374943
"Euro area","Population, total",2000,325789631
"Europe & Central Asia","Population, total",2000,865392479
"Europe & Central Asia (excluding high income)","Population, total",2000,218486598
"Europe & Central Asia (IDA & IBRD)","Population, total",2000,438423541
"European Union","Population, total",2000,429339162
"Fragile and conflict affected situations","Population, total",2000,621080692
"Heavily indebted poor countries (HIPC)","Population, total",2000,481984327
"High income","Population, total",2000,1255696330
"IBRD only","Population, total",2000,3983328255
"IDA & IBRD total","Population, total",2000,5116723507
"IDA blend","Population, total",2000,394129957
"IDA only","Population, total",2000,739265295
"IDA total","Population, total",2000,1133395252
"Late-demographic dividend","Population, total",2000,2043581322
"Latin America & Caribbean","Population, total",2000,520272118
"Latin America & Caribbean (excluding high income)","Population, total",2000,462953688
"Latin America & Caribbean (IDA & IBRD)","Population, total",2000,504556065
"Least developed countries: UN classification","Population, total",2000,673630102
"Low & middle income","Population, total",2000,4814250279
"Low income","Population, total",2000,322668237
"Lower middle income","Population, total",2000,2126559759
"Middle East and North Africa","Population, total",2000,494850317
"Middle East & North Africa (excluding high income)","Population, total",2000,462980522
"Middle East & North Africa (IDA & IBRD)","Population, total",2000,460058369
"Middle income","Population, total",2000,4491582042
"North America","Population, total",2000,312909691
"OECD members","Population, total",2000,1202226474
"Other small states","Population, total",2000,9788238
"Pacific island small states","Population, total",2000,2042274
"Post-demographic dividend","Population, total",2000,1021150563
"Pre-demographic dividend","Population, total",2000,562428025
"Small states","Population, total",2000,15786741
"South Asia","Population, total",2000,1237185482
"South Asia (IDA & IBRD)","Population, total",2000,1237185482
"Sub-Saharan Africa","Population, total",2000,681125107
"Sub-Saharan Africa (excluding high income)","Population, total",2000,613632482
"Sub-Saharan Africa (IDA & IBRD)","Population, total",2000,681125107
"Upper middle income","Population, total",2000,2365022283
"World","Population, total",2000,6161884811
"Afghanistan","Population, total",2000,20130327
"Albania","Population, total",2000,3089027
"Algeria","Population, total",2000,30903893
"American Samoa","Population, total",2000,56855
"Andorra","Population, total",2000,65685
"Angola","Population, total",2000,16194869
"Antigua and Barbuda","Population, total",2000,74912
"Argentina","Population, total",2000,37213984
"Armenia","Population, total",2000,3221100
"Aruba","Population, total",2000,90588
"Australia","Population, total",2000,19028802
"Austria","Population, total",2000,8011566
"Azerbaijan","Population, total",2000,8048600
"Bahamas, The","Population, total",2000,323835
"Bahrain","Population, total",2000,637582
"Bangladesh","Population, total",2000,134544304
"Barbados","Population, total",2000,262063
"Belarus","Population, total",2000,9979610
"Belgium","Population, total",2000,10251250
"Belize","Population, total",2000,240799
"Benin","Population, total",2000,7221619
"Bermuda","Population, total",2000,61550
"Bhutan","Population, total",2000,596863
"Bolivia","Population, total",2000,8606326
"Bosnia and Herzegovina","Population, total",2000,4159771
"Botswana","Population, total",2000,1677382
"Brazil","Population, total",2000,174018282
"British Virgin Islands","Population, total",2000,20241
"Brunei Darussalam","Population, total",2000,326424
"Bulgaria","Population, total",2000,8170172
"Burkina Faso","Population, total",2000,11925546
"Burundi","Population, total",2000,6470194
"Cabo Verde","Population, total",2000,453317
"Cambodia","Population, total",2000,12462336
"Cameroon","Population, total",2000,14912631
"Canada","Population, total",2000,30685730
"Cayman Islands","Population, total",2000,39674
"Central African Republic","Population, total",2000,3833416
"Chad","Population, total",2000,8512093
"Channel Islands","Population, total",2000,148110
"Chile","Population, total",2000,15503635
"China","Population, total",2000,1262645000
"Colombia","Population, total",2000,39089934
"Comoros","Population, total",2000,536080
"Congo, Dem. Rep.","Population, total",2000,50507442
"Congo, Rep.","Population, total",2000,3151345
"Costa Rica","Population, total",2000,3937739
"Cote d'Ivoire","Population, total",2000,17699004
"Croatia","Population, total",2000,4468302
"Cuba","Population, total",2000,11109109
"Curacao","Population, total",2000,133860
"Cyprus","Population, total",2000,947667
"Czechia","Population, total",2000,10255063
"Denmark","Population, total",2000,5339616
"Djibouti","Population, total",2000,747318
"Dominica","Population, total",2000,68511
"Dominican Republic","Population, total",2000,8584190
"Ecuador","Population, total",2000,12689206
"Egypt, Arab Rep.","Population, total",2000,73083284
"El Salvador","Population, total",2000,5943366
"Equatorial Guinea","Population, total",2000,703279
"Eritrea","Population, total",2000,2247031
"Estonia","Population, total",2000,1396985
"Eswatini","Population, total",2000,1041414
"Ethiopia","Population, total",2000,67411494
"Faroe Islands","Population, total",2000,45754
"Fiji","Population, total",2000,840909
"Finland","Population, total",2000,5176209
"France","Population, total",2000,60918661
"French Polynesia","Population, total",2000,240337
"Gabon","Population, total",2000,1275572
"Gambia, The","Population, total",2000,1455084
"Georgia","Population, total",2000,4077131
"Germany","Population, total",2000,82211508
"Ghana","Population, total",2000,19637087
"Gibraltar","Population, total",2000,27709
"Greece","Population, total",2000,10805808
"Greenland","Population, total",2000,56185
"Grenada","Population, total",2000,107451
"Guam","Population, total",2000,160065
"Guatemala","Population, total",2000,11697592
"Guinea","Population, total",2000,8428832
"Guinea-Bissau","Population, total",2000,1234741
"Guyana","Population, total",2000,764832
"Haiti","Population, total",2000,8303151
"Honduras","Population, total",2000,6577773
"Hong Kong SAR, China","Population, total",2000,6665000
"Hungary","Population, total",2000,10210971
"Iceland","Population, total",2000,281205
"India","Population, total",2000,1057922733
"Indonesia","Population, total",2000,216077790
"Iran, Islamic Rep.","Population, total",2000,66418659
"Iraq","Population, total",2000,24424056
"Ireland","Population, total",2000,3805174
"Isle of Man","Population, total",2000,75659
"Israel","Population, total",2000,6289000
"Italy","Population, total",2000,56942108
"Jamaica","Population, total",2000,2607826
"Japan","Population, total",2000,126843000
"Jordan","Population, total",2000,5386945
"Kazakhstan","Population, total",2000,15501103
"Kenya","Population, total",2000,30642890
"Kiribati","Population, total",2000,88613
"Korea, Dem. People's Rep.","Population, total",2000,23665910
"Korea, Rep.","Population, total",2000,47008111
"Kosovo","Population, total",2000,1802493
"Kuwait","Population, total",2000,1954709
"Kyrgyz Republic","Population, total",2000,4898362
"Lao PDR","Population, total",2000,5431212
"Latvia","Population, total",2000,2367550
"Lebanon","Population, total",2000,4329340
"Lesotho","Population, total",2000,2003913
"Liberia","Population, total",2000,2928117
"Libya","Population, total",2000,5305021
"Liechtenstein","Population, total",2000,32645
"Lithuania","Population, total",2000,3499536
"Luxembourg","Population, total",2000,436300
"Macao SAR, China","Population, total",2000,430600
"Madagascar","Population, total",2000,16516338
"Malawi","Population, total",2000,11315942
"Malaysia","Population, total",2000,22967816
"Maldives","Population, total",2000,282019
"Mali","Population, total",2000,11559290
"Malta","Population, total",2000,390087
"Marshall Islands","Population, total",2000,50706
"Mauritania","Population, total",2000,2613441
"Mauritius","Population, total",2000,1186873
"Mexico","Population, total",2000,98625552
"Micronesia, Fed. Sts.","Population, total",2000,112044
"Moldova","Population, total",2000,2924668
"Monaco","Population, total",2000,32455
"Mongolia","Population, total",2000,2388299
"Montenegro","Population, total",2000,604950
"Morocco","Population, total",2000,28423435
"Mozambique","Population, total",2000,18129653
"Myanmar","Population, total",2000,45290841
"Namibia","Population, total",2000,1818647
"Nauru","Population, total",2000,10168
"Nepal","Population, total",2000,24546509
"Netherlands","Population, total",2000,15925513
"New Caledonia","Population, total",2000,223098
"New Zealand","Population, total",2000,3857700
"Nicaragua","Population, total",2000,5022633
"Niger","Population, total",2000,11509630
"Nigeria","Population, total",2000,126382494
"North Macedonia","Population, total",2000,2026350
"Northern Mariana Islands","Population, total",2000,68356
"Norway","Population, total",2000,4490967
"Oman","Population, total",2000,2282131
"Pakistan","Population, total",2000,154879127
"Palau","Population, total",2000,19178
"Panama","Population, total",2000,3010369
"Papua New Guinea","Population, total",2000,5537064
"Paraguay","Population, total",2000,5100868
"Peru","Population, total",2000,26598331
"Philippines","Population, total",2000,79625397
"Poland","Population, total",2000,38258629
"Portugal","Population, total",2000,10289898
"Puerto Rico","Population, total",2000,3810605
"Qatar","Population, total",2000,644989
"Romania","Population, total",2000,22442971
"Russian Federation","Population, total",2000,146596869
"Rwanda","Population, total",2000,8213931
"Samoa","Population, total",2000,181685
"San Marino","Population, total",2000,26799
"Sao Tome and Principe","Population, total",2000,144018
"Saudi Arabia","Population, total",2000,16177722
"Senegal","Population, total",2000,9968260
"Serbia","Population, total",2000,7516346
"Seychelles","Population, total",2000,81131
"Sierra Leone","Population, total",2000,4423611
"Singapore","Population, total",2000,4027887
"Sint Maarten (Dutch part)","Population, total",2000,30773
"Slovak Republic","Population, total",2000,5388720
"Slovenia","Population, total",2000,1988925
"Solomon Islands","Population, total",2000,440469
"Somalia","Population, total",2000,8838713
"South Africa","Population, total",2000,47159719
"South Sudan","Population, total",2000,6032267
"Spain","Population, total",2000,40567864
"Sri Lanka","Population, total",2000,19293054
"St. Kitts and Nevis","Population, total",2000,45248
"St. Lucia","Population, total",2000,158616
"St. Martin (French part)","Population, total",2000,29996
"St. Vincent and the Grenadines","Population, total",2000,113545
"Sudan","Population, total",2000,27816745
"Suriname","Population, total",2000,476643
"Sweden","Population, total",2000,8872109
"Switzerland","Population, total",2000,7184250
"Syrian Arab Republic","Population, total",2000,16637888
"Tajikistan","Population, total",2000,6284735
"Tanzania","Population, total",2000,34260139
"Thailand","Population, total",2000,63007815
"Timor-Leste","Population, total",2000,745088
"Togo","Population, total",2000,5140037
"Tonga","Population, total",2000,102677
"Trinidad and Tobago","Population, total",2000,1319774
"Tunisia","Population, total",2000,9764935
"Turkiye","Population, total",2000,65425961
"Turkmenistan","Population, total",2000,4582677
"Turks and Caicos Islands","Population, total",2000,18730
"Tuvalu","Population, total",2000,9544
"Uganda","Population, total",2000,24000150
"Ukraine","Population, total",2000,49556660
"United Arab Emirates","Population, total",2000,3493575
"United Kingdom","Population, total",2000,58892514
"United States","Population, total",2000,282162411
"Uruguay","Population, total",2000,3266206
"Uzbekistan","Population, total",2000,24787054
"Vanuatu","Population, total",2000,186281
"Venezuela, RB","Population, total",2000,24526708
"Viet Nam","Population, total",2000,77154011
"Virgin Islands (U.S.)","Population, total",2000,108642
"West Bank and Gaza","Population, total",2000,2922153
"Yemen, Rep.","Population, total",2000,19624141
"Zambia","Population, total",2000,10017631
"Zimbabwe","Population, total",2000,11892055
"Africa Eastern and Southern","Population, total",2001,416807868
"Africa Western and Central","Population, total",2001,282780717
"Arab World","Population, total",2001,293580252
"Caribbean small states","Population, total",2001,3987087
"Central Electricity Board (CEB)","Population, total",2001,107660041
"Early-demographic dividend","Population, total",2001,2556335424
"East Asia & Pacific","Population, total",2001,2068682053
"East Asia & Pacific (excluding high income)","Population, total",2001,1836260943
"East Asia & Pacific (IDA & IBRD)","Population, total",2001,1812475067
"Euro area","Population, total",2001,326861195
"Europe & Central Asia","Population, total",2001,866590696
"Europe & Central Asia (excluding high income)","Population, total",2001,219435056
"Europe & Central Asia (IDA & IBRD)","Population, total",2001,438100368
"European Union","Population, total",2001,429909307
"Fragile and conflict affected situations","Population, total",2001,635481068
"Heavily indebted poor countries (HIPC)","Population, total",2001,495197350
"High income","Population, total",2001,1262093741
"IBRD only","Population, total",2001,4031080605
"IDA & IBRD total","Population, total",2001,5192348770
"IDA blend","Population, total",2001,404662385
"IDA only","Population, total",2001,756605780
"IDA total","Population, total",2001,1161268165
"Late-demographic dividend","Population, total",2001,2058600486
"Latin America & Caribbean","Population, total",2001,527572583
"Latin America & Caribbean (excluding high income)","Population, total",2001,469463143
"Latin America & Caribbean (IDA & IBRD)","Population, total",2001,511809816
"Least developed countries: UN classification","Population, total",2001,689878805
"Low & middle income","Population, total",2001,4888551481
"Low income","Population, total",2001,331269527
"Lower middle income","Population, total",2001,2169474338
"Middle East and North Africa","Population, total",2001,506478256
"Middle East & North Africa (excluding high income)","Population, total",2001,473223662
"Middle East & North Africa (IDA & IBRD)","Population, total",2001,470225878
"Middle income","Population, total",2001,4557281954
"North America","Population, total",2001,316051677
"OECD members","Population, total",2001,1211109104
"Other small states","Population, total",2001,9961679
"Pacific island small states","Population, total",2001,2069097
"Post-demographic dividend","Population, total",2001,1026105872
"Pre-demographic dividend","Population, total",2001,578587390
"Small states","Population, total",2001,16017863
"South Asia","Population, total",2001,1260149056
"South Asia (IDA & IBRD)","Population, total",2001,1260149056
"Sub-Saharan Africa","Population, total",2001,699588585
"Sub-Saharan Africa (excluding high income)","Population, total",2001,630019621
"Sub-Saharan Africa (IDA & IBRD)","Population, total",2001,699588585
"Upper middle income","Population, total",2001,2387807616
"World","Population, total",2001,6245112906
"Afghanistan","Population, total",2001,20284307
"Albania","Population, total",2001,3060173
"Algeria","Population, total",2001,31331221
"American Samoa","Population, total",2001,57053
"Andorra","Population, total",2001,65852
"Angola","Population, total",2001,16747208
"Antigua and Barbuda","Population, total",2001,76069
"Argentina","Population, total",2001,37624825
"Armenia","Population, total",2001,3211800
"Aruba","Population, total",2001,91439
"Australia","Population, total",2001,19274701
"Austria","Population, total",2001,8042293
"Azerbaijan","Population, total",2001,8111200
"Bahamas, The","Population, total",2001,327836
"Bahrain","Population, total",2001,661316
"Bangladesh","Population, total",2001,136805810
"Barbados","Population, total",2001,262425
"Belarus","Population, total",2001,9928549
"Belgium","Population, total",2001,10286570
"Belize","Population, total",2001,248379
"Benin","Population, total",2001,7445596
"Bermuda","Population, total",2001,61867
"Bhutan","Population, total",2001,610794
"Bolivia","Population, total",2001,8752736
"Bosnia and Herzegovina","Population, total",2001,4179438
"Botswana","Population, total",2001,1712254
"Brazil","Population, total",2001,176301203
"British Virgin Islands","Population, total",2001,20796
"Brunei Darussalam","Population, total",2001,333345
"Bulgaria","Population, total",2001,8009142
"Burkina Faso","Population, total",2001,12295001
"Burundi","Population, total",2001,6634365
"Cabo Verde","Population, total",2001,460293
"Cambodia","Population, total",2001,12658484
"Cameroon","Population, total",2001,15309490
"Canada","Population, total",2001,31020855
"Cayman Islands","Population, total",2001,41089
"Central African Republic","Population, total",2001,3919487
"Chad","Population, total",2001,8804124
"Channel Islands","Population, total",2001,148850
"Chile","Population, total",2001,15683849
"China","Population, total",2001,1271850000
"Colombia","Population, total",2001,39709262
"Comoros","Population, total",2001,547220
"Congo, Dem. Rep.","Population, total",2001,52132646
"Congo, Rep.","Population, total",2001,3272537
"Costa Rica","Population, total",2001,4008947
"Cote d'Ivoire","Population, total",2001,18178913
"Croatia","Population, total",2001,4299642
"Cuba","Population, total",2001,11144132
"Curacao","Population, total",2001,129047
"Cyprus","Population, total",2001,964127
"Czechia","Population, total",2001,10216605
"Denmark","Population, total",2001,5358783
"Djibouti","Population, total",2001,771313
"Dominica","Population, total",2001,68288
"Dominican Republic","Population, total",2001,8720283
"Ecuador","Population, total",2001,12910740
"Egypt, Arab Rep.","Population, total",2001,74652029
"El Salvador","Population, total",2001,5968060
"Equatorial Guinea","Population, total",2001,749836
"Eritrea","Population, total",2001,2312079
"Estonia","Population, total",2001,1388115
"Eswatini","Population, total",2001,1051064
"Ethiopia","Population, total",2001,69487762
"Faroe Islands","Population, total",2001,46635
"Fiji","Population, total",2001,849596
"Finland","Population, total",2001,5188008
"France","Population, total",2001,61364377
"French Polynesia","Population, total",2001,244097
"Gabon","Population, total",2001,1309589
"Gambia, The","Population, total",2001,1495011
"Georgia","Population, total",2001,4014373
"Germany","Population, total",2001,82349925
"Ghana","Population, total",2001,20167069
"Gibraltar","Population, total",2001,27657
"Greece","Population, total",2001,10862132
"Greenland","Population, total",2001,56379
"Grenada","Population, total",2001,107987
"Guam","Population, total",2001,161329
"Guatemala","Population, total",2001,11969422
"Guinea","Population, total",2001,8539960
"Guinea-Bissau","Population, total",2001,1261273
"Guyana","Population, total",2001,764477
"Haiti","Population, total",2001,8455918
"Honduras","Population, total",2001,6757993
"Hong Kong SAR, China","Population, total",2001,6714300
"Hungary","Population, total",2001,10187576
"Iceland","Population, total",2001,284968
"India","Population, total",2001,1077898575
"Indonesia","Population, total",2001,219097902
"Iran, Islamic Rep.","Population, total",2001,67452005
"Iraq","Population, total",2001,25197840
"Ireland","Population, total",2001,3866243
"Isle of Man","Population, total",2001,76476
"Israel","Population, total",2001,6439000
"Italy","Population, total",2001,56976981
"Jamaica","Population, total",2001,2624403
"Japan","Population, total",2001,127149000
"Jordan","Population, total",2001,5498894
"Kazakhstan","Population, total",2001,15575550
"Kenya","Population, total",2001,31619170
"Kiribati","Population, total",2001,90335
"Korea, Dem. People's Rep.","Population, total",2001,23815358
"Korea, Rep.","Population, total",2001,47370164
"Kosovo","Population, total",2001,1820009
"Kuwait","Population, total",2001,2008121
"Kyrgyz Republic","Population, total",2001,4945073
"Lao PDR","Population, total",2001,5521482
"Latvia","Population, total",2001,2337170
"Lebanon","Population, total",2001,4401918
"Lesotho","Population, total",2001,2000853
"Liberia","Population, total",2001,3015338
"Libya","Population, total",2001,5403639
"Liechtenstein","Population, total",2001,33194
"Lithuania","Population, total",2001,3470818
"Luxembourg","Population, total",2001,441525
"Macao SAR, China","Population, total",2001,433900
"Madagascar","Population, total",2001,17032939
"Malawi","Population, total",2001,11593058
"Malaysia","Population, total",2001,23526538
"Maldives","Population, total",2001,286767
"Mali","Population, total",2001,11912158
"Malta","Population, total",2001,393028
"Marshall Islands","Population, total",2001,51123
"Mauritania","Population, total",2001,2678760
"Mauritius","Population, total",2001,1196287
"Mexico","Population, total",2001,100099099
"Micronesia, Fed. Sts.","Population, total",2001,112365
"Moldova","Population, total",2001,2918135
"Monaco","Population, total",2001,32447
"Mongolia","Population, total",2001,2417751
"Montenegro","Population, total",2001,607389
"Morocco","Population, total",2001,28814643
"Mozambique","Population, total",2001,18537729
"Myanmar","Population, total",2001,45771139
"Namibia","Population, total",2001,1857048
"Nauru","Population, total",2001,10130
"Nepal","Population, total",2001,24946748
"Netherlands","Population, total",2001,16046180
"New Caledonia","Population, total",2001,227707
"New Zealand","Population, total",2001,3880500
"Nicaragua","Population, total",2001,5087825
"Niger","Population, total",2001,11920647
"Nigeria","Population, total",2001,129862595
"North Macedonia","Population, total",2001,2034882
"Northern Mariana Islands","Population, total",2001,67984
"Norway","Population, total",2001,4513751
"Oman","Population, total",2001,2310217
"Pakistan","Population, total",2001,159270907
"Palau","Population, total",2001,19352
"Panama","Population, total",2001,3069537
"Papua New Guinea","Population, total",2001,5728435
"Paraguay","Population, total",2001,5187689
"Peru","Population, total",2001,26964601
"Philippines","Population, total",2001,81401488
"Poland","Population, total",2001,38248076
"Portugal","Population, total",2001,10362722
"Puerto Rico","Population, total",2001,3818774
"Qatar","Population, total",2001,677925
"Romania","Population, total",2001,22131970
"Russian Federation","Population, total",2001,145976482
"Rwanda","Population, total",2001,8287094
"Samoa","Population, total",2001,183166
"San Marino","Population, total",2001,27143
"Sao Tome and Principe","Population, total",2001,146375
"Saudi Arabia","Population, total",2001,17041397
"Senegal","Population, total",2001,10212942
"Serbia","Population, total",2001,7503433
"Seychelles","Population, total",2001,81202
"Sierra Leone","Population, total",2001,4692716
"Singapore","Population, total",2001,4138012
"Sint Maarten (Dutch part)","Population, total",2001,30726
"Slovak Republic","Population, total",2001,5378867
"Slovenia","Population, total",2001,1992060
"Solomon Islands","Population, total",2001,449125
"Somalia","Population, total",2001,9198493
"South Africa","Population, total",2001,47566800
"South Sudan","Population, total",2001,6308391
"Spain","Population, total",2001,40850412
"Sri Lanka","Population, total",2001,19600362
"St. Kitts and Nevis","Population, total",2001,45761
"St. Lucia","Population, total",2001,160237
"St. Martin (French part)","Population, total",2001,30803
"St. Vincent and the Grenadines","Population, total",2001,113501
"Sudan","Population, total",2001,28516770
"Suriname","Population, total",2001,486560
"Sweden","Population, total",2001,8895960
"Switzerland","Population, total",2001,7229854
"Syrian Arab Republic","Population, total",2001,17051338
"Tajikistan","Population, total",2001,6407377
"Tanzania","Population, total",2001,35198299
"Thailand","Population, total",2001,63651141
"Timor-Leste","Population, total",2001,812249
"Togo","Population, total",2001,5277382
"Tonga","Population, total",2001,103288
"Trinidad and Tobago","Population, total",2001,1325567
"Tunisia","Population, total",2001,9869677
"Turkiye","Population, total",2001,66245128
"Turkmenistan","Population, total",2001,4675409
"Turks and Caicos Islands","Population, total",2001,19576
"Tuvalu","Population, total",2001,9586
"Uganda","Population, total",2001,24745676
"Ukraine","Population, total",2001,49106855
"United Arab Emirates","Population, total",2001,3723590
"United Kingdom","Population, total",2001,59119673
"United States","Population, total",2001,284968955
"Uruguay","Population, total",2001,3274251
"Uzbekistan","Population, total",2001,25090283
"Vanuatu","Population, total",2001,191031
"Venezuela, RB","Population, total",2001,24979922
"Viet Nam","Population, total",2001,77969361
"Virgin Islands (U.S.)","Population, total",2001,108549
"West Bank and Gaza","Population, total",2001,2997784
"Yemen, Rep.","Population, total",2001,20226147
"Zambia","Population, total",2001,10325185
"Zimbabwe","Population, total",2001,11971901
"Africa Eastern and Southern","Population, total",2002,427820358
"Africa Western and Central","Population, total",2002,290841795
"Arab World","Population, total",2002,300691509
"Caribbean small states","Population, total",2002,4018796
"Central Electricity Board (CEB)","Population, total",2002,106959751
"Early-demographic dividend","Population, total",2002,2601917557
"East Asia & Pacific","Population, total",2002,2086144389
"East Asia & Pacific (excluding high income)","Population, total",2002,1852659155
"East Asia & Pacific (IDA & IBRD)","Population, total",2002,1828744767
"Euro area","Population, total",2002,328469678
"Europe & Central Asia","Population, total",2002,868234843
"Europe & Central Asia (excluding high income)","Population, total",2002,220400259
"Europe & Central Asia (IDA & IBRD)","Population, total",2002,437806951
"European Union","Population, total",2002,430924112
"Fragile and conflict affected situations","Population, total",2002,651226758
"Heavily indebted poor countries (HIPC)","Population, total",2002,509679981
"High income","Population, total",2002,1268559564
"IBRD only","Population, total",2002,4077229003
"IDA & IBRD total","Population, total",2002,5267145775
"IDA blend","Population, total",2002,414935066
"IDA only","Population, total",2002,774981706
"IDA total","Population, total",2002,1189916772
"Late-demographic dividend","Population, total",2002,2072599555
"Latin America & Caribbean","Population, total",2002,534691591
"Latin America & Caribbean (excluding high income)","Population, total",2002,475799008
"Latin America & Caribbean (IDA & IBRD)","Population, total",2002,518881965
"Least developed countries: UN classification","Population, total",2002,707266809
"Low & middle income","Population, total",2002,4961926647
"Low income","Population, total",2002,341035328
"Lower middle income","Population, total",2002,2211549617
"Middle East and North Africa","Population, total",2002,518193093
"Middle East & North Africa (excluding high income)","Population, total",2002,483540516
"Middle East & North Africa (IDA & IBRD)","Population, total",2002,480465143
"Middle income","Population, total",2002,4620891319
"North America","Population, total",2002,319046534
"OECD members","Population, total",2002,1220101353
"Other small states","Population, total",2002,10136134
"Pacific island small states","Population, total",2002,2095273
"Post-demographic dividend","Population, total",2002,1031302538
"Pre-demographic dividend","Population, total",2002,596114535
"Small states","Population, total",2002,16250203
"South Asia","Population, total",2002,1282584796
"South Asia (IDA & IBRD)","Population, total",2002,1282584796
"Sub-Saharan Africa","Population, total",2002,718662153
"Sub-Saharan Africa (excluding high income)","Population, total",2002,646942913
"Sub-Saharan Africa (IDA & IBRD)","Population, total",2002,718662153
"Upper middle income","Population, total",2002,2409341702
"World","Population, total",2002,6327557399
"Afghanistan","Population, total",2002,21378117
"Albania","Population, total",2002,3051010
"Algeria","Population, total",2002,31750835
"American Samoa","Population, total",2002,57062
"Andorra","Population, total",2002,66506
"Angola","Population, total",2002,17327699
"Antigua and Barbuda","Population, total",2002,77032
"Argentina","Population, total",2002,38029349
"Armenia","Population, total",2002,3199800
"Aruba","Population, total",2002,92074
"Australia","Population, total",2002,19495210
"Austria","Population, total",2002,8081957
"Azerbaijan","Population, total",2002,8171950
"Bahamas, The","Population, total",2002,331614
"Bahrain","Population, total",2002,710553
"Bangladesh","Population, total",2002,138933658
"Barbados","Population, total",2002,264148
"Belarus","Population, total",2002,9865548
"Belgium","Population, total",2002,10332785
"Belize","Population, total",2002,256009
"Benin","Population, total",2002,7675426
"Bermuda","Population, total",2002,62142
"Bhutan","Population, total",2002,624409
"Bolivia","Population, total",2002,8900355
"Bosnia and Herzegovina","Population, total",2002,4188002
"Botswana","Population, total",2002,1744763
"Brazil","Population, total",2002,178503484
"British Virgin Islands","Population, total",2002,21430
"Brunei Darussalam","Population, total",2002,340099
"Bulgaria","Population, total",2002,7837161
"Burkina Faso","Population, total",2002,12680897
"Burundi","Population, total",2002,6824132
"Cabo Verde","Population, total",2002,467046
"Cambodia","Population, total",2002,12855241
"Cameroon","Population, total",2002,15725528
"Canada","Population, total",2002,31359199
"Cayman Islands","Population, total",2002,42514
"Central African Republic","Population, total",2002,4006077
"Chad","Population, total",2002,9116192
"Channel Islands","Population, total",2002,149881
"Chile","Population, total",2002,15857925
"China","Population, total",2002,1280400000
"Colombia","Population, total",2002,40324680
"Comoros","Population, total",2002,558923
"Congo, Dem. Rep.","Population, total",2002,53750524
"Congo, Rep.","Population, total",2002,3350771
"Costa Rica","Population, total",2002,4075705
"Cote d'Ivoire","Population, total",2002,18654771
"Croatia","Population, total",2002,4302174
"Cuba","Population, total",2002,11177418
"Curacao","Population, total",2002,129205
"Cyprus","Population, total",2002,981440
"Czechia","Population, total",2002,10196916
"Denmark","Population, total",2002,5375931
"Djibouti","Population, total",2002,795574
"Dominica","Population, total",2002,68367
"Dominican Republic","Population, total",2002,8852235
"Ecuador","Population, total",2002,13138472
"Egypt, Arab Rep.","Population, total",2002,76239137
"El Salvador","Population, total",2002,5986631
"Equatorial Guinea","Population, total",2002,797957
"Eritrea","Population, total",2002,2392978
"Estonia","Population, total",2002,1379350
"Eswatini","Population, total",2002,1059441
"Ethiopia","Population, total",2002,71635517
"Faroe Islands","Population, total",2002,47335
"Fiji","Population, total",2002,858049
"Finland","Population, total",2002,5200598
"France","Population, total",2002,61812142
"French Polynesia","Population, total",2002,247775
"Gabon","Population, total",2002,1345135
"Gambia, The","Population, total",2002,1535691
"Georgia","Population, total",2002,3978515
"Germany","Population, total",2002,82488495
"Ghana","Population, total",2002,20729388
"Gibraltar","Population, total",2002,27831
"Greece","Population, total",2002,10902022
"Greenland","Population, total",2002,56595
"Grenada","Population, total",2002,108404
"Guam","Population, total",2002,162315
"Guatemala","Population, total",2002,12246915
"Guinea","Population, total",2002,8674066
"Guinea-Bissau","Population, total",2002,1289307
"Guyana","Population, total",2002,763652
"Haiti","Population, total",2002,8607641
"Honduras","Population, total",2002,6938859
"Hong Kong SAR, China","Population, total",2002,6744100
"Hungary","Population, total",2002,10158608
"Iceland","Population, total",2002,287523
"India","Population, total",2002,1097600380
"Indonesia","Population, total",2002,222088495
"Iran, Islamic Rep.","Population, total",2002,68011317
"Iraq","Population, total",2002,26006559
"Ireland","Population, total",2002,3931947
"Isle of Man","Population, total",2002,77275
"Israel","Population, total",2002,6570000
"Italy","Population, total",2002,57089824
"Jamaica","Population, total",2002,2640572
"Japan","Population, total",2002,127445000
"Jordan","Population, total",2002,5616066
"Kazakhstan","Population, total",2002,15656677
"Kenya","Population, total",2002,32629808
"Kiribati","Population, total",2002,92264
"Korea, Dem. People's Rep.","Population, total",2002,23943973
"Korea, Rep.","Population, total",2002,47644736
"Kosovo","Population, total",2002,1829462
"Kuwait","Population, total",2002,2059974
"Kyrgyz Republic","Population, total",2002,4990704
"Lao PDR","Population, total",2002,5610889
"Latvia","Population, total",2002,2310173
"Lebanon","Population, total",2002,4463504
"Lesotho","Population, total",2002,1994679
"Liberia","Population, total",2002,3094782
"Libya","Population, total",2002,5508410
"Liechtenstein","Population, total",2002,33694
"Lithuania","Population, total",2002,3443067
"Luxembourg","Population, total",2002,446175
"Macao SAR, China","Population, total",2002,438400
"Madagascar","Population, total",2002,17549913
"Malawi","Population, total",2002,11880440
"Malaysia","Population, total",2002,24102477
"Maldives","Population, total",2002,291616
"Mali","Population, total",2002,12288050
"Malta","Population, total",2002,395969
"Marshall Islands","Population, total",2002,51425
"Mauritania","Population, total",2002,2738655
"Mauritius","Population, total",2002,1204621
"Mexico","Population, total",2002,101548624
"Micronesia, Fed. Sts.","Population, total",2002,112448
"Moldova","Population, total",2002,2911385
"Monaco","Population, total",2002,32422
"Mongolia","Population, total",2002,2449027
"Montenegro","Population, total",2002,609828
"Morocco","Population, total",2002,29198142
"Mozambique","Population, total",2002,18958338
"Myanmar","Population, total",2002,46232653
"Namibia","Population, total",2002,1889970
"Nauru","Population, total",2002,10082
"Nepal","Population, total",2002,25328981
"Netherlands","Population, total",2002,16148929
"New Caledonia","Population, total",2002,232236
"New Zealand","Population, total",2002,3948500
"Nicaragua","Population, total",2002,5149909
"Niger","Population, total",2002,12349144
"Nigeria","Population, total",2002,133471989
"North Macedonia","Population, total",2002,2020157
"Northern Mariana Islands","Population, total",2002,66778
"Norway","Population, total",2002,4538159
"Oman","Population, total",2002,2337140
"Pakistan","Population, total",2002,163222549
"Palau","Population, total",2002,19503
"Panama","Population, total",2002,3129344
"Papua New Guinea","Population, total",2002,5924003
"Paraguay","Population, total",2002,5261328
"Peru","Population, total",2002,27288217
"Philippines","Population, total",2002,83068889
"Poland","Population, total",2002,38230364
"Portugal","Population, total",2002,10419631
"Puerto Rico","Population, total",2002,3823701
"Qatar","Population, total",2002,711205
"Romania","Population, total",2002,21730496
"Russian Federation","Population, total",2002,145306497
"Rwanda","Population, total",2002,8400180
"Samoa","Population, total",2002,184471
"San Marino","Population, total",2002,27491
"Sao Tome and Principe","Population, total",2002,149922
"Saudi Arabia","Population, total",2002,17910910
"Senegal","Population, total",2002,10466214
"Serbia","Population, total",2002,7500031
"Seychelles","Population, total",2002,83723
"Sierra Leone","Population, total",2002,4971435
"Singapore","Population, total",2002,4175950
"Sint Maarten (Dutch part)","Population, total",2002,30960
"Slovak Republic","Population, total",2002,5376912
"Slovenia","Population, total",2002,1994530
"Solomon Islands","Population, total",2002,457671
"Somalia","Population, total",2002,9550063
"South Africa","Population, total",2002,48019415
"South Sudan","Population, total",2002,6596806
"Spain","Population, total",2002,41431558
"Sri Lanka","Population, total",2002,19805752
"St. Kitts and Nevis","Population, total",2002,46020
"St. Lucia","Population, total",2002,161641
"St. Martin (French part)","Population, total",2002,31604
"St. Vincent and the Grenadines","Population, total",2002,113347
"Sudan","Population, total",2002,29228727
"Suriname","Population, total",2002,496551
"Sweden","Population, total",2002,8924958
"Switzerland","Population, total",2002,7284753
"Syrian Arab Republic","Population, total",2002,17468332
"Tajikistan","Population, total",2002,6531669
"Tanzania","Population, total",2002,36121304
"Thailand","Population, total",2002,64266437
"Timor-Leste","Population, total",2002,879159
"Togo","Population, total",2002,5413274
"Tonga","Population, total",2002,103874
"Trinidad and Tobago","Population, total",2002,1332011
"Tunisia","Population, total",2002,9971515
"Turkiye","Population, total",2002,67048795
"Turkmenistan","Population, total",2002,4769465
"Turks and Caicos Islands","Population, total",2002,20597
"Tuvalu","Population, total",2002,9623
"Uganda","Population, total",2002,25532870
"Ukraine","Population, total",2002,48677281
"United Arab Emirates","Population, total",2002,3956826
"United Kingdom","Population, total",2002,59370479
"United States","Population, total",2002,287625193
"Uruguay","Population, total",2002,3278867
"Uzbekistan","Population, total",2002,25399980
"Vanuatu","Population, total",2002,195863
"Venezuela, RB","Population, total",2002,25435671
"Viet Nam","Population, total",2002,78772224
"Virgin Islands (U.S.)","Population, total",2002,108509
"West Bank and Gaza","Population, total",2002,3075373
"Yemen, Rep.","Population, total",2002,20835086
"Zambia","Population, total",2002,10647949
"Zimbabwe","Population, total",2002,12087653
"Africa Eastern and Southern","Population, total",2003,439173286
"Africa Western and Central","Population, total",2003,299142845
"Arab World","Population, total",2003,307815105
"Caribbean small states","Population, total",2003,4050990
"Central Electricity Board (CEB)","Population, total",2003,106624167
"Early-demographic dividend","Population, total",2003,2647109296
"East Asia & Pacific","Population, total",2003,2102761941
"East Asia & Pacific (excluding high income)","Population, total",2003,1868409996
"East Asia & Pacific (IDA & IBRD)","Population, total",2003,1844349334
"Euro area","Population, total",2003,330286340
"Europe & Central Asia","Population, total",2003,870529446
"Europe & Central Asia (excluding high income)","Population, total",2003,221399692
"Europe & Central Asia (IDA & IBRD)","Population, total",2003,437905932
"European Union","Population, total",2003,432512916
"Fragile and conflict affected situations","Population, total",2003,667644273
"Heavily indebted poor countries (HIPC)","Population, total",2003,524773987
"High income","Population, total",2003,1275200577
"IBRD only","Population, total",2003,4122775918
"IDA & IBRD total","Population, total",2003,5341840046
"IDA blend","Population, total",2003,425311302
"IDA only","Population, total",2003,793752826
"IDA total","Population, total",2003,1219064128
"Late-demographic dividend","Population, total",2003,2086139068
"Latin America & Caribbean","Population, total",2003,541643365
"Latin America & Caribbean (excluding high income)","Population, total",2003,481977727
"Latin America & Caribbean (IDA & IBRD)","Population, total",2003,525787222
"Least developed countries: UN classification","Population, total",2003,725111768
"Low & middle income","Population, total",2003,5034824498
"Low income","Population, total",2003,351244442
"Lower middle income","Population, total",2003,2253206148
"Middle East and North Africa","Population, total",2003,530338988
"Middle East & North Africa (excluding high income)","Population, total",2003,494288606
"Middle East & North Africa (IDA & IBRD)","Population, total",2003,491133637
"Middle income","Population, total",2003,4683580056
"North America","Population, total",2003,321812780
"OECD members","Population, total",2003,1229012217
"Other small states","Population, total",2003,10269557
"Pacific island small states","Population, total",2003,2120592
"Post-demographic dividend","Population, total",2003,1036498631
"Pre-demographic dividend","Population, total",2003,614269146
"Small states","Population, total",2003,16441139
"South Asia","Population, total",2003,1304347790
"South Asia (IDA & IBRD)","Population, total",2003,1304347790
"Sub-Saharan Africa","Population, total",2003,738316131
"Sub-Saharan Africa (excluding high income)","Population, total",2003,664400687
"Sub-Saharan Africa (IDA & IBRD)","Population, total",2003,738316131
"Upper middle income","Population, total",2003,2430373908
"World","Population, total",2003,6409750441
"Afghanistan","Population, total",2003,22733049
"Albania","Population, total",2003,3039616
"Algeria","Population, total",2003,32175818
"American Samoa","Population, total",2003,56971
"Andorra","Population, total",2003,69486
"Angola","Population, total",2003,17943712
"Antigua and Barbuda","Population, total",2003,77884
"Argentina","Population, total",2003,38424282
"Armenia","Population, total",2003,3182500
"Aruba","Population, total",2003,93128
"Australia","Population, total",2003,19720737
"Austria","Population, total",2003,8121423
"Azerbaijan","Population, total",2003,8234100
"Bahamas, The","Population, total",2003,335618
"Bahrain","Population, total",2003,764517
"Bangladesh","Population, total",2003,140970351
"Barbados","Population, total",2003,265776
"Belarus","Population, total",2003,9796749
"Belgium","Population, total",2003,10376133
"Belize","Population, total",2003,263780
"Benin","Population, total",2003,7913070
"Bermuda","Population, total",2003,62386
"Bhutan","Population, total",2003,637663
"Bolivia","Population, total",2003,9050700
"Bosnia and Herzegovina","Population, total",2003,4178523
"Botswana","Population, total",2003,1775736
"Brazil","Population, total",2003,180622688
"British Virgin Islands","Population, total",2003,22134
"Brunei Darussalam","Population, total",2003,346637
"Bulgaria","Population, total",2003,7775327
"Burkina Faso","Population, total",2003,13082532
"Burundi","Population, total",2003,7043154
"Cabo Verde","Population, total",2003,473383
"Cambodia","Population, total",2003,13050968
"Cameroon","Population, total",2003,16160340
"Canada","Population, total",2003,31642461
"Cayman Islands","Population, total",2003,43934
"Central African Republic","Population, total",2003,4103086
"Chad","Population, total",2003,9487833
"Channel Islands","Population, total",2003,150960
"Chile","Population, total",2003,16024752
"China","Population, total",2003,1288400000
"Colombia","Population, total",2003,40937429
"Comoros","Population, total",2003,569798
"Congo, Dem. Rep.","Population, total",2003,55343867
"Congo, Rep.","Population, total",2003,3445753
"Costa Rica","Population, total",2003,4138784
"Cote d'Ivoire","Population, total",2003,19125542
"Croatia","Population, total",2003,4303399
"Cuba","Population, total",2003,11209383
"Curacao","Population, total",2003,131897
"Cyprus","Population, total",2003,999590
"Czechia","Population, total",2003,10193998
"Denmark","Population, total",2003,5390574
"Djibouti","Population, total",2003,813519
"Dominica","Population, total",2003,68531
"Dominican Republic","Population, total",2003,8980620
"Ecuador","Population, total",2003,13372306
"Egypt, Arab Rep.","Population, total",2003,77853548
"El Salvador","Population, total",2003,5998599
"Equatorial Guinea","Population, total",2003,847862
"Eritrea","Population, total",2003,2493903
"Estonia","Population, total",2003,1370720
"Eswatini","Population, total",2003,1066700
"Ethiopia","Population, total",2003,73832663
"Faroe Islands","Population, total",2003,48032
"Fiji","Population, total",2003,866286
"Finland","Population, total",2003,5213014
"France","Population, total",2003,62249855
"French Polynesia","Population, total",2003,251637
"Gabon","Population, total",2003,1382350
"Gambia, The","Population, total",2003,1577611
"Georgia","Population, total",2003,3951736
"Germany","Population, total",2003,82534176
"Ghana","Population, total",2003,21296705
"Gibraltar","Population, total",2003,28274
"Greece","Population, total",2003,10928070
"Greenland","Population, total",2003,56751
"Grenada","Population, total",2003,108884
"Guam","Population, total",2003,163137
"Guatemala","Population, total",2003,12525842
"Guinea","Population, total",2003,8870781
"Guinea-Bissau","Population, total",2003,1318806
"Guyana","Population, total",2003,763101
"Haiti","Population, total",2003,8759912
"Honduras","Population, total",2003,7119213
"Hong Kong SAR, China","Population, total",2003,6730800
"Hungary","Population, total",2003,10129552
"Iceland","Population, total",2003,289521
"India","Population, total",2003,1116803006
"Indonesia","Population, total",2003,225048008
"Iran, Islamic Rep.","Population, total",2003,68769340
"Iraq","Population, total",2003,26802659
"Ireland","Population, total",2003,3996521
"Isle of Man","Population, total",2003,78049
"Israel","Population, total",2003,6689700
"Italy","Population, total",2003,57399184
"Jamaica","Population, total",2003,2656623
"Japan","Population, total",2003,127718000
"Jordan","Population, total",2003,5741828
"Kazakhstan","Population, total",2003,15747380
"Kenya","Population, total",2003,33652223
"Kiribati","Population, total",2003,94175
"Korea, Dem. People's Rep.","Population, total",2003,24090380
"Korea, Rep.","Population, total",2003,47892330
"Kosovo","Population, total",2003,1826434
"Kuwait","Population, total",2003,2109881
"Kyrgyz Republic","Population, total",2003,5043308
"Lao PDR","Population, total",2003,5697945
"Latvia","Population, total",2003,2287955
"Lebanon","Population, total",2003,4525508
"Lesotho","Population, total",2003,1985059
"Liberia","Population, total",2003,3119532
"Libya","Population, total",2003,5619398
"Liechtenstein","Population, total",2003,34079
"Lithuania","Population, total",2003,3415213
"Luxembourg","Population, total",2003,451630
"Macao SAR, China","Population, total",2003,443600
"Madagascar","Population, total",2003,18071854
"Malawi","Population, total",2003,12181574
"Malaysia","Population, total",2003,24679602
"Maldives","Population, total",2003,296491
"Mali","Population, total",2003,12684955
"Malta","Population, total",2003,398582
"Marshall Islands","Population, total",2003,51639
"Mauritania","Population, total",2003,2802046
"Mauritius","Population, total",2003,1213370
"Mexico","Population, total",2003,102978515
"Micronesia, Fed. Sts.","Population, total",2003,112285
"Moldova","Population, total",2003,2903198
"Monaco","Population, total",2003,32374
"Mongolia","Population, total",2003,2480374
"Montenegro","Population, total",2003,612267
"Morocco","Population, total",2003,29571415
"Mozambique","Population, total",2003,19392475
"Myanmar","Population, total",2003,46667192
"Namibia","Population, total",2003,1917464
"Nauru","Population, total",2003,10059
"Nepal","Population, total",2003,25688758
"Netherlands","Population, total",2003,16225302
"New Caledonia","Population, total",2003,236678
"New Zealand","Population, total",2003,4027200
"Nicaragua","Population, total",2003,5210963
"Niger","Population, total",2003,12796984
"Nigeria","Population, total",2003,137202644
"North Macedonia","Population, total",2003,2022725
"Northern Mariana Islands","Population, total",2003,65421
"Norway","Population, total",2003,4564855
"Oman","Population, total",2003,2363796
"Pakistan","Population, total",2003,167110248
"Palau","Population, total",2003,19659
"Panama","Population, total",2003,3189807
"Papua New Guinea","Population, total",2003,6123997
"Paraguay","Population, total",2003,5326436
"Peru","Population, total",2003,27580490
"Philippines","Population, total",2003,84731835
"Poland","Population, total",2003,38204570
"Portugal","Population, total",2003,10458821
"Puerto Rico","Population, total",2003,3826095
"Qatar","Population, total",2003,744682
"Romania","Population, total",2003,21574326
"Russian Federation","Population, total",2003,144648618
"Rwanda","Population, total",2003,8586875
"Samoa","Population, total",2003,185430
"San Marino","Population, total",2003,27843
"Sao Tome and Principe","Population, total",2003,153814
"Saudi Arabia","Population, total",2003,18786767
"Senegal","Population, total",2003,10721176
"Serbia","Population, total",2003,7480591
"Seychelles","Population, total",2003,82781
"Sierra Leone","Population, total",2003,5177687
"Singapore","Population, total",2003,4114826
"Sint Maarten (Dutch part)","Population, total",2003,31327
"Slovak Republic","Population, total",2003,5373374
"Slovenia","Population, total",2003,1995733
"Solomon Islands","Population, total",2003,466154
"Somalia","Population, total",2003,9909157
"South Africa","Population, total",2003,48500348
"South Sudan","Population, total",2003,6903127
"Spain","Population, total",2003,42187645
"Sri Lanka","Population, total",2003,19951521
"St. Kitts and Nevis","Population, total",2003,46176
"St. Lucia","Population, total",2003,162976
"St. Martin (French part)","Population, total",2003,32395
"St. Vincent and the Grenadines","Population, total",2003,113141
"Sudan","Population, total",2003,29896035
"Suriname","Population, total",2003,506414
"Sweden","Population, total",2003,8958229
"Switzerland","Population, total",2003,7339001
"Syrian Arab Republic","Population, total",2003,17889296
"Tajikistan","Population, total",2003,6658575
"Tanzania","Population, total",2003,37089555
"Thailand","Population, total",2003,64868166
"Timor-Leste","Population, total",2003,916878
"Togo","Population, total",2003,5552167
"Tonga","Population, total",2003,104464
"Trinidad and Tobago","Population, total",2003,1338709
"Tunisia","Population, total",2003,10071632
"Turkiye","Population, total",2003,67831730
"Turkmenistan","Population, total",2003,4863865
"Turks and Caicos Islands","Population, total",2003,21727
"Tuvalu","Population, total",2003,9695
"Uganda","Population, total",2003,26352124
"Ukraine","Population, total",2003,48315136
"United Arab Emirates","Population, total",2003,4192457
"United Kingdom","Population, total",2003,59647577
"United States","Population, total",2003,290107933
"Uruguay","Population, total",2003,3281186
"Uzbekistan","Population, total",2003,25711259
"Vanuatu","Population, total",2003,200746
"Venezuela, RB","Population, total",2003,25892703
"Viet Nam","Population, total",2003,79563777
"Virgin Islands (U.S.)","Population, total",2003,108505
"West Bank and Gaza","Population, total",2003,3154969
"Yemen, Rep.","Population, total",2003,21456379
"Zambia","Population, total",2003,10983595
"Zimbabwe","Population, total",2003,12232323
"Africa Eastern and Southern","Population, total",2004,450928044
"Africa Western and Central","Population, total",2004,307725100
"Arab World","Population, total",2004,315060277
"Caribbean small states","Population, total",2004,4080569
"Central Electricity Board (CEB)","Population, total",2004,106331716
"Early-demographic dividend","Population, total",2004,2693184997
"East Asia & Pacific","Population, total",2004,2118747885
"East Asia & Pacific (excluding high income)","Population, total",2004,1883675167
"East Asia & Pacific (IDA & IBRD)","Population, total",2004,1859450104
"Euro area","Population, total",2004,332140117
"Europe & Central Asia","Population, total",2004,873069464
"Europe & Central Asia (excluding high income)","Population, total",2004,222413290
"Europe & Central Asia (IDA & IBRD)","Population, total",2004,438136036
"European Union","Population, total",2004,434193248
"Fragile and conflict affected situations","Population, total",2004,684007365
"Heavily indebted poor countries (HIPC)","Population, total",2004,539803501
"High income","Population, total",2004,1282168195
"IBRD only","Population, total",2004,4168676771
"IDA & IBRD total","Population, total",2004,5417128229
"IDA blend","Population, total",2004,436147454
"IDA only","Population, total",2004,812304004
"IDA total","Population, total",2004,1248451458
"Late-demographic dividend","Population, total",2004,2099412663
"Latin America & Caribbean","Population, total",2004,548455563
"Latin America & Caribbean (excluding high income)","Population, total",2004,488032486
"Latin America & Caribbean (IDA & IBRD)","Population, total",2004,532556401
"Least developed countries: UN classification","Population, total",2004,742717957
"Low & middle income","Population, total",2004,5108183576
"Low income","Population, total",2004,361305645
"Lower middle income","Population, total",2004,2295275996
"Middle East and North Africa","Population, total",2004,543086512
"Middle East & North Africa (excluding high income)","Population, total",2004,505618583
"Middle East & North Africa (IDA & IBRD)","Population, total",2004,502381957
"Middle income","Population, total",2004,4746877931
"North America","Population, total",2004,324806660
"OECD members","Population, total",2004,1237896576
"Other small states","Population, total",2004,10371059
"Pacific island small states","Population, total",2004,2145505
"Post-demographic dividend","Population, total",2004,1041890752
"Pre-demographic dividend","Population, total",2004,632445407
"Small states","Population, total",2004,16597133
"South Asia","Population, total",2004,1325950587
"South Asia (IDA & IBRD)","Population, total",2004,1325950587
"Sub-Saharan Africa","Population, total",2004,758653144
"Sub-Saharan Africa (excluding high income)","Population, total",2004,682493463
"Sub-Saharan Africa (IDA & IBRD)","Population, total",2004,758653144
"Upper middle income","Population, total",2004,2451601935
"World","Population, total",2004,6492769815
"Afghanistan","Population, total",2004,23560654
"Albania","Population, total",2004,3026939
"Algeria","Population, total",2004,32628286
"American Samoa","Population, total",2004,56818
"Andorra","Population, total",2004,74325
"Angola","Population, total",2004,18600423
"Antigua and Barbuda","Population, total",2004,78719
"Argentina","Population, total",2004,38815916
"Armenia","Population, total",2004,3164900
"Aruba","Population, total",2004,95138
"Australia","Population, total",2004,19932722
"Austria","Population, total",2004,8171966
"Azerbaijan","Population, total",2004,8306500
"Bahamas, The","Population, total",2004,339782
"Bahrain","Population, total",2004,823741
"Bangladesh","Population, total",2004,142902856
"Barbados","Population, total",2004,267298
"Belarus","Population, total",2004,9730146
"Belgium","Population, total",2004,10421137
"Belize","Population, total",2004,271688
"Benin","Population, total",2004,8159094
"Bermuda","Population, total",2004,62555
"Bhutan","Population, total",2004,650544
"Bolivia","Population, total",2004,9204287
"Bosnia and Herzegovina","Population, total",2004,4140987
"Botswana","Population, total",2004,1807146
"Brazil","Population, total",2004,182675143
"British Virgin Islands","Population, total",2004,22881
"Brunei Darussalam","Population, total",2004,352911
"Bulgaria","Population, total",2004,7716860
"Burkina Faso","Population, total",2004,13500533
"Burundi","Population, total",2004,7310656
"Cabo Verde","Population, total",2004,479370
"Cambodia","Population, total",2004,13244731
"Cameroon","Population, total",2004,16610487
"Canada","Population, total",2004,31938807
"Cayman Islands","Population, total",2004,45352
"Central African Republic","Population, total",2004,4192826
"Chad","Population, total",2004,9920036
"Channel Islands","Population, total",2004,152039
"Chile","Population, total",2004,16187322
"China","Population, total",2004,1296075000
"Colombia","Population, total",2004,41543171
"Comoros","Population, total",2004,580704
"Congo, Dem. Rep.","Population, total",2004,56997741
"Congo, Rep.","Population, total",2004,3565554
"Costa Rica","Population, total",2004,4200078
"Cote d'Ivoire","Population, total",2004,19595000
"Croatia","Population, total",2004,4304600
"Cuba","Population, total",2004,11238756
"Curacao","Population, total",2004,134192
"Cyprus","Population, total",2004,1017875
"Czechia","Population, total",2004,10197101
"Denmark","Population, total",2004,5404523
"Djibouti","Population, total",2004,826124
"Dominica","Population, total",2004,68649
"Dominican Republic","Population, total",2004,9104892
"Ecuador","Population, total",2004,13608701
"Egypt, Arab Rep.","Population, total",2004,79477443
"El Salvador","Population, total",2004,6004671
"Equatorial Guinea","Population, total",2004,899917
"Eritrea","Population, total",2004,2598284
"Estonia","Population, total",2004,1362550
"Eswatini","Population, total",2004,1073159
"Ethiopia","Population, total",2004,76077206
"Faroe Islands","Population, total",2004,48384
"Fiji","Population, total",2004,874366
"Finland","Population, total",2004,5228172
"France","Population, total",2004,62707588
"French Polynesia","Population, total",2004,255654
"Gabon","Population, total",2004,1421609
"Gambia, The","Population, total",2004,1621312
"Georgia","Population, total",2004,3927340
"Germany","Population, total",2004,82516260
"Ghana","Population, total",2004,21868298
"Gibraltar","Population, total",2004,28715
"Greece","Population, total",2004,10955141
"Greenland","Population, total",2004,56898
"Grenada","Population, total",2004,109323
"Guam","Population, total",2004,163810
"Guatemala","Population, total",2004,12807402
"Guinea","Population, total",2004,9062726
"Guinea-Bissau","Population, total",2004,1349563
"Guyana","Population, total",2004,762418
"Haiti","Population, total",2004,8910263
"Honduras","Population, total",2004,7298994
"Hong Kong SAR, China","Population, total",2004,6783500
"Hungary","Population, total",2004,10107146
"Iceland","Population, total",2004,292074
"India","Population, total",2004,1135991513
"Indonesia","Population, total",2004,227926649
"Iran, Islamic Rep.","Population, total",2004,70256316
"Iraq","Population, total",2004,27577878
"Ireland","Population, total",2004,4070262
"Isle of Man","Population, total",2004,78792
"Israel","Population, total",2004,6809000
"Italy","Population, total",2004,57828179
"Jamaica","Population, total",2004,2672225
"Japan","Population, total",2004,127761000
"Jordan","Population, total",2004,5882061
"Kazakhstan","Population, total",2004,15850159
"Kenya","Population, total",2004,34713455
"Kiribati","Population, total",2004,96085
"Korea, Dem. People's Rep.","Population, total",2004,24254943
"Korea, Rep.","Population, total",2004,48082519
"Kosovo","Population, total",2004,1822773
"Kuwait","Population, total",2004,2157320
"Kyrgyz Republic","Population, total",2004,5104713
"Lao PDR","Population, total",2004,5781626
"Latvia","Population, total",2004,2263122
"Lebanon","Population, total",2004,4599279
"Lesotho","Population, total",2004,1971129
"Liberia","Population, total",2004,3156892
"Libya","Population, total",2004,5736693
"Liechtenstein","Population, total",2004,34447
"Lithuania","Population, total",2004,3377075
"Luxembourg","Population, total",2004,458095
"Macao SAR, China","Population, total",2004,454700
"Madagascar","Population, total",2004,18606608
"Malawi","Population, total",2004,12500737
"Malaysia","Population, total",2004,25256772
"Maldives","Population, total",2004,301413
"Mali","Population, total",2004,13102409
"Malta","Population, total",2004,401268
"Marshall Islands","Population, total",2004,51791
"Mauritania","Population, total",2004,2868664
"Mauritius","Population, total",2004,1221003
"Mexico","Population, total",2004,104394131
"Micronesia, Fed. Sts.","Population, total",2004,111925
"Moldova","Population, total",2004,2896023
"Monaco","Population, total",2004,32307
"Mongolia","Population, total",2004,2508412
"Montenegro","Population, total",2004,613353
"Morocco","Population, total",2004,29953018
"Mozambique","Population, total",2004,19840313
"Myanmar","Population, total",2004,47068772
"Namibia","Population, total",2004,1942082
"Nauru","Population, total",2004,10060
"Nepal","Population, total",2004,26016656
"Netherlands","Population, total",2004,16281779
"New Caledonia","Population, total",2004,240852
"New Zealand","Population, total",2004,4087500
"Nicaragua","Population, total",2004,5272912
"Niger","Population, total",2004,13265836
"Nigeria","Population, total",2004,141057045
"North Macedonia","Population, total",2004,2016186
"Northern Mariana Islands","Population, total",2004,63938
"Norway","Population, total",2004,4591910
"Oman","Population, total",2004,2404821
"Pakistan","Population, total",2004,171286000
"Palau","Population, total",2004,19820
"Panama","Population, total",2004,3251155
"Papua New Guinea","Population, total",2004,6328041
"Paraguay","Population, total",2004,5388175
"Peru","Population, total",2004,27852190
"Philippines","Population, total",2004,86394504
"Poland","Population, total",2004,38182222
"Portugal","Population, total",2004,10483861
"Puerto Rico","Population, total",2004,3826878
"Qatar","Population, total",2004,773332
"Romania","Population, total",2004,21451748
"Russian Federation","Population, total",2004,144067316
"Rwanda","Population, total",2004,8816844
"Samoa","Population, total",2004,186249
"San Marino","Population, total",2004,29457
"Sao Tome and Principe","Population, total",2004,157705
"Saudi Arabia","Population, total",2004,19669480
"Senegal","Population, total",2004,10975704
"Serbia","Population, total",2004,7463157
"Seychelles","Population, total",2004,82475
"Sierra Leone","Population, total",2004,5355717
"Singapore","Population, total",2004,4166664
"Sint Maarten (Dutch part)","Population, total",2004,31690
"Slovak Republic","Population, total",2004,5372280
"Slovenia","Population, total",2004,1997012
"Solomon Islands","Population, total",2004,474611
"Somalia","Population, total",2004,10280998
"South Africa","Population, total",2004,48991421
"South Sudan","Population, total",2004,7233041
"Spain","Population, total",2004,42921895
"Sri Lanka","Population, total",2004,20087605
"St. Kitts and Nevis","Population, total",2004,46315
"St. Lucia","Population, total",2004,164239
"St. Martin (French part)","Population, total",2004,33171
"St. Vincent and the Grenadines","Population, total",2004,112835
"Sudan","Population, total",2004,30556637
"Suriname","Population, total",2004,513923
"Sweden","Population, total",2004,8993531
"Switzerland","Population, total",2004,7389625
"Syrian Arab Republic","Population, total",2004,18336875
"Tajikistan","Population, total",2004,6790547
"Tanzania","Population, total",2004,38109668
"Thailand","Population, total",2004,65452047
"Timor-Leste","Population, total",2004,929074
"Togo","Population, total",2004,5696508
"Tonga","Population, total",2004,105071
"Trinidad and Tobago","Population, total",2004,1345380
"Tunisia","Population, total",2004,10166163
"Turkiye","Population, total",2004,68592617
"Turkmenistan","Population, total",2004,4958093
"Turks and Caicos Islands","Population, total",2004,22856
"Tuvalu","Population, total",2004,9816
"Uganda","Population, total",2004,27154515
"Ukraine","Population, total",2004,47979507
"United Arab Emirates","Population, total",2004,4428967
"United Kingdom","Population, total",2004,59987905
"United States","Population, total",2004,292805298
"Uruguay","Population, total",2004,3283148
"Uzbekistan","Population, total",2004,26029350
"Vanuatu","Population, total",2004,205711
"Venezuela, RB","Population, total",2004,26340838
"Viet Nam","Population, total",2004,80338971
"Virgin Islands (U.S.)","Population, total",2004,108466
"West Bank and Gaza","Population, total",2004,3236626
"Yemen, Rep.","Population, total",2004,22095167
"Zambia","Population, total",2004,11338198
"Zimbabwe","Population, total",2004,12365896
"Africa Eastern and Southern","Population, total",2005,463076637
"Africa Western and Central","Population, total",2005,316588476
"Arab World","Population, total",2005,322628451
"Caribbean small states","Population, total",2005,4049468
"Central Electricity Board (CEB)","Population, total",2005,106041911
"Early-demographic dividend","Population, total",2005,2738846905
"East Asia & Pacific","Population, total",2005,2134573057
"East Asia & Pacific (excluding high income)","Population, total",2005,1898853723
"East Asia & Pacific (IDA & IBRD)","Population, total",2005,1874487158
"Euro area","Population, total",2005,333897752
"Europe & Central Asia","Population, total",2005,875563919
"Europe & Central Asia (excluding high income)","Population, total",2005,223360135
"Europe & Central Asia (IDA & IBRD)","Population, total",2005,438333196
"European Union","Population, total",2005,435789139
"Fragile and conflict affected situations","Population, total",2005,700820603
"Heavily indebted poor countries (HIPC)","Population, total",2005,555358929
"High income","Population, total",2005,1289125857
"IBRD only","Population, total",2005,4214082145
"IDA & IBRD total","Population, total",2005,5492481030
"IDA blend","Population, total",2005,447132945
"IDA only","Population, total",2005,831265940
"IDA total","Population, total",2005,1278398885
"Late-demographic dividend","Population, total",2005,2112603351
"Latin America & Caribbean","Population, total",2005,555120780
"Latin America & Caribbean (excluding high income)","Population, total",2005,494006571
"Latin America & Caribbean (IDA & IBRD)","Population, total",2005,539188798
"Least developed countries: UN classification","Population, total",2005,760741611
"Low & middle income","Population, total",2005,5181562375
"Low income","Population, total",2005,371788197
"Lower middle income","Population, total",2005,2336911352
"Middle East and North Africa","Population, total",2005,556210211
"Middle East & North Africa (excluding high income)","Population, total",2005,517240777
"Middle East & North Africa (IDA & IBRD)","Population, total",2005,513920381
"Middle income","Population, total",2005,4809774178
"North America","Population, total",2005,327822042
"OECD members","Population, total",2005,1246656490
"Other small states","Population, total",2005,10479844
"Pacific island small states","Population, total",2005,2170029
"Post-demographic dividend","Population, total",2005,1047140108
"Pre-demographic dividend","Population, total",2005,651320620
"Small states","Population, total",2005,16699341
"South Asia","Population, total",2005,1346886384
"South Asia (IDA & IBRD)","Population, total",2005,1346886384
"Sub-Saharan Africa","Population, total",2005,779665113
"Sub-Saharan Africa (excluding high income)","Population, total",2005,701214785
"Sub-Saharan Africa (IDA & IBRD)","Population, total",2005,779665113
"Upper middle income","Population, total",2005,2472862826
"World","Population, total",2005,6575841506
"Afghanistan","Population, total",2005,24404567
"Albania","Population, total",2005,3011487
"Algeria","Population, total",2005,33109249
"American Samoa","Population, total",2005,56617
"Andorra","Population, total",2005,77421
"Angola","Population, total",2005,19291161
"Antigua and Barbuda","Population, total",2005,79611
"Argentina","Population, total",2005,39216789
"Armenia","Population, total",2005,3146400
"Aruba","Population, total",2005,97635
"Australia","Population, total",2005,20176844
"Austria","Population, total",2005,8227829
"Azerbaijan","Population, total",2005,8391850
"Bahamas, The","Population, total",2005,343894
"Bahrain","Population, total",2005,888822
"Bangladesh","Population, total",2005,144715786
"Barbados","Population, total",2005,268706
"Belarus","Population, total",2005,9663915
"Belgium","Population, total",2005,10478617
"Belize","Population, total",2005,279731
"Benin","Population, total",2005,8426144
"Bermuda","Population, total",2005,62711
"Bhutan","Population, total",2005,661865
"Bolivia","Population, total",2005,9360754
"Bosnia and Herzegovina","Population, total",2005,4096493
"Botswana","Population, total",2005,1839877
"Brazil","Population, total",2005,184688101
"British Virgin Islands","Population, total",2005,23665
"Brunei Darussalam","Population, total",2005,358916
"Bulgaria","Population, total",2005,7658972
"Burkina Faso","Population, total",2005,13932123
"Burundi","Population, total",2005,7587299
"Cabo Verde","Population, total",2005,485115
"Cambodia","Population, total",2005,13439202
"Cameroon","Population, total",2005,17074594
"Canada","Population, total",2005,32242732
"Cayman Islands","Population, total",2005,46788
"Central African Republic","Population, total",2005,4288810
"Chad","Population, total",2005,10328092
"Channel Islands","Population, total",2005,153126
"Chile","Population, total",2005,16348778
"China","Population, total",2005,1303720000
"Colombia","Population, total",2005,42128977
"Comoros","Population, total",2005,592677
"Congo, Dem. Rep.","Population, total",2005,58775724
"Congo, Rep.","Population, total",2005,3696393
"Costa Rica","Population, total",2005,4261240
"Cote d'Ivoire","Population, total",2005,20068458
"Croatia","Population, total",2005,4310145
"Cuba","Population, total",2005,11262554
"Curacao","Population, total",2005,137658
"Cyprus","Population, total",2005,1036151
"Czechia","Population, total",2005,10211216
"Denmark","Population, total",2005,5419432
"Djibouti","Population, total",2005,839167
"Dominica","Population, total",2005,68734
"Dominican Republic","Population, total",2005,9225034
"Ecuador","Population, total",2005,13846163
"Egypt, Arab Rep.","Population, total",2005,81101004
"El Salvador","Population, total",2005,6005578
"Equatorial Guinea","Population, total",2005,947367
"Eritrea","Population, total",2005,2661215
"Estonia","Population, total",2005,1354775
"Eswatini","Population, total",2005,1079022
"Ethiopia","Population, total",2005,78367470
"Faroe Islands","Population, total",2005,48359
"Fiji","Population, total",2005,882379
"Finland","Population, total",2005,5246096
"France","Population, total",2005,63180854
"French Polynesia","Population, total",2005,259507
"Gabon","Population, total",2005,1463495
"Gambia, The","Population, total",2005,1667037
"Georgia","Population, total",2005,3902469
"Germany","Population, total",2005,82469422
"Ghana","Population, total",2005,22449438
"Gibraltar","Population, total",2005,29163
"Greece","Population, total",2005,10987314
"Greenland","Population, total",2005,56935
"Grenada","Population, total",2005,109734
"Guam","Population, total",2005,164365
"Guatemala","Population, total",2005,13087629
"Guinea","Population, total",2005,9245844
"Guinea-Bissau","Population, total",2005,1381585
"Guyana","Population, total",2005,760914
"Haiti","Population, total",2005,9061273
"Honduras","Population, total",2005,7478355
"Hong Kong SAR, China","Population, total",2005,6813200
"Hungary","Population, total",2005,10087065
"Iceland","Population, total",2005,296734
"India","Population, total",2005,1154676322
"Indonesia","Population, total",2005,230871650
"Iran, Islamic Rep.","Population, total",2005,71828455
"Iraq","Population, total",2005,28407448
"Ireland","Population, total",2005,4159914
"Isle of Man","Population, total",2005,79516
"Israel","Population, total",2005,6930100
"Italy","Population, total",2005,58166682
"Jamaica","Population, total",2005,2687066
"Japan","Population, total",2005,127773000
"Jordan","Population, total",2005,6029587
"Kazakhstan","Population, total",2005,15968117
"Kenya","Population, total",2005,35796484
"Kiribati","Population, total",2005,98035
"Korea, Dem. People's Rep.","Population, total",2005,24396433
"Korea, Rep.","Population, total",2005,48184561
"Kosovo","Population, total",2005,1818354
"Kuwait","Population, total",2005,2236788
"Kyrgyz Republic","Population, total",2005,5162640
"Lao PDR","Population, total",2005,5869523
"Latvia","Population, total",2005,2238799
"Lebanon","Population, total",2005,4671102
"Lesotho","Population, total",2005,1953076
"Liberia","Population, total",2005,3301015
"Libya","Population, total",2005,5858798
"Liechtenstein","Population, total",2005,34753
"Lithuania","Population, total",2005,3322528
"Luxembourg","Population, total",2005,465158
"Macao SAR, China","Population, total",2005,473500
"Madagascar","Population, total",2005,19159707
"Malawi","Population, total",2005,12840031
"Malaysia","Population, total",2005,25836071
"Maldives","Population, total",2005,306429
"Mali","Population, total",2005,13538647
"Malta","Population, total",2005,403834
"Marshall Islands","Population, total",2005,51906
"Mauritania","Population, total",2005,2939059
"Mauritius","Population, total",2005,1228254
"Mexico","Population, total",2005,105811504
"Micronesia, Fed. Sts.","Population, total",2005,111412
"Moldova","Population, total",2005,2888985
"Monaco","Population, total",2005,32210
"Mongolia","Population, total",2005,2536407
"Montenegro","Population, total",2005,614261
"Morocco","Population, total",2005,30358144
"Mozambique","Population, total",2005,20304569
"Myanmar","Population, total",2005,47438365
"Namibia","Population, total",2005,1966582
"Nauru","Population, total",2005,10049
"Nepal","Population, total",2005,26309458
"Netherlands","Population, total",2005,16319868
"New Caledonia","Population, total",2005,244381
"New Zealand","Population, total",2005,4133900
"Nicaragua","Population, total",2005,5342105
"Niger","Population, total",2005,13756192
"Nigeria","Population, total",2005,145017253
"North Macedonia","Population, total",2005,2005330
"Northern Mariana Islands","Population, total",2005,62354
"Norway","Population, total",2005,4623291
"Oman","Population, total",2005,2459802
"Pakistan","Population, total",2005,175453212
"Palau","Population, total",2005,19819
"Panama","Population, total",2005,3313026
"Papua New Guinea","Population, total",2005,6535905
"Paraguay","Population, total",2005,5448097
"Peru","Population, total",2005,28101180
"Philippines","Population, total",2005,88015962
"Poland","Population, total",2005,38165445
"Portugal","Population, total",2005,10503330
"Puerto Rico","Population, total",2005,3821362
"Qatar","Population, total",2005,825408
"Romania","Population, total",2005,21319685
"Russian Federation","Population, total",2005,143518814
"Rwanda","Population, total",2005,9054528
"Samoa","Population, total",2005,186978
"San Marino","Population, total",2005,29836
"Sao Tome and Principe","Population, total",2005,161639
"Saudi Arabia","Population, total",2005,20559890
"Senegal","Population, total",2005,11235472
"Serbia","Population, total",2005,7440769
"Seychelles","Population, total",2005,82858
"Sierra Leone","Population, total",2005,5501712
"Singapore","Population, total",2005,4265762
"Sint Maarten (Dutch part)","Population, total",2005,32057
"Slovak Republic","Population, total",2005,5372807
"Slovenia","Population, total",2005,2000474
"Solomon Islands","Population, total",2005,483080
"Somalia","Population, total",2005,10644228
"South Africa","Population, total",2005,49490033
"South Sudan","Population, total",2005,7590143
"Spain","Population, total",2005,43653155
"Sri Lanka","Population, total",2005,20216524
"St. Kitts and Nevis","Population, total",2005,46437
"St. Lucia","Population, total",2005,165450
"St. Martin (French part)","Population, total",2005,33928
"St. Vincent and the Grenadines","Population, total",2005,112450
"Sudan","Population, total",2005,31262444
"Suriname","Population, total",2005,519313
"Sweden","Population, total",2005,9029572
"Switzerland","Population, total",2005,7437115
"Syrian Arab Republic","Population, total",2005,18814091
"Tajikistan","Population, total",2005,6924720
"Tanzania","Population, total",2005,39182076
"Thailand","Population, total",2005,66017420
"Timor-Leste","Population, total",2005,948311
"Togo","Population, total",2005,5844631
"Tonga","Population, total",2005,105671
"Trinidad and Tobago","Population, total",2005,1294494
"Tunisia","Population, total",2005,10255472
"Turkiye","Population, total",2005,69329557
"Turkmenistan","Population, total",2005,5052257
"Turks and Caicos Islands","Population, total",2005,23988
"Tuvalu","Population, total",2005,9940
"Uganda","Population, total",2005,27963289
"Ukraine","Population, total",2005,47585556
"United Arab Emirates","Population, total",2005,4664790
"United Kingdom","Population, total",2005,60401206
"United States","Population, total",2005,295516599
"Uruguay","Population, total",2005,3285771
"Uzbekistan","Population, total",2005,26356975
"Vanuatu","Population, total",2005,210760
"Venezuela, RB","Population, total",2005,26785804
"Viet Nam","Population, total",2005,81088313
"Virgin Islands (U.S.)","Population, total",2005,108453
"West Bank and Gaza","Population, total",2005,3320396
"Yemen, Rep.","Population, total",2005,22790085
"Zambia","Population, total",2005,11718819
"Zimbabwe","Population, total",2005,12483432
"Africa Eastern and Southern","Population, total",2006,475606210
"Africa Western and Central","Population, total",2006,325663158
"Arab World","Population, total",2006,330526310
"Caribbean small states","Population, total",2006,4072929
"Central Electricity Board (CEB)","Population, total",2006,105772481
"Early-demographic dividend","Population, total",2006,2784726644
"East Asia & Pacific","Population, total",2006,2150688938
"East Asia & Pacific (excluding high income)","Population, total",2006,1914002124
"East Asia & Pacific (IDA & IBRD)","Population, total",2006,1889507244
"Euro area","Population, total",2006,335499702
"Europe & Central Asia","Population, total",2006,878166933
"Europe & Central Asia (excluding high income)","Population, total",2006,224417513
"Europe & Central Asia (IDA & IBRD)","Population, total",2006,438714358
"European Union","Population, total",2006,437263803
"Fragile and conflict affected situations","Population, total",2006,717975893
"Heavily indebted poor countries (HIPC)","Population, total",2006,571454590
"High income","Population, total",2006,1296891494
"IBRD only","Population, total",2006,4258827055
"IDA & IBRD total","Population, total",2006,5568236362
"IDA blend","Population, total",2006,458394453
"IDA only","Population, total",2006,851014854
"IDA total","Population, total",2006,1309409307
"Late-demographic dividend","Population, total",2006,2126122277
"Latin America & Caribbean","Population, total",2006,561751999
"Latin America & Caribbean (excluding high income)","Population, total",2006,499910627
"Latin America & Caribbean (IDA & IBRD)","Population, total",2006,545805913
"Least developed countries: UN classification","Population, total",2006,779230030
"Low & middle income","Population, total",2006,5255157355
"Low income","Population, total",2006,383041001
"Lower middle income","Population, total",2006,2378783316
"Middle East and North Africa","Population, total",2006,569898499
"Middle East & North Africa (excluding high income)","Population, total",2006,529158464
"Middle East & North Africa (IDA & IBRD)","Population, total",2006,525752130
"Middle income","Population, total",2006,4872116354
"North America","Population, total",2006,331013939
"OECD members","Population, total",2006,1255746646
"Other small states","Population, total",2006,10601352
"Pacific island small states","Population, total",2006,2194265
"Post-demographic dividend","Population, total",2006,1052866351
"Pre-demographic dividend","Population, total",2006,670229212
"Small states","Population, total",2006,16868546
"South Asia","Population, total",2006,1367187349
"South Asia (IDA & IBRD)","Population, total",2006,1367187349
"Sub-Saharan Africa","Population, total",2006,801269368
"Sub-Saharan Africa (excluding high income)","Population, total",2006,720481278
"Sub-Saharan Africa (IDA & IBRD)","Population, total",2006,801269368
"Upper middle income","Population, total",2006,2493333038
"World","Population, total",2006,6659977025
"Afghanistan","Population, total",2006,25424094
"Albania","Population, total",2006,2992547
"Algeria","Population, total",2006,33623506
"American Samoa","Population, total",2006,56374
"Andorra","Population, total",2006,79585
"Angola","Population, total",2006,20015279
"Antigua and Barbuda","Population, total",2006,80604
"Argentina","Population, total",2006,39622115
"Armenia","Population, total",2006,3127100
"Aruba","Population, total",2006,99405
"Australia","Population, total",2006,20450966
"Austria","Population, total",2006,8268641
"Azerbaijan","Population, total",2006,8484550
"Bahamas, The","Population, total",2006,348375
"Bahrain","Population, total",2006,960424
"Bangladesh","Population, total",2006,146405973
"Barbados","Population, total",2006,270002
"Belarus","Population, total",2006,9604924
"Belgium","Population, total",2006,10547958
"Belize","Population, total",2006,287878
"Benin","Population, total",2006,8693242
"Bermuda","Population, total",2006,62834
"Bhutan","Population, total",2006,670799
"Bolivia","Population, total",2006,9521689
"Bosnia and Herzegovina","Population, total",2006,4063272
"Botswana","Population, total",2006,1874516
"Brazil","Population, total",2006,186653106
"British Virgin Islands","Population, total",2006,24493
"Brunei Darussalam","Population, total",2006,364663
"Bulgaria","Population, total",2006,7601022
"Burkina Faso","Population, total",2006,14373707
"Burundi","Population, total",2006,7865547
"Cabo Verde","Population, total",2006,490728
"Cambodia","Population, total",2006,13639028
"Cameroon","Population, total",2006,17550407
"Canada","Population, total",2006,32571193
"Cayman Islands","Population, total",2006,48232
"Central African Republic","Population, total",2006,4377579
"Chad","Population, total",2006,10706424
"Channel Islands","Population, total",2006,154214
"Chile","Population, total",2006,16509195
"China","Population, total",2006,1311020000
"Colombia","Population, total",2006,42691084
"Comoros","Population, total",2006,604753
"Congo, Dem. Rep.","Population, total",2006,60615908
"Congo, Rep.","Population, total",2006,3837409
"Costa Rica","Population, total",2006,4321340
"Cote d'Ivoire","Population, total",2006,20546802
"Croatia","Population, total",2006,4311159
"Cuba","Population, total",2006,11278550
"Curacao","Population, total",2006,141239
"Cyprus","Population, total",2006,1054418
"Czechia","Population, total",2006,10238905
"Denmark","Population, total",2006,5437272
"Djibouti","Population, total",2006,855764
"Dominica","Population, total",2006,68806
"Dominican Republic","Population, total",2006,9341183
"Ecuador","Population, total",2006,14086131
"Egypt, Arab Rep.","Population, total",2006,82700403
"El Salvador","Population, total",2006,6002319
"Equatorial Guinea","Population, total",2006,990343
"Eritrea","Population, total",2006,2703502
"Estonia","Population, total",2006,1346810
"Eswatini","Population, total",2006,1084436
"Ethiopia","Population, total",2006,80703490
"Faroe Islands","Population, total",2006,48335
"Fiji","Population, total",2006,890365
"Finland","Population, total",2006,5266268
"France","Population, total",2006,63622342
"French Polynesia","Population, total",2006,263223
"Gabon","Population, total",2006,1508337
"Gambia, The","Population, total",2006,1715275
"Georgia","Population, total",2006,3880347
"Germany","Population, total",2006,82376451
"Ghana","Population, total",2006,23040702
"Gibraltar","Population, total",2006,29594
"Greece","Population, total",2006,11020362
"Greenland","Population, total",2006,56775
"Grenada","Population, total",2006,110135
"Guam","Population, total",2006,164839
"Guatemala","Population, total",2006,13367459
"Guinea","Population, total",2006,9441171
"Guinea-Bissau","Population, total",2006,1415303
"Guyana","Population, total",2006,758966
"Haiti","Population, total",2006,9216562
"Honduras","Population, total",2006,7656832
"Hong Kong SAR, China","Population, total",2006,6857100
"Hungary","Population, total",2006,10071370
"Iceland","Population, total",2006,303782
"India","Population, total",2006,1172878890
"Indonesia","Population, total",2006,233951652
"Iran, Islamic Rep.","Population, total",2006,73392747
"Iraq","Population, total",2006,28616515
"Ireland","Population, total",2006,4273591
"Isle of Man","Population, total",2006,80294
"Israel","Population, total",2006,7053700
"Italy","Population, total",2006,58399861
"Jamaica","Population, total",2006,2700968
"Japan","Population, total",2006,127854000
"Jordan","Population, total",2006,6427371
"Kazakhstan","Population, total",2006,16103716
"Kenya","Population, total",2006,36904008
"Kiribati","Population, total",2006,100017
"Korea, Dem. People's Rep.","Population, total",2006,24524507
"Korea, Rep.","Population, total",2006,48438292
"Kosovo","Population, total",2006,1813079
"Kuwait","Population, total",2006,2364733
"Kyrgyz Republic","Population, total",2006,5218373
"Lao PDR","Population, total",2006,5963200
"Latvia","Population, total",2006,2218357
"Lebanon","Population, total",2006,4751136
"Lesotho","Population, total",2006,1945063
"Liberia","Population, total",2006,3490787
"Libya","Population, total",2006,5980211
"Liechtenstein","Population, total",2006,35037
"Lithuania","Population, total",2006,3269909
"Luxembourg","Population, total",2006,472637
"Macao SAR, China","Population, total",2006,498900
"Madagascar","Population, total",2006,19730909
"Malawi","Population, total",2006,13198701
"Malaysia","Population, total",2006,26417909
"Maldives","Population, total",2006,313851
"Mali","Population, total",2006,13990139
"Malta","Population, total",2006,405308
"Marshall Islands","Population, total",2006,51992
"Mauritania","Population, total",2006,3013660
"Mauritius","Population, total",2006,1233996
"Mexico","Population, total",2006,107253666
"Micronesia, Fed. Sts.","Population, total",2006,110729
"Moldova","Population, total",2006,2880967
"Monaco","Population, total",2006,32057
"Mongolia","Population, total",2006,2567168
"Montenegro","Population, total",2006,615025
"Morocco","Population, total",2006,30771178
"Mozambique","Population, total",2006,20787087
"Myanmar","Population, total",2006,47785135
"Namibia","Population, total",2006,1991888
"Nauru","Population, total",2006,10034
"Nepal","Population, total",2006,26565425
"Netherlands","Population, total",2006,16346101
"New Caledonia","Population, total",2006,247547
"New Zealand","Population, total",2006,4184600
"Nicaragua","Population, total",2006,5418855
"Niger","Population, total",2006,14268581
"Nigeria","Population, total",2006,149077334
"North Macedonia","Population, total",2006,1994287
"Northern Mariana Islands","Population, total",2006,60682
"Norway","Population, total",2006,4660677
"Oman","Population, total",2006,2514795
"Pakistan","Population, total",2006,179682690
"Palau","Population, total",2006,19593
"Panama","Population, total",2006,3375024
"Papua New Guinea","Population, total",2006,6747720
"Paraguay","Population, total",2006,5505148
"Peru","Population, total",2006,28324491
"Philippines","Population, total",2006,89508986
"Poland","Population, total",2006,38141267
"Portugal","Population, total",2006,10522288
"Puerto Rico","Population, total",2006,3805214
"Qatar","Population, total",2006,972831
"Romania","Population, total",2006,21193760
"Russian Federation","Population, total",2006,143049637
"Rwanda","Population, total",2006,9299246
"Samoa","Population, total",2006,187709
"San Marino","Population, total",2006,30184
"Sao Tome and Principe","Population, total",2006,165638
"Saudi Arabia","Population, total",2006,21459144
"Senegal","Population, total",2006,11500094
"Serbia","Population, total",2006,7411569
"Seychelles","Population, total",2006,84600
"Sierra Leone","Population, total",2006,5624466
"Singapore","Population, total",2006,4401365
"Sint Maarten (Dutch part)","Population, total",2006,32428
"Slovak Republic","Population, total",2006,5373054
"Slovenia","Population, total",2006,2006868
"Solomon Islands","Population, total",2006,491594
"Somalia","Population, total",2006,10975502
"South Africa","Population, total",2006,49998277
"South Sudan","Population, total",2006,7976526
"Spain","Population, total",2006,44397319
"Sri Lanka","Population, total",2006,20352411
"St. Kitts and Nevis","Population, total",2006,46569
"St. Lucia","Population, total",2006,166639
"St. Martin (French part)","Population, total",2006,34658
"St. Vincent and the Grenadines","Population, total",2006,112014
"Sudan","Population, total",2006,31992435
"Suriname","Population, total",2006,524997
"Sweden","Population, total",2006,9080505
"Switzerland","Population, total",2006,7483934
"Syrian Arab Republic","Population, total",2006,19637022
"Tajikistan","Population, total",2006,7057566
"Tanzania","Population, total",2006,40294902
"Thailand","Population, total",2006,66567687
"Timor-Leste","Population, total",2006,976597
"Togo","Population, total",2006,6010668
"Tonga","Population, total",2006,106253
"Trinidad and Tobago","Population, total",2006,1297944
"Tunisia","Population, total",2006,10346410
"Turkiye","Population, total",2006,70045349
"Turkmenistan","Population, total",2006,5147105
"Turks and Caicos Islands","Population, total",2006,25123
"Tuvalu","Population, total",2006,10056
"Uganda","Population, total",2006,28794003
"Ukraine","Population, total",2006,47278694
"United Arab Emirates","Population, total",2006,5009100
"United Kingdom","Population, total",2006,60846820
"United States","Population, total",2006,298379912
"Uruguay","Population, total",2006,3289506
"Uzbekistan","Population, total",2006,26699043
"Vanuatu","Population, total",2006,215923
"Venezuela, RB","Population, total",2006,27224686
"Viet Nam","Population, total",2006,82167897
"Virgin Islands (U.S.)","Population, total",2006,108369
"West Bank and Gaza","Population, total",2006,3406334
"Yemen, Rep.","Population, total",2006,23543083
"Zambia","Population, total",2006,12129553
"Zimbabwe","Population, total",2006,12636445
"Africa Eastern and Southern","Population, total",2007,488580707
"Africa Western and Central","Population, total",2007,334984176
"Arab World","Population, total",2007,338947976
"Caribbean small states","Population, total",2007,4098855
"Central Electricity Board (CEB)","Population, total",2007,105378748
"Early-demographic dividend","Population, total",2007,2830531957
"East Asia & Pacific","Population, total",2007,2167046538
"East Asia & Pacific (excluding high income)","Population, total",2007,1929185103
"East Asia & Pacific (IDA & IBRD)","Population, total",2007,1904568042
"Euro area","Population, total",2007,337282985
"Europe & Central Asia","Population, total",2007,880656346
"Europe & Central Asia (excluding high income)","Population, total",2007,225016072
"Europe & Central Asia (IDA & IBRD)","Population, total",2007,438680283
"European Union","Population, total",2007,438796003
"Fragile and conflict affected situations","Population, total",2007,735110300
"Heavily indebted poor countries (HIPC)","Population, total",2007,587432384
"High income","Population, total",2007,1305578110
"IBRD only","Population, total",2007,4302067550
"IDA & IBRD total","Population, total",2007,5643505923
"IDA blend","Population, total",2007,470476526
"IDA only","Population, total",2007,870961847
"IDA total","Population, total",2007,1341438373
"Late-demographic dividend","Population, total",2007,2139958608
"Latin America & Caribbean","Population, total",2007,568345245
"Latin America & Caribbean (excluding high income)","Population, total",2007,505793340
"Latin America & Caribbean (IDA & IBRD)","Population, total",2007,552399650
"Least developed countries: UN classification","Population, total",2007,797516000
"Low & middle income","Population, total",2007,5328158709
"Low income","Population, total",2007,394448347
"Lower middle income","Population, total",2007,2421545203
"Middle East and North Africa","Population, total",2007,583743828
"Middle East & North Africa (excluding high income)","Population, total",2007,540838105
"Middle East & North Africa (IDA & IBRD)","Population, total",2007,537343609
"Middle income","Population, total",2007,4933710362
"North America","Population, total",2007,334183103
"OECD members","Population, total",2007,1264728255
"Other small states","Population, total",2007,10730365
"Pacific island small states","Population, total",2007,2218230
"Post-demographic dividend","Population, total",2007,1059147302
"Pre-demographic dividend","Population, total",2007,688722596
"Small states","Population, total",2007,17047450
"South Asia","Population, total",2007,1386949456
"South Asia (IDA & IBRD)","Population, total",2007,1386949456
"Sub-Saharan Africa","Population, total",2007,823564883
"Sub-Saharan Africa (excluding high income)","Population, total",2007,740376633
"Sub-Saharan Africa (IDA & IBRD)","Population, total",2007,823564883
"Upper middle income","Population, total",2007,2512165159
"World","Population, total",2007,6744489399
"Afghanistan","Population, total",2007,25909852
"Albania","Population, total",2007,2970017
"Algeria","Population, total",2007,34189416
"American Samoa","Population, total",2007,56113
"Andorra","Population, total",2007,81877
"Angola","Population, total",2007,20778561
"Antigua and Barbuda","Population, total",2007,81704
"Argentina","Population, total",2007,40016763
"Armenia","Population, total",2007,3107400
"Aruba","Population, total",2007,100150
"Australia","Population, total",2007,20827622
"Austria","Population, total",2007,8295487
"Azerbaijan","Population, total",2007,8581300
"Bahamas, The","Population, total",2007,353334
"Bahrain","Population, total",2007,1039295
"Bangladesh","Population, total",2007,147989278
"Barbados","Population, total",2007,271288
"Belarus","Population, total",2007,9560953
"Belgium","Population, total",2007,10625700
"Belize","Population, total",2007,296100
"Benin","Population, total",2007,8953969
"Bermuda","Population, total",2007,63010
"Bhutan","Population, total",2007,678641
"Bolivia","Population, total",2007,9685960
"Bosnia and Herzegovina","Population, total",2007,4013424
"Botswana","Population, total",2007,1911201
"Brazil","Population, total",2007,188552320
"British Virgin Islands","Population, total",2007,25366
"Brunei Darussalam","Population, total",2007,370873
"Bulgaria","Population, total",2007,7545338
"Burkina Faso","Population, total",2007,14816307
"Burundi","Population, total",2007,8161874
"Cabo Verde","Population, total",2007,496190
"Cambodia","Population, total",2007,13841770
"Cameroon","Population, total",2007,18049896
"Canada","Population, total",2007,32888886
"Cayman Islands","Population, total",2007,49687
"Central African Republic","Population, total",2007,4462770
"Chad","Population, total",2007,11081660
"Channel Islands","Population, total",2007,155309
"Chile","Population, total",2007,16671581
"China","Population, total",2007,1317885000
"Colombia","Population, total",2007,43235374
"Comoros","Population, total",2007,616927
"Congo, Dem. Rep.","Population, total",2007,62477752
"Congo, Rep.","Population, total",2007,3980430
"Costa Rica","Population, total",2007,4380248
"Cote d'Ivoire","Population, total",2007,21030558
"Croatia","Population, total",2007,4310217
"Cuba","Population, total",2007,11287272
"Curacao","Population, total",2007,144056
"Cyprus","Population, total",2007,1072714
"Czechia","Population, total",2007,10298828
"Denmark","Population, total",2007,5461438
"Djibouti","Population, total",2007,874528
"Dominica","Population, total",2007,68847
"Dominican Republic","Population, total",2007,9455658
"Ecuador","Population, total",2007,14328773
"Egypt, Arab Rep.","Population, total",2007,84276225
"El Salvador","Population, total",2007,6009824
"Equatorial Guinea","Population, total",2007,1036044
"Eritrea","Population, total",2007,2743222
"Estonia","Population, total",2007,1340680
"Eswatini","Population, total",2007,1090705
"Ethiopia","Population, total",2007,83103217
"Faroe Islands","Population, total",2007,48378
"Fiji","Population, total",2007,897832
"Finland","Population, total",2007,5288720
"France","Population, total",2007,64016890
"French Polynesia","Population, total",2007,266438
"Gabon","Population, total",2007,1556237
"Gambia, The","Population, total",2007,1765774
"Georgia","Population, total",2007,3860158
"Germany","Population, total",2007,82266372
"Ghana","Population, total",2007,23642279
"Gibraltar","Population, total",2007,30006
"Greece","Population, total",2007,11048473
"Greenland","Population, total",2007,56555
"Grenada","Population, total",2007,110522
"Guam","Population, total",2007,165267
"Guatemala","Population, total",2007,13652040
"Guinea","Population, total",2007,9662281
"Guinea-Bissau","Population, total",2007,1450986
"Guyana","Population, total",2007,756861
"Haiti","Population, total",2007,9373296
"Honduras","Population, total",2007,7834798
"Hong Kong SAR, China","Population, total",2007,6916300
"Hungary","Population, total",2007,10055780
"Iceland","Population, total",2007,311566
"India","Population, total",2007,1190676021
"Indonesia","Population, total",2007,237062337
"Iran, Islamic Rep.","Population, total",2007,74602648
"Iraq","Population, total",2007,28391607
"Ireland","Population, total",2007,4398942
"Isle of Man","Population, total",2007,81147
"Israel","Population, total",2007,7180100
"Italy","Population, total",2007,58756247
"Jamaica","Population, total",2007,2713800
"Japan","Population, total",2007,128001000
"Jordan","Population, total",2007,6827227
"Kazakhstan","Population, total",2007,16257214
"Kenya","Population, total",2007,38036349
"Kiribati","Population, total",2007,102068
"Korea, Dem. People's Rep.","Population, total",2007,24646383
"Korea, Rep.","Population, total",2007,48683638
"Kosovo","Population, total",2007,1807094
"Kuwait","Population, total",2007,2507887
"Kyrgyz Republic","Population, total",2007,5268385
"Lao PDR","Population, total",2007,6056236
"Latvia","Population, total",2007,2200325
"Lebanon","Population, total",2007,4844118
"Lesotho","Population, total",2007,1953268
"Liberia","Population, total",2007,3669050
"Libya","Population, total",2007,6104380
"Liechtenstein","Population, total",2007,35262
"Lithuania","Population, total",2007,3231294
"Luxembourg","Population, total",2007,479993
"Macao SAR, China","Population, total",2007,520900
"Madagascar","Population, total",2007,20318583
"Malawi","Population, total",2007,13576343
"Malaysia","Population, total",2007,26998389
"Maldives","Population, total",2007,324479
"Mali","Population, total",2007,14457775
"Malta","Population, total",2007,406724
"Marshall Islands","Population, total",2007,52035
"Mauritania","Population, total",2007,3093059
"Mauritius","Population, total",2007,1239630
"Mexico","Population, total",2007,108774360
"Micronesia, Fed. Sts.","Population, total",2007,109880
"Moldova","Population, total",2007,2874299
"Monaco","Population, total",2007,31837
"Mongolia","Population, total",2007,2601850
"Montenegro","Population, total",2007,615875
"Morocco","Population, total",2007,31186468
"Mozambique","Population, total",2007,21287635
"Myanmar","Population, total",2007,48125043
"Namibia","Population, total",2007,2018600
"Nauru","Population, total",2007,10020
"Nepal","Population, total",2007,26788492
"Netherlands","Population, total",2007,16381696
"New Caledonia","Population, total",2007,250725
"New Zealand","Population, total",2007,4223800
"Nicaragua","Population, total",2007,5497243
"Niger","Population, total",2007,14803610
"Nigeria","Population, total",2007,153267261
"North Macedonia","Population, total",2007,1982933
"Northern Mariana Islands","Population, total",2007,58941
"Norway","Population, total",2007,4709153
"Oman","Population, total",2007,2570174
"Pakistan","Population, total",2007,184493231
"Palau","Population, total",2007,19302
"Panama","Population, total",2007,3437490
"Papua New Guinea","Population, total",2007,6963345
"Paraguay","Population, total",2007,5559386
"Peru","Population, total",2007,28530699
"Philippines","Population, total",2007,91075184
"Poland","Population, total",2007,38120560
"Portugal","Population, total",2007,10542964
"Puerto Rico","Population, total",2007,3782995
"Qatar","Population, total",2007,1208595
"Romania","Population, total",2007,20882982
"Russian Federation","Population, total",2007,142805114
"Rwanda","Population, total",2007,9549933
"Samoa","Population, total",2007,188753
"San Marino","Population, total",2007,31211
"Sao Tome and Principe","Population, total",2007,169700
"Saudi Arabia","Population, total",2007,22368313
"Senegal","Population, total",2007,11770344
"Serbia","Population, total",2007,7381579
"Seychelles","Population, total",2007,85033
"Sierra Leone","Population, total",2007,5749352
"Singapore","Population, total",2007,4588599
"Sint Maarten (Dutch part)","Population, total",2007,32791
"Slovak Republic","Population, total",2007,5374622
"Slovenia","Population, total",2007,2018122
"Solomon Islands","Population, total",2007,500156
"Somalia","Population, total",2007,11322582
"South Africa","Population, total",2007,50528584
"South Sudan","Population, total",2007,8388788
"Spain","Population, total",2007,45226803
"Sri Lanka","Population, total",2007,20492545
"St. Kitts and Nevis","Population, total",2007,46706
"St. Lucia","Population, total",2007,167758
"St. Martin (French part)","Population, total",2007,35337
"St. Vincent and the Grenadines","Population, total",2007,111531
"Sudan","Population, total",2007,32764135
"Suriname","Population, total",2007,531016
"Sweden","Population, total",2007,9148092
"Switzerland","Population, total",2007,7551117
"Syrian Arab Republic","Population, total",2007,20884125
"Tajikistan","Population, total",2007,7194477
"Tanzania","Population, total",2007,41435512
"Thailand","Population, total",2007,67102394
"Timor-Leste","Population, total",2007,1004889
"Togo","Population, total",2007,6188344
"Tonga","Population, total",2007,106726
"Trinidad and Tobago","Population, total",2007,1303188
"Tunisia","Population, total",2007,10441702
"Turkiye","Population, total",2007,70158112
"Turkmenistan","Population, total",2007,5244046
"Turks and Caicos Islands","Population, total",2007,26270
"Tuvalu","Population, total",2007,10182
"Uganda","Population, total",2007,29653430
"Ukraine","Population, total",2007,47062798
"United Arab Emirates","Population, total",2007,5624635
"United Kingdom","Population, total",2007,61322463
"United States","Population, total",2007,301231207
"Uruguay","Population, total",2007,3295153
"Uzbekistan","Population, total",2007,27076008
"Vanuatu","Population, total",2007,221276
"Venezuela, RB","Population, total",2007,27649363
"Viet Nam","Population, total",2007,83633375
"Virgin Islands (U.S.)","Population, total",2007,108337
"West Bank and Gaza","Population, total",2007,3494496
"Yemen, Rep.","Population, total",2007,24318082
"Zambia","Population, total",2007,12565085
"Zimbabwe","Population, total",2007,12804058
"Africa Eastern and Southern","Population, total",2008,502070763
"Africa Western and Central","Population, total",2008,344586109
"Arab World","Population, total",2008,347684619
"Caribbean small states","Population, total",2008,4124966
"Central Electricity Board (CEB)","Population, total",2008,105001883
"Early-demographic dividend","Population, total",2008,2875943965
"East Asia & Pacific","Population, total",2008,2183472438
"East Asia & Pacific (excluding high income)","Population, total",2008,1944305887
"East Asia & Pacific (IDA & IBRD)","Population, total",2008,1919570287
"Euro area","Population, total",2008,338978475
"Europe & Central Asia","Population, total",2008,884224673
"Europe & Central Asia (excluding high income)","Population, total",2008,226524480
"Europe & Central Asia (IDA & IBRD)","Population, total",2008,439732746
"European Union","Population, total",2008,440270719
"Fragile and conflict affected situations","Population, total",2008,753058095
"Heavily indebted poor countries (HIPC)","Population, total",2008,604007702
"High income","Population, total",2008,1314671040
"IBRD only","Population, total",2008,4346234014
"IDA & IBRD total","Population, total",2008,5720065907
"IDA blend","Population, total",2008,482975881
"IDA only","Population, total",2008,890856012
"IDA total","Population, total",2008,1373831893
"Late-demographic dividend","Population, total",2008,2153941306
"Latin America & Caribbean","Population, total",2008,574908733
"Latin America & Caribbean (excluding high income)","Population, total",2008,511659365
"Latin America & Caribbean (IDA & IBRD)","Population, total",2008,558968822
"Least developed countries: UN classification","Population, total",2008,816268129
"Low & middle income","Population, total",2008,5402245137
"Low income","Population, total",2008,405862712
"Lower middle income","Population, total",2008,2464036877
"Middle East and North Africa","Population, total",2008,597799097
"Middle East & North Africa (excluding high income)","Population, total",2008,552681993
"Middle East & North Africa (IDA & IBRD)","Population, total",2008,549090016
"Middle income","Population, total",2008,4996382425
"North America","Population, total",2008,337404564
"OECD members","Population, total",2008,1274711058
"Other small states","Population, total",2008,10862640
"Pacific island small states","Population, total",2008,2240739
"Post-demographic dividend","Population, total",2008,1065603711
"Pre-demographic dividend","Population, total",2008,708796270
"Small states","Population, total",2008,17228345
"South Asia","Population, total",2008,1406047164
"South Asia (IDA & IBRD)","Population, total",2008,1406047164
"Sub-Saharan Africa","Population, total",2008,846656872
"Sub-Saharan Africa (excluding high income)","Population, total",2008,761026248
"Sub-Saharan Africa (IDA & IBRD)","Population, total",2008,846656872
"Upper middle income","Population, total",2008,2532345548
"World","Population, total",2008,6830513541
"Afghanistan","Population, total",2008,26482622
"Albania","Population, total",2008,2947314
"Algeria","Population, total",2008,34816961
"American Samoa","Population, total",2008,55828
"Andorra","Population, total",2008,83495
"Angola","Population, total",2008,21578655
"Antigua and Barbuda","Population, total",2008,82912
"Argentina","Population, total",2008,40424148
"Armenia","Population, total",2008,3087100
"Aruba","Population, total",2008,100917
"Australia","Population, total",2008,21249199
"Austria","Population, total",2008,8321496
"Azerbaijan","Population, total",2008,8763400
"Bahamas, The","Population, total",2008,358120
"Bahrain","Population, total",2008,1103496
"Bangladesh","Population, total",2008,149474264
"Barbados","Population, total",2008,272714
"Belarus","Population, total",2008,9527985
"Belgium","Population, total",2008,10709973
"Belize","Population, total",2008,304361
"Benin","Population, total",2008,9228466
"Bermuda","Population, total",2008,63300
"Bhutan","Population, total",2008,686351
"Bolivia","Population, total",2008,9850858
"Bosnia and Herzegovina","Population, total",2008,3947544
"Botswana","Population, total",2008,1949970
"Brazil","Population, total",2008,190367302
"British Virgin Islands","Population, total",2008,26288
"Brunei Darussalam","Population, total",2008,377793
"Bulgaria","Population, total",2008,7492561
"Burkina Faso","Population, total",2008,15258093
"Burundi","Population, total",2008,8505637
"Cabo Verde","Population, total",2008,501355
"Cambodia","Population, total",2008,14053479
"Cameroon","Population, total",2008,18574056
"Canada","Population, total",2008,33247298
"Cayman Islands","Population, total",2008,51151
"Central African Republic","Population, total",2008,4558984
"Chad","Population, total",2008,11476296
"Channel Islands","Population, total",2008,156408
"Chile","Population, total",2008,16838988
"China","Population, total",2008,1324655000
"Colombia","Population, total",2008,43758808
"Comoros","Population, total",2008,629307
"Congo, Dem. Rep.","Population, total",2008,64390664
"Congo, Rep.","Population, total",2008,4113517
"Costa Rica","Population, total",2008,4440056
"Cote d'Ivoire","Population, total",2008,21514439
"Croatia","Population, total",2008,4309705
"Cuba","Population, total",2008,11291762
"Curacao","Population, total",2008,145880
"Cyprus","Population, total",2008,1091026
"Czechia","Population, total",2008,10384603
"Denmark","Population, total",2008,5493621
"Djibouti","Population, total",2008,892734
"Dominica","Population, total",2008,68854
"Dominican Republic","Population, total",2008,9573130
"Ecuador","Population, total",2008,14575202
"Egypt, Arab Rep.","Population, total",2008,85864789
"El Salvador","Population, total",2008,6029297
"Equatorial Guinea","Population, total",2008,1084530
"Eritrea","Population, total",2008,2816327
"Estonia","Population, total",2008,1337090
"Eswatini","Population, total",2008,1098091
"Ethiopia","Population, total",2008,85543668
"Faroe Islands","Population, total",2008,48547
"Fiji","Population, total",2008,903399
"Finland","Population, total",2008,5313399
"France","Population, total",2008,64375116
"French Polynesia","Population, total",2008,268379
"Gabon","Population, total",2008,1607175
"Gambia, The","Population, total",2008,1817852
"Georgia","Population, total",2008,3848449
"Germany","Population, total",2008,82110097
"Ghana","Population, total",2008,24249946
"Gibraltar","Population, total",2008,30413
"Greece","Population, total",2008,11077841
"Greenland","Population, total",2008,56328
"Grenada","Population, total",2008,110896
"Guam","Population, total",2008,165693
"Guatemala","Population, total",2008,13935174
"Guinea","Population, total",2008,9898870
"Guinea-Bissau","Population, total",2008,1488054
"Guyana","Population, total",2008,754606
"Haiti","Population, total",2008,9530774
"Honduras","Population, total",2008,8012587
"Hong Kong SAR, China","Population, total",2008,6957800
"Hungary","Population, total",2008,10038188
"Iceland","Population, total",2008,317414
"India","Population, total",2008,1207930964
"Indonesia","Population, total",2008,240157903
"Iran, Islamic Rep.","Population, total",2008,75514204
"Iraq","Population, total",2008,28971036
"Ireland","Population, total",2008,4489544
"Isle of Man","Population, total",2008,82029
"Israel","Population, total",2008,7308800
"Italy","Population, total",2008,59211181
"Jamaica","Population, total",2008,2725635
"Japan","Population, total",2008,128063000
"Jordan","Population, total",2008,6989866
"Kazakhstan","Population, total",2008,16426525
"Kenya","Population, total",2008,39206351
"Kiribati","Population, total",2008,104222
"Korea, Dem. People's Rep.","Population, total",2008,24764618
"Korea, Rep.","Population, total",2008,49054708
"Kosovo","Population, total",2008,1800858
"Kuwait","Population, total",2008,2651421
"Kyrgyz Republic","Population, total",2008,5318729
"Lao PDR","Population, total",2008,6148969
"Latvia","Population, total",2008,2177322
"Lebanon","Population, total",2008,4925354
"Lesotho","Population, total",2008,1966541
"Liberia","Population, total",2008,3821003
"Libya","Population, total",2008,6235430
"Liechtenstein","Population, total",2008,35473
"Lithuania","Population, total",2008,3198231
"Luxembourg","Population, total",2008,488650
"Macao SAR, China","Population, total",2008,540700
"Madagascar","Population, total",2008,20923840
"Malawi","Population, total",2008,13976417
"Malaysia","Population, total",2008,27570059
"Maldives","Population, total",2008,336170
"Mali","Population, total",2008,14940782
"Malta","Population, total",2008,409379
"Marshall Islands","Population, total",2008,52030
"Mauritania","Population, total",2008,3183269
"Mauritius","Population, total",2008,1244121
"Mexico","Population, total",2008,110374288
"Micronesia, Fed. Sts.","Population, total",2008,108936
"Moldova","Population, total",2008,2868833
"Monaco","Population, total",2008,31836
"Mongolia","Population, total",2008,2643201
"Montenegro","Population, total",2008,616969
"Morocco","Population, total",2008,31606767
"Mozambique","Population, total",2008,21819036
"Myanmar","Population, total",2008,48390793
"Namibia","Population, total",2008,2047056
"Nauru","Population, total",2008,10009
"Nepal","Population, total",2008,26990037
"Netherlands","Population, total",2008,16445593
"New Caledonia","Population, total",2008,253825
"New Zealand","Population, total",2008,4259800
"Nicaragua","Population, total",2008,5576593
"Niger","Population, total",2008,15361915
"Nigeria","Population, total",2008,157595014
"North Macedonia","Population, total",2008,1971493
"Northern Mariana Islands","Population, total",2008,57150
"Norway","Population, total",2008,4768212
"Oman","Population, total",2008,2626529
"Pakistan","Population, total",2008,189499113
"Palau","Population, total",2008,19009
"Panama","Population, total",2008,3500648
"Papua New Guinea","Population, total",2008,7183002
"Paraguay","Population, total",2008,5613574
"Peru","Population, total",2008,28719041
"Philippines","Population, total",2008,92699095
"Poland","Population, total",2008,38125759
"Portugal","Population, total",2008,10558177
"Puerto Rico","Population, total",2008,3760866
"Qatar","Population, total",2008,1426938
"Romania","Population, total",2008,20537875
"Russian Federation","Population, total",2008,142742366
"Rwanda","Population, total",2008,9804269
"Samoa","Population, total",2008,190107
"San Marino","Population, total",2008,31662
"Sao Tome and Principe","Population, total",2008,173793
"Saudi Arabia","Population, total",2008,23287877
"Senegal","Population, total",2008,12048959
"Serbia","Population, total",2008,7350222
"Seychelles","Population, total",2008,86956
"Sierra Leone","Population, total",2008,5894722
"Singapore","Population, total",2008,4839396
"Sint Maarten (Dutch part)","Population, total",2008,33145
"Slovak Republic","Population, total",2008,5379233
"Slovenia","Population, total",2008,2021316
"Solomon Islands","Population, total",2008,508790
"Somalia","Population, total",2008,11663084
"South Africa","Population, total",2008,51114599
"South Sudan","Population, total",2008,8817647
"Spain","Population, total",2008,45954106
"Sri Lanka","Population, total",2008,20629378
"St. Kitts and Nevis","Population, total",2008,46835
"St. Lucia","Population, total",2008,168808
"St. Martin (French part)","Population, total",2008,35958
"St. Vincent and the Grenadines","Population, total",2008,111028
"Sudan","Population, total",2008,33623980
"Suriname","Population, total",2008,537245
"Sweden","Population, total",2008,9219637
"Switzerland","Population, total",2008,7647675
"Syrian Arab Republic","Population, total",2008,21636564
"Tajikistan","Population, total",2008,7338403
"Tanzania","Population, total",2008,42570728
"Thailand","Population, total",2008,67619830
"Timor-Leste","Population, total",2008,1032429
"Togo","Population, total",2008,6368812
"Tonga","Population, total",2008,107020
"Trinidad and Tobago","Population, total",2008,1308587
"Tunisia","Population, total",2008,10542635
"Turkiye","Population, total",2008,71051678
"Turkmenistan","Population, total",2008,5345029
"Turks and Caicos Islands","Population, total",2008,27427
"Tuvalu","Population, total",2008,10321
"Uganda","Population, total",2008,30539553
"Ukraine","Population, total",2008,46819175
"United Arab Emirates","Population, total",2008,6302664
"United Kingdom","Population, total",2008,61806995
"United States","Population, total",2008,304093966
"Uruguay","Population, total",2008,3302177
"Uzbekistan","Population, total",2008,27494774
"Vanuatu","Population, total",2008,226896
"Venezuela, RB","Population, total",2008,28053696
"Viet Nam","Population, total",2008,85175788
"Virgin Islands (U.S.)","Population, total",2008,108397
"West Bank and Gaza","Population, total",2008,3591977
"Yemen, Rep.","Population, total",2008,25111941
"Zambia","Population, total",2008,13021324
"Zimbabwe","Population, total",2008,12959149
"Africa Eastern and Southern","Population, total",2009,516003448
"Africa Western and Central","Population, total",2009,354343844
"Arab World","Population, total",2009,356386673
"Caribbean small states","Population, total",2009,4146899
"Central Electricity Board (CEB)","Population, total",2009,104800475
"Early-demographic dividend","Population, total",2009,2921563644
"East Asia & Pacific","Population, total",2009,2199148703
"East Asia & Pacific (excluding high income)","Population, total",2009,1959017463
"East Asia & Pacific (IDA & IBRD)","Population, total",2009,1934167856
"Euro area","Population, total",2009,340136844
"Europe & Central Asia","Population, total",2009,887741128
"Europe & Central Asia (excluding high income)","Population, total",2009,228250911
"Europe & Central Asia (IDA & IBRD)","Population, total",2009,441304973
"European Union","Population, total",2009,441388573
"Fragile and conflict affected situations","Population, total",2009,772015937
"Heavily indebted poor countries (HIPC)","Population, total",2009,621337653
"High income","Population, total",2009,1322754052
"IBRD only","Population, total",2009,4391389527
"IDA & IBRD total","Population, total",2009,5797994405
"IDA blend","Population, total",2009,495610570
"IDA only","Population, total",2009,910994308
"IDA total","Population, total",2009,1406604878
"Late-demographic dividend","Population, total",2009,2167303374
"Latin America & Caribbean","Population, total",2009,581388129
"Latin America & Caribbean (excluding high income)","Population, total",2009,517459947
"Latin America & Caribbean (IDA & IBRD)","Population, total",2009,565454932
"Least developed countries: UN classification","Population, total",2009,835687108
"Low & middle income","Population, total",2009,5477389130
"Low income","Population, total",2009,417577386
"Lower middle income","Population, total",2009,2506795582
"Middle East and North Africa","Population, total",2009,612128501
"Middle East & North Africa (excluding high income)","Population, total",2009,565038251
"Middle East & North Africa (IDA & IBRD)","Population, total",2009,561349152
"Middle income","Population, total",2009,5059811744
"North America","Population, total",2009,340465163
"OECD members","Population, total",2009,1283973216
"Other small states","Population, total",2009,10989567
"Pacific island small states","Population, total",2009,2262456
"Post-demographic dividend","Population, total",2009,1071118156
"Pre-demographic dividend","Population, total",2009,730293963
"Small states","Population, total",2009,17398922
"South Asia","Population, total",2009,1425370200
"South Asia (IDA & IBRD)","Population, total",2009,1425370200
"Sub-Saharan Africa","Population, total",2009,870347292
"Sub-Saharan Africa (excluding high income)","Population, total",2009,782252358
"Sub-Saharan Africa (IDA & IBRD)","Population, total",2009,870347292
"Upper middle income","Population, total",2009,2553016162
"World","Population, total",2009,6916589116
"Afghanistan","Population, total",2009,27466101
"Albania","Population, total",2009,2927519
"Algeria","Population, total",2009,35490445
"American Samoa","Population, total",2009,55528
"Andorra","Population, total",2009,83888
"Angola","Population, total",2009,22414773
"Antigua and Barbuda","Population, total",2009,84173
"Argentina","Population, total",2009,40854831
"Armenia","Population, total",2009,3066000
"Aruba","Population, total",2009,101604
"Australia","Population, total",2009,21691653
"Austria","Population, total",2009,8343323
"Azerbaijan","Population, total",2009,8947243
"Bahamas, The","Population, total",2009,362810
"Bahrain","Population, total",2009,1178415
"Bangladesh","Population, total",2009,150873714
"Barbados","Population, total",2009,274123
"Belarus","Population, total",2009,9504583
"Belgium","Population, total",2009,10796493
"Belize","Population, total",2009,312614
"Benin","Population, total",2009,9509423
"Bermuda","Population, total",2009,63565
"Bhutan","Population, total",2009,693988
"Bolivia","Population, total",2009,10016275
"Bosnia and Herzegovina","Population, total",2009,3879794
"Botswana","Population, total",2009,1990673
"Brazil","Population, total",2009,192079951
"British Virgin Islands","Population, total",2009,27218
"Brunei Darussalam","Population, total",2009,384952
"Bulgaria","Population, total",2009,7444443
"Burkina Faso","Population, total",2009,15710066
"Burundi","Population, total",2009,8947646
"Cabo Verde","Population, total",2009,506141
"Cambodia","Population, total",2009,14276810
"Cameroon","Population, total",2009,19113974
"Canada","Population, total",2009,33630069
"Cayman Islands","Population, total",2009,52618
"Central African Republic","Population, total",2009,4529047
"Chad","Population, total",2009,11893754
"Channel Islands","Population, total",2009,157511
"Chile","Population, total",2009,17009731
"China","Population, total",2009,1331260000
"Colombia","Population, total",2009,44271541
"Comoros","Population, total",2009,641947
"Congo, Dem. Rep.","Population, total",2009,66412044
"Congo, Rep.","Population, total",2009,4281219
"Costa Rica","Population, total",2009,4499791
"Cote d'Ivoire","Population, total",2009,21997940
"Croatia","Population, total",2009,4305181
"Cuba","Population, total",2009,11294719
"Curacao","Population, total",2009,146833
"Cyprus","Population, total",2009,1109371
"Czechia","Population, total",2009,10443936
"Denmark","Population, total",2009,5523095
"Djibouti","Population, total",2009,911527
"Dominica","Population, total",2009,68864
"Dominican Republic","Population, total",2009,9695265
"Ecuador","Population, total",2009,14825954
"Egypt, Arab Rep.","Population, total",2009,87501636
"El Salvador","Population, total",2009,6048279
"Equatorial Guinea","Population, total",2009,1135673
"Eritrea","Population, total",2009,2887885
"Estonia","Population, total",2009,1334515
"Eswatini","Population, total",2009,1105153
"Ethiopia","Population, total",2009,88007636
"Faroe Islands","Population, total",2009,48791
"Fiji","Population, total",2009,907239
"Finland","Population, total",2009,5338871
"France","Population, total",2009,64706436
"French Polynesia","Population, total",2009,269481
"Gabon","Population, total",2009,1661556
"Gambia, The","Population, total",2009,1871422
"Georgia","Population, total",2009,3814419
"Germany","Population, total",2009,81902307
"Ghana","Population, total",2009,24862664
"Gibraltar","Population, total",2009,30823
"Greece","Population, total",2009,11107017
"Greenland","Population, total",2009,56323
"Grenada","Population, total",2009,111254
"Guam","Population, total",2009,166173
"Guatemala","Population, total",2009,14215611
"Guinea","Population, total",2009,10143534
"Guinea-Bissau","Population, total",2009,1526377
"Guyana","Population, total",2009,752094
"Haiti","Population, total",2009,9689581
"Honduras","Population, total",2009,8189899
"Hong Kong SAR, China","Population, total",2009,6972800
"Hungary","Population, total",2009,10022650
"Iceland","Population, total",2009,318499
"India","Population, total",2009,1225524753
"Indonesia","Population, total",2009,243220028
"Iran, Islamic Rep.","Population, total",2009,76457825
"Iraq","Population, total",2009,30058206
"Ireland","Population, total",2009,4535375
"Isle of Man","Population, total",2009,82939
"Israel","Population, total",2009,7485600
"Italy","Population, total",2009,59555454
"Jamaica","Population, total",2009,2736995
"Japan","Population, total",2009,128047000
"Jordan","Population, total",2009,7141753
"Kazakhstan","Population, total",2009,16619846
"Kenya","Population, total",2009,40408891
"Kiribati","Population, total",2009,106467
"Korea, Dem. People's Rep.","Population, total",2009,24878332
"Korea, Rep.","Population, total",2009,49307835
"Kosovo","Population, total",2009,1794681
"Kuwait","Population, total",2009,2795484
"Kyrgyz Republic","Population, total",2009,5389643
"Lao PDR","Population, total",2009,6241642
"Latvia","Population, total",2009,2141669
"Lebanon","Population, total",2009,4992287
"Lesotho","Population, total",2009,1980883
"Liberia","Population, total",2009,3943028
"Libya","Population, total",2009,6366686
"Liechtenstein","Population, total",2009,35742
"Lithuania","Population, total",2009,3162916
"Luxembourg","Population, total",2009,497783
"Macao SAR, China","Population, total",2009,535000
"Madagascar","Population, total",2009,21547280
"Malawi","Population, total",2009,14395788
"Malaysia","Population, total",2009,28124778
"Maldives","Population, total",2009,348275
"Mali","Population, total",2009,15435539
"Malta","Population, total",2009,412477
"Marshall Islands","Population, total",2009,52019
"Mauritania","Population, total",2009,3284448
"Mauritius","Population, total",2009,1247429
"Mexico","Population, total",2009,111999721
"Micronesia, Fed. Sts.","Population, total",2009,107957
"Moldova","Population, total",2009,2865213
"Monaco","Population, total",2009,32364
"Mongolia","Population, total",2009,2691115
"Montenegro","Population, total",2009,618294
"Morocco","Population, total",2009,32030778
"Mozambique","Population, total",2009,22391745
"Myanmar","Population, total",2009,48660459
"Namibia","Population, total",2009,2077394
"Nauru","Population, total",2009,10016
"Nepal","Population, total",2009,27173035
"Netherlands","Population, total",2009,16530388
"New Caledonia","Population, total",2009,257250
"New Zealand","Population, total",2009,4302600
"Nicaragua","Population, total",2009,5656601
"Niger","Population, total",2009,15943675
"Nigeria","Population, total",2009,162049464
"North Macedonia","Population, total",2009,1958782
"Northern Mariana Islands","Population, total",2009,55325
"Norway","Population, total",2009,4828726
"Oman","Population, total",2009,2684659
"Pakistan","Population, total",2009,194376534
"Palau","Population, total",2009,18709
"Panama","Population, total",2009,3564381
"Papua New Guinea","Population, total",2009,7406438
"Paraguay","Population, total",2009,5671236
"Peru","Population, total",2009,28896811
"Philippines","Population, total",2009,94384250
"Poland","Population, total",2009,38151603
"Portugal","Population, total",2009,10568247
"Puerto Rico","Population, total",2009,3740410
"Qatar","Population, total",2009,1608903
"Romania","Population, total",2009,20367487
"Russian Federation","Population, total",2009,142785348
"Rwanda","Population, total",2009,10060432
"Samoa","Population, total",2009,191513
"San Marino","Population, total",2009,33066
"Sao Tome and Principe","Population, total",2009,177853
"Saudi Arabia","Population, total",2009,24217654
"Senegal","Population, total",2009,12337389
"Serbia","Population, total",2009,7320807
"Seychelles","Population, total",2009,87298
"Sierra Leone","Population, total",2009,6055646
"Singapore","Population, total",2009,4987573
"Sint Maarten (Dutch part)","Population, total",2009,33491
"Slovak Republic","Population, total",2009,5386406
"Slovenia","Population, total",2009,2039669
"Solomon Islands","Population, total",2009,518141
"Somalia","Population, total",2009,11961201
"South Africa","Population, total",2009,51728516
"South Sudan","Population, total",2009,9243556
"Spain","Population, total",2009,46362946
"Sri Lanka","Population, total",2009,20756435
"St. Kitts and Nevis","Population, total",2009,46916
"St. Lucia","Population, total",2009,169869
"St. Martin (French part)","Population, total",2009,36502
"St. Vincent and the Grenadines","Population, total",2009,110508
"Sudan","Population, total",2009,34569113
"Suriname","Population, total",2009,543568
"Sweden","Population, total",2009,9298515
"Switzerland","Population, total",2009,7743831
"Syrian Arab Republic","Population, total",2009,21976969
"Tajikistan","Population, total",2009,7490230
"Tanzania","Population, total",2009,43633982
"Thailand","Population, total",2009,68121080
"Timor-Leste","Population, total",2009,1058782
"Togo","Population, total",2009,6551865
"Tonga","Population, total",2009,107203
"Trinidad and Tobago","Population, total",2009,1310106
"Tunisia","Population, total",2009,10650681
"Turkiye","Population, total",2009,72039206
"Turkmenistan","Population, total",2009,5451592
"Turks and Caicos Islands","Population, total",2009,28588
"Tuvalu","Population, total",2009,10461
"Uganda","Population, total",2009,31451151
"Ukraine","Population, total",2009,46623731
"United Arab Emirates","Population, total",2009,6707058
"United Kingdom","Population, total",2009,62276270
"United States","Population, total",2009,306771529
"Uruguay","Population, total",2009,3310091
"Uzbekistan","Population, total",2009,27939328
"Vanuatu","Population, total",2009,232731
"Venezuela, RB","Population, total",2009,28438298
"Viet Nam","Population, total",2009,86460018
"Virgin Islands (U.S.)","Population, total",2009,108404
"West Bank and Gaza","Population, total",2009,3689099
"Yemen, Rep.","Population, total",2009,25927724
"Zambia","Population, total",2009,13490389
"Zimbabwe","Population, total",2009,13142790
"Africa Eastern and Southern","Population, total",2010,530308387
"Africa Western and Central","Population, total",2010,364358270
"Arab World","Population, total",2010,363568534
"Caribbean small states","Population, total",2010,4173335
"Central Electricity Board (CEB)","Population, total",2010,104421447
"Early-demographic dividend","Population, total",2010,2967104472
"East Asia & Pacific","Population, total",2010,2214613815
"East Asia & Pacific (excluding high income)","Population, total",2010,1973602166
"East Asia & Pacific (IDA & IBRD)","Population, total",2010,1948643347
"Euro area","Population, total",2010,341002804
"Europe & Central Asia","Population, total",2010,890990371
"Europe & Central Asia (excluding high income)","Population, total",2010,230106440
"Europe & Central Asia (IDA & IBRD)","Population, total",2010,442936599
"European Union","Population, total",2010,442088310
"Fragile and conflict affected situations","Population, total",2010,791371804
"Heavily indebted poor countries (HIPC)","Population, total",2010,638796398
"High income","Population, total",2010,1328657754
"IBRD only","Population, total",2010,4436714947
"IDA & IBRD total","Population, total",2010,5876645582
"IDA blend","Population, total",2010,508422508
"IDA only","Population, total",2010,931508127
"IDA total","Population, total",2010,1439930635
"Late-demographic dividend","Population, total",2010,2179525352
"Latin America & Caribbean","Population, total",2010,587752505
"Latin America & Caribbean (excluding high income)","Population, total",2010,523147480
"Latin America & Caribbean (IDA & IBRD)","Population, total",2010,571822092
"Least developed countries: UN classification","Population, total",2010,855348118
"Low & middle income","Population, total",2010,5553257507
"Low income","Population, total",2010,429515596
"Lower middle income","Population, total",2010,2550264612
"Middle East and North Africa","Population, total",2010,624828664
"Middle East & North Africa (excluding high income)","Population, total",2010,577396038
"Middle East & North Africa (IDA & IBRD)","Population, total",2010,573609877
"Middle income","Population, total",2010,5123741911
"North America","Population, total",2010,343447854
"OECD members","Population, total",2010,1292701737
"Other small states","Population, total",2010,11112466
"Pacific island small states","Population, total",2010,2289399
"Post-demographic dividend","Population, total",2010,1076208648
"Pre-demographic dividend","Population, total",2010,752046672
"Small states","Population, total",2010,17575200
"South Asia","Population, total",2010,1444967010
"South Asia (IDA & IBRD)","Population, total",2010,1444967010
"Sub-Saharan Africa","Population, total",2010,894666657
"Sub-Saharan Africa (excluding high income)","Population, total",2010,804038373
"Sub-Saharan Africa (IDA & IBRD)","Population, total",2010,894666657
"Upper middle income","Population, total",2010,2573477299
"World","Population, total",2010,7001266876
"Afghanistan","Population, total",2010,28284089
"Albania","Population, total",2010,2913021
"Algeria","Population, total",2010,36188236
"American Samoa","Population, total",2010,55228
"Andorra","Population, total",2010,80706
"Angola","Population, total",2010,23294825
"Antigua and Barbuda","Population, total",2010,85320
"Argentina","Population, total",2010,41288694
"Armenia","Population, total",2010,3044800
"Aruba","Population, total",2010,101838
"Australia","Population, total",2010,22031750
"Austria","Population, total",2010,8363404
"Azerbaijan","Population, total",2010,9054332
"Bahamas, The","Population, total",2010,367478
"Bahrain","Population, total",2010,1228543
"Bangladesh","Population, total",2010,152201981
"Barbados","Population, total",2010,275243
"Belarus","Population, total",2010,9483836
"Belgium","Population, total",2010,10895586
"Belize","Population, total",2010,320245
"Benin","Population, total",2010,9797484
"Bermuda","Population, total",2010,63725
"Bhutan","Population, total",2010,701632
"Bolivia","Population, total",2010,10182345
"Bosnia and Herzegovina","Population, total",2010,3811472
"Botswana","Population, total",2010,2033111
"Brazil","Population, total",2010,193701929
"British Virgin Islands","Population, total",2010,27675
"Brunei Darussalam","Population, total",2010,392332
"Bulgaria","Population, total",2010,7395599
"Burkina Faso","Population, total",2010,16176498
"Burundi","Population, total",2010,9376444
"Cabo Verde","Population, total",2010,509784
"Cambodia","Population, total",2010,14500726
"Cameroon","Population, total",2010,19668066
"Canada","Population, total",2010,34005902
"Cayman Islands","Population, total",2010,54099
"Central African Republic","Population, total",2010,4492995
"Chad","Population, total",2010,12312575
"Channel Islands","Population, total",2010,158621
"Chile","Population, total",2010,17181464
"China","Population, total",2010,1337705000
"Colombia","Population, total",2010,44777319
"Comoros","Population, total",2010,654836
"Congo, Dem. Rep.","Population, total",2010,68563038
"Congo, Rep.","Population, total",2010,4462290
"Costa Rica","Population, total",2010,4555962
"Cote d'Ivoire","Population, total",2010,22488065
"Croatia","Population, total",2010,4295427
"Cuba","Population, total",2010,11297409
"Curacao","Population, total",2010,148703
"Cyprus","Population, total",2010,1127816
"Czechia","Population, total",2010,10474410
"Denmark","Population, total",2010,5547683
"Djibouti","Population, total",2010,930251
"Dominica","Population, total",2010,68859
"Dominican Republic","Population, total",2010,9820175
"Ecuador","Population, total",2010,15076695
"Egypt, Arab Rep.","Population, total",2010,89196072
"El Salvador","Population, total",2010,6068249
"Equatorial Guinea","Population, total",2010,1189085
"Eritrea","Population, total",2010,2945186
"Estonia","Population, total",2010,1331475
"Eswatini","Population, total",2010,1111650
"Ethiopia","Population, total",2010,90538514
"Faroe Islands","Population, total",2010,48657
"Fiji","Population, total",2010,910419
"Finland","Population, total",2010,5363352
"France","Population, total",2010,65026211
"French Polynesia","Population, total",2010,270580
"Gabon","Population, total",2010,1719879
"Gambia, The","Population, total",2010,1926630
"Georgia","Population, total",2010,3786695
"Germany","Population, total",2010,81776930
"Ghana","Population, total",2010,25474995
"Gibraltar","Population, total",2010,31248
"Greece","Population, total",2010,11121341
"Greenland","Population, total",2010,56534
"Grenada","Population, total",2010,111586
"Guam","Population, total",2010,166522
"Guatemala","Population, total",2010,14500112
"Guinea","Population, total",2010,10396086
"Guinea-Bissau","Population, total",2010,1566347
"Guyana","Population, total",2010,749256
"Haiti","Population, total",2010,9803294
"Honduras","Population, total",2010,8365878
"Hong Kong SAR, China","Population, total",2010,7024200
"Hungary","Population, total",2010,10000023
"Iceland","Population, total",2010,318041
"India","Population, total",2010,1243481564
"Indonesia","Population, total",2010,246305322
"Iran, Islamic Rep.","Population, total",2010,77420842
"Iraq","Population, total",2010,31045366
"Ireland","Population, total",2010,4560155
"Isle of Man","Population, total",2010,83873
"Israel","Population, total",2010,7623600
"Italy","Population, total",2010,59819407
"Jamaica","Population, total",2010,2748568
"Japan","Population, total",2010,128070000
"Jordan","Population, total",2010,7297043
"Kazakhstan","Population, total",2010,16836810
"Kenya","Population, total",2010,41598567
"Kiribati","Population, total",2010,108704
"Korea, Dem. People's Rep.","Population, total",2010,24987258
"Korea, Rep.","Population, total",2010,49554112
"Kosovo","Population, total",2010,1788743
"Kuwait","Population, total",2010,2943372
"Kyrgyz Republic","Population, total",2010,5467059
"Lao PDR","Population, total",2010,6334194
"Latvia","Population, total",2010,2097555
"Lebanon","Population, total",2010,5041288
"Lesotho","Population, total",2010,1996251
"Liberia","Population, total",2010,4058890
"Libya","Population, total",2010,6497839
"Liechtenstein","Population, total",2010,36022
"Lithuania","Population, total",2010,3097282
"Luxembourg","Population, total",2010,506953
"Macao SAR, China","Population, total",2010,537000
"Madagascar","Population, total",2010,22183340
"Malawi","Population, total",2010,14826463
"Malaysia","Population, total",2010,28655776
"Maldives","Population, total",2010,360792
"Mali","Population, total",2010,15945198
"Malta","Population, total",2010,414508
"Marshall Islands","Population, total",2010,52044
"Mauritania","Population, total",2010,3390965
"Mauritius","Population, total",2010,1250400
"Mexico","Population, total",2010,113623895
"Micronesia, Fed. Sts.","Population, total",2010,107540
"Moldova","Population, total",2010,2862354
"Monaco","Population, total",2010,33163
"Mongolia","Population, total",2010,2738622
"Montenegro","Population, total",2010,619428
"Morocco","Population, total",2010,32467016
"Mozambique","Population, total",2010,22999235
"Myanmar","Population, total",2010,49024382
"Namibia","Population, total",2010,2109811
"Nauru","Population, total",2010,10043
"Nepal","Population, total",2010,27341952
"Netherlands","Population, total",2010,16615394
"New Caledonia","Population, total",2010,261582
"New Zealand","Population, total",2010,4350700
"Nicaragua","Population, total",2010,5737450
"Niger","Population, total",2010,16548835
"Nigeria","Population, total",2010,166642886
"North Macedonia","Population, total",2010,1946298
"Northern Mariana Islands","Population, total",2010,54091
"Norway","Population, total",2010,4889252
"Oman","Population, total",2010,2757446
"Pakistan","Population, total",2010,199239047
"Palau","Population, total",2010,18396
"Panama","Population, total",2010,3628535
"Papua New Guinea","Population, total",2010,7633523
"Paraguay","Population, total",2010,5737971
"Peru","Population, total",2010,29086019
"Philippines","Population, total",2010,96337125
"Poland","Population, total",2010,38042794
"Portugal","Population, total",2010,10573100
"Puerto Rico","Population, total",2010,3724465
"Qatar","Population, total",2010,1616832
"Romania","Population, total",2010,20246871
"Russian Federation","Population, total",2010,142849468
"Rwanda","Population, total",2010,10317553
"Samoa","Population, total",2010,193023
"San Marino","Population, total",2010,33270
"Sao Tome and Principe","Population, total",2010,181802
"Saudi Arabia","Population, total",2010,23978487
"Senegal","Population, total",2010,12635413
"Serbia","Population, total",2010,7291436
"Seychelles","Population, total",2010,89770
"Sierra Leone","Population, total",2010,6222714
"Singapore","Population, total",2010,5076732
"Sint Maarten (Dutch part)","Population, total",2010,33794
"Slovak Republic","Population, total",2010,5391428
"Slovenia","Population, total",2010,2048583
"Solomon Islands","Population, total",2010,532968
"Somalia","Population, total",2010,12261756
"South Africa","Population, total",2010,52344051
"South Sudan","Population, total",2010,9745953
"Spain","Population, total",2010,46576897
"Sri Lanka","Population, total",2010,20879089
"St. Kitts and Nevis","Population, total",2010,46846
"St. Lucia","Population, total",2010,170906
"St. Martin (French part)","Population, total",2010,36856
"St. Vincent and the Grenadines","Population, total",2010,109959
"Sudan","Population, total",2010,35414399
"Suriname","Population, total",2010,549923
"Sweden","Population, total",2010,9378126
"Switzerland","Population, total",2010,7824909
"Syrian Arab Republic","Population, total",2010,22482421
"Tajikistan","Population, total",2010,7652141
"Tanzania","Population, total",2010,44758488
"Thailand","Population, total",2010,68579447
"Timor-Leste","Population, total",2010,1084679
"Togo","Population, total",2010,6732590
"Tonga","Population, total",2010,107400
"Trinidad and Tobago","Population, total",2010,1317714
"Tunisia","Population, total",2010,10765980
"Turkiye","Population, total",2010,73142150
"Turkmenistan","Population, total",2010,5564356
"Turks and Caicos Islands","Population, total",2010,29739
"Tuvalu","Population, total",2010,10614
"Uganda","Population, total",2010,32390802
"Ukraine","Population, total",2010,46456003
"United Arab Emirates","Population, total",2010,6869838
"United Kingdom","Population, total",2010,62766365
"United States","Population, total",2010,309378227
"Uruguay","Population, total",2010,3318580
"Uzbekistan","Population, total",2010,28385506
"Vanuatu","Population, total",2010,238248
"Venezuela, RB","Population, total",2010,28813101
"Viet Nam","Population, total",2010,87455152
"Virgin Islands (U.S.)","Population, total",2010,108357
"West Bank and Gaza","Population, total",2010,3786161
"Yemen, Rep.","Population, total",2010,26754387
"Zambia","Population, total",2010,13965594
"Zimbabwe","Population, total",2010,13356548
"Africa Eastern and Southern","Population, total",2011,544737983
"Africa Western and Central","Population, total",2011,374790143
"Arab World","Population, total",2011,372054934
"Caribbean small states","Population, total",2011,4201107
"Central Electricity Board (CEB)","Population, total",2011,104174038
"Early-demographic dividend","Population, total",2011,3013476947
"East Asia & Pacific","Population, total",2011,2230826576
"East Asia & Pacific (excluding high income)","Population, total",2011,1989106668
"East Asia & Pacific (IDA & IBRD)","Population, total",2011,1964036970
"Euro area","Population, total",2011,340367367
"Europe & Central Asia","Population, total",2011,893009595
"Europe & Central Asia (excluding high income)","Population, total",2011,231988438
"Europe & Central Asia (IDA & IBRD)","Population, total",2011,444846366
"European Union","Population, total",2011,441414078
"Fragile and conflict affected situations","Population, total",2011,810972272
"Heavily indebted poor countries (HIPC)","Population, total",2011,656783491
"High income","Population, total",2011,1334557663
"IBRD only","Population, total",2011,4483152627
"IDA & IBRD total","Population, total",2011,5956718993
"IDA blend","Population, total",2011,520984443
"IDA only","Population, total",2011,952581923
"IDA total","Population, total",2011,1473566366
"Late-demographic dividend","Population, total",2011,2193171336
"Latin America & Caribbean","Population, total",2011,594086829
"Latin America & Caribbean (excluding high income)","Population, total",2011,528822706
"Latin America & Caribbean (IDA & IBRD)","Population, total",2011,578171855
"Least developed countries: UN classification","Population, total",2011,875685078
"Low & middle income","Population, total",2011,5630227189
"Low income","Population, total",2011,441658754
"Lower middle income","Population, total",2011,2593815085
"Middle East and North Africa","Population, total",2011,639053870
"Middle East & North Africa (excluding high income)","Population, total",2011,589646039
"Middle East & North Africa (IDA & IBRD)","Population, total",2011,585763053
"Middle income","Population, total",2011,5188568435
"North America","Population, total",2011,346242415
"OECD members","Population, total",2011,1299644689
"Other small states","Population, total",2011,11226214
"Pacific island small states","Population, total",2011,2320899
"Post-demographic dividend","Population, total",2011,1079468050
"Pre-demographic dividend","Population, total",2011,774567417
"Small states","Population, total",2011,17748220
"South Asia","Population, total",2011,1464372623
"South Asia (IDA & IBRD)","Population, total",2011,1464372623
"Sub-Saharan Africa","Population, total",2011,919528126
"Sub-Saharan Africa (excluding high income)","Population, total",2011,826290715
"Sub-Saharan Africa (IDA & IBRD)","Population, total",2011,919528126
"Upper middle income","Population, total",2011,2594753350
"World","Population, total",2011,7087120034
"Afghanistan","Population, total",2011,29347708
"Albania","Population, total",2011,2905195
"Algeria","Population, total",2011,36903376
"American Samoa","Population, total",2011,54895
"Andorra","Population, total",2011,77783
"Angola","Population, total",2011,24218352
"Antigua and Barbuda","Population, total",2011,86332
"Argentina","Population, total",2011,41730660
"Armenia","Population, total",2011,3027900
"Aruba","Population, total",2011,102591
"Australia","Population, total",2011,22340024
"Austria","Population, total",2011,8391643
"Azerbaijan","Population, total",2011,9173082
"Bahamas, The","Population, total",2011,371729
"Bahrain","Population, total",2011,1195020
"Bangladesh","Population, total",2011,153591076
"Barbados","Population, total",2011,276139
"Belarus","Population, total",2011,9461643
"Belgium","Population, total",2011,11038264
"Belize","Population, total",2011,327298
"Benin","Population, total",2011,10093623
"Bermuda","Population, total",2011,63733
"Bhutan","Population, total",2011,709377
"Bolivia","Population, total",2011,10348929
"Bosnia and Herzegovina","Population, total",2011,3741798
"Botswana","Population, total",2011,2073535
"Brazil","Population, total",2011,195284734
"British Virgin Islands","Population, total",2011,28710
"Brunei Darussalam","Population, total",2011,399389
"Bulgaria","Population, total",2011,7348328
"Burkina Faso","Population, total",2011,16661908
"Burundi","Population, total",2011,9717978
"Cabo Verde","Population, total",2011,511447
"Cambodia","Population, total",2011,14722584
"Cameroon","Population, total",2011,20232304
"Canada","Population, total",2011,34339221
"Cayman Islands","Population, total",2011,55606
"Central African Republic","Population, total",2011,4565021
"Chad","Population, total",2011,12754997
"Channel Islands","Population, total",2011,159706
"Chile","Population, total",2011,17351816
"China","Population, total",2011,1345035000
"Colombia","Population, total",2011,45259614
"Comoros","Population, total",2011,668056
"Congo, Dem. Rep.","Population, total",2011,70849311
"Congo, Rep.","Population, total",2011,4609724
"Costa Rica","Population, total",2011,4609833
"Cote d'Ivoire","Population, total",2011,22982000
"Croatia","Population, total",2011,4280622
"Cuba","Population, total",2011,11301571
"Curacao","Population, total",2011,150831
"Cyprus","Population, total",2011,1146493
"Czechia","Population, total",2011,10496088
"Denmark","Population, total",2011,5570572
"Djibouti","Population, total",2011,948558
"Dominica","Population, total",2011,69053
"Dominican Republic","Population, total",2011,9945621
"Ecuador","Population, total",2011,15326227
"Egypt, Arab Rep.","Population, total",2011,91093059
"El Salvador","Population, total",2011,6090127
"Equatorial Guinea","Population, total",2011,1241835
"Eritrea","Population, total",2011,2998485
"Estonia","Population, total",2011,1327439
"Eswatini","Population, total",2011,1117833
"Ethiopia","Population, total",2011,93149970
"Faroe Islands","Population, total",2011,48543
"Fiji","Population, total",2011,912989
"Finland","Population, total",2011,5388272
"France","Population, total",2011,65340830
"French Polynesia","Population, total",2011,271727
"Gabon","Population, total",2011,1781985
"Gambia, The","Population, total",2011,1983784
"Georgia","Population, total",2011,3756441
"Germany","Population, total",2011,80274983
"Ghana","Population, total",2011,26095088
"Gibraltar","Population, total",2011,31660
"Greece","Population, total",2011,11104899
"Greenland","Population, total",2011,56890
"Grenada","Population, total",2011,112079
"Guam","Population, total",2011,166543
"Guatemala","Population, total",2011,14792126
"Guinea","Population, total",2011,10656810
"Guinea-Bissau","Population, total",2011,1608076
"Guyana","Population, total",2011,746153
"Haiti","Population, total",2011,9914904
"Honduras","Population, total",2011,8540583
"Hong Kong SAR, China","Population, total",2011,7071600
"Hungary","Population, total",2011,9971727
"Iceland","Population, total",2011,319014
"India","Population, total",2011,1261224954
"Indonesia","Population, total",2011,249470032
"Iran, Islamic Rep.","Population, total",2011,78383598
"Iraq","Population, total",2011,32161424
"Ireland","Population, total",2011,4580084
"Isle of Man","Population, total",2011,84382
"Israel","Population, total",2011,7765800
"Italy","Population, total",2011,60026841
"Jamaica","Population, total",2011,2760494
"Japan","Population, total",2011,127833000
"Jordan","Population, total",2011,7480424
"Kazakhstan","Population, total",2011,17066002
"Kenya","Population, total",2011,42758461
"Kiribati","Population, total",2011,110647
"Korea, Dem. People's Rep.","Population, total",2011,25097874
"Korea, Rep.","Population, total",2011,49936638
"Kosovo","Population, total",2011,1791949
"Kuwait","Population, total",2011,3132814
"Kyrgyz Republic","Population, total",2011,5546587
"Lao PDR","Population, total",2011,6426590
"Latvia","Population, total",2011,2059709
"Lebanon","Population, total",2011,5096020
"Lesotho","Population, total",2011,2014009
"Liberia","Population, total",2011,4221178
"Libya","Population, total",2011,6343203
"Liechtenstein","Population, total",2011,36312
"Lithuania","Population, total",2011,3028115
"Luxembourg","Population, total",2011,518347
"Macao SAR, China","Population, total",2011,549600
"Madagascar","Population, total",2011,22822300
"Malawi","Population, total",2011,15265022
"Malaysia","Population, total",2011,29162039
"Maldives","Population, total",2011,373674
"Mali","Population, total",2011,16469049
"Malta","Population, total",2011,416268
"Marshall Islands","Population, total",2011,51907
"Mauritania","Population, total",2011,3502811
"Mauritius","Population, total",2011,1252404
"Mexico","Population, total",2011,115243504
"Micronesia, Fed. Sts.","Population, total",2011,107698
"Moldova","Population, total",2011,2860699
"Monaco","Population, total",2011,33946
"Mongolia","Population, total",2011,2786317
"Montenegro","Population, total",2011,620345
"Morocco","Population, total",2011,32912588
"Mozambique","Population, total",2011,23649039
"Myanmar","Population, total",2011,49419820
"Namibia","Population, total",2011,2146325
"Nauru","Population, total",2011,10098
"Nepal","Population, total",2011,27464494
"Netherlands","Population, total",2011,16693074
"New Caledonia","Population, total",2011,266543
"New Zealand","Population, total",2011,4384000
"Nicaragua","Population, total",2011,5819051
"Niger","Population, total",2011,17176283
"Nigeria","Population, total",2011,171379598
"North Macedonia","Population, total",2011,1937398
"Northern Mariana Islands","Population, total",2011,53608
"Norway","Population, total",2011,4953088
"Oman","Population, total",2011,3076763
"Pakistan","Population, total",2011,203746065
"Palau","Population, total",2011,18078
"Panama","Population, total",2011,3693505
"Papua New Guinea","Population, total",2011,7859346
"Paraguay","Population, total",2011,5814626
"Peru","Population, total",2011,29304086
"Philippines","Population, total",2011,98248614
"Poland","Population, total",2011,38063255
"Portugal","Population, total",2011,10557560
"Puerto Rico","Population, total",2011,3693464
"Qatar","Population, total",2011,1624761
"Romania","Population, total",2011,20147528
"Russian Federation","Population, total",2011,143018195
"Rwanda","Population, total",2011,10573733
"Samoa","Population, total",2011,194713
"San Marino","Population, total",2011,32620
"Sao Tome and Principe","Population, total",2011,185649
"Saudi Arabia","Population, total",2011,25091867
"Senegal","Population, total",2011,12958897
"Serbia","Population, total",2011,7236519
"Seychelles","Population, total",2011,87441
"Sierra Leone","Population, total",2011,6387251
"Singapore","Population, total",2011,5183688
"Sint Maarten (Dutch part)","Population, total",2011,34267
"Slovak Republic","Population, total",2011,5398384
"Slovenia","Population, total",2011,2052843
"Solomon Islands","Population, total",2011,552945
"Somalia","Population, total",2011,12348830
"South Africa","Population, total",2011,52995205
"South Sudan","Population, total",2011,10288109
"Spain","Population, total",2011,46742697
"Sri Lanka","Population, total",2011,21009048
"St. Kitts and Nevis","Population, total",2011,46886
"St. Lucia","Population, total",2011,171801
"St. Martin (French part)","Population, total",2011,37069
"St. Vincent and the Grenadines","Population, total",2011,109349
"Sudan","Population, total",2011,36140806
"Suriname","Population, total",2011,556269
"Sweden","Population, total",2011,9449213
"Switzerland","Population, total",2011,7912398
"Syrian Arab Republic","Population, total",2011,22878098
"Tajikistan","Population, total",2011,7824785
"Tanzania","Population, total",2011,46029367
"Thailand","Population, total",2011,69007208
"Timor-Leste","Population, total",2011,1110207
"Togo","Population, total",2011,6916474
"Tonga","Population, total",2011,107570
"Trinidad and Tobago","Population, total",2011,1328019
"Tunisia","Population, total",2011,10886035
"Turkiye","Population, total",2011,74223629
"Turkmenistan","Population, total",2011,5683417
"Turks and Caicos Islands","Population, total",2011,30846
"Tuvalu","Population, total",2011,10780
"Uganda","Population, total",2011,33354543
"Ukraine","Population, total",2011,46307853
"United Arab Emirates","Population, total",2011,7104538
"United Kingdom","Population, total",2011,63258810
"United States","Population, total",2011,311839461
"Uruguay","Population, total",2011,3326825
"Uzbekistan","Population, total",2011,28823196
"Vanuatu","Population, total",2011,243474
"Venezuela, RB","Population, total",2011,29185212
"Viet Nam","Population, total",2011,88468314
"Virgin Islands (U.S.)","Population, total",2011,108290
"West Bank and Gaza","Population, total",2011,3882986
"Yemen, Rep.","Population, total",2011,27582897
"Zambia","Population, total",2011,14437796
"Zimbabwe","Population, total",2011,13595424
"Africa Eastern and Southern","Population, total",2012,559609961
"Africa Western and Central","Population, total",2012,385360349
"Arab World","Population, total",2012,381030177
"Caribbean small states","Population, total",2012,4228445
"Central Electricity Board (CEB)","Population, total",2012,103929494
"Early-demographic dividend","Population, total",2012,3058869436
"East Asia & Pacific","Population, total",2012,2249081393
"East Asia & Pacific (excluding high income)","Population, total",2012,2006566431
"East Asia & Pacific (IDA & IBRD)","Population, total",2012,1981382735
"Euro area","Population, total",2012,341100659
"Europe & Central Asia","Population, total",2012,896554203
"Europe & Central Asia (excluding high income)","Population, total",2012,233914892
"Europe & Central Asia (IDA & IBRD)","Population, total",2012,446980794
"European Union","Population, total",2012,442069839
"Fragile and conflict affected situations","Population, total",2012,831065598
"Heavily indebted poor countries (HIPC)","Population, total",2012,675397557
"High income","Population, total",2012,1342428400
"IBRD only","Population, total",2012,4532140278
"IDA & IBRD total","Population, total",2012,6038998236
"IDA blend","Population, total",2012,532980174
"IDA only","Population, total",2012,973877784
"IDA total","Population, total",2012,1506857958
"Late-demographic dividend","Population, total",2012,2209359324
"Latin America & Caribbean","Population, total",2012,600420316
"Latin America & Caribbean (excluding high income)","Population, total",2012,534503260
"Latin America & Caribbean (IDA & IBRD)","Population, total",2012,584524334
"Least developed countries: UN classification","Population, total",2012,896684951
"Low & middle income","Population, total",2012,5709187884
"Low income","Population, total",2012,453652889
"Lower middle income","Population, total",2012,2637101332
"Middle East and North Africa","Population, total",2012,653273442
"Middle East & North Africa (excluding high income)","Population, total",2012,601566988
"Middle East & North Africa (IDA & IBRD)","Population, total",2012,597586990
"Middle income","Population, total",2012,5255534995
"North America","Population, total",2012,349116140
"OECD members","Population, total",2012,1307733583
"Other small states","Population, total",2012,11346082
"Pacific island small states","Population, total",2012,2351924
"Post-demographic dividend","Population, total",2012,1084193277
"Pre-demographic dividend","Population, total",2012,798002725
"Small states","Population, total",2012,17926451
"South Asia","Population, total",2012,1483553073
"South Asia (IDA & IBRD)","Population, total",2012,1483553073
"Sub-Saharan Africa","Population, total",2012,944970310
"Sub-Saharan Africa (excluding high income)","Population, total",2012,849083240
"Sub-Saharan Africa (IDA & IBRD)","Population, total",2012,944970310
"Upper middle income","Population, total",2012,2618433663
"World","Population, total",2012,7176968877
"Afghanistan","Population, total",2012,30560034
"Albania","Population, total",2012,2900401
"Algeria","Population, total",2012,37646166
"American Samoa","Population, total",2012,54489
"Andorra","Population, total",2012,76834
"Angola","Population, total",2012,25177394
"Antigua and Barbuda","Population, total",2012,87260
"Argentina","Population, total",2012,42161721
"Armenia","Population, total",2012,3024100
"Aruba","Population, total",2012,104110
"Australia","Population, total",2012,22733465
"Austria","Population, total",2012,8429991
"Azerbaijan","Population, total",2012,9295784
"Bahamas, The","Population, total",2012,375469
"Bahrain","Population, total",2012,1208964
"Bangladesh","Population, total",2012,155070101
"Barbados","Population, total",2012,276938
"Belarus","Population, total",2012,9446836
"Belgium","Population, total",2012,11106932
"Belize","Population, total",2012,334414
"Benin","Population, total",2012,10397657
"Bermuda","Population, total",2012,63646
"Bhutan","Population, total",2012,717279
"Bolivia","Population, total",2012,10515807
"Bosnia and Herzegovina","Population, total",2012,3670113
"Botswana","Population, total",2012,2108617
"Brazil","Population, total",2012,196876111
"British Virgin Islands","Population, total",2012,30345
"Brunei Darussalam","Population, total",2012,405557
"Bulgaria","Population, total",2012,7305888
"Burkina Faso","Population, total",2012,17172287
"Burundi","Population, total",2012,10071028
"Cabo Verde","Population, total",2012,511955
"Cambodia","Population, total",2012,14945085
"Cameroon","Population, total",2012,20809529
"Canada","Population, total",2012,34713395
"Cayman Islands","Population, total",2012,57136
"Central African Republic","Population, total",2012,4610848
"Chad","Population, total",2012,13210998
"Channel Islands","Population, total",2012,160767
"Chile","Population, total",2012,17519119
"China","Population, total",2012,1354190000
"Colombia","Population, total",2012,45715810
"Comoros","Population, total",2012,681630
"Congo, Dem. Rep.","Population, total",2012,73254618
"Congo, Rep.","Population, total",2012,4740450
"Costa Rica","Population, total",2012,4663934
"Cote d'Ivoire","Population, total",2012,23467078
"Croatia","Population, total",2012,4260368
"Cuba","Population, total",2012,11303175
"Curacao","Population, total",2012,152088
"Cyprus","Population, total",2012,1165397
"Czechia","Population, total",2012,10510785
"Denmark","Population, total",2012,5591572
"Djibouti","Population, total",2012,966747
"Dominica","Population, total",2012,69118
"Dominican Republic","Population, total",2012,10070411
"Ecuador","Population, total",2012,15572194
"Egypt, Arab Rep.","Population, total",2012,93161001
"El Salvador","Population, total",2012,6113975
"Equatorial Guinea","Population, total",2012,1293483
"Eritrea","Population, total",2012,3036988
"Estonia","Population, total",2012,1322696
"Eswatini","Population, total",2012,1123863
"Ethiopia","Population, total",2012,95798767
"Faroe Islands","Population, total",2012,48291
"Fiji","Population, total",2012,914918
"Finland","Population, total",2012,5413971
"France","Population, total",2012,65657659
"French Polynesia","Population, total",2012,273084
"Gabon","Population, total",2012,1846889
"Gambia, The","Population, total",2012,2043094
"Georgia","Population, total",2012,3728874
"Germany","Population, total",2012,80425823
"Ghana","Population, total",2012,26734268
"Gibraltar","Population, total",2012,32029
"Greece","Population, total",2012,11045011
"Greenland","Population, total",2012,56810
"Grenada","Population, total",2012,112775
"Guam","Population, total",2012,166331
"Guatemala","Population, total",2012,15089647
"Guinea","Population, total",2012,10921581
"Guinea-Bissau","Population, total",2012,1651417
"Guyana","Population, total",2012,746288
"Haiti","Population, total",2012,10069771
"Honduras","Population, total",2012,8715076
"Hong Kong SAR, China","Population, total",2012,7150100
"Hungary","Population, total",2012,9920362
"Iceland","Population, total",2012,320716
"India","Population, total",2012,1278674502
"Indonesia","Population, total",2012,252698525
"Iran, Islamic Rep.","Population, total",2012,79370580
"Iraq","Population, total",2012,33654842
"Ireland","Population, total",2012,4599533
"Isle of Man","Population, total",2012,84335
"Israel","Population, total",2012,7910500
"Italy","Population, total",2012,60191247
"Jamaica","Population, total",2012,2772430
"Japan","Population, total",2012,127629000
"Jordan","Population, total",2012,7587127
"Kazakhstan","Population, total",2012,17306106
"Kenya","Population, total",2012,43888303
"Kiribati","Population, total",2012,112284
"Korea, Dem. People's Rep.","Population, total",2012,25211728
"Korea, Rep.","Population, total",2012,50199853
"Kosovo","Population, total",2012,1807126
"Kuwait","Population, total",2012,3337109
"Kyrgyz Republic","Population, total",2012,5652076
"Lao PDR","Population, total",2012,6518978
"Latvia","Population, total",2012,2034319
"Lebanon","Population, total",2012,5235742
"Lesotho","Population, total",2012,2034354
"Liberia","Population, total",2012,4373043
"Libya","Population, total",2012,6179328
"Liechtenstein","Population, total",2012,36657
"Lithuania","Population, total",2012,2989139
"Luxembourg","Population, total",2012,530946
"Macao SAR, China","Population, total",2012,567900
"Madagascar","Population, total",2012,23462438
"Malawi","Population, total",2012,15709577
"Malaysia","Population, total",2012,29662831
"Maldives","Population, total",2012,386818
"Mali","Population, total",2012,16957033
"Malta","Population, total",2012,420028
"Marshall Islands","Population, total",2012,51419
"Mauritania","Population, total",2012,3619034
"Mauritius","Population, total",2012,1255882
"Mexico","Population, total",2012,116818208
"Micronesia, Fed. Sts.","Population, total",2012,107890
"Moldova","Population, total",2012,2860324
"Monaco","Population, total",2012,34711
"Mongolia","Population, total",2012,2839705
"Montenegro","Population, total",2012,621418
"Morocco","Population, total",2012,33355241
"Mozambique","Population, total",2012,24337846
"Myanmar","Population, total",2012,49837446
"Namibia","Population, total",2012,2194654
"Nauru","Population, total",2012,10267
"Nepal","Population, total",2012,27534915
"Netherlands","Population, total",2012,16754962
"New Caledonia","Population, total",2012,271633
"New Zealand","Population, total",2012,4408100
"Nicaragua","Population, total",2012,5901287
"Niger","Population, total",2012,17836769
"Nigeria","Population, total",2012,176200625
"North Macedonia","Population, total",2012,1929821
"Northern Mariana Islands","Population, total",2012,53234
"Norway","Population, total",2012,5018573
"Oman","Population, total",2012,3547106
"Pakistan","Population, total",2012,207667125
"Palau","Population, total",2012,17765
"Panama","Population, total",2012,3759256
"Papua New Guinea","Population, total",2012,8081390
"Paraguay","Population, total",2012,5897008
"Peru","Population, total",2012,29550366
"Philippines","Population, total",2012,100175512
"Poland","Population, total",2012,38063164
"Portugal","Population, total",2012,10514844
"Puerto Rico","Population, total",2012,3661045
"Qatar","Population, total",2012,1722438
"Romania","Population, total",2012,20058035
"Russian Federation","Population, total",2012,143378447
"Rwanda","Population, total",2012,10829901
"Samoa","Population, total",2012,196498
"San Marino","Population, total",2012,33469
"Sao Tome and Principe","Population, total",2012,189439
"Saudi Arabia","Population, total",2012,26168861
"Senegal","Population, total",2012,13310495
"Serbia","Population, total",2012,7201497
"Seychelles","Population, total",2012,88303
"Sierra Leone","Population, total",2012,6551080
"Singapore","Population, total",2012,5312437
"Sint Maarten (Dutch part)","Population, total",2012,35023
"Slovak Republic","Population, total",2012,5407579
"Slovenia","Population, total",2012,2057159
"Solomon Islands","Population, total",2012,573606
"Somalia","Population, total",2012,12461160
"South Africa","Population, total",2012,53782567
"South Sudan","Population, total",2012,10756240
"Spain","Population, total",2012,46773055
"Sri Lanka","Population, total",2012,21169458
"St. Kitts and Nevis","Population, total",2012,47033
"St. Lucia","Population, total",2012,172587
"St. Martin (French part)","Population, total",2012,37276
"St. Vincent and the Grenadines","Population, total",2012,108736
"Sudan","Population, total",2012,36923178
"Suriname","Population, total",2012,562633
"Sweden","Population, total",2012,9519374
"Switzerland","Population, total",2012,7996861
"Syrian Arab Republic","Population, total",2012,22759763
"Tajikistan","Population, total",2012,8014084
"Tanzania","Population, total",2012,47374260
"Thailand","Population, total",2012,69436098
"Timor-Leste","Population, total",2012,1134885
"Togo","Population, total",2012,7100736
"Tonga","Population, total",2012,107460
"Trinidad and Tobago","Population, total",2012,1335194
"Tunisia","Population, total",2012,11009647
"Turkiye","Population, total",2012,75175827
"Turkmenistan","Population, total",2012,5808546
"Turks and Caicos Islands","Population, total",2012,32127
"Tuvalu","Population, total",2012,10934
"Uganda","Population, total",2012,34337438
"Ukraine","Population, total",2012,46210056
"United Arab Emirates","Population, total",2012,7391448
"United Kingdom","Population, total",2012,63711000
"United States","Population, total",2012,314339099
"Uruguay","Population, total",2012,3335401
"Uzbekistan","Population, total",2012,29261903
"Vanuatu","Population, total",2012,248883
"Venezuela, RB","Population, total",2012,29553826
"Viet Nam","Population, total",2012,89510356
"Virgin Islands (U.S.)","Population, total",2012,108188
"West Bank and Gaza","Population, total",2012,3979998
"Yemen, Rep.","Population, total",2012,28433647
"Zambia","Population, total",2012,14913629
"Zimbabwe","Population, total",2012,13817887
"Africa Eastern and Southern","Population, total",2013,575202699
"Africa Western and Central","Population, total",2013,396030207
"Arab World","Population, total",2013,390954281
"Caribbean small states","Population, total",2013,4257682
"Central Electricity Board (CEB)","Population, total",2013,103570062
"Early-demographic dividend","Population, total",2013,3103677284
"East Asia & Pacific","Population, total",2013,2267072102
"East Asia & Pacific (excluding high income)","Population, total",2013,2023850158
"East Asia & Pacific (IDA & IBRD)","Population, total",2013,1998548872
"Euro area","Population, total",2013,341639530
"Europe & Central Asia","Population, total",2013,899985362
"Europe & Central Asia (excluding high income)","Population, total",2013,235983340
"Europe & Central Asia (IDA & IBRD)","Population, total",2013,449206794
"European Union","Population, total",2013,442425741
"Fragile and conflict affected situations","Population, total",2013,851404936
"Heavily indebted poor countries (HIPC)","Population, total",2013,694622934
"High income","Population, total",2013,1350149879
"IBRD only","Population, total",2013,4582036746
"IDA & IBRD total","Population, total",2013,6120535080
"IDA blend","Population, total",2013,544442648
"IDA only","Population, total",2013,994055686
"IDA total","Population, total",2013,1538498334
"Late-demographic dividend","Population, total",2013,2225083377
"Latin America & Caribbean","Population, total",2013,606683307
"Latin America & Caribbean (excluding high income)","Population, total",2013,540118712
"Latin America & Caribbean (IDA & IBRD)","Population, total",2013,590809938
"Least developed countries: UN classification","Population, total",2013,918269633
"Low & middle income","Population, total",2013,5787469694
"Low income","Population, total",2013,465087882
"Lower middle income","Population, total",2013,2679816109
"Middle East and North Africa","Population, total",2013,667464006
"Middle East & North Africa (excluding high income)","Population, total",2013,613151287
"Middle East & North Africa (IDA & IBRD)","Population, total",2013,609074579
"Middle income","Population, total",2013,5322381812
"North America","Population, total",2013,351870848
"OECD members","Population, total",2013,1315427979
"Other small states","Population, total",2013,11466589
"Pacific island small states","Population, total",2013,2382931
"Post-demographic dividend","Population, total",2013,1088424167
"Pre-demographic dividend","Population, total",2013,822138419
"Small states","Population, total",2013,18107202
"South Asia","Population, total",2013,1501661991
"South Asia (IDA & IBRD)","Population, total",2013,1501661991
"Sub-Saharan Africa","Population, total",2013,971232906
"Sub-Saharan Africa (excluding high income)","Population, total",2013,872704206
"Sub-Saharan Africa (IDA & IBRD)","Population, total",2013,971232906
"Upper middle income","Population, total",2013,2642565703
"World","Population, total",2013,7265970522
"Afghanistan","Population, total",2013,31622704
"Albania","Population, total",2013,2895092
"Algeria","Population, total",2013,38414171
"American Samoa","Population, total",2013,54006
"Andorra","Population, total",2013,75194
"Angola","Population, total",2013,26165620
"Antigua and Barbuda","Population, total",2013,88064
"Argentina","Population, total",2013,42582455
"Armenia","Population, total",2013,3022000
"Aruba","Population, total",2013,105675
"Australia","Population, total",2013,23128129
"Austria","Population, total",2013,8479823
"Azerbaijan","Population, total",2013,9416801
"Bahamas, The","Population, total",2013,378953
"Bahrain","Population, total",2013,1253191
"Bangladesh","Population, total",2013,156532141
"Barbados","Population, total",2013,277665
"Belarus","Population, total",2013,9443211
"Belgium","Population, total",2013,11159407
"Belize","Population, total",2013,341627
"Benin","Population, total",2013,10708834
"Bermuda","Population, total",2013,63574
"Bhutan","Population, total",2013,725273
"Bolivia","Population, total",2013,10682608
"Bosnia and Herzegovina","Population, total",2013,3610859
"Botswana","Population, total",2013,2140682
"Brazil","Population, total",2013,198478299
"British Virgin Islands","Population, total",2013,31703
"Brunei Darussalam","Population, total",2013,411202
"Bulgaria","Population, total",2013,7160005
"Burkina Faso","Population, total",2013,17695409
"Burundi","Population, total",2013,10439341
"Cabo Verde","Population, total",2013,512225
"Cambodia","Population, total",2013,15170208
"Cameroon","Population, total",2013,21402376
"Canada","Population, total",2013,35080992
"Cayman Islands","Population, total",2013,58655
"Central African Republic","Population, total",2013,4642419
"Chad","Population, total",2013,13691079
"Channel Islands","Population, total",2013,161777
"Chile","Population, total",2013,17687006
"China","Population, total",2013,1363240000
"Colombia","Population, total",2013,46151584
"Comoros","Population, total",2013,696192
"Congo, Dem. Rep.","Population, total",2013,75789395
"Congo, Rep.","Population, total",2013,4857099
"Costa Rica","Population, total",2013,4716147
"Cote d'Ivoire","Population, total",2013,23939775
"Croatia","Population, total",2013,4233922
"Cuba","Population, total",2013,11298167
"Curacao","Population, total",2013,153822
"Cyprus","Population, total",2013,1183895
"Czechia","Population, total",2013,10514272
"Denmark","Population, total",2013,5614932
"Djibouti","Population, total",2013,984824
"Dominica","Population, total",2013,69715
"Dominican Republic","Population, total",2013,10193833
"Ecuador","Population, total",2013,15807128
"Egypt, Arab Rep.","Population, total",2013,95333553
"El Salvador","Population, total",2013,6138839
"Equatorial Guinea","Population, total",2013,1346218
"Eritrea","Population, total",2013,3074360
"Estonia","Population, total",2013,1317997
"Eswatini","Population, total",2013,1129990
"Ethiopia","Population, total",2013,98438751
"Faroe Islands","Population, total",2013,48246
"Fiji","Population, total",2013,916352
"Finland","Population, total",2013,5438972
"France","Population, total",2013,65997932
"French Polynesia","Population, total",2013,274728
"Gabon","Population, total",2013,1913059
"Gambia, The","Population, total",2013,2103820
"Georgia","Population, total",2013,3717668
"Germany","Population, total",2013,80645605
"Ghana","Population, total",2013,27386193
"Gibraltar","Population, total",2013,32407
"Greece","Population, total",2013,10965211
"Greenland","Population, total",2013,56483
"Grenada","Population, total",2013,113487
"Guam","Population, total",2013,165966
"Guatemala","Population, total",2013,15387337
"Guinea","Population, total",2013,11191873
"Guinea-Bissau","Population, total",2013,1695973
"Guyana","Population, total",2013,750021
"Haiti","Population, total",2013,10222362
"Honduras","Population, total",2013,8889278
"Hong Kong SAR, China","Population, total",2013,7178900
"Hungary","Population, total",2013,9872734
"Iceland","Population, total",2013,323764
"India","Population, total",2013,1295829511
"Indonesia","Population, total",2013,255852467
"Iran, Islamic Rep.","Population, total",2013,80414686
"Iraq","Population, total",2013,35281989
"Ireland","Population, total",2013,4623816
"Isle of Man","Population, total",2013,84141
"Israel","Population, total",2013,8059500
"Italy","Population, total",2013,60311613
"Jamaica","Population, total",2013,2783687
"Japan","Population, total",2013,127445000
"Jordan","Population, total",2013,7991809
"Kazakhstan","Population, total",2013,17556502
"Kenya","Population, total",2013,44986791
"Kiribati","Population, total",2013,113838
"Korea, Dem. People's Rep.","Population, total",2013,25329451
"Korea, Rep.","Population, total",2013,50428893
"Kosovo","Population, total",2013,1818119
"Kuwait","Population, total",2013,3507844
"Kyrgyz Republic","Population, total",2013,5777150
"Lao PDR","Population, total",2013,6611385
"Latvia","Population, total",2013,2012647
"Lebanon","Population, total",2013,5743436
"Lesotho","Population, total",2013,2056504
"Liberia","Population, total",2013,4470239
"Libya","Population, total",2013,6304628
"Liechtenstein","Population, total",2013,36984
"Lithuania","Population, total",2013,2961250
"Luxembourg","Population, total",2013,543360
"Macao SAR, China","Population, total",2013,591900
"Madagascar","Population, total",2013,24109290
"Malawi","Population, total",2013,16161816
"Malaysia","Population, total",2013,30174265
"Maldives","Population, total",2013,400070
"Mali","Population, total",2013,17459615
"Malta","Population, total",2013,424810
"Marshall Islands","Population, total",2013,50681
"Mauritania","Population, total",2013,3734318
"Mauritius","Population, total",2013,1258927
"Mexico","Population, total",2013,118343573
"Micronesia, Fed. Sts.","Population, total",2013,108121
"Moldova","Population, total",2013,2859558
"Monaco","Population, total",2013,35447
"Mongolia","Population, total",2013,2899011
"Montenegro","Population, total",2013,622587
"Morocco","Population, total",2013,33787571
"Mozambique","Population, total",2013,25051611
"Myanmar","Population, total",2013,50262658
"Namibia","Population, total",2013,2252508
"Nauru","Population, total",2013,10517
"Nepal","Population, total",2013,27589996
"Netherlands","Population, total",2013,16804432
"New Caledonia","Population, total",2013,276822
"New Zealand","Population, total",2013,4442100
"Nicaragua","Population, total",2013,5983845
"Niger","Population, total",2013,18519898
"Nigeria","Population, total",2013,181049443
"North Macedonia","Population, total",2013,1922716
"Northern Mariana Islands","Population, total",2013,52758
"Norway","Population, total",2013,5079623
"Oman","Population, total",2013,3833913
"Pakistan","Population, total",2013,211073978
"Palau","Population, total",2013,17648
"Panama","Population, total",2013,3825329
"Papua New Guinea","Population, total",2013,8302698
"Paraguay","Population, total",2013,5982445
"Peru","Population, total",2013,29817919
"Philippines","Population, total",2013,102076336
"Poland","Population, total",2013,38040196
"Portugal","Population, total",2013,10457295
"Puerto Rico","Population, total",2013,3631427
"Qatar","Population, total",2013,1916426
"Romania","Population, total",2013,19983693
"Russian Federation","Population, total",2013,143805638
"Rwanda","Population, total",2013,11093340
"Samoa","Population, total",2013,198268
"San Marino","Population, total",2013,33041
"Sao Tome and Principe","Population, total",2013,193148
"Saudi Arabia","Population, total",2013,27624004
"Senegal","Population, total",2013,13710849
"Serbia","Population, total",2013,7166553
"Seychelles","Population, total",2013,89949
"Sierra Leone","Population, total",2013,6714051
"Singapore","Population, total",2013,5399162
"Sint Maarten (Dutch part)","Population, total",2013,35854
"Slovak Republic","Population, total",2013,5413393
"Slovenia","Population, total",2013,2059953
"Solomon Islands","Population, total",2013,594945
"Somalia","Population, total",2013,12869594
"South Africa","Population, total",2013,54678791
"South Sudan","Population, total",2013,11166275
"Spain","Population, total",2013,46604197
"Sri Lanka","Population, total",2013,20585000
"St. Kitts and Nevis","Population, total",2013,47069
"St. Lucia","Population, total",2013,173369
"St. Martin (French part)","Population, total",2013,37419
"St. Vincent and the Grenadines","Population, total",2013,108135
"Sudan","Population, total",2013,37785849
"Suriname","Population, total",2013,569020
"Sweden","Population, total",2013,9600379
"Switzerland","Population, total",2013,8089346
"Syrian Arab Republic","Population, total",2013,21666917
"Tajikistan","Population, total",2013,8216724
"Tanzania","Population, total",2013,48824128
"Thailand","Population, total",2013,69845114
"Timor-Leste","Population, total",2013,1158695
"Togo","Population, total",2013,7285442
"Tonga","Population, total",2013,107078
"Trinidad and Tobago","Population, total",2013,1340557
"Tunisia","Population, total",2013,11141361
"Turkiye","Population, total",2013,76147624
"Turkmenistan","Population, total",2013,5939341
"Turks and Caicos Islands","Population, total",2013,33653
"Tuvalu","Population, total",2013,11001
"Uganda","Population, total",2013,35337042
"Ukraine","Population, total",2013,46126770
"United Arab Emirates","Population, total",2013,7693031
"United Kingdom","Population, total",2013,64139000
"United States","Population, total",2013,316726282
"Uruguay","Population, total",2013,3345337
"Uzbekistan","Population, total",2013,29724065
"Vanuatu","Population, total",2013,254482
"Venezuela, RB","Population, total",2013,29912198
"Viet Nam","Population, total",2013,90573104
"Virgin Islands (U.S.)","Population, total",2013,108041
"West Bank and Gaza","Population, total",2013,4076708
"Yemen, Rep.","Population, total",2013,29312952
"Zambia","Population, total",2013,15398997
"Zimbabwe","Population, total",2013,14013808
"Africa Eastern and Southern","Population, total",2014,590968990
"Africa Western and Central","Population, total",2014,406992047
"Arab World","Population, total",2014,400231008
"Caribbean small states","Population, total",2014,4286546
"Central Electricity Board (CEB)","Population, total",2014,103280478
"Early-demographic dividend","Population, total",2014,3146800078
"East Asia & Pacific","Population, total",2014,2284385542
"East Asia & Pacific (excluding high income)","Population, total",2014,2040383789
"East Asia & Pacific (IDA & IBRD)","Population, total",2014,2014960984
"Euro area","Population, total",2014,342228563
"Europe & Central Asia","Population, total",2014,903676408
"Europe & Central Asia (excluding high income)","Population, total",2014,238114658
"Europe & Central Asia (IDA & IBRD)","Population, total",2014,451547765
"European Union","Population, total",2014,442920819
"Fragile and conflict affected situations","Population, total",2014,871345375
"Heavily indebted poor countries (HIPC)","Population, total",2014,714769441
"High income","Population, total",2014,1357496263
"IBRD only","Population, total",2014,4630723215
"IDA & IBRD total","Population, total",2014,6201723115
"IDA blend","Population, total",2014,555868551
"IDA only","Population, total",2014,1015131349
"IDA total","Population, total",2014,1570999900
"Late-demographic dividend","Population, total",2014,2241237489
"Latin America & Caribbean","Population, total",2014,612849401
"Latin America & Caribbean (excluding high income)","Population, total",2014,545661592
"Latin America & Caribbean (IDA & IBRD)","Population, total",2014,597023419
"Least developed countries: UN classification","Population, total",2014,940284138
"Low & middle income","Population, total",2014,5865317415
"Low income","Population, total",2014,476470767
"Lower middle income","Population, total",2014,2723061855
"Middle East and North Africa","Population, total",2014,680716578
"Middle East & North Africa (excluding high income)","Population, total",2014,624564062
"Middle East & North Africa (IDA & IBRD)","Population, total",2014,620390664
"Middle income","Population, total",2014,5388846648
"North America","Population, total",2014,354755155
"OECD members","Population, total",2014,1323459714
"Other small states","Population, total",2014,11591200
"Pacific island small states","Population, total",2014,2414338
"Post-demographic dividend","Population, total",2014,1093025476
"Pre-demographic dividend","Population, total",2014,846420736
"Small states","Population, total",2014,18292084
"South Asia","Population, total",2014,1519839246
"South Asia (IDA & IBRD)","Population, total",2014,1519839246
"Sub-Saharan Africa","Population, total",2014,997961037
"Sub-Saharan Africa (excluding high income)","Population, total",2014,896754068
"Sub-Saharan Africa (IDA & IBRD)","Population, total",2014,997961037
"Upper middle income","Population, total",2014,2665784793
"World","Population, total",2014,7354183367
"Afghanistan","Population, total",2014,32792523
"Albania","Population, total",2014,2889104
"Algeria","Population, total",2014,39205031
"American Samoa","Population, total",2014,53466
"Andorra","Population, total",2014,73737
"Angola","Population, total",2014,27160769
"Antigua and Barbuda","Population, total",2014,88765
"Argentina","Population, total",2014,43024071
"Armenia","Population, total",2014,3013800
"Aruba","Population, total",2014,106807
"Australia","Population, total",2014,23475686
"Austria","Population, total",2014,8546356
"Azerbaijan","Population, total",2014,9535079
"Bahamas, The","Population, total",2014,382298
"Bahrain","Population, total",2014,1314562
"Bangladesh","Population, total",2014,157964929
"Barbados","Population, total",2014,278348
"Belarus","Population, total",2014,9448515
"Belgium","Population, total",2014,11209057
"Belize","Population, total",2014,348923
"Benin","Population, total",2014,11030004
"Bermuda","Population, total",2014,63529
"Bhutan","Population, total",2014,733139
"Bolivia","Population, total",2014,10848888
"Bosnia and Herzegovina","Population, total",2014,3564829
"Botswana","Population, total",2014,2172044
"Brazil","Population, total",2014,200085127
"British Virgin Islands","Population, total",2014,32962
"Brunei Darussalam","Population, total",2014,416750
"Bulgaria","Population, total",2014,7073572
"Burkina Faso","Population, total",2014,18229461
"Burundi","Population, total",2014,10799785
"Cabo Verde","Population, total",2014,512326
"Cambodia","Population, total",2014,15396772
"Cameroon","Population, total",2014,22059893
"Canada","Population, total",2014,35434066
"Cayman Islands","Population, total",2014,60160
"Central African Republic","Population, total",2014,4623182
"Chad","Population, total",2014,14188678
"Channel Islands","Population, total",2014,162726
"Chile","Population, total",2014,17864195
"China","Population, total",2014,1371860000
"Colombia","Population, total",2014,46565429
"Comoros","Population, total",2014,711503
"Congo, Dem. Rep.","Population, total",2014,78403242
"Congo, Rep.","Population, total",2014,4975880
"Costa Rica","Population, total",2014,4767119
"Cote d'Ivoire","Population, total",2014,24527395
"Croatia","Population, total",2014,4201598
"Cuba","Population, total",2014,11285775
"Curacao","Population, total",2014,155909
"Cyprus","Population, total",2014,1201801
"Czechia","Population, total",2014,10525347
"Denmark","Population, total",2014,5643475
"Djibouti","Population, total",2014,1002717
"Dominica","Population, total",2014,70373
"Dominican Republic","Population, total",2014,10315528
"Ecuador","Population, total",2014,16035124
"Egypt, Arab Rep.","Population, total",2014,97528654
"El Salvador","Population, total",2014,6162955
"Equatorial Guinea","Population, total",2014,1399828
"Eritrea","Population, total",2014,3095173
"Estonia","Population, total",2014,1314545
"Eswatini","Population, total",2014,1136299
"Ethiopia","Population, total",2014,101115610
"Faroe Islands","Population, total",2014,48428
"Fiji","Population, total",2014,917585
"Finland","Population, total",2014,5461512
"France","Population, total",2014,66312067
"French Polynesia","Population, total",2014,276387
"Gabon","Population, total",2014,1978399
"Gambia, The","Population, total",2014,2164528
"Georgia","Population, total",2014,3719414
"Germany","Population, total",2014,80982500
"Ghana","Population, total",2014,28041592
"Gibraltar","Population, total",2014,32813
"Greece","Population, total",2014,10892413
"Greenland","Population, total",2014,56295
"Grenada","Population, total",2014,114132
"Guam","Population, total",2014,165486
"Guatemala","Population, total",2014,15681725
"Guinea","Population, total",2014,11472924
"Guinea-Bissau","Population, total",2014,1741122
"Guyana","Population, total",2014,754229
"Haiti","Population, total",2014,10373235
"Honduras","Population, total",2014,9063122
"Hong Kong SAR, China","Population, total",2014,7229500
"Hungary","Population, total",2014,9833038
"Iceland","Population, total",2014,327386
"India","Population, total",2014,1312277191
"Indonesia","Population, total",2014,258877399
"Iran, Islamic Rep.","Population, total",2014,81502045
"Iraq","Population, total",2014,36550059
"Ireland","Population, total",2014,4657740
"Isle of Man","Population, total",2014,83892
"Israel","Population, total",2014,8215700
"Italy","Population, total",2014,60320707
"Jamaica","Population, total",2014,2793749
"Japan","Population, total",2014,127276000
"Jordan","Population, total",2014,8791710
"Kazakhstan","Population, total",2014,17816285
"Kenya","Population, total",2014,46051440
"Kiribati","Population, total",2014,115326
"Korea, Dem. People's Rep.","Population, total",2014,25451262
"Korea, Rep.","Population, total",2014,50746659
"Kosovo","Population, total",2014,1812788
"Kuwait","Population, total",2014,3665876
"Kyrgyz Republic","Population, total",2014,5905848
"Lao PDR","Population, total",2014,6703172
"Latvia","Population, total",2014,1993782
"Lebanon","Population, total",2014,6346990
"Lesotho","Population, total",2014,2080089
"Liberia","Population, total",2014,4564293
"Libya","Population, total",2014,6427252
"Liechtenstein","Population, total",2014,37248
"Lithuania","Population, total",2014,2937253
"Luxembourg","Population, total",2014,556319
"Macao SAR, China","Population, total",2014,621700
"Madagascar","Population, total",2014,24764348
"Malawi","Population, total",2014,16621538
"Malaysia","Population, total",2014,30696137
"Maldives","Population, total",2014,413617
"Mali","Population, total",2014,18020267
"Malta","Population, total",2014,433481
"Marshall Islands","Population, total",2014,49796
"Mauritania","Population, total",2014,3848514
"Mauritius","Population, total",2014,1261208
"Mexico","Population, total",2014,119784261
"Micronesia, Fed. Sts.","Population, total",2014,108396
"Moldova","Population, total",2014,2857815
"Monaco","Population, total",2014,36128
"Mongolia","Population, total",2014,2963113
"Montenegro","Population, total",2014,623744
"Morocco","Population, total",2014,34204780
"Mozambique","Population, total",2014,25788475
"Myanmar","Population, total",2014,50681634
"Namibia","Population, total",2014,2312139
"Nauru","Population, total",2014,10742
"Nepal","Population, total",2014,27672370
"Netherlands","Population, total",2014,16865008
"New Caledonia","Population, total",2014,281224
"New Zealand","Population, total",2014,4516500
"Nicaragua","Population, total",2014,6066492
"Niger","Population, total",2014,19215909
"Nigeria","Population, total",2014,185896915
"North Macedonia","Population, total",2014,1917557
"Northern Mariana Islands","Population, total",2014,52178
"Norway","Population, total",2014,5137232
"Oman","Population, total",2014,4002439
"Pakistan","Population, total",2014,214264647
"Palau","Population, total",2014,17715
"Panama","Population, total",2014,3892101
"Papua New Guinea","Population, total",2014,8523441
"Paraguay","Population, total",2014,6069811
"Peru","Population, total",2014,30115826
"Philippines","Population, total",2014,103767130
"Poland","Population, total",2014,38011735
"Portugal","Population, total",2014,10401062
"Puerto Rico","Population, total",2014,3585017
"Qatar","Population, total",2014,2151745
"Romania","Population, total",2014,19908979
"Russian Federation","Population, total",2014,144237223
"Rwanda","Population, total",2014,11364757
"Samoa","Population, total",2014,200037
"San Marino","Population, total",2014,32655
"Sao Tome and Principe","Population, total",2014,196767
"Saudi Arabia","Population, total",2014,28309273
"Senegal","Population, total",2014,14152102
"Serbia","Population, total",2014,7131787
"Seychelles","Population, total",2014,91359
"Sierra Leone","Population, total",2014,6876385
"Singapore","Population, total",2014,5469724
"Sint Maarten (Dutch part)","Population, total",2014,36672
"Slovak Republic","Population, total",2014,5418649
"Slovenia","Population, total",2014,2061980
"Solomon Islands","Population, total",2014,616908
"Somalia","Population, total",2014,13339491
"South Africa","Population, total",2014,55594838
"South Sudan","Population, total",2014,11235073
"Spain","Population, total",2014,46460733
"Sri Lanka","Population, total",2014,20778000
"St. Kitts and Nevis","Population, total",2014,47089
"St. Lucia","Population, total",2014,174138
"St. Martin (French part)","Population, total",2014,37450
"St. Vincent and the Grenadines","Population, total",2014,107535
"Sudan","Population, total",2014,38823318
"Suriname","Population, total",2014,575373
"Sweden","Population, total",2014,9696110
"Switzerland","Population, total",2014,8188649
"Syrian Arab Republic","Population, total",2014,20273659
"Tajikistan","Population, total",2014,8425552
"Tanzania","Population, total",2014,50351512
"Thailand","Population, total",2014,70216367
"Timor-Leste","Population, total",2014,1181903
"Togo","Population, total",2014,7472450
"Tonga","Population, total",2014,106609
"Trinidad and Tobago","Population, total",2014,1345343
"Tunisia","Population, total",2014,11274288
"Turkiye","Population, total",2014,77181884
"Turkmenistan","Population, total",2014,6075283
"Turks and Caicos Islands","Population, total",2014,35050
"Tuvalu","Population, total",2014,10984
"Uganda","Population, total",2014,36395539
"Ukraine","Population, total",2014,45972380
"United Arab Emirates","Population, total",2014,8059440
"United Kingdom","Population, total",2014,64620000
"United States","Population, total",2014,319257560
"Uruguay","Population, total",2014,3356334
"Uzbekistan","Population, total",2014,30222994
"Vanuatu","Population, total",2014,260240
"Venezuela, RB","Population, total",2014,30254079
"Viet Nam","Population, total",2014,91679578
"Virgin Islands (U.S.)","Population, total",2014,107882
"West Bank and Gaza","Population, total",2014,4173398
"Yemen, Rep.","Population, total",2014,30226309
"Zambia","Population, total",2014,15895315
"Zimbabwe","Population, total",2014,14207359
"Africa Eastern and Southern","Population, total",2015,607123269
"Africa Western and Central","Population, total",2015,418127845
"Arab World","Population, total",2015,410190679
"Caribbean small states","Population, total",2015,4314191
"Central Electricity Board (CEB)","Population, total",2015,102973167
"Early-demographic dividend","Population, total",2015,3190318707
"East Asia & Pacific","Population, total",2015,2300844269
"East Asia & Pacific (excluding high income)","Population, total",2015,2056050896
"East Asia & Pacific (IDA & IBRD)","Population, total",2015,2030504270
"Euro area","Population, total",2015,343180482
"Europe & Central Asia","Population, total",2015,907676898
"Europe & Central Asia (excluding high income)","Population, total",2015,240232789
"Europe & Central Asia (IDA & IBRD)","Population, total",2015,453811483
"European Union","Population, total",2015,443793218
"Fragile and conflict affected situations","Population, total",2015,890869511
"Heavily indebted poor countries (HIPC)","Population, total",2015,735429414
"High income","Population, total",2015,1366013616
"IBRD only","Population, total",2015,4676922961
"IDA & IBRD total","Population, total",2015,6281111240
"IDA blend","Population, total",2015,567234056
"IDA only","Population, total",2015,1036954223
"IDA total","Population, total",2015,1604188279
"Late-demographic dividend","Population, total",2015,2256276122
"Latin America & Caribbean","Population, total",2015,618868462
"Latin America & Caribbean (excluding high income)","Population, total",2015,551075145
"Latin America & Caribbean (IDA & IBRD)","Population, total",2015,603091701
"Least developed countries: UN classification","Population, total",2015,962508256
"Low & middle income","Population, total",2015,5941372154
"Low income","Population, total",2015,488308267
"Lower middle income","Population, total",2015,2765011526
"Middle East and North Africa","Population, total",2015,694232973
"Middle East & North Africa (excluding high income)","Population, total",2015,635352686
"Middle East & North Africa (IDA & IBRD)","Population, total",2015,631082594
"Middle income","Population, total",2015,5453063887
"North America","Population, total",2015,357583083
"OECD members","Population, total",2015,1331675197
"Other small states","Population, total",2015,11722398
"Pacific island small states","Population, total",2015,2445989
"Post-demographic dividend","Population, total",2015,1097890139
"Pre-demographic dividend","Population, total",2015,870587800
"Small states","Population, total",2015,18482578
"South Asia","Population, total",2015,1537370078
"South Asia (IDA & IBRD)","Population, total",2015,1537370078
"Sub-Saharan Africa","Population, total",2015,1025251114
"Sub-Saharan Africa (excluding high income)","Population, total",2015,921290560
"Sub-Saharan Africa (IDA & IBRD)","Population, total",2015,1025251114
"Upper middle income","Population, total",2015,2688052361
"World","Population, total",2015,7441826877
"Afghanistan","Population, total",2015,33831764
"Albania","Population, total",2015,2880703
"Algeria","Population, total",2015,40019529
"American Samoa","Population, total",2015,52878
"Andorra","Population, total",2015,72174
"Angola","Population, total",2015,28157798
"Antigua and Barbuda","Population, total",2015,89409
"Argentina","Population, total",2015,43477012
"Armenia","Population, total",2015,3004600
"Aruba","Population, total",2015,107906
"Australia","Population, total",2015,23815995
"Austria","Population, total",2015,8642699
"Azerbaijan","Population, total",2015,9649341
"Bahamas, The","Population, total",2015,385346
"Bahrain","Population, total",2015,1370322
"Bangladesh","Population, total",2015,159383179
"Barbados","Population, total",2015,278990
"Belarus","Population, total",2015,9461076
"Belgium","Population, total",2015,11274196
"Belize","Population, total",2015,356333
"Benin","Population, total",2015,11360681
"Bermuda","Population, total",2015,63464
"Bhutan","Population, total",2015,740618
"Bolivia","Population, total",2015,11014705
"Bosnia and Herzegovina","Population, total",2015,3518541
"Botswana","Population, total",2015,2203273
"Brazil","Population, total",2015,201675532
"British Virgin Islands","Population, total",2015,34498
"Brunei Darussalam","Population, total",2015,422212
"Bulgaria","Population, total",2015,6984225
"Burkina Faso","Population, total",2015,18777487
"Burundi","Population, total",2015,11047580
"Cabo Verde","Population, total",2015,512394
"Cambodia","Population, total",2015,15623251
"Cameroon","Population, total",2015,22763414
"Canada","Population, total",2015,35704498
"Cayman Islands","Population, total",2015,61642
"Central African Republic","Population, total",2015,4629320
"Chad","Population, total",2015,14647621
"Channel Islands","Population, total",2015,163454
"Chile","Population, total",2015,18047625
"China","Population, total",2015,1379860000
"Colombia","Population, total",2015,46969940
"Comoros","Population, total",2015,726682
"Congo, Dem. Rep.","Population, total",2015,81035531
"Congo, Rep.","Population, total",2015,5097581
"Costa Rica","Population, total",2015,4818038
"Cote d'Ivoire","Population, total",2015,25246342
"Croatia","Population, total",2015,4151725
"Cuba","Population, total",2015,11275065
"Curacao","Population, total",2015,157980
"Cyprus","Population, total",2015,1219502
"Czechia","Population, total",2015,10546059
"Denmark","Population, total",2015,5683483
"Djibouti","Population, total",2015,1020313
"Dominica","Population, total",2015,70410
"Dominican Republic","Population, total",2015,10434829
"Ecuador","Population, total",2015,16266225
"Egypt, Arab Rep.","Population, total",2015,99597342
"El Salvador","Population, total",2015,6183676
"Equatorial Guinea","Population, total",2015,1453923
"Eritrea","Population, total",2015,3105546
"Estonia","Population, total",2015,1315407
"Eswatini","Population, total",2015,1142813
"Ethiopia","Population, total",2015,103867135
"Faroe Islands","Population, total",2015,48901
"Fiji","Population, total",2015,918578
"Finland","Population, total",2015,5479531
"France","Population, total",2015,66548272
"French Polynesia","Population, total",2015,277866
"Gabon","Population, total",2015,2040989
"Gambia, The","Population, total",2015,2224529
"Georgia","Population, total",2015,3725276
"Germany","Population, total",2015,81686611
"Ghana","Population, total",2015,28696068
"Gibraltar","Population, total",2015,33193
"Greece","Population, total",2015,10820883
"Greenland","Population, total",2015,56114
"Grenada","Population, total",2015,114676
"Guam","Population, total",2015,164905
"Guatemala","Population, total",2015,15971743
"Guinea","Population, total",2015,11767070
"Guinea-Bissau","Population, total",2015,1786457
"Guyana","Population, total",2015,758781
"Haiti","Population, total",2015,10523242
"Honduras","Population, total",2015,9237305
"Hong Kong SAR, China","Population, total",2015,7291300
"Hungary","Population, total",2015,9797755
"Iceland","Population, total",2015,330815
"India","Population, total",2015,1328024498
"Indonesia","Population, total",2015,261799249
"Iran, Islamic Rep.","Population, total",2015,82619362
"Iraq","Population, total",2015,37560535
"Ireland","Population, total",2015,4701957
"Isle of Man","Population, total",2015,83593
"Israel","Population, total",2015,8380100
"Italy","Population, total",2015,60229605
"Jamaica","Population, total",2015,2802534
"Japan","Population, total",2015,127141000
"Jordan","Population, total",2015,9544729
"Kazakhstan","Population, total",2015,18084169
"Kenya","Population, total",2015,47088526
"Kiribati","Population, total",2015,116815
"Korea, Dem. People's Rep.","Population, total",2015,25575350
"Korea, Rep.","Population, total",2015,51014947
"Kosovo","Population, total",2015,1788274
"Kuwait","Population, total",2015,3834574
"Kyrgyz Republic","Population, total",2015,6040036
"Lao PDR","Population, total",2015,6801645
"Latvia","Population, total",2015,1977527
"Lebanon","Population, total",2015,6472469
"Lesotho","Population, total",2015,2104611
"Liberia","Population, total",2015,4659431
"Libya","Population, total",2015,6531819
"Liechtenstein","Population, total",2015,37494
"Lithuania","Population, total",2015,2911109
"Luxembourg","Population, total",2015,569604
"Macao SAR, China","Population, total",2015,642900
"Madagascar","Population, total",2015,25426702
"Malawi","Population, total",2015,17085587
"Malaysia","Population, total",2015,31232798
"Maldives","Population, total",2015,428154
"Mali","Population, total",2015,18593022
"Malta","Population, total",2015,444220
"Marshall Islands","Population, total",2015,48800
"Mauritania","Population, total",2015,3965959
"Mauritius","Population, total",2015,1262879
"Mexico","Population, total",2015,121072306
"Micronesia, Fed. Sts.","Population, total",2015,108716
"Moldova","Population, total",2015,2835978
"Monaco","Population, total",2015,36757
"Mongolia","Population, total",2015,3026864
"Montenegro","Population, total",2015,624651
"Morocco","Population, total",2015,34607588
"Mozambique","Population, total",2015,26547572
"Myanmar","Population, total",2015,51089056
"Namibia","Population, total",2015,2374300
"Nauru","Population, total",2015,10954
"Nepal","Population, total",2015,27823629
"Netherlands","Population, total",2015,16939923
"New Caledonia","Population, total",2015,283168
"New Zealand","Population, total",2015,4609400
"Nicaragua","Population, total",2015,6149417
"Niger","Population, total",2015,19939498
"Nigeria","Population, total",2015,190671878
"North Macedonia","Population, total",2015,1912430
"Northern Mariana Islands","Population, total",2015,51514
"Norway","Population, total",2015,5188607
"Oman","Population, total",2015,4184895
"Pakistan","Population, total",2015,217290883
"Palau","Population, total",2015,17770
"Panama","Population, total",2015,3960035
"Papua New Guinea","Population, total",2015,8743246
"Paraguay","Population, total",2015,6159103
"Peru","Population, total",2015,30457600
"Philippines","Population, total",2015,105312992
"Poland","Population, total",2015,37986412
"Portugal","Population, total",2015,10358076
"Puerto Rico","Population, total",2015,3535167
"Qatar","Population, total",2015,2344557
"Romania","Population, total",2015,19815616
"Russian Federation","Population, total",2015,144640716
"Rwanda","Population, total",2015,11640022
"Samoa","Population, total",2015,201782
"San Marino","Population, total",2015,32897
"Sao Tome and Principe","Population, total",2015,200291
"Saudi Arabia","Population, total",2015,29816382
"Senegal","Population, total",2015,14593331
"Serbia","Population, total",2015,7095383
"Seychelles","Population, total",2015,93419
"Sierra Leone","Population, total",2015,7037655
"Singapore","Population, total",2015,5535002
"Sint Maarten (Dutch part)","Population, total",2015,37471
"Slovak Republic","Population, total",2015,5423801
"Slovenia","Population, total",2015,2063531
"Solomon Islands","Population, total",2015,639415
"Somalia","Population, total",2015,13806963
"South Africa","Population, total",2015,56723537
"South Sudan","Population, total",2015,11107561
"Spain","Population, total",2015,46422303
"Sri Lanka","Population, total",2015,20970000
"St. Kitts and Nevis","Population, total",2015,47087
"St. Lucia","Population, total",2015,174905
"St. Martin (French part)","Population, total",2015,37369
"St. Vincent and the Grenadines","Population, total",2015,106960
"Sudan","Population, total",2015,40024431
"Suriname","Population, total",2015,581627
"Sweden","Population, total",2015,9799186
"Switzerland","Population, total",2015,8282396
"Syrian Arab Republic","Population, total",2015,19424618
"Tajikistan","Population, total",2015,8643840
"Tanzania","Population, total",2015,52020962
"Thailand","Population, total",2015,70540795
"Timor-Leste","Population, total",2015,1205131
"Togo","Population, total",2015,7663195
"Tonga","Population, total",2015,106095
"Trinidad and Tobago","Population, total",2015,1349667
"Tunisia","Population, total",2015,11402264
"Turkiye","Population, total",2015,78218479
"Turkmenistan","Population, total",2015,6215770
"Turks and Caicos Islands","Population, total",2015,36605
"Tuvalu","Population, total",2015,10963
"Uganda","Population, total",2015,37531446
"Ukraine","Population, total",2015,45784896
"United Arab Emirates","Population, total",2015,8505237
"United Kingdom","Population, total",2015,65088000
"United States","Population, total",2015,321815121
"Uruguay","Population, total",2015,3368017
"Uzbekistan","Population, total",2015,30749346
"Vanuatu","Population, total",2015,266101
"Venezuela, RB","Population, total",2015,30573972
"Viet Nam","Population, total",2015,92823254
"Virgin Islands (U.S.)","Population, total",2015,107712
"West Bank and Gaza","Population, total",2015,4270092
"Yemen, Rep.","Population, total",2015,31159379
"Zambia","Population, total",2015,16399089
"Zimbabwe","Population, total",2015,14399013
"Africa Eastern and Southern","Population, total",2016,623369401
"Africa Western and Central","Population, total",2016,429454743
"Arab World","Population, total",2016,419808341
"Caribbean small states","Population, total",2016,4341333
"Central Electricity Board (CEB)","Population, total",2016,102647939
"Early-demographic dividend","Population, total",2016,3233033717
"East Asia & Pacific","Population, total",2016,2317076058
"East Asia & Pacific (excluding high income)","Population, total",2016,2071486140
"East Asia & Pacific (IDA & IBRD)","Population, total",2016,2045816761
"Euro area","Population, total",2016,344132977
"Europe & Central Asia","Population, total",2016,911765648
"Europe & Central Asia (excluding high income)","Population, total",2016,242410814
"Europe & Central Asia (IDA & IBRD)","Population, total",2016,456099634
"European Union","Population, total",2016,444676652
"Fragile and conflict affected situations","Population, total",2016,910836458
"Heavily indebted poor countries (HIPC)","Population, total",2016,756895035
"High income","Population, total",2016,1374284415
"IBRD only","Population, total",2016,4721753602
"IDA & IBRD total","Population, total",2016,6360340293
"IDA blend","Population, total",2016,578463670
"IDA only","Population, total",2016,1060123021
"IDA total","Population, total",2016,1638586691
"Late-demographic dividend","Population, total",2016,2271028438
"Latin America & Caribbean","Population, total",2016,624737786
"Latin America & Caribbean (excluding high income)","Population, total",2016,556440282
"Latin America & Caribbean (IDA & IBRD)","Population, total",2016,609017063
"Least developed countries: UN classification","Population, total",2016,985414939
"Low & middle income","Population, total",2016,6017298320
"Low income","Population, total",2016,501149314
"Lower middle income","Population, total",2016,2806590212
"Middle East and North Africa","Population, total",2016,707023525
"Middle East & North Africa (excluding high income)","Population, total",2016,645837915
"Middle East & North Africa (IDA & IBRD)","Population, total",2016,641470827
"Middle income","Population, total",2016,5516149006
"North America","Population, total",2016,360527592
"OECD members","Population, total",2016,1340142055
"Other small states","Population, total",2016,11851918
"Pacific island small states","Population, total",2016,2477794
"Post-demographic dividend","Population, total",2016,1102966925
"Pre-demographic dividend","Population, total",2016,895239872
"Small states","Population, total",2016,18671045
"South Asia","Population, total",2016,1555111864
"South Asia (IDA & IBRD)","Population, total",2016,1555111864
"Sub-Saharan Africa","Population, total",2016,1052824144
"Sub-Saharan Africa (excluding high income)","Population, total",2016,946011305
"Sub-Saharan Africa (IDA & IBRD)","Population, total",2016,1052824144
"Upper middle income","Population, total",2016,2709558794
"World","Population, total",2016,7529066617
"Afghanistan","Population, total",2016,34700612
"Albania","Population, total",2016,2876101
"Algeria","Population, total",2016,40850721
"American Samoa","Population, total",2016,52245
"Andorra","Population, total",2016,72181
"Angola","Population, total",2016,29183070
"Antigua and Barbuda","Population, total",2016,89969
"Argentina","Population, total",2016,43900313
"Armenia","Population, total",2016,2992300
"Aruba","Population, total",2016,108727
"Australia","Population, total",2016,24190907
"Austria","Population, total",2016,8736668
"Azerbaijan","Population, total",2016,9757812
"Bahamas, The","Population, total",2016,388055
"Bahrain","Population, total",2016,1423726
"Bangladesh","Population, total",2016,160811932
"Barbados","Population, total",2016,279598
"Belarus","Population, total",2016,9469379
"Belgium","Population, total",2016,11331422
"Belize","Population, total",2016,364705
"Benin","Population, total",2016,11697842
"Bermuda","Population, total",2016,63449
"Bhutan","Population, total",2016,747866
"Bolivia","Population, total",2016,11180020
"Bosnia and Herzegovina","Population, total",2016,3473003
"Botswana","Population, total",2016,2234776
"Brazil","Population, total",2016,203218114
"British Virgin Islands","Population, total",2016,33878
"Brunei Darussalam","Population, total",2016,427564
"Bulgaria","Population, total",2016,6894139
"Burkina Faso","Population, total",2016,19334856
"Burundi","Population, total",2016,11239451
"Cabo Verde","Population, total",2016,512554
"Cambodia","Population, total",2016,15852803
"Cameroon","Population, total",2016,23454161
"Canada","Population, total",2016,36110803
"Cayman Islands","Population, total",2016,63100
"Central African Republic","Population, total",2016,4713663
"Chad","Population, total",2016,15114655
"Channel Islands","Population, total",2016,163883
"Chile","Population, total",2016,18267221
"China","Population, total",2016,1387790000
"Colombia","Population, total",2016,47437512
"Comoros","Population, total",2016,741741
"Congo, Dem. Rep.","Population, total",2016,83956415
"Congo, Rep.","Population, total",2016,5222536
"Costa Rica","Population, total",2016,4866998
"Cote d'Ivoire","Population, total",2016,25989405
"Croatia","Population, total",2016,4106867
"Cuba","Population, total",2016,11265612
"Curacao","Population, total",2016,159664
"Cyprus","Population, total",2016,1237112
"Czechia","Population, total",2016,10566332
"Denmark","Population, total",2016,5728010
"Djibouti","Population, total",2016,1037653
"Dominica","Population, total",2016,69606
"Dominican Republic","Population, total",2016,10551430
"Ecuador","Population, total",2016,16505139
"Egypt, Arab Rep.","Population, total",2016,101644589
"El Salvador","Population, total",2016,6200800
"Equatorial Guinea","Population, total",2016,1508186
"Eritrea","Population, total",2016,3124698
"Estonia","Population, total",2016,1315790
"Eswatini","Population, total",2016,1149507
"Ethiopia","Population, total",2016,106718162
"Faroe Islands","Population, total",2016,49464
"Fiji","Population, total",2016,919166
"Finland","Population, total",2016,5495303
"France","Population, total",2016,66724104
"French Polynesia","Population, total",2016,279178
"Gabon","Population, total",2016,2100306
"Gambia, The","Population, total",2016,2283769
"Georgia","Population, total",2016,3727505
"Germany","Population, total",2016,82348669
"Ghana","Population, total",2016,29356742
"Gibraltar","Population, total",2016,33658
"Greece","Population, total",2016,10775971
"Greenland","Population, total",2016,56186
"Grenada","Population, total",2016,115130
"Guam","Population, total",2016,164233
"Guatemala","Population, total",2016,16268760
"Guinea","Population, total",2016,12073030
"Guinea-Bissau","Population, total",2016,1831893
"Guyana","Population, total",2016,763548
"Haiti","Population, total",2016,10671457
"Honduras","Population, total",2016,9412380
"Hong Kong SAR, China","Population, total",2016,7336600
"Hungary","Population, total",2016,9759755
"Iceland","Population, total",2016,335439
"India","Population, total",2016,1343944296
"Indonesia","Population, total",2016,264627418
"Iran, Islamic Rep.","Population, total",2016,83812228
"Iraq","Population, total",2016,38469627
"Ireland","Population, total",2016,4762722
"Isle of Man","Population, total",2016,83466
"Israel","Population, total",2016,8546000
"Italy","Population, total",2016,60115223
"Jamaica","Population, total",2016,2809915
"Japan","Population, total",2016,127076000
"Jordan","Population, total",2016,10006367
"Kazakhstan","Population, total",2016,18363600
"Kenya","Population, total",2016,48139687
"Kiribati","Population, total",2016,118478
"Korea, Dem. People's Rep.","Population, total",2016,25698326
"Korea, Rep.","Population, total",2016,51217803
"Kosovo","Population, total",2016,1777568
"Kuwait","Population, total",2016,4004096
"Kyrgyz Republic","Population, total",2016,6175338
"Lao PDR","Population, total",2016,6908802
"Latvia","Population, total",2016,1959537
"Lebanon","Population, total",2016,6323060
"Lesotho","Population, total",2016,2130422
"Liberia","Population, total",2016,4755608
"Libya","Population, total",2016,6632126
"Liechtenstein","Population, total",2016,37716
"Lithuania","Population, total",2016,2877325
"Luxembourg","Population, total",2016,582014
"Macao SAR, China","Population, total",2016,652500
"Madagascar","Population, total",2016,26099952
"Malawi","Population, total",2016,17557739
"Malaysia","Population, total",2016,31789685
"Maldives","Population, total",2016,443308
"Mali","Population, total",2016,19191289
"Malta","Population, total",2016,454505
"Marshall Islands","Population, total",2016,47709
"Mauritania","Population, total",2016,4086657
"Mauritius","Population, total",2016,1263747
"Mexico","Population, total",2016,122251351
"Micronesia, Fed. Sts.","Population, total",2016,109075
"Moldova","Population, total",2016,2803186
"Monaco","Population, total",2016,37276
"Mongolia","Population, total",2016,3088856
"Montenegro","Population, total",2016,625353
"Morocco","Population, total",2016,35023457
"Mozambique","Population, total",2016,27337105
"Myanmar","Population, total",2016,51495696
"Namibia","Population, total",2016,2439213
"Nauru","Population, total",2016,11150
"Nepal","Population, total",2016,27955462
"Netherlands","Population, total",2016,17030314
"New Caledonia","Population, total",2016,283423
"New Zealand","Population, total",2016,4714100
"Nicaragua","Population, total",2016,6232666
"Niger","Population, total",2016,20685753
"Nigeria","Population, total",2016,195443700
"North Macedonia","Population, total",2016,1906313
"Northern Mariana Islands","Population, total",2016,50773
"Norway","Population, total",2016,5234519
"Oman","Population, total",2016,4390877
"Pakistan","Population, total",2016,220138869
"Palau","Population, total",2016,17797
"Panama","Population, total",2016,4029086
"Papua New Guinea","Population, total",2016,8961718
"Paraguay","Population, total",2016,6249126
"Peru","Population, total",2016,30866494
"Philippines","Population, total",2016,106735719
"Poland","Population, total",2016,37970087
"Portugal","Population, total",2016,10325452
"Puerto Rico","Population, total",2016,3480432
"Qatar","Population, total",2016,2477113
"Romania","Population, total",2016,19702267
"Russian Federation","Population, total",2016,145015460
"Rwanda","Population, total",2016,11919183
"Samoa","Population, total",2016,203499
"San Marino","Population, total",2016,33101
"Sao Tome and Principe","Population, total",2016,203689
"Saudi Arabia","Population, total",2016,30954198
"Senegal","Population, total",2016,15034521
"Serbia","Population, total",2016,7058322
"Seychelles","Population, total",2016,94677
"Sierra Leone","Population, total",2016,7205328
"Singapore","Population, total",2016,5607283
"Sint Maarten (Dutch part)","Population, total",2016,38249
"Slovak Republic","Population, total",2016,5430798
"Slovenia","Population, total",2016,2065042
"Solomon Islands","Population, total",2016,662379
"Somalia","Population, total",2016,14348740
"South Africa","Population, total",2016,57259551
"South Sudan","Population, total",2016,10830102
"Spain","Population, total",2016,46458139
"Sri Lanka","Population, total",2016,21209000
"St. Kitts and Nevis","Population, total",2016,47075
"St. Lucia","Population, total",2016,175646
"St. Martin (French part)","Population, total",2016,37175
"St. Vincent and the Grenadines","Population, total",2016,106349
"Sudan","Population, total",2016,41259892
"Suriname","Population, total",2016,587757
"Sweden","Population, total",2016,9923085
"Switzerland","Population, total",2016,8373338
"Syrian Arab Republic","Population, total",2016,19193834
"Tajikistan","Population, total",2016,8865631
"Tanzania","Population, total",2016,53824013
"Thailand","Population, total",2016,70859841
"Timor-Leste","Population, total",2016,1228312
"Togo","Population, total",2016,7858289
"Tonga","Population, total",2016,105524
"Trinidad and Tobago","Population, total",2016,1353895
"Tunisia","Population, total",2016,11528674
"Turkiye","Population, total",2016,79277962
"Turkmenistan","Population, total",2016,6360041
"Turks and Caicos Islands","Population, total",2016,38315
"Tuvalu","Population, total",2016,10930
"Uganda","Population, total",2016,38799152
"Ukraine","Population, total",2016,45616832
"United Arab Emirates","Population, total",2016,8935095
"United Kingdom","Population, total",2016,65607000
"United States","Population, total",2016,324353340
"Uruguay","Population, total",2016,3379283
"Uzbekistan","Population, total",2016,31284568
"Vanuatu","Population, total",2016,272087
"Venezuela, RB","Population, total",2016,30765720
"Viet Nam","Population, total",2016,94000117
"Virgin Islands (U.S.)","Population, total",2016,107516
"West Bank and Gaza","Population, total",2016,4367088
"Yemen, Rep.","Population, total",2016,32109010
"Zambia","Population, total",2016,16914423
"Zimbabwe","Population, total",2016,14600294
"Africa Eastern and Southern","Population, total",2017,640058741
"Africa Western and Central","Population, total",2017,440882906
"Arab World","Population, total",2017,428315886
"Caribbean small states","Population, total",2017,4366140
"Central Electricity Board (CEB)","Population, total",2017,102337501
"Early-demographic dividend","Population, total",2017,3274060446
"East Asia & Pacific","Population, total",2017,2333475520
"East Asia & Pacific (excluding high income)","Population, total",2017,2087238522
"East Asia & Pacific (IDA & IBRD)","Population, total",2017,2061449949
"Euro area","Population, total",2017,344810179
"Europe & Central Asia","Population, total",2017,915290996
"Europe & Central Asia (excluding high income)","Population, total",2017,244533821
"Europe & Central Asia (IDA & IBRD)","Population, total",2017,458235497
"European Union","Population, total",2017,445321060
"Fragile and conflict affected situations","Population, total",2017,931222867
"Heavily indebted poor countries (HIPC)","Population, total",2017,779389964
"High income","Population, total",2017,1380319892
"IBRD only","Population, total",2017,4765998583
"IDA & IBRD total","Population, total",2017,6440236993
"IDA blend","Population, total",2017,590024074
"IDA only","Population, total",2017,1084214336
"IDA total","Population, total",2017,1674238410
"Late-demographic dividend","Population, total",2017,2286095306
"Latin America & Caribbean","Population, total",2017,630414986
"Latin America & Caribbean (excluding high income)","Population, total",2017,561957179
"Latin America & Caribbean (IDA & IBRD)","Population, total",2017,614776664
"Least developed countries: UN classification","Population, total",2017,1008993468
"Low & middle income","Population, total",2017,6094196886
"Low income","Population, total",2017,514890519
"Lower middle income","Population, total",2017,2847931114
"Middle East and North Africa","Population, total",2017,718887744
"Middle East & North Africa (excluding high income)","Population, total",2017,656767614
"Middle East & North Africa (IDA & IBRD)","Population, total",2017,652312809
"Middle income","Population, total",2017,5579306367
"North America","Population, total",2017,363217262
"OECD members","Population, total",2017,1348127258
"Other small states","Population, total",2017,11989367
"Pacific island small states","Population, total",2017,2509999
"Post-demographic dividend","Population, total",2017,1107161559
"Pre-demographic dividend","Population, total",2017,920568701
"Small states","Population, total",2017,18865506
"South Asia","Population, total",2017,1572520427
"South Asia (IDA & IBRD)","Population, total",2017,1572520427
"Sub-Saharan Africa","Population, total",2017,1080941647
"Sub-Saharan Africa (excluding high income)","Population, total",2017,971179323
"Sub-Saharan Africa (IDA & IBRD)","Population, total",2017,1080941647
"Upper middle income","Population, total",2017,2731375253
"World","Population, total",2017,7614748582
"Afghanistan","Population, total",2017,35688935
"Albania","Population, total",2017,2873457
"Algeria","Population, total",2017,41689299
"American Samoa","Population, total",2017,51586
"Andorra","Population, total",2017,73763
"Angola","Population, total",2017,30234839
"Antigua and Barbuda","Population, total",2017,90468
"Argentina","Population, total",2017,44288894
"Armenia","Population, total",2017,2979400
"Aruba","Population, total",2017,108735
"Australia","Population, total",2017,24592588
"Austria","Population, total",2017,8797566
"Azerbaijan","Population, total",2017,9854033
"Bahamas, The","Population, total",2017,390485
"Bahrain","Population, total",2017,1501116
"Bangladesh","Population, total",2017,162186147
"Barbados","Population, total",2017,280171
"Belarus","Population, total",2017,9458989
"Belgium","Population, total",2017,11375158
"Belize","Population, total",2017,373202
"Benin","Population, total",2017,12039780
"Bermuda","Population, total",2017,63578
"Bhutan","Population, total",2017,754335
"Bolivia","Population, total",2017,11344587
"Bosnia and Herzegovina","Population, total",2017,3428682
"Botswana","Population, total",2017,2266747
"Brazil","Population, total",2017,204703445
"British Virgin Islands","Population, total",2017,32699
"Brunei Darussalam","Population, total",2017,432772
"Bulgaria","Population, total",2017,6803468
"Burkina Faso","Population, total",2017,19894407
"Burundi","Population, total",2017,11506762
"Cabo Verde","Population, total",2017,512893
"Cambodia","Population, total",2017,16073372
"Cameroon","Population, total",2017,24128601
"Canada","Population, total",2017,36545075
"Cayman Islands","Population, total",2017,64535
"Central African Republic","Population, total",2017,4793511
"Chad","Population, total",2017,15622759
"Channel Islands","Population, total",2017,164319
"Chile","Population, total",2017,18558868
"China","Population, total",2017,1396215000
"Colombia","Population, total",2017,48131078
"Comoros","Population, total",2017,756669
"Congo, Dem. Rep.","Population, total",2017,87083398
"Congo, Rep.","Population, total",2017,5351011
"Costa Rica","Population, total",2017,4913177
"Cote d'Ivoire","Population, total",2017,26733372
"Croatia","Population, total",2017,4041407
"Cuba","Population, total",2017,11247829
"Curacao","Population, total",2017,160175
"Cyprus","Population, total",2017,1254275
"Czechia","Population, total",2017,10594438
"Denmark","Population, total",2017,5764980
"Djibouti","Population, total",2017,1054841
"Dominica","Population, total",2017,68496
"Dominican Republic","Population, total",2017,10666843
"Ecuador","Population, total",2017,16759519
"Egypt, Arab Rep.","Population, total",2017,103696057
"El Salvador","Population, total",2017,6213533
"Equatorial Guinea","Population, total",2017,1562396
"Eritrea","Population, total",2017,3150347
"Estonia","Population, total",2017,1317384
"Eswatini","Population, total",2017,1158195
"Ethiopia","Population, total",2017,109666481
"Faroe Islands","Population, total",2017,50180
"Fiji","Population, total",2017,918759
"Finland","Population, total",2017,5508214
"France","Population, total",2017,66918020
"French Polynesia","Population, total",2017,280087
"Gabon","Population, total",2017,2156900
"Gambia, The","Population, total",2017,2342189
"Georgia","Population, total",2017,3728004
"Germany","Population, total",2017,82657002
"Ghana","Population, total",2017,30008354
"Gibraltar","Population, total",2017,34245
"Greece","Population, total",2017,10754679
"Greenland","Population, total",2017,56172
"Grenada","Population, total",2017,115438
"Guam","Population, total",2017,163490
"Guatemala","Population, total",2017,16567357
"Guinea","Population, total",2017,12385659
"Guinea-Bissau","Population, total",2017,1877072
"Guyana","Population, total",2017,768479
"Haiti","Population, total",2017,10817754
"Honduras","Population, total",2017,9588137
"Hong Kong SAR, China","Population, total",2017,7393200
"Hungary","Population, total",2017,9726756
"Iceland","Population, total",2017,343400
"India","Population, total",2017,1359657400
"Indonesia","Population, total",2017,267346658
"Iran, Islamic Rep.","Population, total",2017,85026754
"Iraq","Population, total",2017,39337353
"Ireland","Population, total",2017,4827445
"Isle of Man","Population, total",2017,83609
"Israel","Population, total",2017,8713300
"Italy","Population, total",2017,60002252
"Jamaica","Population, total",2017,2815764
"Japan","Population, total",2017,126972000
"Jordan","Population, total",2017,10234226
"Kazakhstan","Population, total",2017,18651931
"Kenya","Population, total",2017,49197766
"Kiribati","Population, total",2017,120275
"Korea, Dem. People's Rep.","Population, total",2017,25817709
"Korea, Rep.","Population, total",2017,51361911
"Kosovo","Population, total",2017,1791019
"Kuwait","Population, total",2017,4154812
"Kyrgyz Republic","Population, total",2017,6306696
"Lao PDR","Population, total",2017,7018147
"Latvia","Population, total",2017,1942248
"Lebanon","Population, total",2017,6160128
"Lesotho","Population, total",2017,2157110
"Liberia","Population, total",2017,4848925
"Libya","Population, total",2017,6738770
"Liechtenstein","Population, total",2017,37962
"Lithuania","Population, total",2017,2842639
"Luxembourg","Population, total",2017,596336
"Macao SAR, China","Population, total",2017,648400
"Madagascar","Population, total",2017,26788375
"Malawi","Population, total",2017,18039715
"Malaysia","Population, total",2017,32355644
"Maldives","Population, total",2017,458287
"Mali","Population, total",2017,19813011
"Malta","Population, total",2017,467106
"Marshall Islands","Population, total",2017,46529
"Mauritania","Population, total",2017,4210600
"Mauritius","Population, total",2017,1264887
"Mexico","Population, total",2017,123400057
"Micronesia, Fed. Sts.","Population, total",2017,109481
"Moldova","Population, total",2017,2755189
"Monaco","Population, total",2017,37678
"Mongolia","Population, total",2017,3148917
"Montenegro","Population, total",2017,625982
"Morocco","Population, total",2017,35446392
"Mozambique","Population, total",2017,28166393
"Myanmar","Population, total",2017,51894938
"Namibia","Population, total",2017,2506853
"Nauru","Population, total",2017,11324
"Nepal","Population, total",2017,28011258
"Netherlands","Population, total",2017,17131296
"New Caledonia","Population, total",2017,283546
"New Zealand","Population, total",2017,4813600
"Nicaragua","Population, total",2017,6316231
"Niger","Population, total",2017,21435446
"Nigeria","Population, total",2017,200254579
"North Macedonia","Population, total",2017,1898657
"Northern Mariana Islands","Population, total",2017,49959
"Norway","Population, total",2017,5276968
"Oman","Population, total",2017,4537396
"Pakistan","Population, total",2017,223273967
"Palau","Population, total",2017,17812
"Panama","Population, total",2017,4098707
"Papua New Guinea","Population, total",2017,9178714
"Paraguay","Population, total",2017,6338660
"Peru","Population, total",2017,31324637
"Philippines","Population, total",2017,108119693
"Poland","Population, total",2017,37974826
"Portugal","Population, total",2017,10300300
"Puerto Rico","Population, total",2017,3410837
"Qatar","Population, total",2017,2545820
"Romania","Population, total",2017,19588715
"Russian Federation","Population, total",2017,145293260
"Rwanda","Population, total",2017,12202060
"Samoa","Population, total",2017,205415
"San Marino","Population, total",2017,33825
"Sao Tome and Principe","Population, total",2017,206970
"Saudi Arabia","Population, total",2017,30977355
"Senegal","Population, total",2017,15475002
"Serbia","Population, total",2017,7020858
"Seychelles","Population, total",2017,95843
"Sierra Leone","Population, total",2017,7379299
"Singapore","Population, total",2017,5612253
"Sint Maarten (Dutch part)","Population, total",2017,38996
"Slovak Republic","Population, total",2017,5439232
"Slovenia","Population, total",2017,2066388
"Solomon Islands","Population, total",2017,685672
"Somalia","Population, total",2017,14916629
"South Africa","Population, total",2017,57635162
"South Sudan","Population, total",2017,10259154
"Spain","Population, total",2017,46571232
"Sri Lanka","Population, total",2017,21453000
"St. Kitts and Nevis","Population, total",2017,47050
"St. Lucia","Population, total",2017,176342
"St. Martin (French part)","Population, total",2017,36837
"St. Vincent and the Grenadines","Population, total",2017,105663
"Sudan","Population, total",2017,42714306
"Suriname","Population, total",2017,593713
"Sweden","Population, total",2017,10057698
"Switzerland","Population, total",2017,8451840
"Syrian Arab Republic","Population, total",2017,19224668
"Tajikistan","Population, total",2017,9085946
"Tanzania","Population, total",2017,55652890
"Thailand","Population, total",2017,71160187
"Timor-Leste","Population, total",2017,1251703
"Togo","Population, total",2017,8057140
"Tonga","Population, total",2017,105356
"Trinidad and Tobago","Population, total",2017,1356633
"Tunisia","Population, total",2017,11650498
"Turkiye","Population, total",2017,80312698
"Turkmenistan","Population, total",2017,6507061
"Turks and Caicos Islands","Population, total",2017,39913
"Tuvalu","Population, total",2017,10869
"Uganda","Population, total",2017,40177388
"Ukraine","Population, total",2017,45436041
"United Arab Emirates","Population, total",2017,9223225
"United Kingdom","Population, total",2017,65966000
"United States","Population, total",2017,326608609
"Uruguay","Population, total",2017,3388438
"Uzbekistan","Population, total",2017,31819178
"Vanuatu","Population, total",2017,278507
"Venezuela, RB","Population, total",2017,30565323
"Viet Nam","Population, total",2017,95176977
"Virgin Islands (U.S.)","Population, total",2017,107281
"West Bank and Gaza","Population, total",2017,4454805
"Yemen, Rep.","Population, total",2017,33090921
"Zambia","Population, total",2017,17441320
"Zimbabwe","Population, total",2017,14812482
"Africa Eastern and Southern","Population, total",2018,657801085
"Africa Western and Central","Population, total",2018,452195915
"Arab World","Population, total",2018,435998060
"Caribbean small states","Population, total",2018,4407658
"Central Electricity Board (CEB)","Population, total",2018,102074201
"Early-demographic dividend","Population, total",2018,3314245247
"East Asia & Pacific","Population, total",2018,2347576325
"East Asia & Pacific (excluding high income)","Population, total",2018,2100698838
"East Asia & Pacific (IDA & IBRD)","Population, total",2018,2074796982
"Euro area","Population, total",2018,345864630
"Europe & Central Asia","Population, total",2018,918947897
"Europe & Central Asia (excluding high income)","Population, total",2018,246659127
"Europe & Central Asia (IDA & IBRD)","Population, total",2018,460205526
"European Union","Population, total",2018,446329890
"Fragile and conflict affected situations","Population, total",2018,951851595
"Heavily indebted poor countries (HIPC)","Population, total",2018,802020674
"High income","Population, total",2018,1385103279
"IBRD only","Population, total",2018,4807240463
"IDA & IBRD total","Population, total",2018,6518316997
"IDA blend","Population, total",2018,601951913
"IDA only","Population, total",2018,1109124621
"IDA total","Population, total",2018,1711076534
"Late-demographic dividend","Population, total",2018,2298652685
"Latin America & Caribbean","Population, total",2018,635778081
"Latin America & Caribbean (excluding high income)","Population, total",2018,567711159
"Latin America & Caribbean (IDA & IBRD)","Population, total",2018,620274430
"Least developed countries: UN classification","Population, total",2018,1033110314
"Low & middle income","Population, total",2018,6169917356
"Low income","Population, total",2018,529522043
"Lower middle income","Population, total",2018,2888561818
"Middle East and North Africa","Population, total",2018,730362334
"Middle East & North Africa (excluding high income)","Population, total",2018,668447432
"Middle East & North Africa (IDA & IBRD)","Population, total",2018,663878345
"Middle income","Population, total",2018,5640395313
"North America","Population, total",2018,365666028
"OECD members","Population, total",2018,1356470975
"Other small states","Population, total",2018,12135267
"Pacific island small states","Population, total",2018,2542009
"Post-demographic dividend","Population, total",2018,1111377470
"Pre-demographic dividend","Population, total",2018,946317177
"Small states","Population, total",2018,19084934
"South Asia","Population, total",2018,1589164714
"South Asia (IDA & IBRD)","Population, total",2018,1589164714
"Sub-Saharan Africa","Population, total",2018,1109997000
"Sub-Saharan Africa (excluding high income)","Population, total",2018,997236086
"Sub-Saharan Africa (IDA & IBRD)","Population, total",2018,1109997000
"Upper middle income","Population, total",2018,2751833495
"World","Population, total",2018,7697492379
"Afghanistan","Population, total",2018,36743039
"Albania","Population, total",2018,2866376
"Algeria","Population, total",2018,42505035
"American Samoa","Population, total",2018,50908
"Andorra","Population, total",2018,75162
"Angola","Population, total",2018,31297155
"Antigua and Barbuda","Population, total",2018,90926
"Argentina","Population, total",2018,44654882
"Armenia","Population, total",2018,2969000
"Aruba","Population, total",2018,108908
"Australia","Population, total",2018,24963258
"Austria","Population, total",2018,8840521
"Azerbaijan","Population, total",2018,9939771
"Bahamas, The","Population, total",2018,392717
"Bahrain","Population, total",2018,1503091
"Bangladesh","Population, total",2018,163523103
"Barbados","Population, total",2018,280711
"Belarus","Population, total",2018,9438785
"Belgium","Population, total",2018,11427054
"Belize","Population, total",2018,380226
"Benin","Population, total",2018,12383347
"Bermuda","Population, total",2018,63831
"Bhutan","Population, total",2018,759759
"Bolivia","Population, total",2018,11508368
"Bosnia and Herzegovina","Population, total",2018,3387000
"Botswana","Population, total",2018,2299141
"Brazil","Population, total",2018,206107261
"British Virgin Islands","Population, total",2018,34657
"Brunei Darussalam","Population, total",2018,437810
"Bulgaria","Population, total",2018,6710798
"Burkina Faso","Population, total",2018,20438288
"Burundi","Population, total",2018,11859446
"Cabo Verde","Population, total",2018,513415
"Cambodia","Population, total",2018,16274522
"Cameroon","Population, total",2018,24806383
"Canada","Population, total",2018,37072620
"Cayman Islands","Population, total",2018,65941
"Central African Republic","Population, total",2018,4878657
"Chad","Population, total",2018,16156531
"Channel Islands","Population, total",2018,164949
"Chile","Population, total",2018,18893191
"China","Population, total",2018,1402760000
"Colombia","Population, total",2018,49024465
"Comoros","Population, total",2018,771590
"Congo, Dem. Rep.","Population, total",2018,90047644
"Congo, Rep.","Population, total",2018,5483118
"Costa Rica","Population, total",2018,4957818
"Cote d'Ivoire","Population, total",2018,27464173
"Croatia","Population, total",2018,3988775
"Cuba","Population, total",2018,11227118
"Curacao","Population, total",2018,159336
"Cyprus","Population, total",2018,1270737
"Czechia","Population, total",2018,10629928
"Denmark","Population, total",2018,5793636
"Djibouti","Population, total",2018,1071882
"Dominica","Population, total",2018,68174
"Dominican Republic","Population, total",2018,10782053
"Ecuador","Population, total",2018,17049547
"Egypt, Arab Rep.","Population, total",2018,105682094
"El Salvador","Population, total",2018,6219807
"Equatorial Guinea","Population, total",2018,1616422
"Eritrea","Population, total",2018,3192760
"Estonia","Population, total",2018,1321977
"Eswatini","Population, total",2018,1168929
"Ethiopia","Population, total",2018,112664152
"Faroe Islands","Population, total",2018,50996
"Fiji","Population, total",2018,917180
"Finland","Population, total",2018,5515525
"France","Population, total",2018,67158348
"French Polynesia","Population, total",2018,279815
"Gabon","Population, total",2018,2212318
"Gambia, The","Population, total",2018,2399632
"Georgia","Population, total",2018,3726549
"Germany","Population, total",2018,82905782
"Ghana","Population, total",2018,30637585
"Gibraltar","Population, total",2018,34854
"Greece","Population, total",2018,10732882
"Greenland","Population, total",2018,56023
"Grenada","Population, total",2018,115691
"Guam","Population, total",2018,162679
"Guatemala","Population, total",2018,16845685
"Guinea","Population, total",2018,12704774
"Guinea-Bissau","Population, total",2018,1922168
"Guyana","Population, total",2018,791556
"Haiti","Population, total",2018,10962362
"Honduras","Population, total",2018,9765210
"Hong Kong SAR, China","Population, total",2018,7452600
"Hungary","Population, total",2018,9706964
"Iceland","Population, total",2018,352721
"India","Population, total",2018,1374659064
"Indonesia","Population, total",2018,269951846
"Iran, Islamic Rep.","Population, total",2018,86117998
"Iraq","Population, total",2018,40265624
"Ireland","Population, total",2018,4898022
"Isle of Man","Population, total",2018,83805
"Israel","Population, total",2018,8882800
"Italy","Population, total",2018,60148658
"Jamaica","Population, total",2018,2820097
"Japan","Population, total",2018,126811000
"Jordan","Population, total",2018,10462306
"Kazakhstan","Population, total",2018,18932727
"Kenya","Population, total",2018,50207107
"Kiribati","Population, total",2018,122084
"Korea, Dem. People's Rep.","Population, total",2018,25931147
"Korea, Rep.","Population, total",2018,51585058
"Kosovo","Population, total",2018,1797086
"Kuwait","Population, total",2018,4323515
"Kyrgyz Republic","Population, total",2018,6444079
"Lao PDR","Population, total",2018,7128045
"Latvia","Population, total",2018,1927174
"Lebanon","Population, total",2018,5984119
"Lesotho","Population, total",2018,2183603
"Liberia","Population, total",2018,4944726
"Libya","Population, total",2018,6849055
"Liechtenstein","Population, total",2018,38246
"Lithuania","Population, total",2018,2819200
"Luxembourg","Population, total",2018,607950
"Macao SAR, China","Population, total",2018,658900
"Madagascar","Population, total",2018,27494926
"Malawi","Population, total",2018,18528081
"Malaysia","Population, total",2018,32910967
"Maldives","Population, total",2018,473099
"Mali","Population, total",2018,20442030
"Malta","Population, total",2018,483903
"Marshall Islands","Population, total",2018,45285
"Mauritania","Population, total",2018,4337685
"Mauritius","Population, total",2018,1265577
"Mexico","Population, total",2018,124573711
"Micronesia, Fed. Sts.","Population, total",2018,109909
"Moldova","Population, total",2018,2707203
"Monaco","Population, total",2018,38154
"Mongolia","Population, total",2018,3208189
"Montenegro","Population, total",2018,626438
"Morocco","Population, total",2018,35839760
"Mozambique","Population, total",2018,29018644
"Myanmar","Population, total",2018,52272247
"Namibia","Population, total",2018,2577327
"Nauru","Population, total",2018,11477
"Nepal","Population, total",2018,28079689
"Netherlands","Population, total",2018,17231624
"New Caledonia","Population, total",2018,283541
"New Zealand","Population, total",2018,4900600
"Nicaragua","Population, total",2018,6400080
"Niger","Population, total",2018,22188069
"Nigeria","Population, total",2018,204938755
"North Macedonia","Population, total",2018,1889051
"Northern Mariana Islands","Population, total",2018,49077
"Norway","Population, total",2018,5311916
"Oman","Population, total",2018,4597877
"Pakistan","Population, total",2018,226928892
"Palau","Population, total",2018,17814
"Panama","Population, total",2018,4167860
"Papua New Guinea","Population, total",2018,9394513
"Paraguay","Population, total",2018,6427382
"Peru","Population, total",2018,31897584
"Philippines","Population, total",2018,109465287
"Poland","Population, total",2018,37974750
"Portugal","Population, total",2018,10283822
"Puerto Rico","Population, total",2018,3290690
"Qatar","Population, total",2018,2580734
"Romania","Population, total",2018,19473970
"Russian Federation","Population, total",2018,145398106
"Rwanda","Population, total",2018,12487996
"Samoa","Population, total",2018,207582
"San Marino","Population, total",2018,34522
"Sao Tome and Principe","Population, total",2018,210187
"Saudi Arabia","Population, total",2018,30196281
"Senegal","Population, total",2018,15914498
"Serbia","Population, total",2018,6982604
"Seychelles","Population, total",2018,96762
"Sierra Leone","Population, total",2018,7554563
"Singapore","Population, total",2018,5638676
"Sint Maarten (Dutch part)","Population, total",2018,39712
"Slovak Republic","Population, total",2018,5446771
"Slovenia","Population, total",2018,2073894
"Solomon Islands","Population, total",2018,709101
"Somalia","Population, total",2018,15452487
"South Africa","Population, total",2018,58613001
"South Sudan","Population, total",2018,10122977
"Spain","Population, total",2018,46782011
"Sri Lanka","Population, total",2018,21670000
"St. Kitts and Nevis","Population, total",2018,47008
"St. Lucia","Population, total",2018,177017
"St. Martin (French part)","Population, total",2018,36012
"St. Vincent and the Grenadines","Population, total",2018,104926
"Sudan","Population, total",2018,44230596
"Suriname","Population, total",2018,599513
"Sweden","Population, total",2018,10175214
"Switzerland","Population, total",2018,8514329
"Syrian Arab Republic","Population, total",2018,19577845
"Tajikistan","Population, total",2018,9307333
"Tanzania","Population, total",2018,57437145
"Thailand","Population, total",2018,71376079
"Timor-Leste","Population, total",2018,1275959
"Togo","Population, total",2018,8258778
"Tonga","Population, total",2018,105567
"Trinidad and Tobago","Population, total",2018,1359193
"Tunisia","Population, total",2018,11765514
"Turkiye","Population, total",2018,81407204
"Turkmenistan","Population, total",2018,6655524
"Turks and Caicos Islands","Population, total",2018,41559
"Tuvalu","Population, total",2018,10751
"Uganda","Population, total",2018,41565831
"Ukraine","Population, total",2018,45208907
"United Arab Emirates","Population, total",2018,9346701
"United Kingdom","Population, total",2018,66289000
"United States","Population, total",2018,328529577
"Uruguay","Population, total",2018,3394534
"Uzbekistan","Population, total",2018,32373490
"Vanuatu","Population, total",2018,285259
"Venezuela, RB","Population, total",2018,29807592
"Viet Nam","Population, total",2018,96237319
"Virgin Islands (U.S.)","Population, total",2018,107001
"West Bank and Gaza","Population, total",2018,4569087
"Yemen, Rep.","Population, total",2018,34085182
"Zambia","Population, total",2018,17973569
"Zimbabwe","Population, total",2018,15034452
"Africa Eastern and Southern","Population, total",2019,675950189
"Africa Western and Central","Population, total",2019,463365429
"Arab World","Population, total",2019,444281315
"Caribbean small states","Population, total",2019,4443134
"Central Electricity Board (CEB)","Population, total",2019,101864274
"Early-demographic dividend","Population, total",2019,3355014793
"East Asia & Pacific","Population, total",2019,2359771090
"East Asia & Pacific (excluding high income)","Population, total",2019,2112289891
"East Asia & Pacific (IDA & IBRD)","Population, total",2019,2086281644
"Euro area","Population, total",2019,346496601
"Europe & Central Asia","Population, total",2019,922218554
"Europe & Central Asia (excluding high income)","Population, total",2019,248863066
"Europe & Central Asia (IDA & IBRD)","Population, total",2019,462219596
"European Union","Population, total",2019,446910453
"Fragile and conflict affected situations","Population, total",2019,973035228
"Heavily indebted poor countries (HIPC)","Population, total",2019,824649053
"High income","Population, total",2019,1389779202
"IBRD only","Population, total",2019,4845361414
"IDA & IBRD total","Population, total",2019,6594502842
"IDA blend","Population, total",2019,614017319
"IDA only","Population, total",2019,1135124109
"IDA total","Population, total",2019,1749141428
"Late-demographic dividend","Population, total",2019,2309164437
"Latin America & Caribbean","Population, total",2019,640962372
"Latin America & Caribbean (excluding high income)","Population, total",2019,573311679
"Latin America & Caribbean (IDA & IBRD)","Population, total",2019,625467307
"Least developed countries: UN classification","Population, total",2019,1058013514
"Low & middle income","Population, total",2019,6243849229
"Low income","Population, total",2019,544980983
"Lower middle income","Population, total",2019,2928617292
"Middle East and North Africa","Population, total",2019,742714463
"Middle East & North Africa (excluding high income)","Population, total",2019,680490997
"Middle East & North Africa (IDA & IBRD)","Population, total",2019,675805691
"Middle income","Population, total",2019,5698868246
"North America","Population, total",2019,367908829
"OECD members","Population, total",2019,1364155119
"Other small states","Population, total",2019,12281907
"Pacific island small states","Population, total",2019,2568656
"Post-demographic dividend","Population, total",2019,1114907717
"Pre-demographic dividend","Population, total",2019,972302503
"Small states","Population, total",2019,19293697
"South Asia","Population, total",2019,1605412986
"South Asia (IDA & IBRD)","Population, total",2019,1605412986
"Sub-Saharan Africa","Population, total",2019,1139315618
"Sub-Saharan Africa (excluding high income)","Population, total",2019,1023480610
"Sub-Saharan Africa (IDA & IBRD)","Population, total",2019,1139315618
"Upper middle income","Population, total",2019,2770250954
"World","Population, total",2019,7778303912
"Afghanistan","Population, total",2019,37856121
"Albania","Population, total",2019,2854191
"Algeria","Population, total",2019,43294546
"American Samoa","Population, total",2019,50209
"Andorra","Population, total",2019,76474
"Angola","Population, total",2019,32375632
"Antigua and Barbuda","Population, total",2019,91364
"Argentina","Population, total",2019,44973465
"Armenia","Population, total",2019,2962500
"Aruba","Population, total",2019,109203
"Australia","Population, total",2019,25334826
"Austria","Population, total",2019,8879920
"Azerbaijan","Population, total",2019,10024283
"Bahamas, The","Population, total",2019,394675
"Bahrain","Population, total",2019,1483756
"Bangladesh","Population, total",2019,164913055
"Barbados","Population, total",2019,281207
"Belarus","Population, total",2019,9419758
"Belgium","Population, total",2019,11488980
"Belize","Population, total",2019,385829
"Benin","Population, total",2019,12726755
"Bermuda","Population, total",2019,64107
"Bhutan","Population, total",2019,764824
"Bolivia","Population, total",2019,11671386
"Bosnia and Herzegovina","Population, total",2019,3345533
"Botswana","Population, total",2019,2332083
"Brazil","Population, total",2019,207455459
"British Virgin Islands","Population, total",2019,36395
"Brunei Darussalam","Population, total",2019,442680
"Bulgaria","Population, total",2019,6616726
"Burkina Faso","Population, total",2019,20961952
"Burundi","Population, total",2019,12255336
"Cabo Verde","Population, total",2019,514104
"Cambodia","Population, total",2019,16481304
"Cameroon","Population, total",2019,25506095
"Canada","Population, total",2019,37618495
"Cayman Islands","Population, total",2019,67327
"Central African Republic","Population, total",2019,4944703
"Chad","Population, total",2019,16685223
"Channel Islands","Population, total",2019,165639
"Chile","Population, total",2019,19197744
"China","Population, total",2019,1407745000
"Colombia","Population, total",2019,49907985
"Comoros","Population, total",2019,786578
"Congo, Dem. Rep.","Population, total",2019,92947442
"Congo, Rep.","Population, total",2019,5616661
"Costa Rica","Population, total",2019,4999553
"Cote d'Ivoire","Population, total",2019,28193009
"Croatia","Population, total",2019,3949390
"Cuba","Population, total",2019,11202846
"Curacao","Population, total",2019,157441
"Cyprus","Population, total",2019,1286671
"Czechia","Population, total",2019,10671870
"Denmark","Population, total",2019,5814422
"Djibouti","Population, total",2019,1088709
"Dominica","Population, total",2019,67880
"Dominican Republic","Population, total",2019,10894043
"Ecuador","Population, total",2019,17340021
"Egypt, Arab Rep.","Population, total",2019,107553158
"El Salvador","Population, total",2019,6222318
"Equatorial Guinea","Population, total",2019,1670177
"Eritrea","Population, total",2019,3240194
"Estonia","Population, total",2019,1326898
"Eswatini","Population, total",2019,1179874
"Ethiopia","Population, total",2019,115737383
"Faroe Islands","Population, total",2019,51793
"Fiji","Population, total",2019,914899
"Finland","Population, total",2019,5521606
"France","Population, total",2019,67382061
"French Polynesia","Population, total",2019,279034
"Gabon","Population, total",2019,2267706
"Gambia, The","Population, total",2019,2456844
"Georgia","Population, total",2019,3720161
"Germany","Population, total",2019,83092962
"Ghana","Population, total",2019,31258945
"Gibraltar","Population, total",2019,35494
"Greece","Population, total",2019,10721582
"Greenland","Population, total",2019,56225
"Grenada","Population, total",2019,115981
"Guam","Population, total",2019,161808
"Guatemala","Population, total",2019,17103803
"Guinea","Population, total",2019,13034346
"Guinea-Bissau","Population, total",2019,1967696
"Guyana","Population, total",2019,807665
"Haiti","Population, total",2019,11105163
"Honduras","Population, total",2019,9943633
"Hong Kong SAR, China","Population, total",2019,7507900
"Hungary","Population, total",2019,9694824
"Iceland","Population, total",2019,360563
"India","Population, total",2019,1389030312
"Indonesia","Population, total",2019,272489381
"Iran, Islamic Rep.","Population, total",2019,87051648
"Iraq","Population, total",2019,41192171
"Ireland","Population, total",2019,4976456
"Isle of Man","Population, total",2019,83957
"Israel","Population, total",2019,9054000
"Italy","Population, total",2019,59729081
"Jamaica","Population, total",2019,2823271
"Japan","Population, total",2019,126633000
"Jordan","Population, total",2019,10671891
"Kazakhstan","Population, total",2019,19209555
"Kenya","Population, total",2019,51202827
"Kiribati","Population, total",2019,123921
"Korea, Dem. People's Rep.","Population, total",2019,26037632
"Korea, Rep.","Population, total",2019,51764822
"Kosovo","Population, total",2019,1788891
"Kuwait","Population, total",2019,4442316
"Kyrgyz Republic","Population, total",2019,6590211
"Lao PDR","Population, total",2019,7237636
"Latvia","Population, total",2019,1913822
"Lebanon","Population, total",2019,5794594
"Lesotho","Population, total",2019,2209405
"Liberia","Population, total",2019,5043721
"Libya","Population, total",2019,6951033
"Liechtenstein","Population, total",2019,38563
"Lithuania","Population, total",2019,2811089
"Luxembourg","Population, total",2019,620001
"Macao SAR, China","Population, total",2019,672000
"Madagascar","Population, total",2019,28219554
"Malawi","Population, total",2019,19025752
"Malaysia","Population, total",2019,33440596
"Maldives","Population, total",2019,487731
"Mali","Population, total",2019,21068405
"Malta","Population, total",2019,503912
"Marshall Islands","Population, total",2019,44007
"Mauritania","Population, total",2019,4467708
"Mauritius","Population, total",2019,1265985
"Mexico","Population, total",2019,125762982
"Micronesia, Fed. Sts.","Population, total",2019,110282
"Moldova","Population, total",2019,2664224
"Monaco","Population, total",2019,38109
"Mongolia","Population, total",2019,3267673
"Montenegro","Population, total",2019,626753
"Morocco","Population, total",2019,36210898
"Mozambique","Population, total",2019,29884380
"Myanmar","Population, total",2019,52640713
"Namibia","Population, total",2019,2650494
"Nauru","Population, total",2019,11587
"Nepal","Population, total",2019,28414064
"Netherlands","Population, total",2019,17344874
"New Caledonia","Population, total",2019,283606
"New Zealand","Population, total",2019,4979200
"Nicaragua","Population, total",2019,6483657
"Niger","Population, total",2019,22947757
"Nigeria","Population, total",2019,209485641
"North Macedonia","Population, total",2019,1876262
"Northern Mariana Islands","Population, total",2019,48129
"Norway","Population, total",2019,5347896
"Oman","Population, total",2019,4591241
"Pakistan","Population, total",2019,230800899
"Palau","Population, total",2019,17798
"Panama","Population, total",2019,4234700
"Papua New Guinea","Population, total",2019,9609010
"Paraguay","Population, total",2019,6515058
"Peru","Population, total",2019,32449303
"Philippines","Population, total",2019,110804683
"Poland","Population, total",2019,37965475
"Portugal","Population, total",2019,10286263
"Puerto Rico","Population, total",2019,3302691
"Qatar","Population, total",2019,2638657
"Romania","Population, total",2019,19371648
"Russian Federation","Population, total",2019,145453291
"Rwanda","Population, total",2019,12776103
"Samoa","Population, total",2019,209780
"San Marino","Population, total",2019,34663
"Sao Tome and Principe","Population, total",2019,213392
"Saudi Arabia","Population, total",2019,30063799
"Senegal","Population, total",2019,16352922
"Serbia","Population, total",2019,6945235
"Seychelles","Population, total",2019,97625
"Sierra Leone","Population, total",2019,7731991
"Singapore","Population, total",2019,5703569
"Sint Maarten (Dutch part)","Population, total",2019,40385
"Slovak Republic","Population, total",2019,5454147
"Slovenia","Population, total",2019,2088385
"Solomon Islands","Population, total",2019,728147
"Somalia","Population, total",2019,16030971
"South Africa","Population, total",2019,59587885
"South Sudan","Population, total",2019,10423384
"Spain","Population, total",2019,47118501
"Sri Lanka","Population, total",2019,21803000
"St. Kitts and Nevis","Population, total",2019,46952
"St. Lucia","Population, total",2019,177661
"St. Martin (French part)","Population, total",2019,34267
"St. Vincent and the Grenadines","Population, total",2019,104167
"Sudan","Population, total",2019,45548175
"Suriname","Population, total",2019,605768
"Sweden","Population, total",2019,10278887
"Switzerland","Population, total",2019,8575280
"Syrian Arab Republic","Population, total",2019,20353534
"Tajikistan","Population, total",2019,9529966
"Tanzania","Population, total",2019,59174891
"Thailand","Population, total",2019,71522271
"Timor-Leste","Population, total",2019,1300945
"Togo","Population, total",2019,8463068
"Tonga","Population, total",2019,105669
"Trinidad and Tobago","Population, total",2019,1363985
"Tunisia","Population, total",2019,11875081
"Turkiye","Population, total",2019,82579440
"Turkmenistan","Population, total",2019,6803944
"Turks and Caicos Islands","Population, total",2019,43166
"Tuvalu","Population, total",2019,10581
"Uganda","Population, total",2019,42999637
"Ukraine","Population, total",2019,44957458
"United Arab Emirates","Population, total",2019,9445785
"United Kingdom","Population, total",2019,66631000
"United States","Population, total",2019,330226227
"Uruguay","Population, total",2019,3397206
"Uzbekistan","Population, total",2019,32964701
"Vanuatu","Population, total",2019,291985
"Venezuela, RB","Population, total",2019,28938098
"Viet Nam","Population, total",2019,97173776
"Virgin Islands (U.S.)","Population, total",2019,106669
"West Bank and Gaza","Population, total",2019,4685306
"Yemen, Rep.","Population, total",2019,35111408
"Zambia","Population, total",2019,18513839
"Zimbabwe","Population, total",2019,15271368
"Africa Eastern and Southern","Population, total",2020,694446100
"Africa Western and Central","Population, total",2020,474569351
"Arab World","Population, total",2020,453723239
"Caribbean small states","Population, total",2020,4459302
"Central Electricity Board (CEB)","Population, total",2020,101215763
"Early-demographic dividend","Population, total",2020,3396051187
"East Asia & Pacific","Population, total",2020,2369438682
"East Asia & Pacific (excluding high income)","Population, total",2020,2121866294
"East Asia & Pacific (IDA & IBRD)","Population, total",2020,2095759417
"Euro area","Population, total",2020,346986142
"Europe & Central Asia","Population, total",2020,923973838
"Europe & Central Asia (excluding high income)","Population, total",2020,250660609
"Europe & Central Asia (IDA & IBRD)","Population, total",2020,463151657
"European Union","Population, total",2020,446870959
"Fragile and conflict affected situations","Population, total",2020,994901090
"Heavily indebted poor countries (HIPC)","Population, total",2020,847743308
"High income","Population, total",2020,1393490142
"IBRD only","Population, total",2020,4878606096
"IDA & IBRD total","Population, total",2020,6666779721
"IDA blend","Population, total",2020,626440308
"IDA only","Population, total",2020,1161733317
"IDA total","Population, total",2020,1788173625
"Late-demographic dividend","Population, total",2020,2316461820
"Latin America & Caribbean","Population, total",2020,645497651
"Latin America & Caribbean (excluding high income)","Population, total",2020,578091505
"Latin America & Caribbean (IDA & IBRD)","Population, total",2020,630051021
"Least developed countries: UN classification","Population, total",2020,1083636132
"Low & middle income","Population, total",2020,6314223170
"Low income","Population, total",2020,560643073
"Lower middle income","Population, total",2020,2968398856
"Middle East and North Africa","Population, total",2020,756405281
"Middle East & North Africa (excluding high income)","Population, total",2020,692532027
"Middle East & North Africa (IDA & IBRD)","Population, total",2020,687728758
"Middle income","Population, total",2020,5753580097
"North America","Population, total",2020,369670740
"OECD members","Population, total",2020,1369327995
"Other small states","Population, total",2020,12417333
"Pacific island small states","Population, total",2020,2595522
"Post-demographic dividend","Population, total",2020,1117025276
"Pre-demographic dividend","Population, total",2020,998624261
"Small states","Population, total",2020,19472157
"South Asia","Population, total",2020,1621073417
"South Asia (IDA & IBRD)","Population, total",2020,1621073417
"Sub-Saharan Africa","Population, total",2020,1169015451
"Sub-Saharan Africa (excluding high income)","Population, total",2020,1049999318
"Sub-Saharan Africa (IDA & IBRD)","Population, total",2020,1169015451
"Upper middle income","Population, total",2020,2785181241
"World","Population, total",2020,7855075060
"Afghanistan","Population, total",2020,39068979
"Albania","Population, total",2020,2837849
"Algeria","Population, total",2020,44042091
"American Samoa","Population, total",2020,49761
"Andorra","Population, total",2020,77380
"Angola","Population, total",2020,33451132
"Antigua and Barbuda","Population, total",2020,91846
"Argentina","Population, total",2020,45191965
"Armenia","Population, total",2020,2961500
"Aruba","Population, total",2020,108587
"Australia","Population, total",2020,25649248
"Austria","Population, total",2020,8916864
"Azerbaijan","Population, total",2020,10093121
"Bahamas, The","Population, total",2020,395863
"Bahrain","Population, total",2020,1472204
"Bangladesh","Population, total",2020,166298024
"Barbados","Population, total",2020,281698
"Belarus","Population, total",2020,9379952
"Belgium","Population, total",2020,11538604
"Belize","Population, total",2020,390812
"Benin","Population, total",2020,13070169
"Bermuda","Population, total",2020,64382
"Bhutan","Population, total",2020,770006
"Bolivia","Population, total",2020,11816299
"Bosnia and Herzegovina","Population, total",2020,3299349
"Botswana","Population, total",2020,2365894
"Brazil","Population, total",2020,208660842
"British Virgin Islands","Population, total",2020,37135
"Brunei Darussalam","Population, total",2020,447404
"Bulgaria","Population, total",2020,6550696
"Burkina Faso","Population, total",2020,21478690
"Burundi","Population, total",2020,12617036
"Cabo Verde","Population, total",2020,514679
"Cambodia","Population, total",2020,16725474
"Cameroon","Population, total",2020,26210558
"Canada","Population, total",2020,38028638
"Cayman Islands","Population, total",2020,68684
"Central African Republic","Population, total",2020,5026628
"Chad","Population, total",2020,17224679
"Channel Islands","Population, total",2020,166235
"Chile","Population, total",2020,19370624
"China","Population, total",2020,1411100000
"Colombia","Population, total",2020,50629997
"Comoros","Population, total",2020,802163
"Congo, Dem. Rep.","Population, total",2020,95989998
"Congo, Rep.","Population, total",2020,5752791
"Costa Rica","Population, total",2020,5034320
"Cote d'Ivoire","Population, total",2020,28915449
"Croatia","Population, total",2020,3914206
"Cuba","Population, total",2020,11176354
"Curacao","Population, total",2020,154947
"Cyprus","Population, total",2020,1302247
"Czechia","Population, total",2020,10697858
"Denmark","Population, total",2020,5831404
"Djibouti","Population, total",2020,1105188
"Dominica","Population, total",2020,67573
"Dominican Republic","Population, total",2020,11008300
"Ecuador","Population, total",2020,17546065
"Egypt, Arab Rep.","Population, total",2020,109315124
"El Salvador","Population, total",2020,6234673
"Equatorial Guinea","Population, total",2020,1716468
"Eritrea","Population, total",2020,3291271
"Estonia","Population, total",2020,1329522
"Eswatini","Population, total",2020,1192729
"Ethiopia","Population, total",2020,118917671
"Faroe Islands","Population, total",2020,52567
"Fiji","Population, total",2020,914963
"Finland","Population, total",2020,5529543
"France","Population, total",2020,67601110
"French Polynesia","Population, total",2020,279209
"Gabon","Population, total",2020,2322539
"Gambia, The","Population, total",2020,2515733
"Georgia","Population, total",2020,3722716
"Germany","Population, total",2020,83160871
"Ghana","Population, total",2020,31887809
"Gibraltar","Population, total",2020,36173
"Greece","Population, total",2020,10698599
"Greenland","Population, total",2020,56367
"Grenada","Population, total",2020,116341
"Guam","Population, total",2020,162158
"Guatemala","Population, total",2020,17357325
"Guinea","Population, total",2020,13371183
"Guinea-Bissau","Population, total",2020,2013255
"Guyana","Population, total",2020,807481
"Haiti","Population, total",2020,11243848
"Honduras","Population, total",2020,10119640
"Hong Kong SAR, China","Population, total",2020,7481000
"Hungary","Population, total",2020,9670419
"Iceland","Population, total",2020,366463
"India","Population, total",2020,1402617695
"Indonesia","Population, total",2020,274814866
"Iran, Islamic Rep.","Population, total",2020,87723443
"Iraq","Population, total",2020,42116605
"Ireland","Population, total",2020,5039747
"Isle of Man","Population, total",2020,84064
"Israel","Population, total",2020,9215100
"Italy","Population, total",2020,59438851
"Jamaica","Population, total",2020,2830739
"Japan","Population, total",2020,126261000
"Jordan","Population, total",2020,10865228
"Kazakhstan","Population, total",2020,19482117
"Kenya","Population, total",2020,52217334
"Kiribati","Population, total",2020,126099
"Korea, Dem. People's Rep.","Population, total",2020,26136312
"Korea, Rep.","Population, total",2020,51836239
"Kosovo","Population, total",2020,1790151
"Kuwait","Population, total",2020,4400267
"Kyrgyz Republic","Population, total",2020,6726596
"Lao PDR","Population, total",2020,7346533
"Latvia","Population, total",2020,1900449
"Lebanon","Population, total",2020,5702398
"Lesotho","Population, total",2020,2235727
"Liberia","Population, total",2020,5149463
"Libya","Population, total",2020,7045399
"Liechtenstein","Population, total",2020,38901
"Lithuania","Population, total",2020,2810369
"Luxembourg","Population, total",2020,630419
"Macao SAR, China","Population, total",2020,685400
"Madagascar","Population, total",2020,28953556
"Malawi","Population, total",2020,19533888
"Malaysia","Population, total",2020,33889558
"Maldives","Population, total",2020,502118
"Mali","Population, total",2020,21713836
"Malta","Population, total",2020,515490
"Marshall Islands","Population, total",2020,42706
"Mauritania","Population, total",2020,4600131
"Mauritius","Population, total",2020,1266014
"Mexico","Population, total",2020,126799054
"Micronesia, Fed. Sts.","Population, total",2020,110916
"Moldova","Population, total",2020,2635130
"Monaco","Population, total",2020,38050
"Mongolia","Population, total",2020,3327204
"Montenegro","Population, total",2020,626590
"Morocco","Population, total",2020,36584208
"Mozambique","Population, total",2020,30783688
"Myanmar","Population, total",2020,53016522
"Namibia","Population, total",2020,2728762
"Nauru","Population, total",2020,11643
"Nepal","Population, total",2020,28966574
"Netherlands","Population, total",2020,17441500
"New Caledonia","Population, total",2020,284176
"New Zealand","Population, total",2020,5090200
"Nicaragua","Population, total",2020,6565267
"Niger","Population, total",2020,23717613
"Nigeria","Population, total",2020,213996181
"North Macedonia","Population, total",2020,1856124
"Northern Mariana Islands","Population, total",2020,47528
"Norway","Population, total",2020,5379475
"Oman","Population, total",2020,4522497
"Pakistan","Population, total",2020,235001746
"Palau","Population, total",2020,17792
"Panama","Population, total",2020,4293261
"Papua New Guinea","Population, total",2020,9815746
"Paraguay","Population, total",2020,6603739
"Peru","Population, total",2020,32838579
"Philippines","Population, total",2020,112081264
"Poland","Population, total",2020,37515748
"Portugal","Population, total",2020,10297081
"Puerto Rico","Population, total",2020,3281590
"Qatar","Population, total",2020,2794148
"Romania","Population, total",2020,19265250
"Russian Federation","Population, total",2020,145245148
"Rwanda","Population, total",2020,13065837
"Samoa","Population, total",2020,211944
"San Marino","Population, total",2020,34770
"Sao Tome and Principe","Population, total",2020,217435
"Saudi Arabia","Population, total",2020,31552510
"Senegal","Population, total",2020,16789219
"Serbia","Population, total",2020,6899126
"Seychelles","Population, total",2020,98462
"Sierra Leone","Population, total",2020,7912558
"Singapore","Population, total",2020,5685807
"Sint Maarten (Dutch part)","Population, total",2020,41008
"Slovak Republic","Population, total",2020,5458827
"Slovenia","Population, total",2020,2102419
"Solomon Islands","Population, total",2020,744498
"Somalia","Population, total",2020,16651191
"South Africa","Population, total",2020,60562381
"South Sudan","Population, total",2020,10698467
"Spain","Population, total",2020,47359424
"Sri Lanka","Population, total",2020,21919000
"St. Kitts and Nevis","Population, total",2020,46870
"St. Lucia","Population, total",2020,178250
"St. Martin (French part)","Population, total",2020,31786
"St. Vincent and the Grenadines","Population, total",2020,103526
"Sudan","Population, total",2020,46789231
"Suriname","Population, total",2020,612317
"Sweden","Population, total",2020,10353442
"Switzerland","Population, total",2020,8638167
"Syrian Arab Republic","Population, total",2020,21049429
"Tajikistan","Population, total",2020,9749310
"Tanzania","Population, total",2020,60972798
"Thailand","Population, total",2020,71641484
"Timor-Leste","Population, total",2020,1326053
"Togo","Population, total",2020,8669720
"Tonga","Population, total",2020,105704
"Trinidad and Tobago","Population, total",2020,1366725
"Tunisia","Population, total",2020,11974057
"Turkiye","Population, total",2020,83384680
"Turkmenistan","Population, total",2020,6949912
"Turks and Caicos Islands","Population, total",2020,44386
"Tuvalu","Population, total",2020,10399
"Uganda","Population, total",2020,44457152
"Ukraine","Population, total",2020,44680014
"United Arab Emirates","Population, total",2020,9401038
"United Kingdom","Population, total",2020,66744000
"United States","Population, total",2020,331577720
"Uruguay","Population, total",2020,3398968
"Uzbekistan","Population, total",2020,33586372
"Vanuatu","Population, total",2020,298858
"Venezuela, RB","Population, total",2020,28444077
"Viet Nam","Population, total",2020,98079191
"Virgin Islands (U.S.)","Population, total",2020,106290
"West Bank and Gaza","Population, total",2020,4803269
"Yemen, Rep.","Population, total",2020,36134863
"Zambia","Population, total",2020,19059395
"Zimbabwe","Population, total",2020,15526888
"Africa Eastern and Southern","Population, total",2021,713090928
"Africa Western and Central","Population, total",2021,485920997
"Arab World","Population, total",2021,460646603
"Caribbean small states","Population, total",2021,4479167
"Central Electricity Board (CEB)","Population, total",2021,100205732
"Early-demographic dividend","Population, total",2021,3432026092
"East Asia & Pacific","Population, total",2021,2375144416
"East Asia & Pacific (excluding high income)","Population, total",2021,2128553744
"East Asia & Pacific (IDA & IBRD)","Population, total",2021,2102350702
"Euro area","Population, total",2021,347207191
"Europe & Central Asia","Population, total",2021,924702975
"Europe & Central Asia (excluding high income)","Population, total",2021,252189631
"Europe & Central Asia (IDA & IBRD)","Population, total",2021,463426293
"European Union","Population, total",2021,446227358
"Fragile and conflict affected situations","Population, total",2021,1016906998
"Heavily indebted poor countries (HIPC)","Population, total",2021,870930036
"High income","Population, total",2021,1391839631
"IBRD only","Population, total",2021,4905534420
"IDA & IBRD total","Population, total",2021,6732972939
"IDA blend","Population, total",2021,639196319
"IDA only","Population, total",2021,1188242200
"IDA total","Population, total",2021,1827438519
"Late-demographic dividend","Population, total",2021,2320449542
"Latin America & Caribbean","Population, total",2021,649234493
"Latin America & Caribbean (excluding high income)","Population, total",2021,581884231
"Latin America & Caribbean (IDA & IBRD)","Population, total",2021,633862610
"Least developed countries: UN classification","Population, total",2021,1109175268
"Low & middle income","Population, total",2021,6378645843
"Low income","Population, total",2021,576076618
"Lower middle income","Population, total",2021,3006243027
"Middle East and North Africa","Population, total",2021,767578451
"Middle East & North Africa (excluding high income)","Population, total",2021,704458802
"Middle East & North Africa (IDA & IBRD)","Population, total",2021,699536053
"Middle income","Population, total",2021,5802569225
"North America","Population, total",2021,370404272
"OECD members","Population, total",2021,1371811773
"Other small states","Population, total",2021,12541889
"Pacific island small states","Population, total",2021,2625493
"Post-demographic dividend","Population, total",2021,1116609473
"Pre-demographic dividend","Population, total",2021,1024960313
"Small states","Population, total",2021,19646549
"South Asia","Population, total",2021,1634785356
"South Asia (IDA & IBRD)","Population, total",2021,1634785356
"Sub-Saharan Africa","Population, total",2021,1199011925
"Sub-Saharan Africa (excluding high income)","Population, total",2021,1076774079
"Sub-Saharan Africa (IDA & IBRD)","Population, total",2021,1199011925
"Upper middle income","Population, total",2021,2796326198
"World","Population, total",2021,7920861888
"Afghanistan","Population, total",2021,40000412
"Albania","Population, total",2021,2811666
"Algeria","Population, total",2021,44761099
"American Samoa","Population, total",2021,49225
"Andorra","Population, total",2021,78364
"Angola","Population, total",2021,34532429
"Antigua and Barbuda","Population, total",2021,92349
"Argentina","Population, total",2021,45312281
"Armenia","Population, total",2021,2962300
"Aruba","Population, total",2021,107700
"Australia","Population, total",2021,25685412
"Austria","Population, total",2021,8955797
"Azerbaijan","Population, total",2021,10137750
"Bahamas, The","Population, total",2021,396373
"Bahrain","Population, total",2021,1504365
"Bangladesh","Population, total",2021,167658854
"Barbados","Population, total",2021,282147
"Belarus","Population, total",2021,9302585
"Belgium","Population, total",2021,11586195
"Belize","Population, total",2021,395346
"Benin","Population, total",2021,13413417
"Bermuda","Population, total",2021,64648
"Bhutan","Population, total",2021,775442
"Bolivia","Population, total",2021,11937360
"Bosnia and Herzegovina","Population, total",2021,3244907
"Botswana","Population, total",2021,2401441
"Brazil","Population, total",2021,209550294
"British Virgin Islands","Population, total",2021,37809
"Brunei Darussalam","Population, total",2021,451721
"Bulgaria","Population, total",2021,6507301
"Burkina Faso","Population, total",2021,21995243
"Burundi","Population, total",2021,12965481
"Cabo Verde","Population, total",2021,516649
"Cambodia","Population, total",2021,16974305
"Cameroon","Population, total",2021,26915758
"Canada","Population, total",2021,38239864
"Cayman Islands","Population, total",2021,70108
"Central African Republic","Population, total",2021,5112100
"Chad","Population, total",2021,17828273
"Channel Islands","Population, total",2021,166741
"Chile","Population, total",2021,19456334
"China","Population, total",2021,1412360000
"Colombia","Population, total",2021,51188173
"Comoros","Population, total",2021,818174
"Congo, Dem. Rep.","Population, total",2021,99148932
"Congo, Rep.","Population, total",2021,5892183
"Costa Rica","Population, total",2021,5059988
"Cote d'Ivoire","Population, total",2021,29639736
"Croatia","Population, total",2021,3878981
"Cuba","Population, total",2021,11122168
"Curacao","Population, total",2021,152369
"Cyprus","Population, total",2021,1317309
"Czechia","Population, total",2021,10505772
"Denmark","Population, total",2021,5856733
"Djibouti","Population, total",2021,1121248
"Dominica","Population, total",2021,67202
"Dominican Republic","Population, total",2021,11123476
"Ecuador","Population, total",2021,17682454
"Egypt, Arab Rep.","Population, total",2021,110957008
"El Salvador","Population, total",2021,6255782
"Equatorial Guinea","Population, total",2021,1758786
"Eritrea","Population, total",2021,3350183
"Estonia","Population, total",2021,1330932
"Eswatini","Population, total",2021,1206593
"Ethiopia","Population, total",2021,122138588
"Faroe Islands","Population, total",2021,53305
"Fiji","Population, total",2021,916711
"Finland","Population, total",2021,5541017
"France","Population, total",2021,67842811
"French Polynesia","Population, total",2021,279792
"Gabon","Population, total",2021,2376722
"Gambia, The","Population, total",2021,2576010
"Georgia","Population, total",2021,3708610
"Germany","Population, total",2021,83196078
"Ghana","Population, total",2021,32518665
"Gibraltar","Population, total",2021,36858
"Greece","Population, total",2021,10569207
"Greenland","Population, total",2021,56653
"Grenada","Population, total",2021,116688
"Guam","Population, total",2021,163730
"Guatemala","Population, total",2021,17598650
"Guinea","Population, total",2021,13710513
"Guinea-Bissau","Population, total",2021,2058841
"Guyana","Population, total",2021,815482
"Haiti","Population, total",2021,11374586
"Honduras","Population, total",2021,10289877
"Hong Kong SAR, China","Population, total",2021,7413100
"Hungary","Population, total",2021,9630932
"Iceland","Population, total",2021,372520
"India","Population, total",2021,1414203896
"Indonesia","Population, total",2021,276758053
"Iran, Islamic Rep.","Population, total",2021,88455488
"Iraq","Population, total",2021,43071211
"Ireland","Population, total",2021,5110585
"Isle of Man","Population, total",2021,84106
"Israel","Population, total",2021,9371400
"Italy","Population, total",2021,59133173
"Jamaica","Population, total",2021,2837682
"Japan","Population, total",2021,125681593
"Jordan","Population, total",2021,11066356
"Kazakhstan","Population, total",2021,19743603
"Kenya","Population, total",2021,53219166
"Kiribati","Population, total",2021,128377
"Korea, Dem. People's Rep.","Population, total",2021,26232534
"Korea, Rep.","Population, total",2021,51769539
"Kosovo","Population, total",2021,1786079
"Kuwait","Population, total",2021,4360865
"Kyrgyz Republic","Population, total",2021,6851224
"Lao PDR","Population, total",2021,7453194
"Latvia","Population, total",2021,1884490
"Lebanon","Population, total",2021,5718122
"Lesotho","Population, total",2021,2261542
"Liberia","Population, total",2021,5259323
"Libya","Population, total",2021,7135175
"Liechtenstein","Population, total",2021,39182
"Lithuania","Population, total",2021,2808380
"Luxembourg","Population, total",2021,640064
"Macao SAR, China","Population, total",2021,682500
"Madagascar","Population, total",2021,29691083
"Malawi","Population, total",2021,20047258
"Malaysia","Population, total",2021,34282399
"Maldives","Population, total",2021,516154
"Mali","Population, total",2021,22388630
"Malta","Population, total",2021,518150
"Marshall Islands","Population, total",2021,41367
"Mauritania","Population, total",2021,4734874
"Mauritius","Population, total",2021,1266334
"Mexico","Population, total",2021,127648148
"Micronesia, Fed. Sts.","Population, total",2021,111624
"Moldova","Population, total",2021,2595809
"Monaco","Population, total",2021,38527
"Mongolia","Population, total",2021,3383741
"Montenegro","Population, total",2021,625053
"Morocco","Population, total",2021,36954442
"Mozambique","Population, total",2021,31707800
"Myanmar","Population, total",2021,53387102
"Namibia","Population, total",2021,2810548
"Nauru","Population, total",2021,11709
"Nepal","Population, total",2021,29475010
"Netherlands","Population, total",2021,17533044
"New Caledonia","Population, total",2021,285214
"New Zealand","Population, total",2021,5111300
"Nicaragua","Population, total",2021,6644741
"Niger","Population, total",2021,24502140
"Nigeria","Population, total",2021,218529286
"North Macedonia","Population, total",2021,1837114
"Northern Mariana Islands","Population, total",2021,46979
"Norway","Population, total",2021,5408320
"Oman","Population, total",2021,4500424
"Pakistan","Population, total",2021,239477801
"Palau","Population, total",2021,17783
"Panama","Population, total",2021,4345405
"Papua New Guinea","Population, total",2021,10012896
"Paraguay","Population, total",2021,6684182
"Peru","Population, total",2021,33155882
"Philippines","Population, total",2021,113100950
"Poland","Population, total",2021,36981559
"Portugal","Population, total",2021,10361831
"Puerto Rico","Population, total",2021,3262711
"Qatar","Population, total",2021,2504910
"Romania","Population, total",2021,19122059
"Russian Federation","Population, total",2021,144746762
"Rwanda","Population, total",2021,13355260
"Samoa","Population, total",2021,213779
"San Marino","Population, total",2021,34252
"Sao Tome and Principe","Population, total",2021,221961
"Saudi Arabia","Population, total",2021,30784383
"Senegal","Population, total",2021,17220867
"Serbia","Population, total",2021,6834326
"Seychelles","Population, total",2021,99258
"Sierra Leone","Population, total",2021,8094602
"Singapore","Population, total",2021,5453566
"Sint Maarten (Dutch part)","Population, total",2021,41571
"Slovak Republic","Population, total",2021,5447247
"Slovenia","Population, total",2021,2108079
"Solomon Islands","Population, total",2021,762591
"Somalia","Population, total",2021,17271431
"South Africa","Population, total",2021,61502603
"South Sudan","Population, total",2021,10865780
"Spain","Population, total",2021,47443821
"Sri Lanka","Population, total",2021,22156000
"St. Kitts and Nevis","Population, total",2021,46763
"St. Lucia","Population, total",2021,178522
"St. Martin (French part)","Population, total",2021,29961
"St. Vincent and the Grenadines","Population, total",2021,102841
"Sudan","Population, total",2021,48066924
"Suriname","Population, total",2021,617896
"Sweden","Population, total",2021,10415811
"Switzerland","Population, total",2021,8704546
"Syrian Arab Republic","Population, total",2021,21628839
"Tajikistan","Population, total",2021,9966908
"Tanzania","Population, total",2021,62830412
"Thailand","Population, total",2021,71727332
"Timor-Leste","Population, total",2021,1350139
"Togo","Population, total",2021,8878379
"Tonga","Population, total",2021,105490
"Trinidad and Tobago","Population, total",2021,1367558
"Tunisia","Population, total",2021,12048622
"Turkiye","Population, total",2021,84147318
"Turkmenistan","Population, total",2021,7092043
"Turks and Caicos Islands","Population, total",2021,45243
"Tuvalu","Population, total",2021,10194
"Uganda","Population, total",2021,45910930
"Ukraine","Population, total",2021,44298640
"United Arab Emirates","Population, total",2021,9575152
"United Kingdom","Population, total",2021,66984000
"United States","Population, total",2021,332099760
"Uruguay","Population, total",2021,3396695
"Uzbekistan","Population, total",2021,34243696
"Vanuatu","Population, total",2021,305868
"Venezuela, RB","Population, total",2021,28237826
"Viet Nam","Population, total",2021,98935098
"Virgin Islands (U.S.)","Population, total",2021,105870
"West Bank and Gaza","Population, total",2021,4922749
"Yemen, Rep.","Population, total",2021,37140230
"Zambia","Population, total",2021,19603607
"Zimbabwe","Population, total",2021,15797210
"Africa Eastern and Southern","Population, total",2022,731821393
"Africa Western and Central","Population, total",2022,497387180
"Arab World","Population, total",2022,471352066
"Caribbean small states","Population, total",2022,4497310
"Central Electricity Board (CEB)","Population, total",2022,100071871
"Early-demographic dividend","Population, total",2022,3470644834
"East Asia & Pacific","Population, total",2022,2379648196
"East Asia & Pacific (excluding high income)","Population, total",2022,2133560408
"East Asia & Pacific (IDA & IBRD)","Population, total",2022,2107261123
"Euro area","Population, total",2022,348700885
"Europe & Central Asia","Population, total",2022,925061269
"Europe & Central Asia (excluding high income)","Population, total",2022,250840400
"Europe & Central Asia (IDA & IBRD)","Population, total",2022,461268322
"European Union","Population, total",2022,447703403
"Fragile and conflict affected situations","Population, total",2022,1036390026
"Heavily indebted poor countries (HIPC)","Population, total",2022,893906294
"High income","Population, total",2022,1398530204
"IBRD only","Population, total",2022,4928522353
"IDA & IBRD total","Population, total",2022,6795050443
"IDA blend","Population, total",2022,651895919
"IDA only","Population, total",2022,1214632171
"IDA total","Population, total",2022,1866528090
"Late-demographic dividend","Population, total",2022,2324125644
"Latin America & Caribbean","Population, total",2022,653104795
"Latin America & Caribbean (excluding high income)","Population, total",2022,585648822
"Latin America & Caribbean (IDA & IBRD)","Population, total",2022,637837815
"Least developed countries: UN classification","Population, total",2022,1134585604
"Low & middle income","Population, total",2022,6438272260
"Low income","Population, total",2022,591481496
"Lower middle income","Population, total",2022,3043358377
"Middle East and North Africa","Population, total",2022,782349366
"Middle East & North Africa (excluding high income)","Population, total",2022,716508657
"Middle East & North Africa (IDA & IBRD)","Population, total",2022,711465045
"Middle income","Population, total",2022,5846790764
"North America","Population, total",2022,373018004
"OECD members","Population, total",2022,1379097485
"Other small states","Population, total",2022,12699005
"Pacific island small states","Population, total",2022,2656049
"Post-demographic dividend","Population, total",2022,1117926537
"Pre-demographic dividend","Population, total",2022,1051201551
"Small states","Population, total",2022,19852364
"South Asia","Population, total",2022,1648009565
"South Asia (IDA & IBRD)","Population, total",2022,1648009565
"Sub-Saharan Africa","Population, total",2022,1229208573
"Sub-Saharan Africa (excluding high income)","Population, total",2022,1103704408
"Sub-Saharan Africa (IDA & IBRD)","Population, total",2022,1229208573
"Upper middle income","Population, total",2022,2803432387
"World","Population, total",2022,7990399768
"Afghanistan","Population, total",2022,40578842
"Albania","Population, total",2022,2777689
"Algeria","Population, total",2022,45477389
"American Samoa","Population, total",2022,48342
"Andorra","Population, total",2022,79705
"Angola","Population, total",2022,35635029
"Antigua and Barbuda","Population, total",2022,92840
"Argentina","Population, total",2022,45407904
"Armenia","Population, total",2022,2969200
"Aruba","Population, total",2022,107310
"Australia","Population, total",2022,26014399
"Austria","Population, total",2022,9041851
"Azerbaijan","Population, total",2022,10141756
"Bahamas, The","Population, total",2022,397538
"Bahrain","Population, total",2022,1524693
"Bangladesh","Population, total",2022,169384897
"Barbados","Population, total",2022,282318
"Belarus","Population, total",2022,9228071
"Belgium","Population, total",2022,11680210
"Belize","Population, total",2022,402733
"Benin","Population, total",2022,13759501
"Bermuda","Population, total",2022,64749
"Bhutan","Population, total",2022,780914
"Bolivia","Population, total",2022,12077154
"Bosnia and Herzegovina","Population, total",2022,3204802
"Botswana","Population, total",2022,2439892
"Brazil","Population, total",2022,210306415
"British Virgin Islands","Population, total",2022,38319
"Brunei Darussalam","Population, total",2022,455370
"Bulgaria","Population, total",2022,6465097
"Burkina Faso","Population, total",2022,22509038
"Burundi","Population, total",2022,13321097
"Cabo Verde","Population, total",2022,519741
"Cambodia","Population, total",2022,17201724
"Cameroon","Population, total",2022,27632771
"Canada","Population, total",2022,38935934
"Cayman Islands","Population, total",2022,71591
"Central African Republic","Population, total",2022,5098039
"Chad","Population, total",2022,18455316
"Channel Islands","Population, total",2022,167215
"Chile","Population, total",2022,19553036
"China","Population, total",2022,1412175000
"Colombia","Population, total",2022,51737944
"Comoros","Population, total",2022,834188
"Congo, Dem. Rep.","Population, total",2022,102396968
"Congo, Rep.","Population, total",2022,6035104
"Costa Rica","Population, total",2022,5081765
"Cote d'Ivoire","Population, total",2022,30395002
"Croatia","Population, total",2022,3855641
"Cuba","Population, total",2022,11059820
"Curacao","Population, total",2022,149996
"Cyprus","Population, total",2022,1331370
"Czechia","Population, total",2022,10672118
"Denmark","Population, total",2022,5903037
"Djibouti","Population, total",2022,1137096
"Dominica","Population, total",2022,66826
"Dominican Republic","Population, total",2022,11230734
"Ecuador","Population, total",2022,17823897
"Egypt, Arab Rep.","Population, total",2022,112618250
"El Salvador","Population, total",2022,6280319
"Equatorial Guinea","Population, total",2022,1803545
"Eritrea","Population, total",2022,3409447
"Estonia","Population, total",2022,1348840
"Eswatini","Population, total",2022,1218917
"Ethiopia","Population, total",2022,125384287
"Faroe Islands","Population, total",2022,53927
"Fiji","Population, total",2022,919422
"Finland","Population, total",2022,5556106
"France","Population, total",2022,68065015
"French Polynesia","Population, total",2022,280378
"Gabon","Population, total",2022,2430747
"Gambia, The","Population, total",2022,2636470
"Georgia","Population, total",2022,3712502
"Germany","Population, total",2022,83797985
"Ghana","Population, total",2022,33149152
"Gibraltar","Population, total",2022,37609
"Greece","Population, total",2022,10436882
"Greenland","Population, total",2022,56661
"Grenada","Population, total",2022,116913
"Guam","Population, total",2022,165180
"Guatemala","Population, total",2022,17847877
"Guinea","Population, total",2022,14055137
"Guinea-Bissau","Population, total",2022,2105529
"Guyana","Population, total",2022,821637
"Haiti","Population, total",2022,11503606
"Honduras","Population, total",2022,10463872
"Hong Kong SAR, China","Population, total",2022,7346100
"Hungary","Population, total",2022,9605074
"Iceland","Population, total",2022,382003
"India","Population, total",2022,1425423212
"Indonesia","Population, total",2022,278830529
"Iran, Islamic Rep.","Population, total",2022,89524246
"Iraq","Population, total",2022,44070551
"Ireland","Population, total",2022,5212836
"Isle of Man","Population, total",2022,84132
"Israel","Population, total",2022,9557500
"Italy","Population, total",2022,59013667
"Jamaica","Population, total",2022,2839144
"Japan","Population, total",2022,125124989
"Jordan","Population, total",2022,11256263
"Kazakhstan","Population, total",2022,20034609
"Kenya","Population, total",2022,54252461
"Kiribati","Population, total",2022,130469
"Korea, Dem. People's Rep.","Population, total",2022,26328845
"Korea, Rep.","Population, total",2022,51672569
"Kosovo","Population, total",2022,1768096
"Kuwait","Population, total",2022,4589643
"Kyrgyz Republic","Population, total",2022,6975220
"Lao PDR","Population, total",2022,7559007
"Latvia","Population, total",2022,1879383
"Lebanon","Population, total",2022,5744489
"Lesotho","Population, total",2022,2286110
"Liberia","Population, total",2022,5373294
"Libya","Population, total",2022,7223805
"Liechtenstein","Population, total",2022,39493
"Lithuania","Population, total",2022,2831639
"Luxembourg","Population, total",2022,653103
"Macao SAR, China","Population, total",2022,677300
"Madagascar","Population, total",2022,30437261
"Malawi","Population, total",2022,20568728
"Malaysia","Population, total",2022,34695493
"Maldives","Population, total",2022,524106
"Mali","Population, total",2022,23072640
"Malta","Population, total",2022,531113
"Marshall Islands","Population, total",2022,40077
"Mauritania","Population, total",2022,4875637
"Mauritius","Population, total",2022,1262523
"Mexico","Population, total",2022,128613117
"Micronesia, Fed. Sts.","Population, total",2022,112114
"Moldova","Population, total",2022,2528654
"Monaco","Population, total",2022,38931
"Mongolia","Population, total",2022,3433748
"Montenegro","Population, total",2022,623591
"Morocco","Population, total",2022,37329064
"Mozambique","Population, total",2022,32656246
"Myanmar","Population, total",2022,53756787
"Namibia","Population, total",2022,2889662
"Nauru","Population, total",2022,11801
"Nepal","Population, total",2022,29715436
"Netherlands","Population, total",2022,17700982
"New Caledonia","Population, total",2022,287123
"New Zealand","Population, total",2022,5117100
"Nicaragua","Population, total",2022,6730654
"Niger","Population, total",2022,25311973
"Nigeria","Population, total",2022,223150896
"North Macedonia","Population, total",2022,1831712
"Northern Mariana Islands","Population, total",2022,46078
"Norway","Population, total",2022,5457127
"Oman","Population, total",2022,4730226
"Pakistan","Population, total",2022,243700667
"Palau","Population, total",2022,17759
"Panama","Population, total",2022,4400773
"Papua New Guinea","Population, total",2022,10203169
"Paraguay","Population, total",2022,6760464
"Peru","Population, total",2022,33475438
"Philippines","Population, total",2022,113964338
"Poland","Population, total",2022,36821749
"Portugal","Population, total",2022,10434332
"Puerto Rico","Population, total",2022,3220137
"Qatar","Population, total",2022,2657333
"Romania","Population, total",2022,19048502
"Russian Federation","Population, total",2022,144236933
"Rwanda","Population, total",2022,13651030
"Samoa","Population, total",2022,215261
"San Marino","Population, total",2022,33755
"Sao Tome and Principe","Population, total",2022,226305
"Saudi Arabia","Population, total",2022,32175224
"Senegal","Population, total",2022,17651103
"Serbia","Population, total",2022,6664449
"Seychelles","Population, total",2022,119878
"Sierra Leone","Population, total",2022,8276807
"Singapore","Population, total",2022,5637022
"Sint Maarten (Dutch part)","Population, total",2022,42139
"Slovak Republic","Population, total",2022,5431752
"Slovenia","Population, total",2022,2112076
"Solomon Islands","Population, total",2022,781066
"Somalia","Population, total",2022,17801897
"South Africa","Population, total",2022,62378410
"South Sudan","Population, total",2022,11021177
"Spain","Population, total",2022,47786102
"Sri Lanka","Population, total",2022,22181000
"St. Kitts and Nevis","Population, total",2022,46709
"St. Lucia","Population, total",2022,178781
"St. Martin (French part)","Population, total",2022,28870
"St. Vincent and the Grenadines","Population, total",2022,102046
"Sudan","Population, total",2022,49383346
"Suriname","Population, total",2022,623164
"Sweden","Population, total",2022,10486941
"Switzerland","Population, total",2022,8777088
"Syrian Arab Republic","Population, total",2022,22462173
"Tajikistan","Population, total",2022,10182222
"Tanzania","Population, total",2022,64711821
"Thailand","Population, total",2022,71735329
"Timor-Leste","Population, total",2022,1369295
"Togo","Population, total",2022,9089738
"Tonga","Population, total",2022,105042
"Trinidad and Tobago","Population, total",2022,1365805
"Tunisia","Population, total",2022,12119334
"Turkiye","Population, total",2022,84979913
"Turkmenistan","Population, total",2022,7230193
"Turks and Caicos Islands","Population, total",2022,45847
"Tuvalu","Population, total",2022,9992
"Uganda","Population, total",2022,47312719
"Ukraine","Population, total",2022,41048766
"United Arab Emirates","Population, total",2022,10074977
"United Kingdom","Population, total",2022,67604000
"United States","Population, total",2022,334017321
"Uruguay","Population, total",2022,3390913
"Uzbekistan","Population, total",2022,34938955
"Vanuatu","Population, total",2022,313046
"Venezuela, RB","Population, total",2022,28213017
"Viet Nam","Population, total",2022,99680655
"Virgin Islands (U.S.)","Population, total",2022,105413
"West Bank and Gaza","Population, total",2022,5043612
"Yemen, Rep.","Population, total",2022,38222876
"Zambia","Population, total",2022,20152938
"Zimbabwe","Population, total",2022,16069056
"Africa Eastern and Southern","Population, total",2023,750503764
"Africa Western and Central","Population, total",2023,509398589
"Arab World","Population, total",2023,482105978
"Caribbean small states","Population, total",2023,4519904
"Central Electricity Board (CEB)","Population, total",2023,100175859
"Early-demographic dividend","Population, total",2023,3511607650
"East Asia & Pacific","Population, total",2023,2384479340
"East Asia & Pacific (excluding high income)","Population, total",2023,2137527754
"East Asia & Pacific (IDA & IBRD)","Population, total",2023,2111139152
"Euro area","Population, total",2023,350292725
"Europe & Central Asia","Population, total",2023,925640799
"Europe & Central Asia (excluding high income)","Population, total",2023,249053262
"Europe & Central Asia (IDA & IBRD)","Population, total",2023,458932506
"European Union","Population, total",2023,449425965
"Fragile and conflict affected situations","Population, total",2023,1057033168
"Heavily indebted poor countries (HIPC)","Population, total",2023,917304254
"High income","Population, total",2023,1408764584
"IBRD only","Population, total",2023,4952554878
"IDA & IBRD total","Population, total",2023,6858864199
"IDA blend","Population, total",2023,664395892
"IDA only","Population, total",2023,1241913429
"IDA total","Population, total",2023,1906309321
"Late-demographic dividend","Population, total",2023,2326636900
"Latin America & Caribbean","Population, total",2023,657617663
"Latin America & Caribbean (excluding high income)","Population, total",2023,589889543
"Latin America & Caribbean (IDA & IBRD)","Population, total",2023,642397939
"Least developed countries: UN classification","Population, total",2023,1160824674
"Low & middle income","Population, total",2023,6499219471
"Low income","Population, total",2023,607774703
"Lower middle income","Population, total",2023,3082002881
"Middle East and North Africa","Population, total",2023,797801454
"Middle East & North Africa (excluding high income)","Population, total",2023,729077445
"Middle East & North Africa (IDA & IBRD)","Population, total",2023,723911670
"Middle income","Population, total",2023,5891444768
"North America","Population, total",2023,376954413
"OECD members","Population, total",2023,1388472514
"Other small states","Population, total",2023,12842214
"Pacific island small states","Population, total",2023,2689224
"Post-demographic dividend","Population, total",2023,1121892872
"Pre-demographic dividend","Population, total",2023,1078224044
"Small states","Population, total",2023,20051342
"South Asia","Population, total",2023,1662580579
"South Asia (IDA & IBRD)","Population, total",2023,1662580579
"Sub-Saharan Africa","Population, total",2023,1259902353
"Sub-Saharan Africa (excluding high income)","Population, total",2023,1131090888
"Sub-Saharan Africa (IDA & IBRD)","Population, total",2023,1259902353
"Upper middle income","Population, total",2023,2809441887
"World","Population, total",2023,8064976601
"Afghanistan","Population, total",2023,41454761
"Albania","Population, total",2023,2745972
"Algeria","Population, total",2023,46164219
"American Samoa","Population, total",2023,47521
"Andorra","Population, total",2023,80856
"Angola","Population, total",2023,36749906
"Antigua and Barbuda","Population, total",2023,93316
"Argentina","Population, total",2023,45538401
"Armenia","Population, total",2023,2964300
"Aruba","Population, total",2023,107359
"Australia","Population, total",2023,26652777
"Austria","Population, total",2023,9131761
"Azerbaijan","Population, total",2023,10153958
"Bahamas, The","Population, total",2023,399440
"Bahrain","Population, total",2023,1577059
"Bangladesh","Population, total",2023,171466990
"Barbados","Population, total",2023,282336
"Belarus","Population, total",2023,9178298
"Belgium","Population, total",2023,11787423
"Belize","Population, total",2023,411106
"Benin","Population, total",2023,14111034
"Bermuda","Population, total",2023,64698
"Bhutan","Population, total",2023,786385
"Bolivia","Population, total",2023,12244159
"Bosnia and Herzegovina","Population, total",2023,3185073
"Botswana","Population, total",2023,2480244
"Brazil","Population, total",2023,211140729
"British Virgin Islands","Population, total",2023,38985
"Brunei Darussalam","Population, total",2023,458949
"Bulgaria","Population, total",2023,6446596
"Burkina Faso","Population, total",2023,23025776
"Burundi","Population, total",2023,13689450
"Cabo Verde","Population, total",2023,522331
"Cambodia","Population, total",2023,17423880
"Cameroon","Population, total",2023,28372687
"Canada","Population, total",2023,40083484
"Cayman Islands","Population, total",2023,73038
"Central African Republic","Population, total",2023,5152421
"Chad","Population, total",2023,19319064
"Channel Islands","Population, total",2023,167691
"Chile","Population, total",2023,19658835
"China","Population, total",2023,1410710000
"Colombia","Population, total",2023,52321152
"Comoros","Population, total",2023,850387
"Congo, Dem. Rep.","Population, total",2023,105789731
"Congo, Rep.","Population, total",2023,6182885
"Costa Rica","Population, total",2023,5105525
"Cote d'Ivoire","Population, total",2023,31165654
"Croatia","Population, total",2023,3859686
"Cuba","Population, total",2023,11019931
"Curacao","Population, total",2023,155800
"Cyprus","Population, total",2023,1344976
"Czechia","Population, total",2023,10864042
"Denmark","Population, total",2023,5946952
"Djibouti","Population, total",2023,1152944
"Dominica","Population, total",2023,66510
"Dominican Republic","Population, total",2023,11331265
"Ecuador","Population, total",2023,17980083
"Egypt, Arab Rep.","Population, total",2023,114535772
"El Salvador","Population, total",2023,6309624
"Equatorial Guinea","Population, total",2023,1847549
"Eritrea","Population, total",2023,3470390
"Estonia","Population, total",2023,1370286
"Eswatini","Population, total",2023,1230506
"Ethiopia","Population, total",2023,128691692
"Faroe Islands","Population, total",2023,54439
"Fiji","Population, total",2023,924145
"Finland","Population, total",2023,5583911
"France","Population, total",2023,68287487
"French Polynesia","Population, total",2023,281118
"Gabon","Population, total",2023,2484789
"Gambia, The","Population, total",2023,2697845
"Georgia","Population, total",2023,3715483
"Germany","Population, total",2023,83901923
"Ghana","Population, total",2023,33787914
"Gibraltar","Population, total",2023,38471
"Greece","Population, total",2023,10405588
"Greenland","Population, total",2023,56865
"Grenada","Population, total",2023,117081
"Guam","Population, total",2023,166506
"Guatemala","Population, total",2023,18124838
"Guinea","Population, total",2023,14405468
"Guinea-Bissau","Population, total",2023,2153339
"Guyana","Population, total",2023,826353
"Haiti","Population, total",2023,11637398
"Honduras","Population, total",2023,10644851
"Hong Kong SAR, China","Population, total",2023,7536100
"Hungary","Population, total",2023,9592186
"Iceland","Population, total",2023,393349
"India","Population, total",2023,1438069596
"Indonesia","Population, total",2023,281190067
"Iran, Islamic Rep.","Population, total",2023,90608707
"Iraq","Population, total",2023,45074049
"Ireland","Population, total",2023,5307600
"Isle of Man","Population, total",2023,84165
"Israel","Population, total",2023,9849000
"Italy","Population, total",2023,58993475
"Jamaica","Population, total",2023,2839786
"Japan","Population, total",2023,124516650
"Jordan","Population, total",2023,11439213
"Kazakhstan","Population, total",2023,20330104
"Kenya","Population, total",2023,55339003
"Kiribati","Population, total",2023,132530
"Korea, Dem. People's Rep.","Population, total",2023,26418204
"Korea, Rep.","Population, total",2023,51712619
"Kosovo","Population, total",2023,1682668
"Kuwait","Population, total",2023,4853420
"Kyrgyz Republic","Population, total",2023,7099750
"Lao PDR","Population, total",2023,7664993
"Latvia","Population, total",2023,1877445
"Lebanon","Population, total",2023,5773493
"Lesotho","Population, total",2023,2311472
"Liberia","Population, total",2023,5493031
"Libya","Population, total",2023,7305659
"Liechtenstein","Population, total",2023,39850
"Lithuania","Population, total",2023,2871585
"Luxembourg","Population, total",2023,666430
"Macao SAR, China","Population, total",2023,678800
"Madagascar","Population, total",2023,31195932
"Malawi","Population, total",2023,21104482
"Malaysia","Population, total",2023,35126298
"Maldives","Population, total",2023,525994
"Mali","Population, total",2023,23769127
"Malta","Population, total",2023,552747
"Marshall Islands","Population, total",2023,38827
"Mauritania","Population, total",2023,5022441
"Mauritius","Population, total",2023,1261041
"Mexico","Population, total",2023,129739759
"Micronesia, Fed. Sts.","Population, total",2023,112630
"Moldova","Population, total",2023,2457783
"Monaco","Population, total",2023,38956
"Mongolia","Population, total",2023,3481145
"Montenegro","Population, total",2023,623529
"Morocco","Population, total",2023,37712505
"Mozambique","Population, total",2023,33635160
"Myanmar","Population, total",2023,54133798
"Namibia","Population, total",2023,2963095
"Nauru","Population, total",2023,11875
"Nepal","Population, total",2023,29694614
"Netherlands","Population, total",2023,17877117
"New Caledonia","Population, total",2023,289870
"New Zealand","Population, total",2023,5245000
"Nicaragua","Population, total",2023,6823613
"Niger","Population, total",2023,26159867
"Nigeria","Population, total",2023,227882945
"North Macedonia","Population, total",2023,1827816
"Northern Mariana Islands","Population, total",2023,45143
"Norway","Population, total",2023,5519594
"Oman","Population, total",2023,5049269
"Pakistan","Population, total",2023,247504495
"Palau","Population, total",2023,17727
"Panama","Population, total",2023,4458759
"Papua New Guinea","Population, total",2023,10389635
"Paraguay","Population, total",2023,6844146
"Peru","Population, total",2023,33845617
"Philippines","Population, total",2023,114891199
"Poland","Population, total",2023,36687353
"Portugal","Population, total",2023,10578174
"Puerto Rico","Population, total",2023,3203792
"Qatar","Population, total",2023,2656032
"Romania","Population, total",2023,19059479
"Russian Federation","Population, total",2023,143826130
"Rwanda","Population, total",2023,13954471
"Samoa","Population, total",2023,216663
"San Marino","Population, total",2023,33860
"Sao Tome and Principe","Population, total",2023,230871
"Saudi Arabia","Population, total",2023,33702731
"Senegal","Population, total",2023,18077573
"Serbia","Population, total",2023,6623183
"Seychelles","Population, total",2023,119773
"Sierra Leone","Population, total",2023,8460512
"Singapore","Population, total",2023,5917648
"Sint Maarten (Dutch part)","Population, total",2023,42749
"Slovak Republic","Population, total",2023,5426740
"Slovenia","Population, total",2023,2120461
"Solomon Islands","Population, total",2023,800005
"Somalia","Population, total",2023,18358615
"South Africa","Population, total",2023,63212384
"South Sudan","Population, total",2023,11483374
"Spain","Population, total",2023,48347910
"Sri Lanka","Population, total",2023,22037000
"St. Kitts and Nevis","Population, total",2023,46758
"St. Lucia","Population, total",2023,179285
"St. Martin (French part)","Population, total",2023,27515
"St. Vincent and the Grenadines","Population, total",2023,101323
"Sudan","Population, total",2023,50042791
"Suriname","Population, total",2023,628886
"Sweden","Population, total",2023,10536632
"Switzerland","Population, total",2023,8888093
"Syrian Arab Republic","Population, total",2023,23594623
"Tajikistan","Population, total",2023,10389799
"Tanzania","Population, total",2023,66617606
"Thailand","Population, total",2023,71702435
"Timor-Leste","Population, total",2023,1384286
"Togo","Population, total",2023,9304337
"Tonga","Population, total",2023,104597
"Trinidad and Tobago","Population, total",2023,1367510
"Tunisia","Population, total",2023,12200431
"Turkiye","Population, total",2023,85325965
"Turkmenistan","Population, total",2023,7364438
"Turks and Caicos Islands","Population, total",2023,46198
"Tuvalu","Population, total",2023,9816
"Uganda","Population, total",2023,48656601
"Ukraine","Population, total",2023,37732836
"United Arab Emirates","Population, total",2023,10483751
"United Kingdom","Population, total",2023,68492000
"United States","Population, total",2023,336806231
"Uruguay","Population, total",2023,3388081
"Uzbekistan","Population, total",2023,35652307
"Vanuatu","Population, total",2023,320409
"Venezuela, RB","Population, total",2023,28300854
"Viet Nam","Population, total",2023,100352192
"Virgin Islands (U.S.)","Population, total",2023,104917
"West Bank and Gaza","Population, total",2023,5165775
"Yemen, Rep.","Population, total",2023,39390799
"Zambia","Population, total",2023,20723965
"Zimbabwe","Population, total",2023,16340822
"Africa Eastern and Southern","Population, total",2024,769294618
"Africa Western and Central","Population, total",2024,521764076
"Arab World","Population, total",2024,492579811
"Caribbean small states","Population, total",2024,4539060
"Central Electricity Board (CEB)","Population, total",2024,100050066
"Early-demographic dividend","Population, total",2024,3552278604
"East Asia & Pacific","Population, total",2024,2388378491
"East Asia & Pacific (excluding high income)","Population, total",2024,2141122258
"East Asia & Pacific (IDA & IBRD)","Population, total",2024,2114653077
"Euro area","Population, total",2024,351125804
"Europe & Central Asia","Population, total",2024,928465742
"Europe & Central Asia (excluding high income)","Population, total",2024,250485944
"Europe & Central Asia (IDA & IBRD)","Population, total",2024,459954508
"European Union","Population, total",2024,450185396
"Fragile and conflict affected situations","Population, total",2024,1081767572
"Heavily indebted poor countries (HIPC)","Population, total",2024,941413026
"High income","Population, total",2024,1417871275
"IBRD only","Population, total",2024,4979720059
"IDA & IBRD total","Population, total",2024,6926456321
"IDA blend","Population, total",2024,676957651
"IDA only","Population, total",2024,1269778611
"IDA total","Population, total",2024,1946736262
"Late-demographic dividend","Population, total",2024,2328890789
"Latin America & Caribbean","Population, total",2024,662185950
"Latin America & Caribbean (excluding high income)","Population, total",2024,594158638
"Latin America & Caribbean (IDA & IBRD)","Population, total",2024,647003746
"Least developed countries: UN classification","Population, total",2024,1187777591
"Low & middle income","Population, total",2024,6563719861
"Low income","Population, total",2024,624608098
"Lower middle income","Population, total",2024,3120983658
"Middle East and North Africa","Population, total",2024,813118814
"Middle East & North Africa (excluding high income)","Population, total",2024,741690916
"Middle East & North Africa (IDA & IBRD)","Population, total",2024,736401764
"Middle income","Population, total",2024,5939111763
"North America","Population, total",2024,381464223
"OECD members","Population, total",2024,1396914190
"Other small states","Population, total",2024,12969162
"Pacific island small states","Population, total",2024,2722467
"Post-demographic dividend","Population, total",2024,1128430188
"Pre-demographic dividend","Population, total",2024,1105951788
"Small states","Population, total",2024,20230689
"South Asia","Population, total",2024,1677384532
"South Asia (IDA & IBRD)","Population, total",2024,1677384532
"Sub-Saharan Africa","Population, total",2024,1291058694
"Sub-Saharan Africa (excluding high income)","Population, total",2024,1158877573
"Sub-Saharan Africa (IDA & IBRD)","Population, total",2024,1291058694
"Upper middle income","Population, total",2024,2818128105
"World","Population, total",2024,8142056446
"Afghanistan","Population, total",2024,42647492
"Albania","Population, total",2024,2714617
"Algeria","Population, total",2024,46814308
"American Samoa","Population, total",2024,46765
"Andorra","Population, total",2024,81938
"Angola","Population, total",2024,37885849
"Antigua and Barbuda","Population, total",2024,93772
"Argentina","Population, total",2024,45696159
"Armenia","Population, total",2024,3033500
"Aruba","Population, total",2024,107624
"Australia","Population, total",2024,27204809
"Austria","Population, total",2024,9178482
"Azerbaijan","Population, total",2024,10202850
"Bahamas, The","Population, total",2024,401283
"Bahrain","Population, total",2024,1588670
"Bangladesh","Population, total",2024,173562364
"Barbados","Population, total",2024,282467
"Belarus","Population, total",2024,9133712
"Belgium","Population, total",2024,11876844
"Belize","Population, total",2024,417072
"Benin","Population, total",2024,14462724
"Bermuda","Population, total",2024,64636
"Bhutan","Population, total",2024,791524
"Bolivia","Population, total",2024,12413315
"Bosnia and Herzegovina","Population, total",2024,3164253
"Botswana","Population, total",2024,2521139
"Brazil","Population, total",2024,211998573
"British Virgin Islands","Population, total",2024,39471
"Brunei Darussalam","Population, total",2024,462721
"Bulgaria","Population, total",2024,6444366
"Burkina Faso","Population, total",2024,23548781
"Burundi","Population, total",2024,14047786
"Cabo Verde","Population, total",2024,524877
"Cambodia","Population, total",2024,17638801
"Cameroon","Population, total",2024,29123744
"Canada","Population, total",2024,41288599
"Cayman Islands","Population, total",2024,74457
"Central African Republic","Population, total",2024,5330690
"Chad","Population, total",2024,20299123
"Channel Islands","Population, total",2024,168126
"Chile","Population, total",2024,19764771
"China","Population, total",2024,1408975000
"Colombia","Population, total",2024,52886363
"Comoros","Population, total",2024,866628
"Congo, Dem. Rep.","Population, total",2024,109276265
"Congo, Rep.","Population, total",2024,6332961
"Costa Rica","Population, total",2024,5129910
"Cote d'Ivoire","Population, total",2024,31934230
"Croatia","Population, total",2024,3866300
"Cuba","Population, total",2024,10979783
"Curacao","Population, total",2024,155900
"Cyprus","Population, total",2024,1358282
"Czechia","Population, total",2024,10882164
"Denmark","Population, total",2024,5976992
"Djibouti","Population, total",2024,1168722
"Dominica","Population, total",2024,66205
"Dominican Republic","Population, total",2024,11427557
"Ecuador","Population, total",2024,18135478
"Egypt, Arab Rep.","Population, total",2024,116538258
"El Salvador","Population, total",2024,6338193
"Equatorial Guinea","Population, total",2024,1892516
"Eritrea","Population, total",2024,3535603
"Estonia","Population, total",2024,1371986
"Eswatini","Population, total",2024,1242822
"Ethiopia","Population, total",2024,132059767
"Faroe Islands","Population, total",2024,54719
"Fiji","Population, total",2024,928784
"Finland","Population, total",2024,5637214
"France","Population, total",2024,68516699
"French Polynesia","Population, total",2024,281807
"Gabon","Population, total",2024,2538952
"Gambia, The","Population, total",2024,2759988
"Georgia","Population, total",2024,3673850
"Germany","Population, total",2024,83510950
"Ghana","Population, total",2024,34427414
"Gibraltar","Population, total",2024,39329
"Greece","Population, total",2024,10388805
"Greenland","Population, total",2024,56836
"Grenada","Population, total",2024,117207
"Guam","Population, total",2024,167777
"Guatemala","Population, total",2024,18406359
"Guinea","Population, total",2024,14754785
"Guinea-Bissau","Population, total",2024,2201352
"Guyana","Population, total",2024,831087
"Haiti","Population, total",2024,11772557
"Honduras","Population, total",2024,10825703
"Hong Kong SAR, China","Population, total",2024,7524100
"Hungary","Population, total",2024,9562314
"Iceland","Population, total",2024,404610
"India","Population, total",2024,1450935791
"Indonesia","Population, total",2024,283487931
"Iran, Islamic Rep.","Population, total",2024,91567738
"Iraq","Population, total",2024,46042015
"Ireland","Population, total",2024,5380257
"Isle of Man","Population, total",2024,84160
"Israel","Population, total",2024,9974400
"Italy","Population, total",2024,58986023
"Jamaica","Population, total",2024,2839175
"Japan","Population, total",2024,123975371
"Jordan","Population, total",2024,11552876
"Kazakhstan","Population, total",2024,20592571
"Kenya","Population, total",2024,56432944
"Kiribati","Population, total",2024,134518
"Korea, Dem. People's Rep.","Population, total",2024,26498823
"Korea, Rep.","Population, total",2024,51751065
"Kosovo","Population, total",2024,1527324
"Kuwait","Population, total",2024,4973861
"Kyrgyz Republic","Population, total",2024,7224614
"Lao PDR","Population, total",2024,7769819
"Latvia","Population, total",2024,1862441
"Lebanon","Population, total",2024,5805962
"Lesotho","Population, total",2024,2337423
"Liberia","Population, total",2024,5612817
"Libya","Population, total",2024,7381023
"Liechtenstein","Population, total",2024,40197
"Lithuania","Population, total",2024,2888055
"Luxembourg","Population, total",2024,677717
"Macao SAR, China","Population, total",2024,687000
"Madagascar","Population, total",2024,31964956
"Malawi","Population, total",2024,21655286
"Malaysia","Population, total",2024,35557673
"Maldives","Population, total",2024,527799
"Mali","Population, total",2024,24478595
"Malta","Population, total",2024,574346
"Marshall Islands","Population, total",2024,37548
"Mauritania","Population, total",2024,5169395
"Mauritius","Population, total",2024,1259509
"Mexico","Population, total",2024,130861007
"Micronesia, Fed. Sts.","Population, total",2024,113160
"Moldova","Population, total",2024,2389275
"Monaco","Population, total",2024,38631
"Mongolia","Population, total",2024,3524788
"Montenegro","Population, total",2024,623831
"Morocco","Population, total",2024,38081173
"Mozambique","Population, total",2024,34631766
"Myanmar","Population, total",2024,54500091
"Namibia","Population, total",2024,3030131
"Nauru","Population, total",2024,11947
"Nepal","Population, total",2024,29651054
"Netherlands","Population, total",2024,17994237
"New Caledonia","Population, total",2024,292639
"New Zealand","Population, total",2024,5338500
"Nicaragua","Population, total",2024,6916140
"Niger","Population, total",2024,27032412
"Nigeria","Population, total",2024,232679478
"North Macedonia","Population, total",2024,1792179
"Northern Mariana Islands","Population, total",2024,44278
"Norway","Population, total",2024,5572272
"Oman","Population, total",2024,5281538
"Pakistan","Population, total",2024,251269164
"Palau","Population, total",2024,17695
"Panama","Population, total",2024,4515577
"Papua New Guinea","Population, total",2024,10576502
"Paraguay","Population, total",2024,6929153
"Peru","Population, total",2024,34217848
"Philippines","Population, total",2024,115843670
"Poland","Population, total",2024,36554707
"Portugal","Population, total",2024,10701636
"Puerto Rico","Population, total",2024,3203295
"Qatar","Population, total",2024,2857822
"Romania","Population, total",2024,19069340
"Russian Federation","Population, total",2024,143533851
"Rwanda","Population, total",2024,14256567
"Samoa","Population, total",2024,218019
"San Marino","Population, total",2024,33977
"Sao Tome and Principe","Population, total",2024,235536
"Saudi Arabia","Population, total",2024,35300280
"Senegal","Population, total",2024,18501984
"Serbia","Population, total",2024,6587202
"Seychelles","Population, total",2024,121354
"Sierra Leone","Population, total",2024,8642022
"Singapore","Population, total",2024,6036860
"Sint Maarten (Dutch part)","Population, total",2024,43350
"Slovak Republic","Population, total",2024,5422069
"Slovenia","Population, total",2024,2126324
"Solomon Islands","Population, total",2024,819198
"Somalia","Population, total",2024,19009151
"South Africa","Population, total",2024,64007187
"South Sudan","Population, total",2024,11943408
"Spain","Population, total",2024,48807137
"Sri Lanka","Population, total",2024,21916000
"St. Kitts and Nevis","Population, total",2024,46843
"St. Lucia","Population, total",2024,179744
"St. Martin (French part)","Population, total",2024,26129
"St. Vincent and the Grenadines","Population, total",2024,100616
"Sudan","Population, total",2024,50448963
"Suriname","Population, total",2024,634431
"Sweden","Population, total",2024,10569709
"Switzerland","Population, total",2024,9034102
"Syrian Arab Republic","Population, total",2024,24672760
"Tajikistan","Population, total",2024,10590927
"Tanzania","Population, total",2024,68560157
"Thailand","Population, total",2024,71668011
"Timor-Leste","Population, total",2024,1400638
"Togo","Population, total",2024,9515236
"Tonga","Population, total",2024,104175
"Trinidad and Tobago","Population, total",2024,1368333
"Tunisia","Population, total",2024,12277109
"Turkiye","Population, total",2024,85518661
"Turkmenistan","Population, total",2024,7494498
"Turks and Caicos Islands","Population, total",2024,46535
"Tuvalu","Population, total",2024,9646
"Uganda","Population, total",2024,50015092
"Ukraine","Population, total",2024,37860221
"United Arab Emirates","Population, total",2024,10876981
"United Kingdom","Population, total",2024,69226000
"United States","Population, total",2024,340110988
"Uruguay","Population, total",2024,3386588
"Uzbekistan","Population, total",2024,36361859
"Vanuatu","Population, total",2024,327777
"Venezuela, RB","Population, total",2024,28405543
"Viet Nam","Population, total",2024,100987686
"Virgin Islands (U.S.)","Population, total",2024,104377
"West Bank and Gaza","Population, total",2024,5289152
"Yemen, Rep.","Population, total",2024,40583164
"Zambia","Population, total",2024,21314956
"Zimbabwe","Population, total",2024,16634373
