"REF_AREA_LABEL","INDICATOR_LABEL","TIME_PERIOD","Sector: Local government_Percentage of GDP","Sector: Central government (incl. social security funds)_Domestic currency","Sector: Central government (excl. social security)_Domestic currency","Sector: Budgetary central government_Percentage of expenditure","Sector: Local government_Domestic currency","Sector: Budgetary central government_Domestic currency","Sector: Extrabudgetary central government_Domestic currency","Sector: Central government (incl. social security funds)_Percentage of expenditure","Sector: Central government (incl. social security funds)_Percentage of GDP","Sector: General government_Percentage of expenditure","Sector: Local government_Percentage of expenditure","Sector: Extrabudgetary central government_Percentage of expenditure","Sector: Budgetary central government_Percentage of GDP","Sector: Central government (excl. social security)_Percentage of GDP","Sector: Social security funds_Percentage of expenditure","Sector: General government_Domestic currency","Sector: Social security funds_Percentage of GDP","Sector: General government_Percentage of GDP","Sector: Central government (excl. social security)_Percentage of expenditure","Sector: Extrabudgetary central government_Percentage of GDP","Sector: Social security funds_Domestic currency","Sector: State governments_Percentage of expenditure","Sector: State governments_Domestic currency","Sector: State governments_Percentage of GDP"
"Albania","Government expenditure on health",2012,0.0066303474919227,3.7414e+10,31018090000,10.0418224602005,88370000,31018090000,NA,10.2439438028206,2.80714972346721,9.86364261045901,0.176313603182064,NA,2.32726847613142,2.32726847613142,14.667889390412,37414780000,1.15891526436984,2.80720824639404,10.0418224602005,NA,15446150000,NA,NA,NA
"Afghanistan","Government expenditure on health",2009,0,13496776748.4542,13496776748.4542,4.25776118410865,0,5565743621.77,7931033126.68422,3.01105148425388,2.22269035976789,2.99976620035497,0,2.4924710600052,0.91658363501231,2.22269035976789,NA,13496776748.4542,NA,2.22269035976789,3.01105148425388,1.30610672475558,NA,NA,NA,NA
"Albania","Government expenditure on health",1997,0.559885679843998,3933978000,NA,5.09395611158053,1855037000,3933978000,NA,4.04059010118499,1.18734987335634,NA,9.32215186552891,NA,1.18734987335634,NA,0,NA,0,NA,NA,NA,0,NA,NA,NA
"Afghanistan","Government expenditure on health",2006,0,4.797e+09,4.797e+09,4.223653871303,0,3289747459.74,1507205100,4.34043620162276,1.3871497492116,4.31095810530298,0,4.37792738974408,0.951297136491105,1.3871497492116,NA,4.797e+09,NA,1.3871497492116,4.34043620162276,0.435838894408055,NA,NA,NA,NA
"Afghanistan","Government expenditure on health",2008,0,11971639261.17,11971639261.17,4.59438586243517,0,5017288453.31,6954350807.86,2.57302582445237,2.31331858424625,2.56499195802473,0,1.9417984652842,0.969506879413926,2.31331858424625,NA,11971639261.17,NA,2.31331858424625,2.57302582445237,1.34381170483233,NA,NA,NA,NA
"Afghanistan","Government expenditure on health",2014,0,24836096649.0178,24836096649.0178,4.27228273700331,0,12897525083.9,11938571565.1178,3.53929806239456,2.09934704917945,3.53929806239456,0,2.99523001606207,1.09020276451832,2.09934704917945,NA,24836096649.0178,NA,2.09934704917945,3.54579440437681,1.00914428466113,NA,NA,NA,NA
"Afghanistan","Government expenditure on health",2005,NA,NA,NA,4.2357985778084,NA,2202688343.61,NA,NA,NA,NA,NA,NA,0.722367320516705,NA,NA,NA,NA,NA,NA,NA,NA,NA,NA,NA
"Albania","Government expenditure on health",1996,0.535502059024753,3809690000,NA,5.94333929899707,1790500000,3809690000,0,4.57748623025759,1.13940063627256,NA,8.7152215567026,NA,1.13940063627256,NA,0,NA,0,NA,NA,0,0,NA,NA,NA
"Angola","Government expenditure on health",1999,NA,NA,NA,3.85426702231139,NA,249675892.4,NA,NA,NA,NA,NA,NA,1.18882064795217,NA,NA,NA,NA,NA,NA,NA,NA,NA,NA,NA
"Angola","Government expenditure on health",2005,NA,NA,NA,4.99832203877745,NA,38233614788,NA,NA,NA,NA,NA,NA,1.18651267111725,NA,NA,NA,NA,NA,NA,NA,NA,NA,NA,NA
"Afghanistan","Government expenditure on health",2012,0,22601422591.5674,22601422591.5674,3.4824213708791,0,8195889547.45,14405533044.1174,3.25511347105745,2.18668832425038,3.24378014947284,0,3.13803364540086,0.792952563390468,2.18668832425038,NA,22601422591.5674,NA,2.18668832425038,3.25511347105745,1.39373576085991,NA,NA,NA,NA
"Albania","Government expenditure on health",1998,0.568433426663685,5216530000,NA,4.62128403151041,2187607000,5216530000,0,3.80187575519621,1.35547656557778,NA,8.51116154573342,NA,1.35547656557778,NA,0,NA,0,NA,NA,0,0,NA,NA,NA
"Albania","Government expenditure on health",1995,0.584091707814136,3.908e+09,NA,5.72449756840687,1.562e+09,3.908e+09,NA,5.72449756840687,1.46135108459516,NA,8.94770006301197,NA,1.46135108459516,NA,NA,NA,NA,NA,NA,NA,NA,NA,NA,NA
"Albania","Government expenditure on health",2013,0.0032687614412406,37776300000,30833620000,9.60568659667146,44130000,30833620000,NA,9.96711584996824,2.79813534631179,9.62522538173046,0.0791658399669631,NA,2.2838828042118,2.2838828042118,14.5738835232365,37787090000,1.20808919340142,2.79893457440948,9.60568659667146,NA,16309840000,NA,NA,NA
"Afghanistan","Government expenditure on health",2007,0,10159071893.65,10159071893.65,3.80321410721353,0,3749526143.65,6409545750,6.19894602039277,2.37641843648056,6.15589888485298,0,9.8128560098028,0.877092233337304,2.37641843648056,NA,10159071893.65,NA,2.37641843648056,6.19894602039277,1.49932620314326,NA,NA,NA,NA
"Afghanistan","Government expenditure on health",2010,0,18239785821.1387,18239785821.1387,4.13442304726162,0,6350641796.17,11889144024.9687,3.05283223979741,2.56263397230629,3.04431778828851,0,2.67685565970326,0.892245696983599,2.56263397230629,NA,18239785821.1387,NA,2.56263397230629,3.05283223979741,1.67038827532269,NA,NA,NA,NA
"Angola","Government expenditure on health",2007,NA,NA,NA,5.84516394179659,NA,91930400411,NA,NA,NA,NA,NA,NA,1.83628143963598,NA,NA,NA,NA,NA,NA,NA,NA,NA,NA,NA
"Angola","Government expenditure on health",2013,NA,NA,NA,6.0421245734925,NA,3.17507e+11,NA,NA,NA,NA,NA,NA,2.40626687751595,NA,NA,NA,NA,NA,NA,NA,NA,NA,NA,NA
"Afghanistan","Government expenditure on health",2013,0,20321862458,20321862458,3.71542568056404,0,10281288789,10040573669,2.75161906269379,1.81960688289477,2.73507253711256,0,2.17402313535119,0.920580182262209,1.81960688289477,NA,20321862458,NA,1.81960688289477,2.75161906269379,0.899026700632556,NA,NA,NA,NA
"Angola","Government expenditure on health",2011,NA,NA,NA,4.95863570799167,NA,1.76699e+11,NA,NA,NA,NA,NA,NA,1.68269668274444,NA,NA,NA,NA,NA,NA,NA,NA,NA,NA,NA
"Angola","Government expenditure on health",2000,NA,NA,NA,7.32943031272232,NA,1780329728,NA,NA,NA,NA,NA,NA,1.58791410442156,NA,NA,NA,NA,NA,NA,NA,NA,NA,NA,NA
"Albania","Government expenditure on health",2008,NA,NA,NA,NA,NA,NA,NA,NA,NA,7.60096205034124,NA,NA,NA,NA,NA,26713168930.9025,NA,2.47189450228981,NA,NA,NA,NA,NA,NA
"Afghanistan","Government expenditure on health",2004,NA,NA,NA,4.98816043789973,NA,2256489103.11,NA,NA,NA,NA,NA,NA,0.916488085222705,NA,NA,NA,NA,NA,NA,NA,NA,NA,NA,NA
"Angola","Government expenditure on health",2012,NA,NA,NA,5.76716770139268,NA,2.13098e+11,NA,NA,NA,NA,NA,NA,1.74314007774984,NA,NA,NA,NA,NA,NA,NA,NA,NA,NA,NA
"Albania","Government expenditure on health",2011,0.0066298941643897,35177800000,28931960000,9.27862979348029,86230000,28931960000,NA,9.61811797094233,2.70468619895709,9.27542251930438,0.166847903904276,NA,2.22446750282219,2.22446750282219,14.1471866542845,35191760000,1.08085420014921,2.70575952984581,9.27862979348029,NA,14057850000,NA,NA,NA
"Angola","Government expenditure on health",2002,NA,NA,NA,5.51718291794615,NA,9270853488,NA,NA,NA,NA,NA,NA,1.39330600957581,NA,NA,NA,NA,NA,NA,NA,NA,NA,NA,NA
"Afghanistan","Government expenditure on health",2003,NA,NA,NA,3.96441801163765,NA,1211033216.97,NA,NA,NA,NA,NA,NA,0.550437296787896,NA,NA,NA,NA,NA,NA,NA,NA,NA,NA,NA
"Angola","Government expenditure on health",2003,NA,NA,NA,4.04924468748781,NA,21808705485,NA,NA,NA,NA,NA,NA,1.64106016152094,NA,NA,NA,NA,NA,NA,NA,NA,NA,NA,NA
"Afghanistan","Government expenditure on health",2011,0,31198533301.2667,31198533301.2667,3.63936494966189,0,7136983384.6,24061549916.6667,3.88495251563407,3.73088912285056,3.87748324249504,0,3.9625399461029,0.853479021672094,3.73088912285056,NA,31198533301.2667,NA,3.73088912285056,3.88495251563407,2.87741010117847,NA,NA,NA,NA
"Angola","Government expenditure on health",2010,NA,NA,NA,4.45222225179563,NA,1.17093e+11,NA,NA,NA,NA,NA,NA,1.52036224419104,NA,NA,NA,NA,NA,NA,NA,NA,NA,NA,NA
"Albania","Government expenditure on health",2006,NA,NA,NA,NA,NA,NA,NA,NA,NA,8.24125759007432,NA,NA,NA,NA,NA,21317393385.3099,NA,2.44259608822985,NA,NA,NA,NA,NA,NA
"Albania","Government expenditure on health",2010,NA,NA,NA,NA,NA,NA,NA,NA,NA,8.86554279664468,NA,NA,NA,NA,NA,3.2658e+10,NA,2.63446478144812,NA,NA,NA,NA,NA,NA
"Angola","Government expenditure on health",2008,NA,NA,NA,5.07995695272367,NA,1.20841e+11,NA,NA,NA,NA,NA,NA,1.81897604198222,NA,NA,NA,NA,NA,NA,NA,NA,NA,NA,NA
"Albania","Government expenditure on health",2004,NA,NA,1.5954e+10,NA,NA,NA,NA,NA,NA,NA,NA,NA,NA,2.16279807505936,NA,NA,NA,NA,9.27029220857042,NA,NA,NA,NA,NA
"Angola","Government expenditure on health",2001,NA,NA,NA,8.0066238646517,NA,5482763517,NA,NA,NA,NA,NA,NA,2.2741777729751,NA,NA,NA,NA,NA,NA,NA,NA,NA,NA,NA
"Angola","Government expenditure on health",2004,NA,NA,NA,7.18943148203207,NA,25389980539,NA,NA,NA,NA,NA,NA,1.2904223012679,NA,NA,NA,NA,NA,NA,NA,NA,NA,NA,NA
"Albania","Government expenditure on health",2014,0.0008206093317414,38288800000,30419470000,9.11454816596785,11450000,30419470000,NA,9.65668196500494,2.74411760534329,9.37606589851103,0.0192772236487929,NA,2.18013108721642,2.18013108721642,13.8462633173976,38300060000,1.18401671182013,2.74492459757695,9.11454816596785,NA,16520640000,NA,NA,NA
"Albania","Government expenditure on health",2002,NA,NA,1.1149e+10,NA,NA,NA,NA,NA,NA,NA,NA,NA,NA,1.82622515219383,NA,NA,NA,NA,6.73444196821602,NA,NA,NA,NA,NA
"Albania","Government expenditure on health",2003,NA,NA,1.2731e+10,NA,NA,NA,NA,NA,NA,NA,NA,NA,NA,1.87845582361959,NA,NA,NA,NA,8.14556706096731,NA,NA,NA,NA,NA
"Albania","Government expenditure on health",2007,NA,NA,NA,NA,NA,NA,NA,NA,NA,8.43992796887516,NA,NA,NA,NA,NA,24103963745.8474,NA,2.4964547619474,NA,NA,NA,NA,NA,NA
"Albania","Government expenditure on health",2005,NA,NA,NA,NA,NA,NA,NA,NA,NA,9.31341061107304,NA,NA,NA,NA,NA,21612824315.57,NA,2.68761664801206,NA,NA,NA,NA,NA,NA
"Algeria","Government expenditure on health",1995,NA,NA,NA,5.72044762886104,NA,3.5808e+10,NA,NA,NA,NA,NA,NA,1.78594406954648,NA,NA,NA,NA,NA,NA,NA,NA,NA,NA,NA
"Algeria","Government expenditure on health",2008,NA,NA,NA,4.27543345490851,NA,1.79e+11,NA,NA,NA,NA,NA,NA,1.62083308337307,NA,NA,NA,NA,NA,NA,NA,NA,NA,NA,NA
"Algeria","Government expenditure on health",2007,NA,NA,NA,4.0032488708943,NA,1.3012e+11,NA,NA,NA,NA,NA,NA,1.39122827845362,NA,NA,NA,NA,NA,NA,NA,NA,NA,NA,NA
"Algeria","Government expenditure on health",1996,NA,NA,NA,6.33663947963242,NA,4.7462e+10,NA,NA,NA,NA,NA,NA,1.84677042801556,NA,NA,NA,NA,NA,NA,NA,NA,NA,NA,NA
"Angola","Government expenditure on health",2009,NA,NA,NA,5.27430094611965,NA,1.00121e+11,NA,NA,NA,NA,NA,NA,1.79513866261558,NA,NA,NA,NA,NA,NA,NA,NA,NA,NA,NA
"Algeria","Government expenditure on health",1999,NA,NA,NA,4.47549189856938,NA,4.304e+10,NA,NA,NA,NA,NA,NA,1.32504258130856,NA,NA,NA,NA,NA,NA,NA,NA,NA,NA,NA
"Algeria","Government expenditure on health",2009,NA,NA,NA,5.49378330255727,NA,230093360941.1,NA,NA,NA,NA,NA,NA,2.30831438402948,NA,NA,NA,NA,NA,NA,NA,NA,NA,NA,NA
"Algeria","Government expenditure on health",1997,NA,NA,NA,5.31721648385766,NA,4.5898e+10,NA,NA,NA,NA,NA,NA,1.65088842529314,NA,NA,NA,NA,NA,NA,NA,NA,NA,NA,NA
"Algeria","Government expenditure on health",1998,NA,NA,NA,4.54359118413134,NA,3.979e+10,NA,NA,NA,NA,NA,NA,1.40576331870654,NA,NA,NA,NA,NA,NA,NA,NA,NA,NA,NA
"Algeria","Government expenditure on health",2006,NA,NA,NA,3.82803856488067,NA,9.688e+10,NA,NA,NA,NA,NA,NA,1.1395454003429,NA,NA,NA,NA,NA,NA,NA,NA,NA,NA,NA
"Angola","Government expenditure on health",2006,NA,NA,NA,6.18851329938357,NA,69571885363,NA,NA,NA,NA,NA,NA,1.65263227144432,NA,NA,NA,NA,NA,NA,NA,NA,NA,NA,NA
"Algeria","Government expenditure on health",1994,NA,NA,NA,5.84511350698707,NA,2.8853e+10,NA,NA,NA,NA,NA,NA,1.93982788758908,NA,NA,NA,NA,NA,NA,NA,NA,NA,NA,NA
"Angola","Government expenditure on health",2014,NA,NA,NA,4.6716281497782,NA,276184842038.77,NA,NA,NA,NA,NA,NA,1.92814549514045,NA,NA,NA,NA,NA,NA,NA,NA,NA,NA,NA
"Albania","Government expenditure on health",2015,0.003173659164386,39260400000,31956160000,9.46775350734129,45520000,31956160000,NA,9.58565980371181,2.73723919722013,9.24666518805152,0.0775894895559297,NA,2.2279868199162,2.2279868199162,13.8490603483075,39305950000,1.20268853830971,2.74041494798765,9.46775350734129,NA,17250240000,NA,NA,NA
"Afghanistan","Government expenditure on health",2015,0,18477608454.3883,18477608454.3883,4.65523208450258,0,14685293655.49,3792314798.89827,2.72108057033441,1.50644573786368,2.72108057033441,0,1.0518432391711,1.19726522462031,1.50644573786368,NA,18477608454.3883,NA,1.50644573786368,2.73347949815989,0.309180513243361,NA,NA,NA,NA
"Albania","Government expenditure on health",2016,0.0037854526332064,41794010000,31967310000,9.54836809227803,55740000,31967310000,NA,10.1972143317355,2.83834311458119,9.82697287648183,0.0825099607019297,NA,2.17098560846835,2.17098560846835,14.5348658935061,41812440000,1.31986250969819,2.839594745224,9.54836809227803,NA,19434700000,NA,NA,NA
"Angola","Government expenditure on health",2016,NA,NA,NA,5.58286029477755,NA,197155806713.04,NA,NA,NA,NA,NA,NA,1.19130503832963,NA,NA,NA,NA,NA,NA,NA,NA,NA,NA,NA
"Afghanistan","Government expenditure on health",2016,0,24785514944.1176,24785514944.1176,4.60187539742592,0,16025722894.66,8759792049.45762,3.96043182439541,1.87985759076096,3.92739628011947,0,2.40040324629262,1.21547108861292,1.87985759076096,NA,24785514944.1176,NA,1.87985759076096,3.96043182439541,0.664386502148047,NA,NA,NA,NA
"Albania","Government expenditure on health",2017,0.0034237355143227,45335660000,32114550000,9.18230873839229,53090000,32114550000,NA,10.4651502872733,2.92366376355735,10.0049680967446,0.0656798645379083,NA,2.07104398872655,2.07104398872655,15.9905925697612,45351750000,1.46173127851248,2.92470139596318,9.18230873839229,NA,22666270000,NA,NA,NA
"Angola","Government expenditure on health",2015,NA,NA,NA,5.56174317257087,NA,193198505016.98,NA,NA,NA,NA,NA,NA,1.3849066453317,NA,NA,NA,NA,NA,NA,NA,NA,NA,NA,NA
"Afghanistan","Government expenditure on health",2017,0,27623771288.4288,27623771288.4288,5.43322518241213,0,18744778545.09,8878992743.33883,4.49877385332064,2.0053039823787,4.46452404191074,0,2.78877023415549,1.36074754865282,2.0053039823787,NA,27623771288.4288,NA,2.0053039823787,4.49877385332064,0.644556433725876,NA,NA,NA,NA
"Albania","Government expenditure on health",2018,0.0012133952901359,48983830000,36625010000,10.2489780407485,19860000,36625010000,NA,10.9761163325375,2.99278693931614,10.4176484295228,0.0237574642818607,NA,2.23769459391646,2.23769459391646,15.8849927683009,49003690000,1.44646494175663,2.99400033460628,10.2489797615656,NA,23674720000,NA,NA,NA
"Albania","Government expenditure on health",2020,0.0017924877427496,51560800000,38398460000,9.30902945645355,29530000,38398460000,NA,10.2834451248401,3.12976979364606,9.65527971048495,0.0294944621225885,NA,2.33080829293817,2.33080829293817,15.3629364882833,51590330000,1.47809522616324,3.1315622813888,9.30902945645355,NA,24350600000,NA,NA,NA
"Angola","Government expenditure on health",2017,NA,NA,NA,4.49059584372155,NA,210577365475.21,NA,NA,NA,NA,NA,NA,1.03925807044492,NA,NA,NA,NA,NA,NA,NA,NA,NA,NA,NA
"Albania","Government expenditure on health",2021,0.0037755119593947,63499450000,49319890000,10.9770522632845,70080000,49319890000,NA,11.4699538427446,3.42098933918364,10.7035264789182,0.0617241978232356,NA,2.65707526442685,2.65707526442685,15.1873069216769,63569530000,1.42807446880559,3.42476485114303,10.9770522632845,NA,26507520000,NA,NA,NA
"Albania","Government expenditure on health",2022,0.0026263373118088,77516880000,48128960000,10.0097739349879,56160000,48128960000,NA,11.5310943446006,3.62509747576576,9.92489977315146,0.046949279145483,NA,2.25076359377766,2.25076359377766,15.2724316008819,63791420000,1.37433388198811,2.98322269443137,10.0306793696896,NA,29387920000,NA,NA,NA
"Albania","Government expenditure on health",2023,0.0036206143467684,77725950000,46443750000,9.26701329361849,83730000,46443750000,NA,11.0866699403977,3.3609899640058,9.63437814523854,0.0679423678641445,NA,2.00829938573661,2.00829938573661,15.5230580099747,64680600000,1.35269057826919,2.79688890860612,9.28851407174258,NA,31282200000,NA,NA,NA
"Albania","Government expenditure on health",2019,0.0015515069819823,51155570000,37560910000,10.4070879336083,26250000,37560910000,NA,11.1501837293855,3.02355139132526,10.4785396085417,0.0305386778462659,NA,2.22003863293759,2.22003863293759,16.0416550447127,51181820000,1.48207335047442,3.02510289830725,10.4070879336083,NA,25075250000,NA,NA,NA
"Angola","Government expenditure on health",2018,NA,NA,NA,4.94044825986944,NA,255630372494.65,NA,NA,NA,NA,NA,NA,0.954628593008889,NA,NA,NA,NA,NA,NA,NA,NA,NA,NA,NA
"Angola","Government expenditure on health",2019,NA,NA,NA,5.68067201537421,NA,346435494423.32,NA,NA,NA,NA,NA,NA,1.05977420029071,NA,NA,NA,NA,NA,NA,NA,NA,NA,NA,NA
"Australia","Government expenditure on health",1997,NA,1.9405e+10,NA,NA,NA,NA,NA,13.8748864912017,3.38594149414156,NA,NA,NA,NA,NA,NA,NA,NA,NA,NA,NA,NA,NA,NA,NA
"Austria","Government expenditure on health",2014,1.89854841464451,NA,4142330000,NA,6324940000,NA,NA,NA,NA,15.1211344259799,22.3583729454405,NA,NA,1.24339741632875,28.2195216489999,26381190000,4.85803375756162,7.91880499276444,3.50888888644177,NA,16184350000,28.8106616331669,8938260000,2.68298503269286
"Austria","Government expenditure on health",2008,1.6815897500663,NA,3546530000,NA,4939870000,NA,NA,NA,NA,15.0752493631396,20.8818899368623,NA,NA,1.20728045400033,29.8595776675962,22069250000,4.6653224941696,7.51263182870209,3.5707219986128,NA,13704940000,26.5861854368073,6971940000,2.3733302378559
"Austria","Government expenditure on health",2003,1.7142185562564,NA,2634270000,NA,3974630000,NA,NA,NA,NA,14.4674209443621,20.7662546989658,NA,NA,1.13613456251011,28.9094914239275,17177030000,4.66397110356353,7.4082829263033,3.29358555561932,NA,1.0814e+10,25.2838817746493,5299580000,2.28565636961561
"Australia","Government expenditure on health",2000,0.0385801907462865,2.2837e+10,2.2837e+10,NA,2.65e+08,NA,NA,14.4228522347621,3.32473892857715,16.4421829351174,1.67902173224355,NA,NA,3.32473892857715,NA,3.7257e+10,NA,5.42408364767696,14.4228522347621,NA,NA,22.3458701589145,2.0783e+10,3.02570605388706
"Australia","Government expenditure on health",2003,0.0286731442271202,2.9215e+10,2.9215e+10,14.058514989654,2.38e+08,2.9215e+10,NA,14.058514989654,3.51968869157696,17.0644399968436,1.27225102902657,NA,3.51968869157696,3.51968869157696,NA,4.7576e+10,NA,5.73173743592215,14.058514989654,NA,NA,25.0013926283539,2.6929e+10,3.24428193652151
"Australia","Government expenditure on health",2001,0.0358980331440237,2.5311e+10,2.5311e+10,13.7329904290644,2.62e+08,2.5311e+10,NA,13.7329904290644,3.46799662942132,16.1307006480925,1.58365570599613,NA,3.46799662942132,3.46799662942132,NA,4.0545e+10,NA,5.55528913673451,13.7329904290644,NA,NA,22.5965356737139,2.2477e+10,3.07969500373367
"Australia","Government expenditure on health",2010,0.0225019533454614,5.1717e+10,5.1717e+10,14.5144858593428,3.07e+08,5.1717e+10,NA,14.5144858593428,3.79066293539814,17.8617103950753,0.930810745254988,NA,3.79066293539814,3.79066293539814,NA,8.7569e+10,NA,6.41848062706421,14.5144858593428,NA,NA,24.4210923422864,4.9198e+10,3.6060296439414
"Australia","Government expenditure on health",1999,0.0409083855920979,2.2261e+10,2.2261e+10,NA,2.61e+08,NA,NA,14.5734860883797,3.48912479565399,16.4688723908875,1.78877390172024,NA,NA,3.48912479565399,NA,3.6247e+10,NA,5.68125000979607,14.5734860883797,NA,NA,22.2550982246959,2.0233e+10,3.17126193749011
"Australia","Government expenditure on health",2012,0.0262673848178476,6.2072e+10,6.2072e+10,15.5746527995584,3.98e+08,6.2072e+10,NA,15.5746527995584,4.09665605631516,18.9759465495122,1.11829165495926,NA,4.09665605631516,4.09665605631516,NA,1.03836e+11,NA,6.85301550237693,15.5746527995584,NA,NA,27.3032005408051,5.8564e+10,3.86513347857393
"Australia","Government expenditure on health",2013,0.0260750707023311,6.1362e+10,6.1362e+10,15.4012579626627,4.09e+08,6.1362e+10,NA,15.4012579626627,3.91202564409887,18.8902889951052,1.09023057443689,NA,3.91202564409887,3.91202564409887,NA,1.05088e+11,NA,6.69969933977156,15.4012579626627,NA,NA,27.9049685999261,6.0431e+10,3.85267138780579
"Australia","Government expenditure on health",2002,0.034145318382714,2.7668e+10,2.7668e+10,13.8418206286552,2.67e+08,2.7668e+10,NA,13.8418206286552,3.53832460304469,16.7264508439127,1.51998178298987,NA,3.53832460304469,3.53832460304469,NA,4.4625e+10,NA,5.70687203306597,13.8418206286552,NA,NA,23.8293685246281,2.4702e+10,3.15901743329514
"Austria","Government expenditure on health",2009,1.80318569274635,NA,3624990000,NA,5193970000,NA,NA,NA,NA,14.5039516099097,20.7711275660129,NA,NA,1.25848437791297,29.0840086967114,22584280000,4.84099483377719,7.84056330263317,3.43532827424173,NA,13944200000,26.1516240915557,7186380000,2.4948888034853
"Australia","Government expenditure on health",2011,0.0230277388872424,5.6262e+10,5.6262e+10,14.9703450826586,3.38e+08,5.6262e+10,NA,14.9703450826586,3.83309658365099,18.4132658513129,1.00553340869876,NA,3.83309658365099,3.83309658365099,NA,9.4774e+10,NA,6.45689622869679,14.9703450826586,NA,NA,25.9294253760123,5.3788e+10,3.66454443570117
"Austria","Government expenditure on health",2005,1.71515890977074,NA,2979040000,NA,4357790000,NA,NA,NA,NA,14.5484291157285,21.4925356939765,NA,NA,1.17250418183607,29.6755374680395,18888790000,4.67085309455869,7.43433631801633,3.37006416384785,NA,11867470000,25.7180100825242,5772860000,2.27210862934173
"Australia","Government expenditure on health",2009,0.0248270605471916,4.924e+10,4.924e+10,14.4977461363389,3.14e+08,4.924e+10,NA,14.4977461363389,3.89326261574431,17.6107050264894,1.0140808681049,NA,3.89326261574431,3.89326261574431,NA,8.1241e+10,NA,6.42348798061908,14.4977461363389,NA,NA,25.896277434765,4.5969e+10,3.63463422386576
"Austria","Government expenditure on health",1998,1.72348286142974,NA,2099220000,NA,3.384e+09,NA,NA,NA,NA,13.6823963024772,19.9903238326129,NA,NA,1.06913998001493,28.2013478164655,14015720000,4.55630502387105,7.13825449485756,3.02550671566158,NA,8946150000,24.9973150160299,4375720000,2.22856927494543
"Austria","Government expenditure on health",2001,1.60255299852624,NA,2339880000,NA,3534030000,NA,NA,NA,NA,13.7520862629643,19.7229545561089,NA,NA,1.06104976760005,28.8977759777652,15542480000,4.6138986509466,7.04794467747421,3.03824213356823,NA,10174800000,24.7104347480341,4847530000,2.19817707742886
"Armenia","Government expenditure on health",2013,0.0037618197160608,64953502880,64953502880,5.63092417489605,171374896,64355272480,3440189900,5.59962198177036,1.42578273401957,5.4833096521036,0.166173486710181,2.08797508549342,1.41265108541763,1.42578273401957,NA,65124877776,NA,1.42954455373563,5.59962198177036,0.075514993706041,NA,NA,NA,NA
"Australia","Government expenditure on health",2007,0.02605249887621,3.9875e+10,3.9875e+10,14.7849462365591,2.95e+08,3.9875e+10,NA,14.7849462365591,3.52150302606398,17.965562473343,1.15392137688246,NA,3.52150302606398,3.52150302606398,NA,6.6974e+10,NA,5.91471206689928,14.7849462365591,NA,NA,25.7631066374273,3.7829e+10,3.34081349148525
"Austria","Government expenditure on health",2010,1.84319792792482,NA,3938190000,NA,5453960000,NA,NA,NA,NA,14.9026515083364,21.4397355825173,NA,NA,1.33093452239735,28.6200580458959,23275210000,4.78634428378021,7.86599440480222,3.78868981536175,NA,14162630000,26.0115529715099,7398890000,2.50049848494373
"Austria","Government expenditure on health",2000,1.65384089615292,NA,2209330000,NA,3532710000,NA,NA,NA,NA,13.9768236350569,19.6769660339777,NA,NA,1.03429953409636,28.6811886579589,15216020000,4.63566634707574,7.12339143396453,3.02809678758559,NA,9902080000,24.5183969609282,4677990000,2.19000460660355
"Armenia","Government expenditure on health",2010,0.0103519946967269,NA,NA,5.88178013616065,358200000,56130800000,NA,NA,NA,NA,0.439691965220876,NA,1.62218242301239,NA,NA,NA,NA,NA,NA,NA,NA,NA,NA,NA
"Austria","Government expenditure on health",1995,1.67148821574398,NA,1887900000,NA,2951480000,NA,NA,NA,NA,11.9665333602215,15.9868529383726,NA,NA,1.06915940562127,27.6323926135114,11778940000,4.5095149142831,6.67067349396077,2.90044642815991,NA,7962810000,21.6704329560123,3131020000,1.77316567730722
"Austria","Government expenditure on health",2004,1.74296250479166,NA,2869780000,NA,4224040000,NA,NA,NA,NA,14.003161167797,21.4295897013127,NA,NA,1.18415520141878,29.505924288783,18207130000,4.71213951160375,7.51279460181895,3.19588276380638,NA,11419790000,25.759509532738,5550350000,2.29023682031192
"Austria","Government expenditure on health",1996,1.66385816212047,NA,1910940000,NA,3037220000,NA,NA,NA,NA,12.1155638948188,16.1376312183428,NA,NA,1.04685637402707,27.2191487997766,12291620000,4.44279306324942,6.73362886543721,2.82916084395437,NA,8109910000,21.9643935239166,3336130000,1.82760785533974
"Austria","Government expenditure on health",2006,1.65009610774821,NA,3014500000,NA,4419360000,NA,NA,NA,NA,14.5615925787601,21.0054912123017,NA,NA,1.12555092067788,29.6539602423629,19627160000,4.62251385609377,7.32836888647935,3.31788143832169,NA,12380220000,25.7694485335749,6144390000,2.29418604130169
"Australia","Government expenditure on health",1995,NA,1.7426e+10,NA,NA,NA,NA,NA,13.6826897407309,3.4086819085176,NA,NA,NA,NA,NA,NA,NA,NA,NA,NA,NA,NA,NA,NA,NA
"Australia","Government expenditure on health",2006,0.0260805880547057,3.7388e+10,3.7388e+10,14.826917509706,2.71e+08,3.7388e+10,NA,14.826917509706,3.59815876822634,18.066372686655,1.16514037576852,NA,3.59815876822634,3.59815876822634,NA,6.2028e+10,NA,5.96947127622615,14.826917509706,NA,NA,25.8423278607819,3.4645e+10,3.33417702271321
"Australia","Government expenditure on health",2008,0.0252575337475461,4.4329e+10,4.4329e+10,15.2367367281352,3.12e+08,4.4329e+10,NA,15.2367367281352,3.5885936329967,18.343682928894,1.13256860752142,NA,3.5885936329967,3.5885936329967,NA,7.3673e+10,NA,5.96409706340693,15.2367367281352,NA,NA,26.187512572923,4.1657e+10,3.37228552346643
"Australia","Government expenditure on health",2005,0.0280236768932329,3.5672e+10,3.5672e+10,14.9735762887593,2.7e+08,3.5672e+10,NA,14.9735762887593,3.70244667457557,18.0196459002502,1.2452725763306,NA,3.70244667457557,3.70244667457557,NA,5.784e+10,NA,6.00329433890589,14.9735762887593,NA,NA,25.8159730692296,3.1749e+10,3.29527302845649
"Armenia","Government expenditure on health",2011,0.0047380248143329,NA,NA,6.41782148980621,1.79e+08,63312400000,NA,NA,NA,NA,0.20086944739048,NA,1.6758420237708,NA,NA,NA,NA,NA,NA,NA,NA,NA,NA,NA
"Australia","Government expenditure on health",2004,0.0293033738025601,3.174e+10,3.174e+10,14.3001959856728,2.62e+08,3.174e+10,NA,14.3001959856728,3.54995833776053,17.1706743378739,1.30276962856148,NA,3.54995833776053,3.54995833776053,NA,5.1392e+10,NA,5.74793506282889,14.3001959856728,NA,NA,24.7665053562585,2.8506e+10,3.18825180769381
"Austria","Government expenditure on health",2007,1.65222305953278,NA,3156930000,NA,4691950000,NA,NA,NA,NA,14.9640713182989,21.256791757786,NA,NA,1.11168118657079,30.0268935321238,20902780000,4.62994316461134,7.36070399819704,3.3616064511904,NA,13148020000,26.5423036519402,6508640000,2.29195219347978
"Austria","Government expenditure on health",1999,1.72408616898847,NA,2152080000,NA,3514560000,NA,NA,NA,NA,13.9678212645862,19.7429999073114,NA,NA,1.05571433196665,28.697241807831,14808990000,4.69437911882526,7.26462909601443,3.0198816452467,NA,9569520000,24.6232247312305,4500340000,2.20766581015705
"Austria","Government expenditure on health",2002,1.72589358604505,NA,2407810000,NA,3913210000,NA,NA,NA,NA,14.3310232122304,20.8490260942487,NA,NA,1.06194756617077,29.1173492232976,16561700000,4.66052264468744,7.30442061734542,3.07476220430853,NA,10567050000,25.1152627110331,5197360000,2.29225885867794
"Australia","Government expenditure on health",2014,0.0265243441422101,6.3757e+10,6.3757e+10,15.0057780612545,4.28e+08,6.3757e+10,NA,15.0057780612545,3.951197685689,18.5596332004325,1.12041884816754,NA,3.951197685689,3.951197685689,NA,1.08322e+11,NA,6.71301403311329,15.0057780612545,NA,NA,28.0637038845265,6.208e+10,3.84726935595422
"Armenia","Government expenditure on health",2012,0.007078467033739,NA,NA,6.41078421628069,3.02e+08,64498900000,NA,NA,NA,NA,0.309909801356537,NA,1.5117660177564,NA,NA,NA,NA,NA,NA,NA,NA,NA,NA,NA
"Austria","Government expenditure on health",2012,1.82374814492625,NA,4286530000,NA,5811430000,NA,NA,NA,NA,15.0172128412573,22.1011626686463,NA,NA,1.34520266710099,28.4741885309793,24488150000,4.77009638381048,7.68489307023845,3.89561939687709,NA,15200060000,27.6485240810517,8119390000,2.54803421024305
"Austria","Government expenditure on health",1997,1.63816116462259,NA,1835580000,NA,3091600000,NA,NA,NA,NA,13.3872513799724,18.9689658980746,NA,NA,0.972627723689328,27.8447150721765,13193740000,4.51049629140575,6.99103133785988,2.73800636180234,NA,8512380000,26.3682807398687,4349970000,2.30493981151291
"Austria","Government expenditure on health",2011,1.81801678400509,NA,3992960000,NA,5638190000,NA,NA,NA,NA,15.0478244006921,22.153848934545,NA,NA,1.2875175008045,28.6352796678867,23729450000,4.69850894112958,7.65148715726315,3.7533509544257,NA,14571420000,26.3265150155372,7509670000,2.42146967419322
"Australia","Government expenditure on health",1998,NA,2.0865e+10,NA,NA,NA,NA,NA,14.8107923933644,3.4433193169141,NA,NA,NA,NA,NA,NA,NA,NA,NA,NA,NA,NA,NA,NA,NA
"Australia","Government expenditure on health",1996,NA,1.8562e+10,NA,NA,NA,NA,NA,13.7364019832754,3.42200206109164,NA,NA,NA,NA,NA,NA,NA,NA,NA,NA,NA,NA,NA,NA,NA
"Armenia","Government expenditure on health",2014,NA,NA,NA,6.20583751348815,NA,76645411960,NA,NA,NA,NA,NA,NA,1.58731297884866,NA,NA,NA,NA,NA,NA,NA,NA,NA,NA,NA
"Austria","Government expenditure on health",2013,1.88906987183485,NA,4212310000,NA,6118890000,NA,NA,NA,NA,15.0736219916321,22.3833522516726,NA,NA,1.30045611407112,28.2177956937239,25194810000,4.82704774347952,7.77833177220106,3.74035665920515,NA,15635300000,27.6712959788689,8313780000,2.5666928673441
"Austria","Government expenditure on health",1990,NA,6472969339.33126,NA,0.766182298546895,NA,210751219.086793,728908526.703633,12.8764113165541,4.70676767742223,NA,NA,25.3154972236245,0.153246056635506,NA,27.8279302657067,NA,4.02350163869911,NA,NA,0.530019982087628,5533309593.54084,19.1351109119427,1861878011.38057,1.35384964517299
"Austria","Government expenditure on health",1993,NA,8392985618.04612,NA,0.695220864757181,NA,248541092.85408,1128609114.62686,13.1839404559413,5.216276634866,NA,NA,33.8565511227382,0.154469357444295,NA,28.5460835624944,NA,4.36037186189249,NA,NA,0.701435415529213,7015835410.56518,19.8115362649915,2521020617.28305,1.56682514904755
"Austria","Government expenditure on health",1991,NA,7088508244.73304,NA,0.640023098577994,NA,193309738.886507,940386474.132105,13.0120996251384,4.80776764128841,NA,NA,30.5260674687427,0.131111973814099,NA,28.0991735537189,NA,4.03884027606287,NA,NA,0.637815391411442,5954812031.71442,20.3296703296703,2178004840.01076,1.47722776511599
"Austria","Government expenditure on health",1992,NA,7887909420.57949,NA,0.674117041051714,NA,218745230.845258,1128609114.62686,13.4805504496001,5.06407028133576,NA,NA,34.6651785714286,0.140435337634242,NA,28.6761191652063,NA,4.19906325152219,NA,NA,0.724571692179328,6540555075.10737,19.1604477611941,2239050020.71176,1.4374793197711
"Austria","Government expenditure on health",1994,NA,9006344338.42285,NA,0.64742113859535,NA,239093624.412258,1260873672.81237,13.5126589179405,5.33155882105551,NA,NA,39.0941865705274,0.141538195120411,NA,28.3304533859952,NA,4.44361099513293,NA,NA,0.746409630802174,7506377041.19823,20.1755336439485,2706336344.4111,1.60209191072466
"Australia","Government expenditure on health",1990,0.0409755062885351,1.1887e+10,1.1887e+10,NA,1.7e+08,NA,NA,12.8503940412743,2.86515201912833,NA,1.78533921445075,NA,NA,2.86515201912833,NA,NA,NA,NA,12.8503940412743,NA,NA,19.7885975863504,1.1888e+10,2.86539305151826
"Australia","Government expenditure on health",1993,0.0420163445780217,1.4892e+10,1.4892e+10,NA,1.91e+08,NA,NA,12.9227084580741,3.2759549919157,NA,1.77377414561664,NA,NA,3.2759549919157,NA,NA,NA,NA,12.9227084580741,NA,NA,18.6025642768766,1.3682e+10,3.00977814930101
"Australia","Government expenditure on health",1991,0.0434590524485935,1.2944e+10,1.2944e+10,NA,1.81e+08,NA,NA,12.8923018695033,3.1079225132298,NA,1.79438881728958,NA,NA,3.1079225132298,NA,NA,NA,NA,12.8923018695033,NA,NA,19.5530292441256,1.259e+10,3.02292525042979
"Australia","Government expenditure on health",1994,0.0436877423789736,1.6272e+10,1.6272e+10,NA,2.11e+08,NA,NA,13.3858721135891,3.36913243597468,NA,1.92570959204162,NA,NA,3.36913243597468,NA,NA,NA,NA,13.3858721135891,NA,NA,18.5946399979001,1.4168e+10,2.93349731765544
"Australia","Government expenditure on health",1992,0.0448432566374954,1.3847e+10,1.3847e+10,NA,1.94e+08,NA,NA,12.8204653402094,3.20074523020309,NA,1.93535514764565,NA,NA,3.20074523020309,NA,NA,NA,NA,12.8204653402094,NA,NA,18.6810823212263,1.3028e+10,3.01143271893449
"Australia","Government expenditure on health",2015,0.0267329415757055,6.5762e+10,6.5762e+10,14.9317578567585,4.38e+08,6.5762e+10,NA,14.9317578567585,4.01372535137339,18.5536086622526,1.12732607520655,NA,4.01372535137339,4.01372535137339,NA,1.11584e+11,NA,6.81043048580713,14.9317578567585,NA,NA,28.1811351086881,6.451e+10,3.93731064166384
"Austria","Government expenditure on health",2015,1.94781236665599,NA,4938960000,NA,6705720000,NA,NA,NA,NA,16.0644047277607,22.8355468892334,NA,NA,1.43462109459078,28.6734776762708,28234960000,4.91150677681687,8.20141673974415,4.19496564372605,NA,16908810000,29.8686028274424,9396310000,2.72934879758375
"Argentina","Government expenditure on health",2000,NA,904400000,NA,2.95048432705613,NA,735600000,168800000,1.87538750889067,0.284618261735822,NA,NA,6.95680844048797,0.231496233229623,NA,0,NA,0,NA,NA,0.0531220285061994,0,12.0453950438811,4232800000,1.3320789233474
"Argentina","Government expenditure on health",2001,NA,818700000,NA,2.78378738204996,NA,669100000,149600000,1.77926430126876,0.272517498980389,NA,NA,6.22866183695562,0.222720726234003,NA,0,NA,0,NA,NA,0.0497967727463861,0,11.4049219643997,4056400000,1.35023816155375
"Argentina","Government expenditure on health",1998,NA,1046800000,NA,3.53496773729712,NA,786700000,260100000,2.27910055213976,0.313184099175364,NA,NA,8.54467805519054,0.235366766164748,NA,0,NA,0,NA,NA,0.0778173330106153,0,13.6159173667801,4576800000,1.36929784591689
"Argentina","Government expenditure on health",2003,NA,4364182147.14,3696519413.2,2.63740470475853,NA,1537219413.2,2159300000,5.79208864329678,1.03836870308903,NA,NA,26.9541879915117,0.365750208087398,0.879511885530101,3.06377083153416,NA,0.158856817558929,NA,6.61603130233277,0.513761677442703,667662733.94,11.6707473764213,4707279246.80578,1.1200017051962
"Argentina","Government expenditure on health",1995,NA,1097100000,NA,3.73431003986828,NA,656600000,440500000,2.69925156109299,0.380281415526598,NA,NA,15.9641938172725,0.227593453135324,NA,0,NA,0,NA,NA,0.152687962391274,0,14.4088335457451,4137900000,1.43429629870341
"Argentina","Government expenditure on health",2015,NA,107938414320,103889276961,4.05776700626185,NA,40997220961,62892056000,7.09554792858461,1.81271671397898,NA,NA,40.79348882221,0.688506942879221,1.74471553928972,2.45508364883549,NA,0.260688705079035,NA,9.20033093764239,1.0562085964105,15522737359,NA,NA,NA
"Argentina","Government expenditure on health",1992,NA,542400000,NA,2.3734285323859,NA,277900000,264500000,1.98887491428844,0.214052799772249,NA,NA,7.15309516726614,0.109670488673872,NA,0,NA,0,NA,NA,0.104382311098377,0,10.3470228097741,2291700000,0.904396757444807
"Argentina","Government expenditure on health",1994,NA,960300000,NA,3.94549841853489,NA,652400000,307900000,2.4524037540701,0.33362835163518,NA,NA,10.6051734233458,0.226657436849726,NA,0,NA,0,NA,NA,0.106970914785455,0,14.7310987158769,4238800000,1.47264798178819
"Argentina","Government expenditure on health",1993,NA,585100000,NA,2.16090740515153,NA,319300000,265800000,1.69040533903447,0.221269643778942,NA,NA,9.37896965419901,0.120750978052668,NA,0,NA,0,NA,NA,0.100518665726274,0,14.81578828795,3945800000,1.49219921453247
"Argentina","Government expenditure on health",2002,NA,3277700000,2.945e+09,2.29340685728007,NA,1069700000,1875300000,5.29928845933095,0.937864374916842,NA,NA,36.7352935414993,0.306078506833617,0.842667292348323,1.72410219205058,NA,0.0951970825685186,NA,6.64968682120132,0.536588785514707,332700000,11.788680818125,3959700000,1.13300837946066
"Argentina","Government expenditure on health",2014,NA,76785500000,75026500000,3.65926740577391,NA,29047100000,47319400000,6.64188636821492,1.67687378820329,NA,NA,41.1319245847205,0.634342689873996,1.63846001225015,2.42051911520731,NA,0.232721093487551,NA,8.5290698196557,1.03338080149907,10656500000,NA,NA,NA
"Argentina","Government expenditure on health",2004,NA,4423672032.57,3706468708.52,3.18042007871828,NA,1932268708.52,2509100000,5.29839149105023,0.911880684134372,NA,NA,33.868768813358,0.398311289553941,0.764038833973929,2.81399579061687,NA,0.147841850160444,NA,6.02870349769033,0.517217327079355,717203324.05,11.2091565308372,5754293985.09762,1.18617056083895
"Argentina","Government expenditure on health",1999,NA,1045500000,NA,3.4615652973359,NA,843400000,202100000,2.17555965257634,0.329812988464511,NA,NA,6.79008197822873,0.266058607815369,NA,0,NA,0,NA,NA,0.0637543806491417,0,11.9329219437455,4244600000,1.33899972342082
"Argentina","Government expenditure on health",1990,NA,205900000,NA,2.35156830156653,NA,66500000,139400000,2.82728695795458,0.267195319350913,NA,NA,9.06371911573472,0.0862966912910915,NA,0,NA,0,NA,NA,0.180898628059822,0,13.7626306468975,792700000,1.02868251408193
"Argentina","Government expenditure on health",1996,NA,1.058e+09,NA,3.86880353864306,NA,731200000,326800000,2.52705597978355,0.347704060463699,NA,NA,12.1437330459663,0.240303600199486,NA,0,NA,0,NA,NA,0.107400460264212,0,14.4673197478478,4142500000,1.36140271311046
"Argentina","Government expenditure on health",1991,NA,5.04e+08,NA,1.84187087491721,NA,161300000,342700000,2.44084344701336,0.24918901347608,NA,NA,8.95035127582334,0.0797503727652614,NA,0,NA,0,NA,NA,0.169438640710819,0,10.8011449362648,1739600000,0.860097634609106
"Argentina","Government expenditure on health",1997,NA,1049300000,NA,3.76466870628115,NA,786300000,2.63e+08,2.34758484909502,0.320459472855925,NA,NA,9.01271375209897,0.240138457549427,NA,0,NA,0,NA,NA,0.080321015306498,0,14.0752505439703,4431100000,1.35327167651948
"Armenia","Government expenditure on health",2015,NA,NA,NA,6.24174172609115,NA,86079433220,NA,NA,NA,NA,NA,NA,1.70669495196439,NA,NA,NA,NA,NA,NA,NA,NA,NA,NA,NA
"Armenia","Government expenditure on health",2016,NA,NA,NA,7.34607108852661,NA,106445869520,NA,NA,NA,NA,NA,NA,2.10064543370144,NA,NA,NA,NA,NA,NA,NA,NA,NA,NA,NA
"Australia","Government expenditure on health",2016,0.0257280538817275,6.9027e+10,6.9027e+10,15.2999275200096,4.37e+08,6.9027e+10,NA,15.2999275200096,4.06391390227461,19.0995636331936,1.07717715497054,NA,4.06391390227461,4.06391390227461,NA,1.18309e+11,NA,6.96535543865743,15.2999275200096,NA,NA,29.4490628650763,6.9574e+10,4.09611812532565
"Austria","Government expenditure on health",2016,1.85610500883649,NA,5222610000,NA,6637580000,NA,NA,NA,NA,16.3401563789428,22.1543405462435,NA,NA,1.46042873761213,28.5467012300264,29223770000,4.84518802711349,8.1720123710879,4.42278625685274,NA,17326780000,29.2239409561877,9960840000,2.78540748529116
"Austria","Government expenditure on health",2017,1.8611291151386,NA,5355040000,NA,6874300000,NA,NA,NA,NA,16.6229660062771,22.2023484240702,NA,NA,1.44980883242393,29.1070219421028,30239140000,4.90424294011996,8.18686177076243,4.48942687088446,NA,18114400000,30.6077228424576,10346200000,2.80110179233478
"Armenia","Government expenditure on health",2017,0.0050934943995709,84460746442,84460746442,5.68547694666023,283427154.6,83215432090,8987610588,5.64265697029454,1.51785152552884,5.52566434735371,0.227846719367509,4.74241195970725,1.49547187144605,1.51785152552884,NA,84744173596.6,NA,1.52294501992841,5.64265697029454,0.161517142773808,NA,NA,NA,NA
"Australia","Government expenditure on health",2017,0.0249185844912058,7.4793e+10,7.4793e+10,15.9446829738338,4.49e+08,7.4793e+10,NA,15.9446829738338,4.15085899744043,19.9272713756489,1.07308446058984,NA,4.15085899744043,4.15085899744043,NA,1.28668e+11,NA,7.1408116465801,15.9446829738338,NA,NA,29.9091604700897,7.6222e+10,4.23016558371645
"Australia","Government expenditure on health",2018,0.0249726910688048,7.9201e+10,7.9201e+10,16.2262218170271,4.73e+08,7.9201e+10,NA,16.2262218170271,4.1815266497683,19.6017599943378,1.06977270157186,NA,4.1815266497683,4.1815266497683,NA,1.32936e+11,NA,7.01854050723601,16.2262218170271,NA,NA,28.2341452629252,7.6619e+10,4.04520637843711
"Argentina","Government expenditure on health",2017,NA,199591141651.12,199591241651.12,3.55501207713895,NA,64093141651.12,136593500000,7.5217441711653,1.87229703490121,NA,NA,48.2678917730071,0.601236097344715,1.87229797296741,2.56594323841612,NA,0.296649364262336,NA,9.89278510699402,1.28133745276036,31623500000,NA,NA,NA
"Armenia","Government expenditure on health",2018,0.0033073773592017,81994308602,81994308602,5.49897541750972,199006059.9,79574187580,9600543722,5.55354400979392,1.36270282417494,5.44291074937944,0.168099148082786,5.38314315193836,1.32248166971003,1.36270282417494,NA,82193314661.9,NA,1.36601020153414,5.55354400979392,0.159556050494769,NA,NA,NA,NA
"Argentina","Government expenditure on health",2018,NA,241518258164.44,242522258164.44,3.56842303550503,NA,78040158164.44,173080100000,7.10422212840666,1.63798819454452,NA,NA,44.4568791895023,0.529272025830471,1.64479736980034,2.60313306957389,NA,0.277991361866028,NA,9.84864134182256,1.17383738465669,40989300000,NA,NA,NA
"Australia","Government expenditure on health",2019,0.0251510821993592,8.2689e+10,8.2689e+10,16.0120600212619,5.01e+08,8.2689e+10,NA,16.0120600212619,4.15113340515532,19.3898485562249,1.05225573384861,NA,4.15113340515532,4.15113340515532,NA,1.39121e+11,NA,6.98411917496418,16.0120600212619,NA,NA,28.2390297225548,8.1375e+10,4.08516829136299
"Australia","Government expenditure on health",2020,0.0248629493343833,9.0172e+10,9.0172e+10,14.8639493347883,4.9e+08,9.0172e+10,NA,14.8639493347883,4.57539156608166,17.9453278714186,0.993129167595614,NA,4.57539156608166,4.57539156608166,NA,1.49032e+11,NA,7.5619899289833,14.8639493347883,NA,NA,28.4313567020441,8.7947e+10,4.46249347981839
"Argentina","Government expenditure on health",2019,NA,352601259687.43,361143582356.46,3.43978105166817,NA,111914782356.46,249630100000,7.1918724008598,1.61726958364135,NA,NA,48.6028369263814,0.513317432913859,1.65645049478874,2.56809841546392,NA,0.268709699238652,NA,9.80811399479599,1.14497369705722,58584777330.97,NA,NA,NA
"Austria","Government expenditure on health",2020,2.10253076621353,NA,7247500000,NA,8008300000,NA,NA,NA,NA,16.243537545807,23.4704688496003,NA,NA,1.90278732416775,28.4444051579661,35132790000,5.23799347105689,9.2239016867399,5.05418737419014,NA,19950920000,33.1409289236514,12511390000,3.28478983093745
"Austria","Government expenditure on health",2021,2.21402107484576,NA,10953770000,NA,8972130000,NA,NA,NA,NA,17.942589228997,24.3844722191722,NA,NA,2.70302343245285,29.5973334833869,40840360000,5.74996039397752,10.0780325011216,7.20992207209902,NA,23301220000,33.0665065818442,13742870000,3.39127986429817
"Armenia","Government expenditure on health",2021,0.007336399098667,159455197110,159455197110,8.18302826348885,512944723.5,160496821970,9688357140,8.12685022467247,2.28061019201726,7.81504044307762,0.296360701441137,5.59124748326747,2.29550804617961,2.28061019201726,NA,159968141833.5,NA,2.28794659111592,8.12685022467247,0.138567863812835,NA,NA,NA,NA
"Australia","Government expenditure on health",2022,0.0213154838614837,1.09782e+11,1.09782e+11,16.8895644454838,5.22e+08,1.09782e+11,NA,16.8895644454838,4.48286676107548,19.9706254825579,0.995556233669636,NA,4.48286676107548,4.48286676107548,NA,1.82611e+11,NA,7.45678510235516,16.8895644454838,NA,NA,27.3540435217082,1.06483e+11,4.34815453644131
"Argentina","Government expenditure on health",2022,NA,1427209958917.9,1419463221631.67,4.11343067551944,NA,502699221631.67,9.17105e+11,7.71619576449679,1.73128542077173,NA,NA,44.8227380585883,0.609802242484404,1.72188819562039,2.43330123130698,NA,0.238833520968791,NA,10.4361494025417,1.11249960518822,196885837286.23,NA,NA,NA
"Argentina","Government expenditure on health",2016,NA,163140300000,159848600000,3.3587912367926,NA,5.3187e+10,108467600000,7.24786170924026,1.98270705628211,NA,NA,52.7697045473342,0.64640214712414,1.94270175521815,2.37260353862683,NA,0.263631251535466,NA,9.15212976820261,1.31824862341178,2.1692e+10,NA,NA,NA
"Argentina","Government expenditure on health",2021,NA,945981992520.16,962266491803.69,6.29278568319458,NA,495269491803.69,490504400000,8.73438244543362,2.04111972764161,NA,NA,50.8057902130178,1.06862957034354,2.07625635075409,2.43175909724373,NA,0.24289679395474,NA,11.6863528614899,1.05834806079955,112573500716.47,NA,NA,NA
"Argentina","Government expenditure on health",2020,NA,585924754296.4,576300659720.56,5.09181810240321,NA,256609959720.56,3.44764e+11,8.22269398444927,2.13207442852128,NA,NA,53.7928714506338,0.933757328415102,2.09705408539299,2.19744275647909,NA,0.296239551675239,NA,10.683150797672,1.25453397024913,81410894575.84,NA,NA,NA
"Austria","Government expenditure on health",2022,2.07557888792081,NA,10857890000,NA,9283560000,NA,NA,NA,NA,17.5578420661388,23.6088756693716,NA,NA,2.42756089812167,29.5973334833869,41735570000,5.20958773302462,9.33106135656375,6.67343481998538,NA,23301220000,33.0665065818442,13742870000,3.07257246481309
"Austria","Government expenditure on health",2018,1.84524472317241,NA,5902670000,NA,7109250000,NA,NA,NA,NA,16.9317941205046,22.0991976305669,NA,NA,1.53207028450654,29.2567825843383,31770170000,4.90691172855897,8.24612139772697,4.85286001367559,NA,18905060000,31.6704406736783,10966590000,2.8464384187777
"Austria","Government expenditure on health",2019,1.85353944330968,NA,5910270000,NA,7361280000,NA,NA,NA,NA,17.0713353338564,21.9943493911971,NA,NA,1.48818120837815,29.3100266451018,32971490000,4.98285774141175,8.30208295563962,4.77330193704827,NA,19789280000,31.7955555654035,11479620000,2.89052018999504
"Armenia","Government expenditure on health",2022,0.0055989326408271,141434136350,141434136350,6.52625214895398,475990425.4,142152748480,9501001600,6.48918850381422,1.66364733465331,6.208679376188,0.238211913406225,5.2041969875161,1.67210015365145,1.66364733465331,NA,141910126775.4,NA,1.66924626729414,6.48918850381422,0.111757432797283,NA,NA,NA,NA
"Armenia","Government expenditure on health",2019,0.0051484125142676,99735677240,99735677240,6.16372716939871,336877198.4,99283084310,9240806290,6.17172560093719,1.52423616457317,5.94951622511688,0.253489525944613,5.54725921417702,1.51731929659947,1.52423616457317,NA,100072554438.4,NA,1.52938457708744,6.17172560093719,0.141225001191291,NA,NA,NA,NA
"Australia","Government expenditure on health",2021,0.0230137826987496,9.7008e+10,9.7008e+10,14.1315700919059,5.04e+08,9.7008e+10,NA,14.1315700919059,4.42960522230218,17.8595327931922,0.990429775777704,NA,4.42960522230218,4.42960522230218,NA,1.63868e+11,NA,7.48258441126726,14.1315700919059,NA,NA,28.4241885282348,9.5889e+10,4.37850914523889
"Armenia","Government expenditure on health",2020,0.0063212351679562,146763200370.3,146763200370.3,7.92757014819602,390772601.2,148236764270,10162995876.3,7.85074270476364,2.3740781740932,7.64513881888869,0.282446759250109,5.68426779393645,2.3979149116649,2.3740781740932,NA,147153972971.5,NA,2.38039940926116,7.85074270476364,0.164399158865751,NA,NA,NA,NA
"Armenia","Government expenditure on health",2023,0.0121140930851275,140869132060,140869132060,5.74922772260958,1145166419,141279123120,10343999040,5.72404010703188,1.49017797787516,5.47944737411178,0.472907331270608,5.1356824500622,1.49451505044601,1.49017797787516,NA,142014298479,NA,1.50229207096029,5.72404010703188,0.109423543306878,NA,NA,NA,NA
"Bahamas, The","Government expenditure on health",1990,NA,NA,84500000,15.1569506726457,NA,84500000,NA,NA,NA,NA,NA,NA,1.61927653307152,1.61927653307152,NA,NA,NA,NA,15.1569506726457,NA,NA,NA,NA,NA
"Bahamas, The","Government expenditure on health",1991,NA,NA,81700000,14.3610476357884,NA,81700000,NA,NA,NA,NA,NA,NA,1.59307107101494,1.59307107101494,NA,NA,NA,NA,14.3610476357884,NA,NA,NA,NA,NA
"Bahamas, The","Government expenditure on health",1992,NA,NA,84800000,14.3364327979713,NA,84800000,NA,NA,NA,NA,NA,NA,1.65458171911968,1.65458171911968,NA,NA,NA,NA,14.3364327979713,NA,NA,NA,NA,NA
"Bahamas, The","Government expenditure on health",1993,NA,NA,78500000,13.4833390587427,NA,78500000,NA,NA,NA,NA,NA,NA,1.54022893253364,1.54022893253364,NA,NA,NA,NA,13.4833390587427,NA,NA,NA,NA,NA
"Bahamas, The","Government expenditure on health",1994,NA,NA,91400000,15.0949628406276,NA,91400000,NA,NA,NA,NA,NA,NA,1.70153644051136,1.70153644051136,NA,NA,NA,NA,15.0949628406276,NA,NA,NA,NA,NA
"Bahamas, The","Government expenditure on health",1995,NA,NA,93600000,14.2162818955043,NA,93600000,NA,NA,NA,NA,NA,NA,1.65576314653332,1.65576314653332,NA,NA,NA,NA,14.2162818955043,NA,NA,NA,NA,NA
"Bahamas, The","Government expenditure on health",1996,NA,NA,100100000,13.9105058365759,NA,100100000,NA,NA,NA,NA,NA,NA,1.68242031848574,1.68242031848574,NA,NA,NA,NA,13.9105058365759,NA,NA,NA,NA,NA
"Bahamas, The","Government expenditure on health",1997,NA,NA,113842000,13.7277955240745,NA,113842000,NA,NA,NA,NA,NA,NA,1.79778238398858,1.79778238398858,NA,NA,NA,NA,13.7277955240745,NA,NA,NA,NA,NA
"Bahamas, The","Government expenditure on health",1998,NA,NA,128464000,15.9138207836997,NA,128464000,NA,NA,NA,NA,NA,NA,1.87999196880551,1.87999196880551,NA,NA,NA,NA,15.9138207836997,NA,NA,NA,NA,NA
"Bahamas, The","Government expenditure on health",1999,NA,NA,133476000,15.0924877909784,NA,133476000,NA,NA,NA,NA,NA,NA,1.73709261716518,1.73709261716518,NA,NA,NA,NA,15.0924877909784,NA,NA,NA,NA,NA
"Bahamas, The","Government expenditure on health",2000,NA,NA,148642000,16.1972322109622,NA,148642000,NA,NA,NA,NA,NA,NA,1.84043322704152,1.84043322704152,NA,NA,NA,NA,16.1972322109622,NA,NA,NA,NA,NA
"Bahamas, The","Government expenditure on health",2001,NA,NA,156700000,16.3929281305576,NA,156700000,NA,NA,NA,NA,NA,NA,1.883904235984,1.883904235984,NA,NA,NA,NA,16.3929281305576,NA,NA,NA,NA,NA
"Bahamas, The","Government expenditure on health",2002,NA,NA,158600000,15.576507562365,NA,158600000,NA,NA,NA,NA,NA,NA,1.78580197304152,1.78580197304152,NA,NA,NA,NA,15.576507562365,NA,NA,NA,NA,NA
"Bahamas, The","Government expenditure on health",2003,NA,NA,173300000,16.2341920374707,NA,173300000,NA,NA,NA,NA,NA,NA,1.95375764451225,1.95375764451225,NA,NA,NA,NA,16.2341920374707,NA,NA,NA,NA,NA
"Bahamas, The","Government expenditure on health",2004,NA,NA,184837000,16.5077252835581,NA,184837000,NA,NA,NA,NA,NA,NA,2.0412054255668,2.0412054255668,NA,NA,NA,NA,16.5077252835581,NA,NA,NA,NA,NA
"Bahamas, The","Government expenditure on health",2005,NA,NA,202847000,16.7104376494158,NA,202847000,NA,NA,NA,NA,NA,NA,2.06225016971689,2.06225016971689,NA,NA,NA,NA,16.7104376494158,NA,NA,NA,NA,NA
"Bahamas, The","Government expenditure on health",2006,NA,NA,NA,14.9583604851613,NA,198100000,NA,NA,NA,NA,NA,NA,1.94841250591422,NA,NA,NA,NA,NA,NA,NA,NA,NA,NA,NA
"Bahamas, The","Government expenditure on health",2007,NA,NA,NA,17.9179206740188,NA,253800000,NA,NA,NA,NA,NA,NA,2.39020388350846,NA,NA,NA,NA,NA,NA,NA,NA,NA,NA,NA
"Bahamas, The","Government expenditure on health",2008,NA,NA,NA,17.0068475980631,NA,257800000,NA,NA,NA,NA,NA,NA,2.44917389021377,NA,NA,NA,NA,NA,NA,NA,NA,NA,NA,NA
"Bahamas, The","Government expenditure on health",2009,NA,NA,NA,19.4962503146354,NA,304401000,NA,NA,NA,NA,NA,NA,3.04951126950831,NA,NA,NA,NA,NA,NA,NA,NA,NA,NA,NA
"Bahamas, The","Government expenditure on health",2010,NA,NA,NA,11.553160965252,NA,195417827.28,NA,NA,NA,NA,NA,NA,1.93564164116967,NA,NA,NA,NA,NA,NA,NA,NA,NA,NA,NA
"Bahamas, The","Government expenditure on health",2011,NA,NA,NA,10.7694149553429,NA,198335803.3,NA,NA,NA,NA,NA,NA,1.96948356513088,NA,NA,NA,NA,NA,NA,NA,NA,NA,NA,NA
"Bahamas, The","Government expenditure on health",2012,NA,NA,NA,10.4927731419872,NA,206260619.74,NA,NA,NA,NA,NA,NA,1.92398377687171,NA,NA,NA,NA,NA,NA,NA,NA,NA,NA,NA
"Bahamas, The","Government expenditure on health",2013,NA,NA,NA,10.6222066564184,NA,204310905.04,NA,NA,NA,NA,NA,NA,1.96531749140297,NA,NA,NA,NA,NA,NA,NA,NA,NA,NA,NA
"Bahamas, The","Government expenditure on health",2014,NA,NA,NA,10.6801602107779,NA,209112895.59,NA,NA,NA,NA,NA,NA,1.90550471499729,NA,NA,NA,NA,NA,NA,NA,NA,NA,NA,NA
"Bahamas, The","Government expenditure on health",2015,NA,NA,NA,10.1959036411248,NA,215665797.38,NA,NA,NA,NA,NA,NA,1.84773957961624,NA,NA,NA,NA,NA,NA,NA,NA,NA,NA,NA
"Bahamas, The","Government expenditure on health",2016,NA,NA,NA,11.4860410715916,NA,264108046.64,NA,NA,NA,NA,NA,NA,2.24867257141942,NA,NA,NA,NA,NA,NA,NA,NA,NA,NA,NA
"Bahamas, The","Government expenditure on health",2017,NA,NA,NA,12.1638663417779,NA,332193446.6,NA,NA,NA,NA,NA,NA,2.71473523876019,NA,NA,NA,NA,NA,NA,NA,NA,NA,NA,NA
"Bahamas, The","Government expenditure on health",2018,NA,NA,NA,11.981872948047,NA,294428891.61,NA,NA,NA,NA,NA,NA,2.33380945268653,NA,NA,NA,NA,NA,NA,NA,NA,NA,NA,NA
"Bahamas, The","Government expenditure on health",2019,NA,NA,NA,12.7541952317023,NA,337423036,NA,NA,NA,NA,NA,NA,2.59233216510757,NA,NA,NA,NA,NA,NA,NA,NA,NA,NA,NA
"Bahamas, The","Government expenditure on health",2020,NA,NA,NA,14.140172909317,NA,409866131,NA,NA,NA,NA,NA,NA,4.11586796656918,NA,NA,NA,NA,NA,NA,NA,NA,NA,NA,NA
"Bahamas, The","Government expenditure on health",2021,NA,NA,NA,15.1288724816189,NA,490712006,NA,NA,NA,NA,NA,NA,4.31625672317559,NA,NA,NA,NA,NA,NA,NA,NA,NA,NA,NA
"Bahamas, The","Government expenditure on health",2022,NA,NA,NA,13.8662853707396,NA,461385882,NA,NA,NA,NA,NA,NA,3.51227469702308,NA,NA,NA,NA,NA,NA,NA,NA,NA,NA,NA
"Bahamas, The","Government expenditure on health",2023,NA,NA,NA,12.7182926170782,NA,431048883,NA,NA,NA,NA,NA,NA,3.00623985346554,NA,NA,NA,NA,NA,NA,NA,NA,NA,NA,NA
"Barbados","Government expenditure on health",2003,NA,NA,NA,11.6826497763643,NA,231500000,NA,NA,NA,NA,NA,NA,3.60641864323002,NA,NA,NA,NA,NA,NA,NA,NA,NA,NA,NA
"Barbados","Government expenditure on health",2005,NA,NA,NA,11.5919105303903,NA,269055000,NA,NA,NA,NA,NA,NA,3.52203596412676,NA,NA,NA,NA,NA,NA,NA,NA,NA,NA,NA
"Barbados","Government expenditure on health",2006,NA,NA,NA,12.3673438111019,NA,293508000,NA,NA,NA,NA,NA,NA,3.47968492984742,NA,NA,NA,NA,NA,NA,NA,NA,NA,NA,NA
"Barbados","Government expenditure on health",2015,NA,NA,NA,9.45273308348024,NA,317551094.77,NA,NA,NA,NA,NA,NA,3.36745335784567,NA,NA,NA,NA,NA,NA,NA,NA,NA,NA,NA
"Bahrain","Government expenditure on health",1990,NA,38600000,38600000,7.80270871235092,NA,38600000,0,7.64356435643564,2.06776321721261,NA,NA,NA,2.06776321721261,2.06776321721261,0,NA,0,NA,7.80270871235092,0,0,NA,NA,NA
"Bahrain","Government expenditure on health",1991,NA,46100000,46100000,9.37372915819439,NA,46100000,0,9.16865552903739,2.35393067421146,NA,NA,NA,2.35393067421146,2.35393067421146,0,NA,0,NA,9.37372915819439,0,0,NA,NA,NA
"Bahrain","Government expenditure on health",1992,NA,49300000,49300000,9.18918918918919,NA,49300000,0,8.98487333697831,2.40943035660561,NA,NA,NA,2.40943035660561,2.40943035660561,0,NA,0,NA,9.18918918918919,0,0,NA,NA,NA
"Bahrain","Government expenditure on health",1993,NA,52800000,52800000,9.08152734778122,NA,52800000,0,8.89787664307381,2.34574905077857,NA,NA,NA,2.34574905077857,2.34574905077857,0,NA,0,NA,9.08152734778122,0,0,NA,NA,NA
"Bahrain","Government expenditure on health",1994,NA,55900000,55900000,9.28571428571429,NA,55900000,0,8.96695540583895,2.31897270612054,NA,NA,NA,2.31897270612054,2.31897270612054,0,NA,0,NA,9.28571428571429,0,0,NA,NA,NA
"Bahrain","Government expenditure on health",1995,NA,5.5e+07,5.5e+07,9.64743027539028,NA,5.5e+07,0,9.25770072378388,2.1553997388398,NA,NA,NA,2.1553997388398,2.1553997388398,0,NA,0,NA,9.64743027539028,0,0,NA,NA,NA
"Bahrain","Government expenditure on health",1996,NA,57100000,57100000,10.1330967169476,NA,57100000,0,9.82281094099432,2.15197069961992,NA,NA,NA,2.15197069961992,2.15197069961992,0,NA,0,NA,10.1330967169476,0,0,NA,NA,NA
"Bahrain","Government expenditure on health",1997,NA,61200000,NA,10.1661129568106,NA,61200000,0,9.87096774193548,2.22416989814009,NA,NA,NA,2.22416989814009,NA,0,NA,0,NA,NA,0,0,NA,NA,NA
"Bahrain","Government expenditure on health",1998,NA,57800000,NA,9.27471116816431,NA,57800000,0,8.96680111697176,2.19743473029349,NA,NA,NA,2.19743473029349,NA,0,NA,0,NA,NA,0,0,NA,NA,NA
"Bahrain","Government expenditure on health",1999,NA,0,NA,0,NA,0,0,0,0,NA,NA,NA,0,NA,0,NA,0,NA,NA,0,0,NA,NA,NA
"Bahrain","Government expenditure on health",2000,NA,60800000,NA,8.12508352265134,NA,60800000,0,7.82496782496783,1.78420875895726,NA,NA,NA,1.78420875895726,NA,0,NA,0,NA,NA,0,0,NA,NA,NA
"Bahrain","Government expenditure on health",2001,NA,64400000,NA,8.08740424463142,NA,64400000,0,7.79095088313574,1.86401895479309,NA,NA,NA,1.86401895479309,NA,0,NA,0,NA,NA,0,0,NA,NA,NA
"Bahrain","Government expenditure on health",2002,NA,71100000,NA,7.09439233685891,NA,71100000,0,6.85962373371925,1.97106801649288,NA,NA,NA,1.97106801649288,NA,0,NA,0,NA,NA,0,0,NA,NA,NA
"Bahrain","Government expenditure on health",2003,NA,80600000,NA,7.92838874680307,NA,80600000,0,7.6361913784936,1.9355662495917,NA,NA,NA,1.9355662495917,NA,0,NA,0,NA,NA,0,0,NA,NA,NA
"Bahrain","Government expenditure on health",2004,NA,88400000,NA,8.33019223520543,NA,88400000,0,8.02833530106257,1.78784987345751,NA,NA,NA,1.78784987345751,NA,0,NA,0,NA,NA,0,0,NA,NA,NA
"Bahrain","Government expenditure on health",2005,NA,NA,NA,8.85729355734475,NA,114190000,NA,NA,NA,NA,NA,NA,1.90181439002975,NA,NA,NA,NA,NA,NA,NA,NA,NA,NA,NA
"Bahrain","Government expenditure on health",2006,NA,NA,NA,8.26994657151271,NA,129179046.431,NA,NA,NA,NA,NA,NA,1.85658095734345,NA,NA,NA,NA,NA,NA,NA,NA,NA,NA,NA
"Bahrain","Government expenditure on health",2007,NA,NA,NA,9.00917774864207,NA,158730000,NA,NA,NA,NA,NA,NA,1.94272789692637,NA,NA,NA,NA,NA,NA,NA,NA,NA,NA,NA
"Bahrain","Government expenditure on health",2008,NA,NA,NA,8.68305993117995,NA,186480000,NA,NA,NA,NA,NA,NA,1.92897706701975,NA,NA,NA,NA,NA,NA,NA,NA,NA,NA,NA
"Bahrain","Government expenditure on health",2009,NA,NA,NA,9.7411159967202,NA,203150000,NA,NA,NA,NA,NA,NA,2.35542786118106,NA,NA,NA,NA,NA,NA,NA,NA,NA,NA,NA
"Bahrain","Government expenditure on health",2010,NA,NA,NA,7.84331863624129,NA,206884000,NA,NA,NA,NA,NA,NA,2.13983988746613,NA,NA,NA,NA,NA,NA,NA,NA,NA,NA,NA
"Bahrain","Government expenditure on health",2011,NA,NA,NA,9.15190893461918,NA,263348341,NA,NA,NA,NA,NA,NA,2.43390333641405,NA,NA,NA,NA,NA,NA,NA,NA,NA,NA,NA
"Bahrain","Government expenditure on health",2012,NA,NA,NA,8.59391430224953,NA,279885622.38,NA,NA,NA,NA,NA,NA,2.42078943395247,NA,NA,NA,NA,NA,NA,NA,NA,NA,NA,NA
"Bahrain","Government expenditure on health",2013,NA,NA,NA,11.0195477766531,NA,369070000,NA,NA,NA,NA,NA,NA,3.01654699485486,NA,NA,NA,NA,NA,NA,NA,NA,NA,NA,NA
"Bahrain","Government expenditure on health",2014,NA,NA,NA,11.0471611876629,NA,391560000,NA,NA,NA,NA,NA,NA,3.11906552299869,NA,NA,NA,NA,NA,NA,NA,NA,NA,NA,NA
"Bahrain","Government expenditure on health",2015,NA,NA,NA,11.3383959701186,NA,403580000,NA,NA,NA,NA,NA,NA,3.45677616522085,NA,NA,NA,NA,NA,NA,NA,NA,NA,NA,NA
"Bahrain","Government expenditure on health",2016,NA,NA,NA,7.75861964504306,NA,274057413.160001,NA,NA,NA,NA,NA,NA,2.26113448176002,NA,NA,NA,NA,NA,NA,NA,NA,NA,NA,NA
"Bahrain","Government expenditure on health",2017,NA,NA,NA,11.1850624565292,NA,395600000,NA,NA,NA,NA,NA,NA,2.96593300560123,NA,NA,NA,NA,NA,NA,NA,NA,NA,NA,NA
"Bahrain","Government expenditure on health",2018,NA,NA,NA,11.1789749290597,NA,410304873.27,NA,NA,NA,NA,NA,NA,2.89806513025599,NA,NA,NA,NA,NA,NA,NA,NA,NA,NA,NA
"Bahrain","Government expenditure on health",2019,NA,NA,NA,9.12637056067478,NA,327277092.06,NA,NA,NA,NA,NA,NA,2.26236953695946,NA,NA,NA,NA,NA,NA,NA,NA,NA,NA,NA
"Bahrain","Government expenditure on health",2020,NA,NA,NA,12.712835407285,NA,477100000,NA,NA,NA,NA,NA,NA,3.74258877374602,NA,NA,NA,NA,NA,NA,NA,NA,NA,NA,NA
"Bangladesh","Government expenditure on health",2001,NA,NA,NA,5.12289358459157,NA,14586940000,NA,NA,NA,NA,NA,NA,0.495867359478915,NA,NA,NA,NA,NA,NA,NA,NA,NA,NA,NA
"Bangladesh","Government expenditure on health",2002,NA,NA,NA,6.38361559513407,NA,19370740000,NA,NA,NA,NA,NA,NA,0.611114658419492,NA,NA,NA,NA,NA,NA,NA,NA,NA,NA,NA
"Bangladesh","Government expenditure on health",2003,NA,NA,NA,6.746053130554,NA,22958790000,NA,NA,NA,NA,NA,NA,0.658335909607744,NA,NA,NA,NA,NA,NA,NA,NA,NA,NA,NA
"Bangladesh","Government expenditure on health",2004,NA,NA,NA,6.9955135657381,NA,25987860000,NA,NA,NA,NA,NA,NA,0.672698009754899,NA,NA,NA,NA,NA,NA,NA,NA,NA,NA,NA
"Bangladesh","Government expenditure on health",2005,NA,NA,NA,6.37208710902106,NA,28129560000,NA,NA,NA,NA,NA,NA,0.654019844332458,NA,NA,NA,NA,NA,NA,NA,NA,NA,NA,NA
"Bangladesh","Government expenditure on health",2006,NA,NA,NA,7.30278511982486,NA,36413867000,NA,NA,NA,NA,NA,NA,0.754946896027838,NA,NA,NA,NA,NA,NA,NA,NA,NA,NA,NA
"Bangladesh","Government expenditure on health",2007,NA,NA,NA,7.35284235362171,NA,41408167000,NA,NA,NA,NA,NA,NA,0.753149910203678,NA,NA,NA,NA,NA,NA,NA,NA,NA,NA,NA
"Bangladesh","Government expenditure on health",2008,NA,NA,NA,6.64733730904679,NA,44847759000,NA,NA,NA,NA,NA,NA,0.713361247803541,NA,NA,NA,NA,NA,NA,NA,NA,NA,NA,NA
"Bangladesh","Government expenditure on health",2009,NA,NA,NA,6.3372630011683,NA,50643414000,NA,NA,NA,NA,NA,NA,0.718273146082427,NA,NA,NA,NA,NA,NA,NA,NA,NA,NA,NA
"Bangladesh","Government expenditure on health",2010,NA,NA,NA,7.05055863819537,NA,61640854000,NA,NA,NA,NA,NA,NA,0.772888563275989,NA,NA,NA,NA,NA,NA,NA,NA,NA,NA,NA
"Bangladesh","Government expenditure on health",2011,NA,NA,NA,6.37850380063277,NA,67487600000,NA,NA,NA,NA,NA,NA,0.736901918786568,NA,NA,NA,NA,NA,NA,NA,NA,NA,NA,NA
"Bangladesh","Government expenditure on health",2012,NA,NA,NA,5.99558847786016,NA,73534100000,NA,NA,NA,NA,NA,NA,0.696870936804637,NA,NA,NA,NA,NA,NA,NA,NA,NA,NA,NA
"Bangladesh","Government expenditure on health",2013,NA,NA,NA,5.85638156008389,NA,81904600000,NA,NA,NA,NA,NA,NA,0.683151347809434,NA,NA,NA,NA,NA,NA,NA,NA,NA,NA,NA
"Bangladesh","Government expenditure on health",2014,NA,NA,NA,5.74432810606871,NA,93186300000,NA,NA,NA,NA,NA,NA,0.693518459531565,NA,NA,NA,NA,NA,NA,NA,NA,NA,NA,NA
"Bangladesh","Government expenditure on health",2015,NA,NA,NA,5.78809297812495,NA,99508700000,NA,NA,NA,NA,NA,NA,0.656475495285599,NA,NA,NA,NA,NA,NA,NA,NA,NA,NA,NA
"Bangladesh","Government expenditure on health",2016,NA,NA,NA,6.09485891485001,NA,1.2461e+11,NA,NA,NA,NA,NA,NA,0.719098680409775,NA,NA,NA,NA,NA,NA,NA,NA,NA,NA,NA
"Azerbaijan","Government expenditure on health",2008,0.0012457271558554,346200000,346200000,3.30211174910818,5e+05,346200000,0,2.90071219103477,0.86254148271429,2.97710050518479,1.51057401812689,0,0.86254148271429,0.86254148271429,0,358300000,0,0.892688079885991,3.15421199365878,0,0,4.39227565316168,11600000,0.0289008700158456
"Azerbaijan","Government expenditure on health",2009,0,402400000,402400000,3.88214637158238,0,402400000,0,3.39228810844531,1.13028945409604,3.46007159345622,0,0,1.13028945409604,1.13028945409604,0,413700000,0,1.16202968976026,3.74503252705935,0,0,3.53677621283255,11300000,0.0317402356642276
"Azerbaijan","Government expenditure on health",2010,0,429200000,429200000,3.68374073056853,0,429200000,0,3.21987741659602,1.01071470622866,3.27861513206984,0,0,1.01071470622866,1.01071470622866,0,439400000,0,1.03473448722477,3.54040699832548,0,0,3.55896720167481,10200000,0.0240197809961144
"Azerbaijan","Government expenditure on health",2011,0,493400000,493400000,3.25618966413862,0,493400000,0,2.90261246887957,0.947352252217657,2.96988864528784,0,0,0.947352252217657,0.947352252217657,0,506900000,0,0.973272915786644,3.13085369382358,0,0,4.43495400788436,13500000,0.0259206635689874
"Azerbaijan","Government expenditure on health",2012,0,609400000,609400000,3.5327945831256,0,609400000,0,3.15143867778169,1.11318745353347,3.18340479682733,0,0,1.11318745353347,1.11318745353347,0,622900000,0,1.13784782541187,3.40097330118761,0,0,2.87601193012356,13500000,0.0246603718784079
"Azerbaijan","Government expenditure on health",2013,0,618900000,618900000,3.39946610420855,0,618900000,0,2.99403515052416,1.06373105084047,3.0095401232365,0,0,1.06373105084047,1.06373105084047,0,632500000,0,1.08710597779382,3.23043677968933,0,0,2.25053781234486,13600000,0.0233749269533533
"Azerbaijan","Government expenditure on health",2014,0,665300000,665300000,3.63377173818055,0,665300000,0,3.19603773947465,1.1273576992617,3.26030541257363,0,0,1.1273576992617,1.1273576992617,0,684700000,0,1.16023119898465,3.48525328723349,0,0,4.36543654365437,19400000,0.0328734997229476
"Azerbaijan","Government expenditure on health",2015,0,708200000,708200000,4.12103578702357,0,708200000,0,3.52698025349237,1.30231702831924,3.60292152845818,0,0,1.30231702831924,1.30231702831924,0,728100000,0,1.33891136447223,3.88207950533909,0,0,4.878646727139,19900000,0.0365943361529974
"Azerbaijan","Government expenditure on health",2016,3.30987733594593e-05,702300000,702300000,4.32950684987412,20000,702300000,0,3.58121716612059,1.16226342651741,3.68053824653366,0.0799041150619257,0,1.16226342651741,1.16226342651741,0,729020000,0,1.20648338772565,3.97576003505779,0,0,5.81258653569842,26700000,0.0441868624348782
"Azerbaijan","Government expenditure on health",2017,0,704700000,704700000,4.34235183180143,0,704700000,0,3.01569238448447,1.00187950149137,3.10791201457903,0,0,1.00187950149137,1.00187950149137,0,731930000,0,1.04059268273958,3.32631080695111,0,0,6.19356306152621,27230000,0.0387131812482051
"Azerbaijan","Government expenditure on health",2018,0,709800000,709800000,3.37948503085244,0,709800000,0,2.95872207549727,0.886230834540279,3.03269154840854,0,0,0.886230834540279,0.886230834540279,0,7.35e+08,0,0.917694651151176,3.29044856212544,0,0,5.07195330582671,25200000,0.0314638166108975
"Azerbaijan","Government expenditure on health",2019,1.22105787570119e-05,873500000,873500000,3.76600498224998,10000,873500000,0,3.18299120277348,1.06659405442499,3.40948070168561,0.0357015351660121,0,1.06659405442499,1.06659405442499,0,904510000,0,1.10445905915049,3.71835988615476,0,0,5.6651011494673,3.1e+07,0.037852794146737
"Azerbaijan","Government expenditure on health",2020,0,1687500000,1687500000,6.68102509689961,0,1687500000,0,5.54551247272019,2.32508153285909,5.76231258728718,0,0,2.32508153285909,2.32508153285909,0,1696600000,0,2.33761975031036,6.59352252347294,0,0,1.68978515588732,9100000,0.0125382174512697
"Azerbaijan","Government expenditure on health",2021,0,1378400000,1378400000,5.33555674003057,0,1378400000,0,4.44580008807096,1.47891917874064,4.67227994401566,0,0,1.47891917874064,1.47891917874064,0,1.389e+09,0,1.49029217880931,5.31969293670283,0,0,2.02954753152452,10600000,0.0113730000686672
"Azerbaijan","Government expenditure on health",2022,0,1417900000,1417900000,4.44740296712571,0,1417900000,0,3.6342657449341,1.05951169355984,3.85299051140442,0,0,1.05951169355984,1.05951169355984,0,1425463000,0,1.06516307020022,4.43170591625864,0,0,1.22020575544095,7563000,0.0056513766403787
"Azerbaijan","Government expenditure on health",1994,1.87117930212708,1465400,NA,NA,13264200,NA,NA,1.06356263726374,0.206723824228904,NA,28.4557659385499,NA,NA,NA,NA,NA,NA,NA,NA,NA,NA,NA,NA,NA
"Azerbaijan","Government expenditure on health",1995,1.82856875058581,5839000,NA,NA,39018000,NA,NA,1.29506098031614,0.273643265535664,NA,26.0291098015095,NA,NA,NA,NA,NA,NA,NA,NA,NA,NA,NA,NA,NA
"Azerbaijan","Government expenditure on health",1996,1.31561718520889,7011000,NA,NA,35948800,NA,NA,1.53505266822413,0.256581362535037,NA,22.9665463038917,NA,NA,NA,NA,NA,NA,NA,NA,NA,NA,NA,NA,NA
"Azerbaijan","Government expenditure on health",1997,1.211759576818,29883200,NA,NA,41691800,NA,NA,4.93354298095407,0.86854618380515,NA,20.8964275618445,NA,NA,NA,NA,NA,NA,NA,NA,NA,NA,NA,NA,NA
"Azerbaijan","Government expenditure on health",1998,1.48017516698336,9010000,NA,NA,49018600,NA,NA,1.12818511952627,0.272067710104329,NA,21.553591356508,NA,NA,NA,NA,NA,NA,NA,NA,NA,NA,NA,NA,NA
"Azerbaijan","Government expenditure on health",1999,0.983761847493815,6942400,NA,NA,37137600,NA,NA,0.814655347419574,0.183901712820458,NA,15.5671956110582,NA,NA,NA,NA,NA,NA,NA,NA,NA,NA,NA,NA,NA
"Belgium","Government expenditure on health",1999,0.133343788432808,NA,1397700000,NA,323100000,NA,NA,NA,NA,12.3834463340116,2.02527360938734,NA,NA,0.576832600100699,30.5304257834919,15146800000,5.46660008419106,6.25110397596428,1.92269862864831,NA,13245900000,0.813105125499013,265800000,0.109696004226061
"Belgium","Government expenditure on health",2009,0.0368571288383222,NA,3063400000,NA,127700000,NA,NA,NA,NA,14.3433580252132,0.500941471834301,NA,NA,0.884167020229571,35.2080343551466,27147100000,7.46332326039836,7.83527143529222,3.00509809191869,NA,25858400000,1.31240893571923,726900000,0.209799897827536
"Belgium","Government expenditure on health",2008,0.0438958099971001,NA,3411700000,NA,154400000,NA,NA,NA,NA,14.3677983864689,0.634842317338925,NA,NA,0.969943879320638,35.709721136532,25650500000,6.97425954250559,7.2924188751983,3.39764056334886,NA,24531400000,1.10217000920519,584300000,0.166116073713119
"Belarus","Government expenditure on health",2010,3.4281648656798,164294750.31,164294750.31,4.56239969092434,584384866.36,164294750.31,NA,3.02199897630617,0.96379889872338,10.1129272539386,19.9668190420872,NA,0.96379889872338,0.96379889872338,0,748679616.67,0,4.39196376440318,4.56239969092434,NA,0,NA,NA,NA
"Belarus","Government expenditure on health",1999,3.63880980969984,3264250,3264250,5.12547099612275,11006000,3264250,NA,3.49536642426558,1.07922814113326,NA,18.6258785987369,NA,1.07922814113326,1.07922814113326,0,NA,0,NA,5.12547099612275,NA,0,NA,NA,NA
"Belarus","Government expenditure on health",2008,3.32226467661918,125993800,125993800,3.6494721531862,445761000,125993800,NA,2.65140632882272,0.939034036654221,9.04358719356554,19.8543857601045,NA,0.939034036654221,0.939034036654221,0,571754800,0,4.2612987132734,3.6494721531862,NA,0,NA,NA,NA
"Belgium","Government expenditure on health",2010,0.0350553505535055,NA,3883200000,NA,127300000,NA,NA,NA,NA,14.3996551972723,0.487554529124968,NA,NA,1.06933964862037,35.2603719094202,28164300000,7.42358319105579,7.75576912485543,3.62771796249153,NA,2.6958e+10,1.11839648813034,6.41e+08,0.17651594426392
"Belgium","Government expenditure on health",1995,0.166944590928742,NA,1564900000,NA,351400000,NA,NA,NA,NA,11.4542912125707,2.53725739371534,NA,NA,0.743459278157053,28.726150466202,12672100000,5.21799238915098,6.02031460076299,2.36825458320596,NA,10983300000,0.676151374260242,1.94e+08,0.0921663364831416
"Belgium","Government expenditure on health",1996,0.175278130366609,NA,1829100000,NA,375600000,NA,NA,NA,NA,12.0062147579362,2.63530864544013,NA,NA,0.853570895243784,29.2630500256189,13631400000,5.46367505413276,6.36125214664377,2.71279199110122,NA,1.1708e+10,0.800088171576377,232300000,0.108405510341223
"Belgium","Government expenditure on health",2007,0.0415576554265044,NA,2.643e+09,NA,142800000,NA,NA,NA,NA,13.9316804559673,0.614418174386335,NA,NA,0.769165849385511,35.0145984711763,23235800000,6.47059679470576,6.76208242268326,2.82242433756323,NA,22234200000,1.04204964659129,504500000,0.14681958797389
"Belgium","Government expenditure on health",1998,0.148522938303872,NA,1349300000,NA,345500000,NA,NA,NA,NA,12.0243347420239,2.33135623528142,NA,NA,0.580034734163285,29.6002274312689,14240600000,5.32632058601004,6.1217243276704,1.90536037053773,NA,12390300000,0.83276192429204,259900000,0.111725359378224
"Belgium","Government expenditure on health",2011,0.0687558515618351,NA,3141500000,NA,258500000,NA,NA,NA,NA,13.9849999302837,0.932896417822111,NA,NA,0.835576432036769,34.7880782611088,29086800000,7.39940633245383,7.73650949016938,2.71482928507047,NA,27819400000,1.01983039919356,623200000,0.165758787981956
"Belarus","Government expenditure on health",2006,3.75643478653452,87800800,87800800,4.43569079899603,307882000,87800800,NA,3.10412007949595,1.07124800867072,10.4007504271279,22.0904546149866,NA,1.07124800867072,1.07124800867072,0,395682800,0,4.82768279520524,4.43569079899603,NA,0,NA,NA,NA
"Belgium","Government expenditure on health",2000,0.147088651043779,NA,1482200000,NA,377100000,NA,NA,NA,NA,12.7126757848603,2.2121194345046,NA,NA,0.578135238867913,31.4682232494038,16092900000,5.48612194589197,6.27706961650077,1.9758082791459,NA,14065100000,0.776409041379781,261500000,0.101998627016569
"Belgium","Government expenditure on health",2003,0.195411822859805,NA,1647500000,NA,549500000,NA,NA,NA,NA,13.4506065737121,2.75694252815894,NA,NA,0.585879851067386,32.3665156293053,19303100000,6.01527021596652,6.8645203964424,2.0789771558583,NA,1.6915e+10,0.749614805325208,303100000,0.107787667895918
"Belarus","Government expenditure on health",2012,3.222253813662,435140000,435140000,4.25585603207981,1764560000,435140000,NA,2.74437583960342,0.794606884706036,10.0629477478796,19.883217534948,NA,0.794606884706036,0.794606884706036,0,2199700000,0,4.01686069836804,4.25585603207981,NA,0,NA,NA,NA
"Belarus","Government expenditure on health",2005,3.78096287039195,72432500,72432500,4.79781672760715,254382600,72432500,NA,3.31765300571828,1.07658539974694,10.3433494718632,20.7119688927938,NA,1.07658539974694,1.07658539974694,0,326815100,0,4.85754827013889,4.79781672760715,NA,0,NA,NA,NA
"Belarus","Government expenditure on health",2011,3.08509495679344,240130000,240130000,4.46664570959828,947880000,240130000,NA,2.9550497225603,0.781558690946964,10.8630472053949,20.9497077057387,NA,0.781558690946964,0.781558690946964,0,1188010000,0,3.8666536477404,4.46664570959828,NA,0,NA,NA,NA
"Belgium","Government expenditure on health",2004,0.0529613907418638,NA,1827600000,NA,157200000,NA,NA,NA,NA,13.9784358510638,0.777921287430039,NA,NA,0.615726703052355,34.830913582002,20459300000,6.60346337847854,6.89283067178762,2.27133195300247,NA,19600400000,0.962620767282619,410500000,0.138299305976686
"Belgium","Government expenditure on health",2012,0.0633650547031786,NA,3263600000,NA,244700000,NA,NA,NA,NA,14.0433976927391,0.830276770233543,NA,NA,0.845109082669774,34.8461722115781,30647300000,7.59665954554282,7.93611704538098,2.67978917064976,NA,29336400000,1.05068527461237,658600000,0.170544442286528
"Belgium","Government expenditure on health",2002,0.066604453715394,NA,1449900000,NA,1.82e+08,NA,NA,NA,NA,12.7219820345841,0.976609661996469,NA,NA,0.530603282648076,31.5549936274918,17343700000,5.6810305392399,6.34707507639384,1.92066700755338,NA,15523700000,0.762086272839868,293500000,0.107408830579495
"Belarus","Government expenditure on health",1998,3.62933765468742,674670,674670,4.78827257532798,2547160,674670,NA,3.16412240590925,0.961307980451941,NA,19.5409282700422,NA,0.961307980451941,0.961307980451941,0,NA,0,NA,4.78827257532798,NA,0,NA,NA,NA
"Belarus","Government expenditure on health",2014,3.44492324142425,682922194.8,682922194.8,5.04042133974832,2775894000,682922194.8,NA,2.9779509226981,0.847515986183543,10.9033477754765,21.0280780058553,NA,0.847515986183543,0.847515986183543,0,3458816194.8,0,4.2924392276078,5.04042133974832,NA,0,NA,NA,NA
"Belarus","Government expenditure on health",1996,3.5583797651568,218940,218940,6.58355284523509,682310,218940,NA,3.50221627873124,1.14181481406315,NA,25.9137865552602,NA,1.14181481406315,1.14181481406315,0,NA,0,NA,6.58355284523509,NA,0,NA,NA,NA
"Belarus","Government expenditure on health",2003,3.6857913315189,38547700,38547700,5.28855268674705,139367900,38547700,NA,3.43730761214468,1.01945124027837,10.4166385452332,19.6440548494181,NA,1.01945124027837,1.01945124027837,0,177915600,0,4.70524257179727,5.28855268674705,NA,0,NA,NA,NA
"Bhutan","Government expenditure on health",2014,NA,NA,NA,9.23228163537493,NA,2974136860,NA,NA,NA,NA,NA,NA,2.71240955592869,NA,NA,NA,NA,NA,NA,NA,NA,NA,NA,NA
"Belarus","Government expenditure on health",2013,3.29764115532024,561873000,561873000,4.69087493738521,2211690000,561873000,NA,2.8349075167257,0.837755530324435,9.94225144102549,18.8768734423543,NA,0.837755530324435,0.837755530324435,0,2773570000,0,4.13540712268065,4.69087493738521,NA,0,NA,NA,NA
"Belgium","Government expenditure on health",2014,0.0466000337465633,NA,3403600000,NA,187800000,NA,NA,NA,NA,14.4382433938144,0.639347443461328,NA,NA,0.844557374120356,34.8552765531871,32369300000,7.71399291322171,8.03200464511518,2.72876540121735,NA,31087700000,0.990955813290839,657300000,0.163100118112972
"Belarus","Government expenditure on health",1995,3.57082540078132,149320,149320,6.22937551887127,433300,149320,NA,3.70289545991092,1.23054615473036,NA,25.2632438168313,NA,1.23054615473036,1.23054615473036,0,NA,0,NA,6.22937551887127,NA,0,NA,NA,NA
"Belgium","Government expenditure on health",1997,0.154974765842187,NA,1.363e+09,NA,347300000,NA,NA,NA,NA,11.6509627485636,2.37722030185838,NA,NA,0.608207906256554,28.7546272795929,13460800000,5.1819045876636,6.00657739144404,1.97641354169537,NA,11612700000,0.808231424697573,2.45e+08,0.109325705820144
"Belarus","Government expenditure on health",2000,3.48772563225818,9277000,9277000,5.52814425494893,32980000,9277000,NA,3.51428138495341,0.981068244101249,NA,18.4569580157371,NA,0.981068244101249,0.981068244101249,0,NA,0,NA,5.52814425494893,NA,0,NA,NA,NA
"Belarus","Government expenditure on health",2001,3.57664075253856,17876000,17876000,5.84255561148116,63524000,17876000,NA,3.51875217756746,1.00648621139065,NA,18.9572950550598,NA,1.00648621139065,1.00648621139065,0,NA,0,NA,5.84255561148116,NA,0,NA,NA,NA
"Belgium","Government expenditure on health",2006,0.0381976374053901,NA,2418400000,NA,124200000,NA,NA,NA,NA,13.7341294014229,0.5477808700101,NA,NA,0.743777506450849,34.4074650896215,21779500000,6.43445660631522,6.69827249493312,2.75404354950935,NA,20921700000,0.94284729106504,437500000,0.134552869282272
"Belarus","Government expenditure on health",2004,3.7452233360004,52508100,52508100,4.96296263390016,193599200,52508100,NA,3.32203866800599,1.01578189088097,10.4916087311298,20.9595145167432,NA,1.01578189088097,1.01578189088097,0,246107300,0,4.76100522688137,4.96296263390016,NA,0,NA,NA,NA
"Belarus","Government expenditure on health",2007,3.8306608488158,105669800,105669800,3.99840517554364,384869900,105669800,NA,2.86268781835847,1.05174544894832,10.1133625466623,21.6625095298012,NA,1.05174544894832,1.05174544894832,0,490539700,0,4.88240629776412,3.99840517554364,NA,0,NA,NA,NA
"Belarus","Government expenditure on health",1997,3.95983111677413,539440,539440,7.85753197985218,1451890,539440,NA,4.42914347505158,1.47124871555878,NA,24.5564452021663,NA,1.47124871555878,1.47124871555878,0,NA,0,NA,7.85753197985218,NA,0,NA,NA,NA
"Belarus","Government expenditure on health",2009,3.28865595571298,148379100,148379100,4.41647840412898,467289400,148379100,NA,3.07355828983346,1.04425182963348,9.37884267355631,19.9971499242547,NA,1.04425182963348,1.04425182963348,0,615668500,0,4.33290778534646,4.41647840412898,NA,0,NA,NA,NA
"Belgium","Government expenditure on health",2013,0.0663561392791692,NA,3362200000,NA,260700000,NA,NA,NA,NA,14.272699294322,0.887021316411766,NA,NA,0.855782936265526,34.5535617058591,31489100000,7.67274994909387,8.01494094889025,2.76284044518364,NA,30144700000,1.04826592254147,683700000,0.174022602321319
"Belgium","Government expenditure on health",2001,0.0827737530028184,NA,1374900000,NA,218800000,NA,NA,NA,NA,12.7604188624547,1.26644555962655,NA,NA,0.520135434202811,31.7921346754747,1.6647e+10,5.63122552821231,6.29769043070346,1.7452820009622,NA,14885300000,0.792494412801659,281200000,0.106380161537443
"Belarus","Government expenditure on health",2002,3.47256309529894,25344000,25344000,6.28030935677876,93861000,25344000,NA,3.57514159360695,0.93764864093986,NA,20.0276107524037,NA,0.93764864093986,0.93764864093986,0,NA,0,NA,6.28030935677876,NA,0,NA,NA,NA
"Belgium","Government expenditure on health",2005,0.0565416385786213,NA,2396600000,NA,175300000,NA,NA,NA,NA,13.1169050123834,0.823511173538655,NA,NA,0.773004512364653,34.4324610881842,21084100000,6.51525463089889,6.80051090676274,2.58802592561396,NA,20199700000,0.970716639764762,431800000,0.139273699590694
"Bhutan","Government expenditure on health",2003,NA,NA,NA,8.58096269678126,NA,848699000,NA,NA,NA,NA,NA,NA,3.1753910177087,NA,NA,NA,NA,NA,NA,NA,NA,NA,NA,NA
"Bhutan","Government expenditure on health",2012,NA,NA,NA,8.57275373282472,NA,2954670249,NA,NA,NA,NA,NA,NA,3.31753132567555,NA,NA,NA,NA,NA,NA,NA,NA,NA,NA,NA
"Bhutan","Government expenditure on health",2013,NA,NA,NA,8.20708061569845,NA,2951796528,NA,NA,NA,NA,NA,NA,2.98016066547719,NA,NA,NA,NA,NA,NA,NA,NA,NA,NA,NA
"Bhutan","Government expenditure on health",1995,NA,NA,NA,7.13973082394135,NA,2.61e+08,NA,NA,NA,NA,NA,NA,2.89829210184408,NA,NA,NA,NA,NA,NA,NA,NA,NA,NA,NA
"Belize","Government expenditure on health",1995,NA,NA,NA,10.6645104381064,NA,32643000,NA,NA,NA,NA,NA,NA,2.63264819618315,NA,NA,NA,NA,NA,NA,NA,NA,NA,NA,NA
"Bhutan","Government expenditure on health",2005,NA,NA,NA,9.86005449092539,NA,1064448000,NA,NA,NA,NA,NA,NA,3.22184351268228,NA,NA,NA,NA,NA,NA,NA,NA,NA,NA,NA
"Bhutan","Government expenditure on health",2004,NA,NA,NA,8.48623146578785,NA,831844000,NA,NA,NA,NA,NA,NA,2.81655177171976,NA,NA,NA,NA,NA,NA,NA,NA,NA,NA,NA
"Bhutan","Government expenditure on health",2009,NA,NA,NA,9.50147996436017,NA,1930484000,NA,NA,NA,NA,NA,NA,3.41228893663764,NA,NA,NA,NA,NA,NA,NA,NA,NA,NA,NA
"Bhutan","Government expenditure on health",2002,NA,NA,NA,11.684168778109,NA,1142763000,NA,NA,NA,NA,NA,NA,4.85310851888691,NA,NA,NA,NA,NA,NA,NA,NA,NA,NA,NA
"Bhutan","Government expenditure on health",2000,NA,NA,NA,9.21864126130883,NA,768300000,NA,NA,NA,NA,NA,NA,4.16347023024291,NA,NA,NA,NA,NA,NA,NA,NA,NA,NA,NA
"Bhutan","Government expenditure on health",2001,NA,NA,NA,7.50244949377129,NA,8.04e+08,NA,NA,NA,NA,NA,NA,3.92967912800873,NA,NA,NA,NA,NA,NA,NA,NA,NA,NA,NA
"Bhutan","Government expenditure on health",2011,NA,NA,NA,7.87607418209993,NA,2300485062,NA,NA,NA,NA,NA,NA,2.99306878856776,NA,NA,NA,NA,NA,NA,NA,NA,NA,NA,NA
"Bhutan","Government expenditure on health",2010,NA,NA,NA,7.82066497767961,NA,1976846995,NA,NA,NA,NA,NA,NA,3.02928937272769,NA,NA,NA,NA,NA,NA,NA,NA,NA,NA,NA
"Bhutan","Government expenditure on health",2007,NA,NA,NA,11.369347785827,NA,1690093000,NA,NA,NA,NA,NA,NA,3.84326168123077,NA,NA,NA,NA,NA,NA,NA,NA,NA,NA,NA
"Bhutan","Government expenditure on health",2008,NA,NA,NA,9.41138735183326,NA,1791606000,NA,NA,NA,NA,NA,NA,3.52248877345026,NA,NA,NA,NA,NA,NA,NA,NA,NA,NA,NA
"Bhutan","Government expenditure on health",2006,NA,NA,NA,12.1705550769673,NA,1572005000,NA,NA,NA,NA,NA,NA,4.20388857976653,NA,NA,NA,NA,NA,NA,NA,NA,NA,NA,NA
"Bhutan","Government expenditure on health",1999,NA,NA,NA,8.32097748489841,NA,606100000,NA,NA,NA,NA,NA,NA,3.66061491679351,NA,NA,NA,NA,NA,NA,NA,NA,NA,NA,NA
"Belize","Government expenditure on health",1996,NA,NA,NA,8.26575534723599,NA,26267000,NA,NA,NA,NA,NA,NA,2.04804537034146,NA,NA,NA,NA,NA,NA,NA,NA,NA,NA,NA
"Bhutan","Government expenditure on health",1998,NA,NA,NA,12.1632813181065,NA,558100000,NA,NA,NA,NA,NA,NA,3.92304682589332,NA,NA,NA,NA,NA,NA,NA,NA,NA,NA,NA
"Bhutan","Government expenditure on health",1997,NA,NA,NA,10.1174793763227,NA,468500000,NA,NA,NA,NA,NA,NA,3.88240825180749,NA,NA,NA,NA,NA,NA,NA,NA,NA,NA,NA
"Bhutan","Government expenditure on health",1996,NA,NA,NA,8.52959591581178,NA,354200000,NA,NA,NA,NA,NA,NA,3.42687623012418,NA,NA,NA,NA,NA,NA,NA,NA,NA,NA,NA
"Belarus","Government expenditure on health",1992,1.00176750577992,90,50,2.40384615384615,290,50,NA,2.60869565217391,0.310893363862733,NA,20.4225352112676,NA,0.172718535479296,0.172718535479296,2.24719101123596,NA,0.0690874141917185,NA,2.40384615384615,NA,20,NA,NA,NA
"Belarus","Government expenditure on health",1993,1.20351638044706,2350,1010,4.10736071573811,3690,1010,NA,5.64903846153846,0.766467071558425,NA,20.1639344262295,NA,0.329417762669791,0.329417762669791,0,NA,0,NA,4.10736071573811,NA,0,NA,NA,NA
"Belarus","Government expenditure on health",1994,1.18318555203742,28660,28660,6.47317899491813,65530,28660,NA,4.52128918266576,0.517474407468219,NA,22.0010072183985,NA,0.517474407468219,0.517474407468219,0,NA,0,NA,6.47317899491813,NA,0,NA,NA,NA
"Belize","Government expenditure on health",1992,NA,NA,NA,6.35306433079251,NA,21120000,NA,NA,NA,NA,NA,NA,2.03840427984677,NA,NA,NA,NA,NA,NA,NA,NA,NA,NA,NA
"Bhutan","Government expenditure on health",1994,NA,NA,NA,7.48529920442753,NA,216400000,NA,NA,NA,NA,NA,NA,2.81035590269957,NA,NA,NA,NA,NA,NA,NA,NA,NA,NA,NA
"Bhutan","Government expenditure on health",1990,NA,NA,NA,4.80054090601758,NA,85200000,NA,NA,NA,NA,NA,NA,1.78461258130322,NA,NA,NA,NA,NA,NA,NA,NA,NA,NA,NA
"Bhutan","Government expenditure on health",1991,NA,NA,NA,6.0837803903664,NA,106600000,NA,NA,NA,NA,NA,NA,1.98562018406556,NA,NA,NA,NA,NA,NA,NA,NA,NA,NA,NA
"Belize","Government expenditure on health",1993,NA,NA,NA,9.75170221762141,NA,33442000,NA,NA,NA,NA,NA,NA,2.9878590313853,NA,NA,NA,NA,NA,NA,NA,NA,NA,NA,NA
"Bhutan","Government expenditure on health",1992,NA,NA,NA,6.51269344055356,NA,139300000,NA,NA,NA,NA,NA,NA,2.32650226522572,NA,NA,NA,NA,NA,NA,NA,NA,NA,NA,NA
"Belize","Government expenditure on health",1990,NA,NA,NA,7.88684753347551,NA,18047000,NA,NA,NA,NA,NA,NA,2.19011357706674,NA,NA,NA,NA,NA,NA,NA,NA,NA,NA,NA
"Belize","Government expenditure on health",1994,NA,NA,NA,13.2843104945365,NA,46356000,NA,NA,NA,NA,NA,NA,3.99188028402824,NA,NA,NA,NA,NA,NA,NA,NA,NA,NA,NA
"Belize","Government expenditure on health",1991,NA,NA,NA,6.84472267937368,NA,19090000,NA,NA,NA,NA,NA,NA,2.14670812558548,NA,NA,NA,NA,NA,NA,NA,NA,NA,NA,NA
"Bhutan","Government expenditure on health",1993,NA,NA,NA,7.00788386935302,NA,1.68e+08,NA,NA,NA,NA,NA,NA,2.50123837553153,NA,NA,NA,NA,NA,NA,NA,NA,NA,NA,NA
"Belarus","Government expenditure on health",2015,3.46502017353835,756908359.19,756908359.19,4.97926941871034,3115393054.49,756908359.19,NA,2.90889700820364,0.841852918152091,10.8681181008366,22.130631093728,NA,0.841852918152091,0.841852918152091,0,3872301413.68,0,4.30687309169044,4.97926941871034,NA,0,NA,NA,NA
"Belgium","Government expenditure on health",2015,0.0496997854581931,NA,3430500000,NA,207100000,NA,NA,NA,NA,14.5749150562444,0.711195054945055,NA,NA,0.823250188384025,36.0522996677207,32639400000,6.68129742597828,7.83279177925712,2.98274001688524,NA,27841100000,5.08130330886416,4.138e+09,0.99303579056496
"Belarus","Government expenditure on health",2016,3.94598251693014,925935830,925935830,5.33419161817896,3746670940,925935830,NA,3.20386109817753,0.975192819302994,12.1628582375493,24.3612664152536,NA,0.975192819302994,0.975192819302994,0,4672606770,0,4.92117533623314,5.33419161817896,NA,0,NA,NA,NA
"Bhutan","Government expenditure on health",2015,NA,NA,NA,9.51508993010199,NA,3457653000,NA,NA,NA,NA,NA,NA,2.82256256304901,NA,NA,NA,NA,NA,NA,NA,NA,NA,NA,NA
"Belgium","Government expenditure on health",2016,0.0376669728077008,NA,3326100000,NA,1.62e+08,NA,NA,NA,NA,14.3473615028569,0.545967423943705,NA,NA,0.773358754664776,30.251620616657,32788800000,6.41270911563993,7.62379529627864,2.81719606790204,NA,27580100000,5.44678885209752,4574600000,1.06365020867968
"Belgium","Government expenditure on health",2017,0.0337939557353106,NA,512700000,NA,150400000,NA,NA,NA,NA,14.5865684780023,0.487877667270026,NA,NA,0.115200539265251,30.3057961969314,33787700000,6.39364116391417,7.59188855184811,0.431040280869782,NA,28454900000,5.47071041447298,4733100000,1.06349848331648
"Bhutan","Government expenditure on health",2017,NA,NA,NA,8.8186550688717,NA,4359019000,NA,NA,NA,NA,NA,NA,2.86043059009003,NA,NA,NA,NA,NA,NA,NA,NA,NA,NA,NA
"Belarus","Government expenditure on health",2017,3.92316899243675,1098689813.88,1098689813.88,5.43308499322226,4148680592.46,1098689813.88,NA,3.39004261660494,1.0389678631693,11.9883210127784,24.2187094756291,NA,1.0389678631693,1.0389678631693,0,5247370406.34,0,4.96213685560605,5.43308499322226,NA,0,NA,NA,NA
"Belgium","Government expenditure on health",2019,0.0279103776048467,NA,7.04e+08,NA,133600000,NA,NA,NA,NA,14.6137440615126,0.402059652892512,NA,NA,0.147072648456677,30.8012458971267,36282200000,6.45174700997545,7.5797148378336,0.555073720728534,NA,30882900000,4.96976212874614,4622500000,0.965686530526976
"Bhutan","Government expenditure on health",2016,NA,NA,NA,9.07357380555033,NA,3991962000,NA,NA,NA,NA,NA,NA,2.9157420080632,NA,NA,NA,NA,NA,NA,NA,NA,NA,NA,NA
"Bhutan","Government expenditure on health",2018,NA,NA,NA,8.66527148954613,NA,4864137000,NA,NA,NA,NA,NA,NA,2.97581121797856,NA,NA,NA,NA,NA,NA,NA,NA,NA,NA,NA
"Belarus","Government expenditure on health",2018,3.75456926883405,1173274864.03,1173274864.03,5.12556648029366,4592577865.93,1173274864.03,NA,3.22123245018899,0.959187166114698,11.619055822544,24.7282832629093,NA,0.959187166114698,0.959187166114698,0,5765852729.96,0,4.71375643494875,5.12556648029366,NA,0,NA,NA,NA
"Belgium","Government expenditure on health",2020,0.0601965521815813,NA,1922900000,NA,276800000,NA,NA,NA,NA,14.9699279178115,0.823033031336507,NA,NA,0.418179010801889,29.153197692844,40553400000,7.20192594171286,8.81927333540658,1.35280022400104,NA,33116400000,5.70462793865987,5.657e+09,1.23024528790175
"Belarus","Government expenditure on health",2022,4.03394794345104,2137173687.56,2137173687.56,5.88570427666227,7719927537.3,2137173687.56,NA,3.7303925814162,1.11675237365577,12.7202494075625,25.6063632605391,NA,1.11675237365577,1.11675237365577,0,9857101224.86,0,5.15070031710682,5.88570427666227,NA,0,NA,NA,NA
"Belarus","Government expenditure on health",2021,4.284976059024,2256140292.75,2256140292.75,6.99943341952508,7419577450.41,2256140292.75,NA,4.37974357455597,1.3029727373085,14.0293744374253,28.2906172763259,NA,1.3029727373085,1.3029727373085,0,9675717743.16,0,5.5879487963325,6.99943341952508,NA,0,NA,NA,NA
"Bhutan","Government expenditure on health",2020,NA,NA,NA,10.8264939398383,NA,6435407000,NA,NA,NA,NA,NA,NA,3.66839329701016,NA,NA,NA,NA,NA,NA,NA,NA,NA,NA,NA
"Belgium","Government expenditure on health",2021,0.0741261079116934,NA,1922300000,NA,372500000,NA,NA,NA,NA,15.5299639009889,1.06823206875686,NA,NA,0.382530516076908,31.0527341071315,43295800000,7.07379975404062,8.61570239710898,1.3143455314098,NA,35547400000,6.03138716530945,6285200000,1.25073131126597
"Bhutan","Government expenditure on health",2019,NA,NA,NA,11.0377714980916,NA,4856120000,NA,NA,NA,NA,NA,NA,2.80780350135775,NA,NA,NA,NA,NA,NA,NA,NA,NA,NA,NA
"Belarus","Government expenditure on health",2019,3.64907376988112,1239681152.56,1239681152.56,5.03650578340491,4916473720.71,1239681152.56,NA,3.07329828390924,0.920108238912627,11.2258065243766,23.4833504205207,NA,0.920108238912627,0.920108238912627,0,6156154873.27,0,4.56918200879375,5.03650578340491,NA,0,NA,NA,NA
"Belgium","Government expenditure on health",2018,0.0294967297104017,NA,541200000,NA,135700000,NA,NA,NA,NA,14.6004284093971,0.414996131391995,NA,NA,0.117639131313702,30.4351590539429,35116600000,6.41828840715486,7.63319718900731,0.442752987682762,NA,29527400000,5.45858933291323,4989500000,1.08455366904974
"Belarus","Government expenditure on health",2023,4.30140491443086,2465706685.71,2465706685.71,5.89289665203426,9297099596.1,2465706685.71,NA,3.74218296522277,1.14078619313781,12.8876968211351,25.036156059006,NA,1.14078619313781,1.14078619313781,0,11762806281.81,0,5.44219110756867,5.89289665203426,NA,0,NA,NA,NA
"Belarus","Government expenditure on health",2020,4.27302971587114,1509422541.23,1509422541.23,5.11571123298353,6397614274.84,1509422541.23,NA,3.22543351516617,1.00815821263979,12.6844858453589,27.7804670331339,NA,1.00815821263979,1.00815821263979,0,7907036816.07,0,5.28118792851093,5.11571123298353,NA,0,NA,NA,NA
"Bulgaria","Government expenditure on health",1990,2.02965355097033,428000,423000,2.58826408860062,1335000,423000,0,1.77130323221454,0.650705408101348,6.21584458625674,23.8435434899089,0,0.643103709408575,0.643103709408575,0.099009900990099,1763000,0.0076016986927727,2.68035895907167,2.21315335112227,0,5000,NA,NA,NA
"Bulgaria","Government expenditure on health",1991,1.95669908909108,1621000,1605000,3.6076033497275,3848000,1357000,248000,2.98010810015811,0.824274746210144,8.42655079966719,25.9719222462203,4.3956043956044,0.690031357561484,0.81613878326174,0.0973354422679158,5469000,0.0081359629484036,2.78097383530122,3.76248300436026,0.126107425700256,16000,NA,NA,NA
"Bulgaria","Government expenditure on health",1992,2.5341613698442,3039000,2999000,5.66258939388018,7375000,2898000,101000,3.72513207732193,1.04424629192631,10.5956087336955,28.1897408455011,1.07048224695284,0.995796562685897,1.03050168788647,0.160623218086174,10414000,0.0137446040398329,3.57840766177051,4.97239401124136,0.0347051252005782,40000,NA,NA,NA
"Bulgaria","Government expenditure on health",1993,2.23463545544226,4481000,4401000,4.55481980145657,9680000,4134000,267000,3.35343950188589,1.03444230122281,9.34435748881528,28.9776979494088,2.02748879945326,0.954337083966767,1.01597423960758,0.205460102216401,14161000,0.0184680616152253,3.26907775666507,4.2345809679592,0.0616371556408144,80000,NA,NA,NA
"Bulgaria","Government expenditure on health",1994,1.91444397183725,6560000,6430000,3.50927468223691,14580000,5878000,552000,2.83515068220813,0.861368481155855,8.2392741332003,30.6431273644388,2.42488139167106,0.771817672596664,0.844298678937828,0.218168392434591,21140000,0.0170698022180276,2.77581245299311,3.45249728847414,0.0724810063411634,130000,NA,NA,NA
"Bulgaria","Government expenditure on health",1995,1.36186511162308,NA,7239000,NA,17373000,NA,NA,NA,NA,6.05985129653149,17.3423041217046,NA,NA,0.5674633939469,NA,24573000,NA,1.92627130535394,2.77990053954417,NA,NA,NA,NA,NA
"Bulgaria","Government expenditure on health",1996,1.2650316235045,NA,10667000,NA,27668000,NA,NA,NA,NA,4.76473691545062,16.5603265618828,NA,NA,0.48771477258647,NA,38294000,NA,1.75087180101493,1.96696705002886,NA,NA,NA,NA,NA
"Bulgaria","Government expenditure on health",1997,1.19623123925219,NA,169991000,NA,227671000,NA,NA,NA,NA,6.57957852667173,18.1013214773259,NA,NA,0.893168407885581,NA,397644000,NA,2.08930507135821,4.62830056141535,NA,NA,NA,NA,NA
"Bulgaria","Government expenditure on health",1998,1.21476016020839,NA,338625000,NA,321426000,NA,NA,NA,NA,7.35037726679682,18.7322323354885,NA,NA,1.27976006686007,NA,660053000,NA,2.49452778563659,5.94256181668217,NA,NA,NA,NA,NA
"Bulgaria","Government expenditure on health",1999,1.54019081468722,NA,389526000,NA,385709000,NA,NA,NA,NA,12.017244438658,20.5576498842627,NA,NA,1.55543263777059,15.1044275064662,1259005000,1.93173835527911,5.02738576658903,6.03091866513636,NA,483764000,NA,NA,NA
"Bulgaria","Government expenditure on health",2000,1.92536643711902,NA,438108000,NA,541507000,NA,NA,NA,NA,8.91252748707616,25.4021604926689,NA,NA,1.55772397962231,2.92361793220314,1077099000,0.346597034369569,3.82970167339381,5.9898378329898,NA,97480000,NA,NA,NA
"Bulgaria","Government expenditure on health",2001,0.805232879357742,NA,580059000,NA,249515000,NA,NA,NA,NA,9.80681900294259,11.974480293206,NA,NA,1.87196192119661,10.3888211040378,1233674000,1.30410839648303,3.98130319703739,7.13959805443587,NA,404100000,NA,NA,NA
"Bulgaria","Government expenditure on health",2002,0.806047496013351,NA,894075000,NA,274610000,NA,NA,NA,NA,12.3968716217342,10.9525718262729,NA,NA,2.62432873893207,14.1348857764799,1651089000,1.68888979424875,4.84634992951891,10.0516198445502,NA,575383000,NA,NA,NA
"Bulgaria","Government expenditure on health",2003,0.914530853028165,NA,1098438000,NA,335065000,NA,NA,NA,NA,14.1899163386906,14.1951191819775,NA,NA,2.99809123942683,16.9171497102602,2004977000,2.13833698105768,5.4724108042077,11.1753567897151,NA,783442000,NA,NA,NA
"Bulgaria","Government expenditure on health",2004,0.869705630868853,NA,1498481000,NA,358330000,NA,NA,NA,NA,15.4621248199677,13.6997299662525,NA,NA,3.6369753117238,17.4089381445701,2409404000,2.13956128614107,5.8478838663744,13.7366423553585,NA,881527000,NA,NA,NA
"Bulgaria","Government expenditure on health",2005,0.724646959285573,NA,1428028000,NA,340709000,NA,NA,NA,NA,13.3973307517686,10.3795582635187,NA,NA,3.03724336009515,19.2281019341863,2305020000,2.27449122917466,4.90249959376603,12.4518242436799,NA,1069403000,NA,NA,NA
"Bulgaria","Government expenditure on health",2006,0.708662718681067,NA,1067034000,NA,379903000,NA,NA,NA,NA,11.2829117095673,11.1754352987412,NA,NA,1.99042180600083,20.910827373999,2035631000,2.46360292995677,3.79722139254352,8.29893378042966,NA,1320699000,NA,NA,NA
"Bulgaria","Government expenditure on health",2007,0.643766117147051,NA,1402320000,NA,408756000,NA,NA,NA,NA,10.7397447920059,10.0662478676491,NA,NA,2.20856966355883,21.3297803206944,2567535000,2.36496749135138,4.0437132117673,7.72248782485077,NA,1501624000,NA,NA,NA
"Bulgaria","Government expenditure on health",2008,0.737118397205081,NA,1579161000,NA,536969000,NA,NA,NA,NA,11.9391253066299,10.4264671245386,NA,NA,2.16777621287034,19.7368565946638,3216698000,2.18973729464319,4.4156874494669,7.85229425966307,NA,1595159000,NA,NA,NA
"Bulgaria","Government expenditure on health",2009,0.572004127001284,NA,1335503000,NA,418601000,NA,NA,NA,NA,10.057778079257,6.98648887046303,NA,NA,1.82491973889837,17.6794986351575,2895772000,2.3243453789836,3.95697462465393,6.27975854747042,NA,1700990000,NA,NA,NA
"Bulgaria","Government expenditure on health",2010,0.593155617126943,NA,1659830000,NA,444200000,NA,NA,NA,NA,12.1939831227806,8.25613420362876,NA,NA,2.21642838355654,19.4674459723693,3301299000,2.63834203043417,4.40833868902647,8.36250138360672,NA,1975791000,NA,NA,NA
"Bulgaria","Government expenditure on health",2011,0.491231476602487,NA,1511329000,NA,398518000,NA,NA,NA,NA,12.2566805526412,7.42540091627358,NA,NA,1.86293310792025,21.1474513803143,3352278000,2.74322452901719,4.13217087288914,7.46462926155573,NA,2225477000,NA,NA,NA
"Bulgaria","Government expenditure on health",2012,0.5587538703298,NA,1631422000,NA,461770000,NA,NA,NA,NA,12.7211781252101,8.56587891200705,NA,NA,1.97406361747446,22.3340950948083,3597115000,2.98537097496228,4.35260395493726,7.82558120849731,NA,2467195000,NA,NA,NA
"Bulgaria","Government expenditure on health",2013,0.633886081555536,NA,1593623000,NA,521393000,NA,NA,NA,NA,11.971192579644,8.02368357269541,NA,NA,1.93745493120694,22.5447344681882,3714286000,3.30241453902776,4.51566131174869,7.17694152583916,NA,2716349000,NA,NA,NA
"Bulgaria","Government expenditure on health",2014,1.00124913711236,NA,1935929000,NA,842528000,NA,NA,NA,NA,12.6275877461151,11.2441097169768,NA,NA,2.30063243092312,25.0464996834725,4587392000,3.73792444541079,5.4515960081993,7.43512500301487,NA,3145377000,NA,NA,NA
"Bulgaria","Government expenditure on health",2015,1.21143709889674,NA,2046670000,NA,1085101000,NA,NA,NA,NA,13.1367895895698,11.7084641511026,NA,NA,2.28495961868894,24.4648562010962,4752530000,3.54350327904941,5.30585738619697,8.18573045526719,NA,3173965000,NA,NA,NA
"Bulgaria","Government expenditure on health",2016,0.641010588431464,NA,2099160000,NA,611200000,NA,NA,NA,NA,14.2587490522384,9.34914100942884,NA,NA,2.20154415381511,24.7866948679065,4721954000,3.51755294543474,4.95226196349199,8.93316822771706,NA,3353967000,NA,NA,NA
"Bulgaria","Government expenditure on health",2017,0.619248760118122,NA,1909306000,NA,635863000,NA,NA,NA,NA,13.9575525557209,8.80936676238526,NA,NA,1.85941841746743,25.5478288952604,4982025000,3.56693043355477,4.85185142731608,7.74213770808222,NA,3662630000,NA,NA,NA
"Bulgaria","Government expenditure on health",2018,0.668138244574181,NA,2042328000,NA,734388000,NA,NA,NA,NA,13.4291265326974,9.14137623278029,NA,NA,1.85808788374088,26.2362807363693,5448818000,3.62013114501624,4.95727557302707,7.69300396743828,NA,3979088000,NA,NA,NA
"Bulgaria","Government expenditure on health",2019,0.627707631914051,NA,2284372000,NA,755396000,NA,NA,NA,NA,12.7405891845661,8.50119550804984,NA,NA,1.89823316317635,26.5686133864422,5565236000,3.51497361108626,4.62451629423882,7.73978971529124,NA,4229990000,NA,NA,NA
"Bulgaria","Government expenditure on health",2020,0.68852046093354,NA,3061610000,NA,829615000,NA,NA,NA,NA,14.1436278214829,9.66697207500437,NA,NA,2.54091491643562,24.8811730558732,7040890000,3.93091432926178,5.84342957658957,8.75118614829188,NA,4736454000,NA,NA,NA
"Bulgaria","Government expenditure on health",2021,0.791700687591746,NA,3407740000,NA,1100301000,NA,NA,NA,NA,14.0176293745699,9.75377394384001,NA,NA,2.45197459707289,24.6606917362414,8.119e+09,4.48644204630676,5.84187225364458,8.09443159904347,NA,6235231000,NA,NA,NA
"Bulgaria","Government expenditure on health",2022,0.685855445539457,NA,3812599000,NA,1150927000,NA,NA,NA,NA,13.4384208604152,9.39773133684879,NA,NA,2.2719875246721,24.6606917362414,9323816000,3.715671919719,5.55620814943773,7.19168604205909,NA,6235231000,NA,NA,NA
"Botswana","Government expenditure on health",1990,0.43714054519672,NA,NA,5.05461654414714,30800000,119710000,NA,NA,NA,NA,16.7391304347826,NA,1.69902904758115,NA,NA,NA,NA,NA,NA,NA,NA,NA,NA,NA
"Botswana","Government expenditure on health",1994,0.196959990447476,NA,NA,5.66230275275026,22500000,227500000,NA,NA,NA,NA,15.8005617977528,NA,1.99148434785781,NA,NA,NA,NA,NA,NA,NA,NA,NA,NA,NA
"Botswana","Government expenditure on health",1991,NA,NA,NA,4.73005610671423,NA,127300000,NA,NA,NA,NA,NA,NA,1.59857709219356,NA,NA,NA,NA,NA,NA,NA,NA,NA,NA,NA
"Botswana","Government expenditure on health",1992,NA,NA,NA,4.93253980618826,NA,158300000,NA,NA,NA,NA,NA,NA,1.81127453570298,NA,NA,NA,NA,NA,NA,NA,NA,NA,NA,NA
"Botswana","Government expenditure on health",1993,NA,NA,NA,5.13441202700981,NA,201500000,NA,NA,NA,NA,NA,NA,2.00081719109119,NA,NA,NA,NA,NA,NA,NA,NA,NA,NA,NA
"Botswana","Government expenditure on health",1995,NA,NA,NA,5.38996366080618,NA,256600000,NA,NA,NA,NA,NA,NA,1.92675387569886,NA,NA,NA,NA,NA,NA,NA,NA,NA,NA,NA
"Botswana","Government expenditure on health",1996,NA,NA,NA,5.19083969465649,NA,299200000,NA,NA,NA,NA,NA,NA,1.83990903565979,NA,NA,NA,NA,NA,NA,NA,NA,NA,NA,NA
"Botswana","Government expenditure on health",2017,NA,NA,NA,9.19741141801958,NA,7.133e+09,NA,NA,NA,NA,NA,NA,4.2803111504565,NA,NA,NA,NA,NA,NA,NA,NA,NA,NA,NA
"Botswana","Government expenditure on health",2018,NA,NA,NA,11.930097888361,NA,7438490000,NA,NA,NA,NA,NA,NA,4.28175167527638,NA,NA,NA,NA,NA,NA,NA,NA,NA,NA,NA
"Botswana","Government expenditure on health",2019,NA,NA,NA,12.3711680695436,NA,8090760000,NA,NA,NA,NA,NA,NA,4.50538572754206,NA,NA,NA,NA,NA,NA,NA,NA,NA,NA,NA
"Botswana","Government expenditure on health",2020,NA,NA,NA,15.6856340206703,NA,10319450000,NA,NA,NA,NA,NA,NA,6.03328788784673,NA,NA,NA,NA,NA,NA,NA,NA,NA,NA,NA
"Botswana","Government expenditure on health",2021,NA,NA,NA,14.9152579258255,NA,10006390000,NA,NA,NA,NA,NA,NA,4.8167229280801,NA,NA,NA,NA,NA,NA,NA,NA,NA,NA,NA
"Botswana","Government expenditure on health",2022,NA,NA,NA,15.1132598125254,NA,10870930000,NA,NA,NA,NA,NA,NA,4.31841992529358,NA,NA,NA,NA,NA,NA,NA,NA,NA,NA,NA
"Brazil","Government expenditure on health",2010,NA,72096063170.8779,72096063170.8779,6.24786440090345,NA,72096063170.8779,0,5.97869573743994,1.85535002203838,NA,NA,0,1.85535002203838,1.85535002203838,NA,NA,NA,NA,5.97869573743994,0,NA,NA,NA,NA
"Brazil","Government expenditure on health",2011,NA,81551737945.7487,81551737945.7487,6.21695373504692,NA,81551737945.7487,0,5.94039297198187,1.86345108689664,NA,NA,0,1.86345108689664,1.86345108689664,NA,NA,NA,NA,5.94039297198187,0,NA,NA,NA,NA
"Brazil","Government expenditure on health",2012,NA,91838881734.8257,91838881734.8257,6.48421945759979,NA,91838881734.8257,0,6.18350457384007,1.90744464386233,NA,NA,0,1.90744464386233,1.90744464386233,NA,NA,NA,NA,6.18350457384007,0,NA,NA,NA,NA
"Brazil","Government expenditure on health",2013,NA,100535344538.054,100535344538.054,6.39882841397843,NA,100535344538.054,0,6.08583401765768,1.88564382672607,NA,NA,0,1.88564382672607,1.88564382672607,NA,NA,NA,NA,6.08583401765768,0,NA,NA,NA,NA
"Brazil","Government expenditure on health",2014,NA,113442996187.871,113442996187.871,6.40942910529814,NA,113442996187.871,0,6.09483243173093,1.96303718316918,NA,NA,0,1.96303718316918,1.96303718316918,NA,NA,NA,NA,6.09483243173093,0,NA,NA,NA,NA
"Brazil","Government expenditure on health",2015,NA,121825919983.867,121825919983.867,5.79162341607869,NA,121825919983.867,0,5.51729605283055,2.03185870318387,NA,NA,0,2.03185870318387,2.03185870318387,NA,NA,NA,NA,5.51729605283055,0,NA,NA,NA,NA
"Brazil","Government expenditure on health",2016,NA,134258189873.074,134258189873.074,6.20846214508429,NA,134258189873.074,0,5.89457311648599,2.14150880745372,NA,NA,0,2.14150880745372,2.14150880745372,NA,NA,NA,NA,5.89457311648599,0,NA,NA,NA,NA
"Brazil","Government expenditure on health",2017,NA,138098346757.361,138098346757.361,6.2686657942887,NA,138098346757.361,0,5.82788517860403,2.09701293948946,NA,NA,0,2.09701293948946,2.09701293948946,NA,NA,NA,NA,5.82788517860403,0,NA,NA,NA,NA
"Brazil","Government expenditure on health",2018,NA,151107630003.566,151107630003.566,6.44871476056417,NA,151107630003.566,0,6.1124423891502,2.15740416995554,NA,NA,0,2.15740416995554,2.15740416995554,NA,NA,NA,NA,6.1124423891502,0,NA,NA,NA,NA
"Brazil","Government expenditure on health",2019,NA,159338399266.073,159338399266.073,6.67540647882772,NA,159338399266.073,0,6.24451682078858,2.15638888072323,NA,NA,0,2.15638888072323,2.15638888072323,NA,NA,NA,NA,6.24451682078858,0,NA,NA,NA,NA
"Brazil","Government expenditure on health",2020,NA,199228837817.976,199228837817.976,7.28777435258163,NA,199228837817.976,0,6.8520599826369,2.61812600349238,NA,NA,0,2.61812600349238,2.61812600349238,NA,NA,NA,NA,6.8520599826369,0,NA,NA,NA,NA
"Brazil","Government expenditure on health",2021,NA,210527972269.215,210527972269.215,7.71080299576146,NA,210527972269.215,0,7.42191363853991,2.33604810342774,NA,NA,0,2.33604810342774,2.33604810342774,NA,NA,NA,NA,7.42191363853991,0,NA,NA,NA,NA
"Brazil","Government expenditure on health",2022,NA,190151007093.153,190151007093.153,5.81113643632974,NA,190151007093.153,0,5.56395699229414,1.88647935799874,NA,NA,0,1.88647935799874,1.88647935799874,NA,NA,NA,NA,5.56395699229414,0,NA,NA,NA,NA
"Brazil","Government expenditure on health",2023,NA,207744298728.37,207744298728.37,5.88537497841852,NA,207744298728.37,0,5.88537497841852,1.91361602319845,NA,NA,NA,1.91361602319845,1.91361602319845,NA,NA,NA,NA,5.88537497841852,0,NA,NA,NA,NA
"Bolivia","Government expenditure on health",1990,NA,58700000,NA,3.65891666147229,NA,58700000,0,2.31997470555687,0.380104133305998,NA,NA,0,0.380104133305998,NA,0,NA,0,NA,NA,0,0,NA,NA,NA
"Bolivia","Government expenditure on health",1991,NA,105900000,NA,5.21546417138636,NA,105900000,0,3.28739057552617,0.553519179986312,NA,NA,0,0.553519179986312,NA,0,NA,0,NA,NA,0,0,NA,NA,NA
"Bolivia","Government expenditure on health",1992,NA,365400000,NA,12.9349711494212,NA,365400000,0,8.19172308658028,1.659852337454,NA,NA,0,1.659852337454,NA,0,NA,0,NA,NA,0,0,NA,NA,NA
"Bolivia","Government expenditure on health",1993,NA,3.86e+08,NA,10.3471384532904,NA,3.86e+08,0,6.56853569301455,1.57815317439277,NA,NA,0,1.57815317439277,NA,0,NA,0,NA,NA,0,0,NA,NA,NA
"Bolivia","Government expenditure on health",1994,0.0607895216174645,4.54e+08,NA,9.54032317568066,16800000,387900000,66100000,7.09375,1.64276445323386,NA,2.64358772619984,4.12583484177018,1.40358663306039,NA,0,NA,0,NA,NA,0.239177820173477,0,2.22501141031492,19500000,0.0705592661631285
"Bolivia","Government expenditure on health",1995,0.0003102211107225,420600000,NA,6.04881821697491,1e+05,265900000,154700000,6.18383909668313,1.30478999169908,NA,0.0100877635428226,9.9780701754386,0.824877933411284,NA,0,NA,0,NA,NA,0.479912058287799,0,0.757046354530631,6500000,0.0201643721969663
"Bolivia","Government expenditure on health",1996,0.0703312722807273,3.47e+08,NA,4.94870247435124,26400000,262400000,84600000,4.02206922131813,0.924429980356529,NA,1.8500350385424,4.23253952371423,0.699050221456926,NA,0,NA,0,NA,NA,0.225379758899603,0,22.9418577716006,495200000,1.31924416793243
"Bolivia","Government expenditure on health",1997,0.0866874429973031,314900000,NA,4.49431769387112,36100000,3.14e+08,9e+05,3.42517158488965,0.756173844871212,NA,2.13155408597071,0.0662105495475612,0.754012662081805,NA,0,NA,0,NA,NA,0.0021611827894064,0,9.83757631609262,256200000,0.615216700717702
"Bolivia","Government expenditure on health",1998,0.288323995074171,3.52e+08,NA,4.49272575786708,1.35e+08,350500000,1500000,3.40432116675371,0.75177812048969,NA,7.64266304347826,0.0804893754024469,0.748574520544421,NA,0,NA,0,NA,NA,0.0032035999452685,0,14.9964123415451,438900000,0.937373343985582
"Bolivia","Government expenditure on health",1999,0.24379012741476,4.26e+08,NA,4.88840042558664,117400000,418100000,7800000,3.81484565994143,0.88462175705867,NA,6.40130861504907,0.390351316184566,0.868216799592089,NA,0,NA,0,NA,NA,0.0161972997771306,0,15.9500842686556,444800000,0.923661402675344
"Bolivia","Government expenditure on health",2000,0.329876707320148,1.287e+09,NA,6.46134425913842,171300000,6.04e+08,79300000,10.4511791073865,2.47840818634577,NA,9.30826495680052,3.44438170525127,1.16313795225551,NA,90.8912978018669,NA,1.16256023472956,NA,NA,0.152709999360699,603700000,14.9330587023687,478500000,0.921459453897786
"Bolivia","Government expenditure on health",2001,0.30038858264375,1397850000,NA,5.66933195296467,161580000,617710000,72740000,9.92092219118348,2.59870144973738,NA,6.804915643978,3.00562366484445,1.14836632865993,NA,91.3776399922496,NA,1.31510634584843,NA,NA,0.135228775229028,707400000,14.8025981663147,553780000,1.02951596296854
"Bolivia","Government expenditure on health",2002,0.318597597103708,1579948913.57,727254413.43,5.04598787993852,180588534.52,774983048.31,96933529.32,9.05202386127174,2.78737478405236,8.31113379337784,6.32837390186738,2.89316186839936,1.36723927487394,1.28303554385511,86.2545667790741,1646283443.23,1.50433924019725,2.90440337510247,4.41683320369133,0.171011906166798,852694500.14,10.9988018818645,427988926.12,0.755065895026283
"Bolivia","Government expenditure on health",2003,0.543298931654565,1797869864.2,871254107.07,5.19134688247387,336326207.91,874461331.75,67222934.2,9.5600855509834,2.9042660176372,9.3548499214672,11.3395748848495,1.89783462480703,1.41259853124541,1.40741760361848,89.5985780181339,1991526768.06,1.49684841401872,3.21709798404413,4.90244837429475,0.108591443291028,926615757.13,11.5803095065344,472169819.04,0.76273972176622
"Bolivia","Government expenditure on health",2004,0.540314521617647,2051100000,966500000,5.02385813961106,376200000,920200000,56500000,9.88020058093325,2.94587749944167,9.37361906689188,10.5947955390335,1.36714496576088,1.32163057626943,1.38812861547968,92.0088225313879,2269700000,1.55774888396199,3.2598401640499,4.93593246479988,0.0811477152349736,1084600000,10.8733862658343,538200000,0.772985846716156
"Bolivia","Government expenditure on health",2005,0.503098910692933,2303431128.03,1082607832.51,5.31199147249738,387505986.16,1059265123.91,72540072.5,10.0475032405918,2.99054397288614,10.8615575289275,10.8441578026428,1.49829028958594,1.37524360656998,1.40554943845056,93.7683785427418,2963750019.21,1.58499453443558,3.84783579992248,5.006637416313,0.0941787553219057,1220823295.52,14.0521815592313,854231101.19,1.10904799367736
"Bolivia","Government expenditure on health",2006,0.624418836457415,2352366539.9,1108332991.28,4.77295506309766,572890515.87,1015761290.23,100790701.9,9.57302778586738,2.56394884725065,9.56957934453619,11.4828057402255,2.20410339515286,1.1071233776679,1.20802138916796,91.2730288070172,3014689069.98,1.35592745808269,3.28584361097184,4.7752642448781,0.109856265835627,1244033548.62,10.3273666832389,818608504.29,0.892237793440619
"Bolivia","Government expenditure on health",2007,0.794676727414248,2411718747.99,1098975174.72,5.18430280368032,818590000,1131710000,128190000,9.45110220097148,2.34126578885191,9.39649122025956,11.9750108217136,2.36666049416107,1.09864962824122,1.06687107753087,95.1591983425332,3360670247.65,1.27439471132104,3.2624957968225,4.5528212476113,0.124445216393106,1312743573.27,9.96907372499556,1022680000,0.992804695381086
"Burundi","Government expenditure on health",1995,NA,2.688e+09,NA,3.48860422558642,NA,2.097e+09,5.91e+08,3.51818645864691,1.07654836232557,NA,NA,4.59314525530427,0.839851903198181,NA,0,NA,0,NA,NA,0.236696459127384,0,NA,NA,NA
"Burundi","Government expenditure on health",1999,NA,NA,NA,2.56328494181561,NA,2270900000,NA,NA,NA,NA,NA,NA,0.465462417510989,NA,NA,NA,NA,NA,NA,NA,NA,NA,NA,NA
"Burundi","Government expenditure on health",1996,NA,2.647e+09,NA,3.73068803825964,NA,1.997e+09,6.5e+08,3.51037729593528,1.00687215109249,NA,NA,3.73412994772218,0.75962360624545,NA,0,NA,0,NA,NA,0.247248544847042,0,NA,NA,NA
"Cabo Verde","Government expenditure on health",2010,NA,NA,3287567734,5.43428815952172,NA,2636589050,650978684,NA,NA,NA,NA,13.4664358783511,1.90273310151434,2.37252140258729,NA,NA,NA,NA,6.64479543091026,0.46978830107295,NA,NA,NA,NA
"Burundi","Government expenditure on health",2012,NA,NA,NA,8.66779448718699,NA,88822357228,NA,NA,NA,NA,NA,NA,2.63895933602907,NA,NA,NA,NA,NA,NA,NA,NA,NA,NA,NA
"Cabo Verde","Government expenditure on health",2013,NA,NA,3344719663,5.28115291772959,NA,2419609672,817987419,NA,NA,NA,NA,7.49136679803426,1.57400451148693,2.17580707340677,NA,NA,NA,NA,6.43458515425673,0.532117185157933,NA,NA,NA,NA
"Cabo Verde","Government expenditure on health",2009,NA,NA,3076053901,6.5284826284953,NA,2614074445,461979456,NA,NA,NA,NA,10.0299547977078,1.92382401767021,2.26381707900898,NA,NA,NA,NA,7.44988747836121,0.339993061338778,NA,NA,NA,NA
"Burundi","Government expenditure on health",2013,NA,NA,NA,8.38013772496225,NA,91004943638,NA,NA,NA,NA,NA,NA,2.38701491509508,NA,NA,NA,NA,NA,NA,NA,NA,NA,NA,NA
"Cabo Verde","Government expenditure on health",2012,NA,NA,3555250445,5.57198205110885,NA,2749489867,711727303,NA,NA,NA,NA,7.11907950425519,1.82871063693605,2.36462930224835,NA,NA,NA,NA,6.81994600089354,0.473376281620574,NA,NA,NA,NA
"Cabo Verde","Government expenditure on health",2008,NA,NA,3413613353,7.65878030787204,NA,3025263662,388349691,NA,NA,NA,NA,11.0018202974256,2.24595433037071,2.534264959674,NA,NA,NA,NA,8.59444056165828,0.288310629303284,NA,NA,NA,NA
"Cabo Verde","Government expenditure on health",2011,NA,NA,3564526396,6.112080281825,NA,2812079917,752446479,NA,NA,NA,NA,7.97839676541284,1.90102801029281,2.40969841620049,NA,NA,NA,NA,7.24149049113384,0.508670405907673,NA,NA,NA,NA
"Burundi","Government expenditure on health",2011,NA,NA,NA,5.91173161488642,NA,68368584953,NA,NA,NA,NA,NA,NA,2.42481860310959,NA,NA,NA,NA,NA,NA,NA,NA,NA,NA,NA
"Burundi","Government expenditure on health",1997,NA,NA,NA,3.15502761594916,NA,2.085e+09,NA,NA,NA,NA,NA,NA,0.608683883407891,NA,NA,NA,NA,NA,NA,NA,NA,NA,NA,NA
"Burundi","Government expenditure on health",2010,NA,NA,NA,6.17830784641717,NA,74719219433,NA,NA,NA,NA,NA,NA,2.98751760494705,NA,NA,NA,NA,NA,NA,NA,NA,NA,NA,NA
"Burundi","Government expenditure on health",1998,NA,NA,NA,2.9732783181059,NA,2421200000,NA,NA,NA,NA,NA,NA,0.605480080589586,NA,NA,NA,NA,NA,NA,NA,NA,NA,NA,NA
"Cabo Verde","Government expenditure on health",2014,NA,NA,3709460849,6.58859094302888,NA,2696713002,900712636,NA,NA,NA,NA,7.97296312322085,1.74617154550693,2.40194450758827,NA,NA,NA,NA,7.83480456097394,0.583228090825864,NA,NA,NA,NA
"Burundi","Government expenditure on health",1994,NA,2.814e+09,NA,4.52389756121087,NA,2.814e+09,0,4.24754716981132,1.20485854989871,NA,NA,0,1.20485854989871,NA,0,NA,0,NA,NA,0,0,NA,NA,NA
"Burundi","Government expenditure on health",1993,NA,3.011e+09,NA,4.61272136773087,NA,3.011e+09,0,4.07139476708809,1.32213601898858,NA,NA,0,1.32213601898858,NA,0,NA,0,NA,NA,0,0,NA,NA,NA
"Burundi","Government expenditure on health",1991,NA,2.543e+09,NA,5.07058542032222,NA,2.543e+09,0,4.17460109002561,1.20038402142463,NA,NA,0,1.20038402142463,NA,0,NA,0,NA,NA,0,0,NA,NA,NA
"Burundi","Government expenditure on health",1992,NA,2.63e+09,NA,4.57853138818286,NA,2.63e+09,0,3.45606980472549,1.16661178611833,NA,NA,0,1.16661178611833,NA,0,NA,0,NA,NA,0,0,NA,NA,NA
"Cabo Verde","Government expenditure on health",2015,NA,NA,4165489043.28,7.2454075075778,NA,3141426733,905468589,NA,NA,NA,NA,7.67795615531526,1.97948599005552,2.62477145059125,NA,NA,NA,NA,8.30791479256124,0.5705568006831,NA,NA,NA,NA
"Cabo Verde","Government expenditure on health",2016,NA,NA,4315745584.15,7.73127153785795,NA,3260270037.15,936106046,NA,NA,NA,NA,7.65037063053925,1.96659864707226,2.60326271449489,NA,NA,NA,NA,8.78550316369159,0.56466024672884,NA,NA,NA,NA
"Cabo Verde","Government expenditure on health",2017,NA,NA,4241391318.6,6.69587842981382,NA,3159152274.6,1082239044,NA,NA,NA,NA,8.3373381356389,1.82507204220893,2.45029173740118,NA,NA,NA,NA,7.79987540280285,0.62521969519225,NA,NA,NA,NA
"Burkina Faso","Government expenditure on health",2017,NA,NA,NA,4.63900775780448,NA,96801252148.8259,NA,NA,NA,NA,NA,NA,1.17562772725575,NA,NA,NA,NA,NA,NA,NA,NA,NA,NA,NA
"Cameroon","Government expenditure on health",1991,NA,3.065e+10,3.065e+10,4.65819629775981,NA,3.065e+10,NA,4.25836389907747,0.698906648730741,NA,NA,NA,0.698906648730741,0.698906648730741,NA,NA,NA,NA,4.25836389907747,NA,NA,NA,NA,NA
"Cameroon","Government expenditure on health",1995,NA,NA,NA,4.16547680240638,NA,2.188e+10,NA,NA,NA,NA,NA,NA,0.418751268933224,NA,NA,NA,NA,NA,NA,NA,NA,NA,NA,NA
"Cameroon","Government expenditure on health",1998,NA,NA,NA,3.27289094650206,NA,2.545e+10,NA,NA,NA,NA,NA,NA,0.380502262427966,NA,NA,NA,NA,NA,NA,NA,NA,NA,NA,NA
"Cameroon","Government expenditure on health",1990,NA,2.966e+10,2.966e+10,4.45706729179815,NA,2.966e+10,0,4.17917177438672,0.673788966159722,NA,NA,0,0.673788966159722,0.673788966159722,0,NA,0,NA,4.17917177438672,0,0,NA,NA,NA
"Cameroon","Government expenditure on health",1992,NA,2.872e+10,2.872e+10,5.16844226893176,NA,2.872e+10,NA,4.96516432411874,0.684606144150669,NA,NA,NA,0.684606144150669,0.684606144150669,NA,NA,NA,NA,4.96516432411874,NA,NA,NA,NA,NA
"Cameroon","Government expenditure on health",1994,NA,2.376e+10,2.376e+10,4.91894913359419,NA,2.376e+10,0,4.91426916792488,0.514289198701542,NA,NA,0,0.514289198701542,0.514289198701542,NA,NA,NA,NA,4.91426916792488,0,NA,NA,NA,NA
"Cameroon","Government expenditure on health",1993,NA,2.427e+10,2.427e+10,4.84508504351992,NA,2.427e+10,0,4.84286141873691,0.58586578723719,NA,NA,0,0.58586578723719,0.58586578723719,NA,NA,NA,NA,4.84286141873691,0,NA,NA,NA,NA
"Cameroon","Government expenditure on health",1999,NA,NA,NA,3.44615026750407,NA,2.963e+10,NA,NA,NA,NA,NA,NA,0.416241835174628,NA,NA,NA,NA,NA,NA,NA,NA,NA,NA,NA
"Burkina Faso","Government expenditure on health",2018,NA,NA,NA,6.28159658829176,NA,130431541963,NA,NA,NA,NA,NA,NA,1.4778855573853,NA,NA,NA,NA,NA,NA,NA,NA,NA,NA,NA
"Cabo Verde","Government expenditure on health",2018,0,NA,NA,9.52855594367201,0,5181425910,NA,NA,NA,NA,0,NA,2.82062262709905,NA,NA,NA,NA,NA,NA,NA,NA,NA,NA,NA
"Burkina Faso","Government expenditure on health",2019,NA,NA,NA,3.99023466433567,NA,86063772192,0,NA,NA,NA,NA,0,0.907913305206794,NA,0,NA,0,NA,NA,0,0,NA,NA,NA
"Burkina Faso","Government expenditure on health",2020,NA,NA,NA,5.23104622954889,NA,129228359408,NA,NA,NA,NA,NA,NA,1.2519302854366,NA,0,NA,0,NA,NA,NA,0,NA,NA,NA
"Cabo Verde","Government expenditure on health",2020,NA,NA,NA,12.1633619104858,NA,7413848210,NA,NA,NA,NA,NA,NA,4.49567428845231,NA,NA,NA,NA,NA,NA,NA,NA,NA,NA,NA
"Cabo Verde","Government expenditure on health",2019,0,NA,NA,10.3986981273656,0,6397899604,NA,NA,NA,NA,0,NA,3.27757400792074,NA,NA,NA,NA,NA,NA,NA,NA,NA,NA,NA
"Burkina Faso","Government expenditure on health",2022,NA,NA,NA,3.77325216216572,NA,137819123651,NA,NA,NA,NA,NA,NA,1.16946900604861,NA,NA,NA,NA,NA,NA,NA,NA,NA,NA,NA
"Burkina Faso","Government expenditure on health",2021,NA,NA,NA,14.3238408924608,NA,417381593661,NA,NA,NA,NA,NA,NA,3.81338977893378,NA,NA,NA,NA,NA,NA,NA,NA,NA,NA,NA
"Cameroon","Government expenditure on health",2021,NA,NA,NA,5.90217332483931,NA,221151095294,NA,NA,NA,NA,NA,NA,0.879057421636223,NA,NA,NA,NA,NA,NA,NA,NA,NA,NA,NA
"Macao SAR, China","Government expenditure on health",1996,NA,996970000,9.97e+08,0.149236814266284,NA,11850000,985120000,11.7616038733059,NA,11.7617635331064,NA,44.0300708864833,NA,NA,0,9.97e+08,NA,NA,11.8213681010401,NA,0,NA,NA,NA
"Macao SAR, China","Government expenditure on health",1997,NA,1178310000,1178300000,0.162552816119171,NA,1.5e+07,1163310000,12.7409244796031,NA,13.3339519556765,NA,45.7383816937957,NA,NA,0,1178300000,NA,NA,13.3680951457126,NA,0,NA,NA,NA
"Macao SAR, China","Government expenditure on health",2002,NA,1238990096.46,1238990096.46,0.142212582933166,NA,13094169,1225895927.46,12.0074815937619,2.09221718782823,12.0074815937619,NA,30.5237966618574,0.0221114321417113,2.09221718782823,0,1238990096.46,0,2.09221718782823,12.0849965028335,2.07010575568652,0,NA,0,0
"Macao SAR, China","Government expenditure on health",2004,NA,1420975980.24,1420975980.24,0.530406630750772,NA,68036065.3,1352939914.94,10.4555080857471,1.66425708022768,10.4555080857471,NA,28.5215974257054,0.0796843190602235,1.66425708022768,0,1420975980.24,0,1.66425708022768,10.4670980390529,1.58457276116746,0,NA,NA,NA
"Hong Kong SAR, China","Government expenditure on health",2006,NA,NA,NA,NA,NA,NA,NA,NA,NA,13.7226459720929,NA,NA,NA,NA,NA,3.4057e+10,NA,2.2654042433176,NA,NA,NA,NA,NA,NA
"Macao SAR, China","Government expenditure on health",2011,NA,3934859910.49,3934859910.49,0.334387960055744,NA,158779086.35,3776080824.14,8.77239458848611,1.33187332384121,8.77239458848611,NA,28.7105711636543,0.0537436234844536,1.33187332384121,0,3934859910.49,0,1.33187332384121,8.18672623422153,1.27812970035676,0,NA,NA,NA
"Macao SAR, China","Government expenditure on health",2012,NA,4227752479.95,4227752479.95,0.401072828997947,NA,218687751.56,4009064728.39,8.196383431528,1.22515140835458,8.196383431528,NA,27.0156820935401,0.0633730588733047,1.22515140835458,0,4227752479.95,0,1.22515140835458,7.64150163927759,1.16177834948128,0,NA,NA,NA
"Hong Kong SAR, China","Government expenditure on health",2007,NA,NA,NA,NA,NA,NA,NA,NA,NA,13.6027493939673,NA,NA,NA,NA,NA,3.5464e+10,NA,2.14834899888294,NA,NA,NA,NA,NA,NA
"Macao SAR, China","Government expenditure on health",2003,NA,1384065136.7,1384065136.7,0.172967596612135,NA,19327878.4,1364737258.3,11.4248071909663,2.09243965878511,11.4248071909663,NA,30.1081870641353,0.0292200260030841,2.09243965878511,0,1384065136.7,0,2.09243965878511,11.750227611703,2.06321963278203,0,NA,NA,NA
"Macao SAR, China","Government expenditure on health",2000,NA,1178626307.6,1178626307.6,0.0351126053769611,NA,2985156,1175641151.6,13.1564321058792,NA,13.1564321058792,NA,33.8636900298812,NA,NA,0,1178626307.6,NA,NA,13.3361957455475,NA,0,NA,0,NA
"Macao SAR, China","Government expenditure on health",2007,NA,1966192431.08,1966192431.08,0.0023240980023019,NA,426063,1965766368.08,10.5355944050609,1.32688565408521,10.5355944050609,NA,28.1630123577847,0.0002875287654962,1.32688565408521,0,1966192431.08,0,1.32688565408521,10.2279604398737,1.32659812531971,0,NA,NA,NA
"Macao SAR, China","Government expenditure on health",1998,NA,1163320000,1163300000,0.399514402383843,NA,39820000,1123500000,11.8942186277868,NA,12.5064505031392,NA,43.5412799237301,NA,NA,0,1163300000,NA,NA,12.5627706562706,NA,0,NA,NA,NA
"Macao SAR, China","Government expenditure on health",2013,NA,4447807500,4447807499,0.378008303872173,NA,203945592.3,4243861907,9.58187845319459,1.0802518834793,9.58187845319459,NA,25.7992060439644,0.0495328564038296,1.08025188323643,0,4447807500,0,1.0802518834793,7.92683676895323,1.03071902690546,0,NA,NA,NA
"Macao SAR, China","Government expenditure on health",2008,NA,2174795508.07,2174795508.07,0.0031192049158467,NA,734204,2174061304.07,8.22100872460696,1.28961598922551,8.22100872460696,NA,22.8207225818462,0.0004353702287134,1.28961598922551,0,2174795508.07,0,1.28961598922551,8.19919511421516,1.28918061899679,0,NA,NA,NA
"Macao SAR, China","Government expenditure on health",2009,NA,2843768481.28,2843768481.28,0.0014019148352784,NA,470183,2843298298.28,8.45445088137177,1.64987177136624,8.45445088137177,NA,25.6315542403065,0.0002727865029037,1.64987177136624,0,2843768481.28,0,1.64987177136624,8.22530755228008,1.64959898486334,0,NA,NA,NA
"Macao SAR, China","Government expenditure on health",2010,NA,3119009579.1,3119009579.1,0.386068821324003,NA,144692473.5,2974317105.6,8.05767881237503,1.38010494743316,8.05767881237503,NA,25.7081259967178,0.0640237849449995,1.38010494743316,0,3119009579.1,0,1.38010494743316,7.68230852563676,1.31608116248816,0,NA,NA,NA
"Hong Kong SAR, China","Government expenditure on health",2012,NA,NA,NA,NA,NA,NA,NA,NA,NA,15.5195327441961,NA,NA,NA,NA,NA,6.3293e+10,NA,3.10707740914721,NA,NA,NA,NA,NA,NA
"Macao SAR, China","Government expenditure on health",2001,NA,1196186553.35,1196186553.35,0.199231058711579,NA,18712653,1177473900.35,12.8456356509963,2.17046478688852,12.8456356509963,NA,32.3303762776278,0.0339538630425316,2.17046478688852,0,1196186553.35,0,2.17046478688852,12.8963338869483,2.13651092384599,0,NA,0,0
"Macao SAR, China","Government expenditure on health",2006,NA,1.797e+09,1.797e+09,0.152887216276608,NA,2.6e+07,1.771e+09,10.279732280762,1.50989371087678,10.279732280762,NA,27.0712320391318,0.0218459858001092,1.50989371087678,0,1.797e+09,0,1.50989371087678,10.0525844707988,1.48804772507667,0,NA,NA,NA
"Macao SAR, China","Government expenditure on health",2005,NA,1.701e+09,1.701e+09,0.564030252531727,NA,8.8e+07,1.613e+09,10.822676083222,1.74611973392461,10.822676083222,NA,28.0814763231198,0.0903342366757001,1.74611973392461,0,1.701e+09,0,1.74611973392461,10.6378986866792,1.65578549724891,0,NA,NA,NA
"Hong Kong SAR, China","Government expenditure on health",2003,NA,NA,NA,NA,NA,NA,NA,NA,NA,12.5475916975516,NA,NA,NA,NA,NA,3.4736e+10,NA,2.76413279869242,NA,NA,NA,NA,NA,NA
"Canada","Government expenditure on health",2012,NA,NA,NA,NA,NA,NA,NA,NA,NA,22.3646997075804,NA,NA,NA,NA,NA,1.49139e+11,NA,8.16215621598281,NA,NA,NA,NA,NA,NA
"Hong Kong SAR, China","Government expenditure on health",2011,NA,NA,NA,NA,NA,NA,NA,NA,NA,12.5446268151254,NA,NA,NA,NA,NA,4.8525e+10,NA,2.5084908732805,NA,NA,NA,NA,NA,NA
"Hong Kong SAR, China","Government expenditure on health",2013,NA,NA,NA,NA,NA,NA,NA,NA,NA,16.0496604853552,NA,NA,NA,NA,NA,7.1334e+10,NA,3.33600679042513,NA,NA,NA,NA,NA,NA
"Hong Kong SAR, China","Government expenditure on health",2004,NA,NA,NA,NA,NA,NA,NA,NA,NA,12.8519443673482,NA,NA,NA,NA,NA,3.334e+10,NA,2.53160904484532,NA,NA,NA,NA,NA,NA
"Chile","Government expenditure on health",2005,NA,1.845e+12,1.845e+12,15.1303919960636,NA,1.845e+12,0,14.4978783592645,2.6946918513979,NA,NA,0,2.6946918513979,2.6946918513979,NA,NA,NA,NA,14.4978783592645,0,NA,NA,NA,NA
"Hong Kong SAR, China","Government expenditure on health",2005,NA,NA,NA,NA,NA,NA,NA,NA,NA,11.9973458229695,NA,NA,NA,NA,NA,3.0918e+10,NA,2.18946622997256,NA,NA,NA,NA,NA,NA
"Canada","Government expenditure on health",2010,NA,NA,NA,NA,NA,NA,NA,NA,NA,21.8883951208297,NA,NA,NA,NA,NA,1.38997e+11,NA,8.34291689074985,NA,NA,NA,NA,NA,NA
"Macao SAR, China","Government expenditure on health",2014,NA,5298865554.38,5298865554.38,0.598382310271033,NA,386829277.38,4912036277,9.22428290874385,1.20836310519571,9.22428290874385,NA,25.7661249776107,0.0882132641408751,1.20836310519571,0,5298865554.38,0,1.20836310519571,7.88859062661708,1.12014984105483,0,NA,NA,NA
"Chile","Government expenditure on health",2013,NA,5.22472e+12,5.22472e+12,17.9168976269966,NA,5.22472e+12,0,17.6116690217567,3.80507664774548,NA,NA,0,3.80507664774548,3.80507664774548,NA,NA,NA,NA,17.6116690217567,0,NA,NA,NA,NA
"Macao SAR, China","Government expenditure on health",1999,NA,1321254157.2,1321254157.2,0.509644367986106,NA,47905399.5,1273348757.7,12.0772841678156,NA,12.0772841678156,NA,35.2449971057415,NA,NA,0,1321254157.2,NA,NA,12.164116381112,NA,0,NA,NA,NA
"Canada","Government expenditure on health",2008,NA,NA,NA,NA,NA,NA,NA,NA,NA,21.6731765547288,NA,NA,NA,NA,NA,1.25458e+11,NA,7.57120674744922,NA,NA,NA,NA,NA,NA
"Canada","Government expenditure on health",2011,NA,NA,NA,NA,NA,NA,NA,NA,NA,22.1454606202351,NA,NA,NA,NA,NA,1.45819e+11,NA,8.21949389621451,NA,NA,NA,NA,NA,NA
"Hong Kong SAR, China","Government expenditure on health",2010,NA,NA,NA,NA,NA,NA,NA,NA,NA,13.3041498101313,NA,NA,NA,NA,NA,4.2883e+10,NA,2.41413204288388,NA,NA,NA,NA,NA,NA
"Hong Kong SAR, China","Government expenditure on health",2009,NA,NA,NA,NA,NA,NA,NA,NA,NA,12.8118920348299,NA,NA,NA,NA,NA,4.0698e+10,NA,2.45280232877001,NA,NA,NA,NA,NA,NA
"Hong Kong SAR, China","Government expenditure on health",2002,NA,NA,NA,NA,NA,NA,NA,NA,NA,12.118698471548,NA,NA,NA,NA,NA,3.3602e+10,NA,2.5900689102317,NA,NA,NA,NA,NA,NA
"Canada","Government expenditure on health",2009,NA,NA,NA,NA,NA,NA,NA,NA,NA,21.8223923300791,NA,NA,NA,NA,NA,1.33246e+11,NA,8.47980123894729,NA,NA,NA,NA,NA,NA
"Chile","Government expenditure on health",2004,NA,1.64474e+12,NA,NA,NA,NA,0,14.1936842359613,2.72345087855773,NA,NA,0,NA,NA,NA,NA,NA,NA,NA,0,NA,NA,NA,NA
"Hong Kong SAR, China","Government expenditure on health",2008,NA,NA,NA,NA,NA,NA,NA,NA,NA,12.1647710383454,NA,NA,NA,NA,NA,3.8878e+10,NA,2.27691204857662,NA,NA,NA,NA,NA,NA
"Central African Republic","Government expenditure on health",2010,NA,NA,NA,2.61531870386526,NA,6501631928,NA,NA,NA,NA,NA,NA,0.613279561948901,NA,NA,NA,NA,NA,NA,NA,NA,NA,NA,NA
"Chile","Government expenditure on health",2007,NA,2.549772e+12,2.549772e+12,16.6009449191292,NA,2.549772e+12,0,15.9533704477367,2.82806869369775,NA,NA,0,2.82806869369775,2.82806869369775,NA,NA,NA,NA,15.9533704477367,0,NA,NA,NA,NA
"Chile","Government expenditure on health",2008,NA,2.967663e+12,2.967663e+12,16.1509152235907,NA,2.967663e+12,0,15.81506866507,3.16155746204725,NA,NA,0,3.16155746204725,3.16155746204725,NA,NA,NA,NA,15.81506866507,0,NA,NA,NA,NA
"Chile","Government expenditure on health",2012,NA,4867522200000,4867522200000,17.7658900547654,NA,4867522200000,0,17.3639604951768,3.74501430654338,NA,NA,0,3.74501430654338,3.74501430654338,NA,NA,NA,NA,17.3639604951768,0,NA,NA,NA,NA
"Chile","Government expenditure on health",2003,NA,1.51525e+12,NA,NA,NA,NA,0,14.0083666535697,2.86451076746014,NA,NA,0,NA,NA,NA,NA,NA,NA,NA,0,NA,NA,NA,NA
"Chile","Government expenditure on health",2006,NA,2.16e+12,2.16e+12,15.9763313609467,NA,2.16e+12,0,15.3452685421995,2.64778784129204,NA,NA,0,2.64778784129204,2.64778784129204,NA,NA,NA,NA,15.3452685421995,0,NA,NA,NA,NA
"Chile","Government expenditure on health",2000,NA,1.15345e+12,NA,NA,NA,NA,0,12.7516867559121,2.7323206924169,NA,NA,0,NA,NA,NA,NA,NA,NA,NA,0,NA,NA,NA,NA
"Chile","Government expenditure on health",2001,NA,1.29311e+12,NA,NA,NA,NA,0,13.3326665848697,2.84769200433024,NA,NA,0,NA,NA,NA,NA,NA,NA,NA,0,NA,NA,NA,NA
"Chile","Government expenditure on health",2010,NA,4.021592e+12,4.021592e+12,17.0201664778452,NA,4.021592e+12,0,16.5154804601024,3.63032084739454,NA,NA,0,3.63032084739454,3.63032084739454,NA,NA,NA,NA,16.5154804601024,0,NA,NA,NA,NA
"Chile","Government expenditure on health",2011,NA,4.361093e+12,4.361093e+12,17.346318415926,NA,4.361093e+12,0,16.7909342743225,3.58910226286467,NA,NA,0,3.58910226286467,3.58910226286467,NA,NA,NA,NA,16.7909342743225,0,NA,NA,NA,NA
"Chile","Government expenditure on health",1995,NA,6.1468e+11,NA,NA,NA,NA,NA,11.9656222929502,2.09014144081906,NA,NA,NA,NA,NA,NA,NA,NA,NA,NA,NA,NA,NA,NA,NA
"Chile","Government expenditure on health",2009,NA,3.671806e+12,3.671806e+12,16.7415226745175,NA,3.671806e+12,0,16.3501907867952,3.8192887120523,NA,NA,0,3.8192887120523,3.8192887120523,NA,NA,NA,NA,16.3501907867952,0,NA,NA,NA,NA
"Central African Republic","Government expenditure on health",2008,NA,NA,NA,4.76218259890427,NA,6397729809,NA,NA,NA,NA,NA,NA,0.702694340204974,NA,NA,NA,NA,NA,NA,NA,NA,NA,NA,NA
"Canada","Government expenditure on health",2014,NA,NA,NA,NA,NA,NA,NA,NA,NA,22.8707874361602,NA,NA,NA,NA,NA,1.59333e+11,NA,7.98702490052123,NA,NA,NA,NA,NA,NA
"Central African Republic","Government expenditure on health",2009,NA,NA,NA,3.45089151631252,NA,6746446375,NA,NA,NA,NA,NA,NA,0.69388177000645,NA,NA,NA,NA,NA,NA,NA,NA,NA,NA,NA
"Chile","Government expenditure on health",2002,NA,1.39041e+12,NA,NA,NA,NA,0,13.4353279717381,2.87102994278506,NA,NA,0,NA,NA,NA,NA,NA,NA,NA,0,NA,NA,NA,NA
"Chile","Government expenditure on health",1999,NA,9.7666e+11,NA,NA,NA,NA,NA,11.8592903805522,2.53929978911015,NA,NA,NA,NA,NA,NA,NA,NA,NA,NA,NA,NA,NA,NA,NA
"Chile","Government expenditure on health",1998,NA,9.1702e+11,NA,NA,NA,NA,NA,12.1046601265088,2.42973154992984,NA,NA,NA,NA,NA,NA,NA,NA,NA,NA,NA,NA,NA,NA,NA
"Canada","Government expenditure on health",2013,NA,NA,NA,NA,NA,NA,NA,NA,NA,22.6592904368463,NA,NA,NA,NA,NA,1.54293e+11,NA,8.1110917772508,NA,NA,NA,NA,NA,NA
"Chile","Government expenditure on health",1994,NA,5.4505e+11,5.4505e+11,NA,NA,NA,NA,12.1609199505576,2.25531419682609,NA,NA,NA,NA,2.25531419682609,NA,NA,NA,NA,12.1609199505576,NA,NA,NA,NA,NA
"Chile","Government expenditure on health",1997,NA,8.0654e+11,NA,NA,NA,NA,NA,12.0464148570558,2.24369297609541,NA,NA,NA,NA,NA,NA,NA,NA,NA,NA,NA,NA,NA,NA,NA
"Chile","Government expenditure on health",1991,NA,2.6023e+11,2.6023e+11,NA,NA,NA,NA,10.2371342475669,1.94822961749559,NA,NA,NA,NA,1.94822961749559,NA,NA,NA,NA,10.2371342475669,NA,NA,NA,NA,NA
"Chile","Government expenditure on health",1990,NA,1.8144e+11,1.8144e+11,NA,NA,NA,NA,9.62812022414671,1.79070787086741,NA,NA,NA,NA,1.79070787086741,NA,NA,NA,NA,9.62812022414671,NA,NA,NA,NA,NA
"Chile","Government expenditure on health",1996,NA,7.1688e+11,NA,NA,NA,NA,NA,11.9824295141373,2.21301176707452,NA,NA,NA,NA,NA,NA,NA,NA,NA,NA,NA,NA,NA,NA,NA
"Chile","Government expenditure on health",1992,NA,3.5111e+11,3.5111e+11,NA,NA,NA,NA,11.1393473308841,2.07818084941716,NA,NA,NA,NA,2.07818084941716,NA,NA,NA,NA,11.1393473308841,NA,NA,NA,NA,NA
"Hong Kong SAR, China","Government expenditure on health",2014,NA,NA,NA,NA,NA,NA,NA,NA,NA,14.5813279796119,NA,NA,NA,NA,NA,6.3623e+10,NA,2.81517076289654,NA,NA,NA,NA,NA,NA
"Chile","Government expenditure on health",1993,NA,4.4374e+11,4.4374e+11,NA,NA,NA,NA,11.5475496523296,2.20222168783759,NA,NA,NA,NA,2.20222168783759,NA,NA,NA,NA,11.5475496523296,NA,NA,NA,NA,NA
"Chile","Government expenditure on health",2014,NA,5974541730413,5974541730413,18.5217445316458,NA,5974541730413,0,18.1703919940715,4.03818157341717,NA,NA,0,4.03818157341717,4.03818157341717,NA,NA,NA,NA,18.1703919940715,0,NA,NA,NA,NA
"Chile","Government expenditure on health",2015,NA,6943695844342,6943695844342,18.9749672617293,NA,6943695844342,0,18.7911010114447,4.37748629801713,NA,NA,0,4.37748629801713,4.37748629801713,NA,NA,NA,NA,18.7911010114447,0,NA,NA,NA,NA
"Hong Kong SAR, China","Government expenditure on health",2015,NA,NA,NA,NA,NA,NA,NA,NA,NA,15.8997534921939,NA,NA,NA,NA,NA,7.74e+10,NA,3.22731290758377,NA,NA,NA,NA,NA,NA
"Canada","Government expenditure on health",2015,NA,NA,NA,NA,NA,NA,NA,NA,NA,22.9199160563717,NA,NA,NA,NA,NA,1.65025e+11,NA,8.29087624300344,NA,NA,NA,NA,NA,NA
"Macao SAR, China","Government expenditure on health",2015,NA,6571732462.53,6571732462.53,0.888985052126545,NA,688215833.3,5883516629.23,10.1860890385952,1.82696310966951,10.1860890385952,NA,26.418579914543,0.191326251654119,1.82696310966951,0,6571732462.53,0,1.82696310966951,8.25453902452324,1.63563685801539,0,NA,NA,NA
"Macao SAR, China","Government expenditure on health",2016,NA,6988953394.2,6988953394.2,0.867359191154937,NA,682765388.12,6306188006.08,10.3056995605567,1.93952800365208,10.3056995605567,NA,27.5713663492445,0.189476523234807,1.93952800365208,0,6988953394.2,0,1.93952800365208,8.51762087395475,1.75005148041727,0,NA,NA,NA
"Canada","Government expenditure on health",2016,NA,NA,NA,NA,NA,NA,NA,NA,NA,22.7961639310859,NA,NA,NA,NA,NA,1.70053e+11,NA,8.39546095229162,NA,NA,NA,NA,NA,NA
"Canada","Government expenditure on health",2017,NA,NA,NA,NA,NA,NA,NA,NA,NA,22.4598534555388,NA,NA,NA,NA,NA,1.75946e+11,NA,8.21931374761111,NA,NA,NA,NA,NA,NA
"Chile","Government expenditure on health",2017,NA,8.482932e+12,8.482932e+12,20.0701432082145,NA,8.482932e+12,0,19.9218961154079,4.73074548011652,NA,NA,0,4.73074548011652,4.73074548011652,NA,NA,NA,NA,19.9218961154079,0,NA,NA,NA,NA
"Macao SAR, China","Government expenditure on health",2017,NA,7362034897.8,7362034897.8,0.971026990896772,NA,728327888.25,6633707009.55,9.76320763408436,1.82057344522479,9.76320763408436,NA,27.606350295497,0.180109770080123,1.82057344522479,0,7362034897.8,0,1.82057344522479,9.57371246538977,1.64046367514467,0,NA,NA,NA
"Hong Kong SAR, China","Government expenditure on health",2016,NA,NA,NA,NA,NA,NA,NA,NA,NA,14.2021383901553,NA,NA,NA,NA,NA,7.04e+10,NA,2.82663039157664,NA,NA,NA,NA,NA,NA
"Canada","Government expenditure on health",2019,NA,NA,NA,NA,NA,NA,NA,NA,NA,21.715830687904,NA,NA,NA,NA,NA,1.88187e+11,NA,8.13407717879306,NA,NA,NA,NA,NA,NA
"Chile","Government expenditure on health",2019,NA,10138463604090,10138463604090,21.191666010039,NA,10138463604090,0,21.0804161652941,5.18507355245918,NA,NA,0,5.18507355245918,5.18507355245918,NA,NA,NA,NA,21.0804161652941,0,NA,NA,NA,NA
"Macao SAR, China","Government expenditure on health",2018,NA,7385474485.41,7385474485.41,0.248428780278741,NA,192406068.77,7193068416.64,9.18062877132714,1.65769403098129,9.18062877132714,NA,28.3295480892934,0.0431861747481073,1.65769403098129,0,7385474485.41,0,1.65769403098129,8.98955955047433,1.61450785623318,0,NA,NA,NA
"Hong Kong SAR, China","Government expenditure on health",2017,NA,NA,NA,NA,NA,NA,NA,NA,NA,14.8476667952179,NA,NA,NA,NA,NA,7.7e+10,NA,2.89516023207905,NA,NA,NA,NA,NA,NA
"Hong Kong SAR, China","Government expenditure on health",2018,NA,NA,NA,NA,NA,NA,NA,NA,NA,14.8817802503477,NA,NA,NA,NA,NA,8.56e+10,NA,3.01894351789447,NA,NA,NA,NA,NA,NA
"Chile","Government expenditure on health",2018,NA,9395203644094.06,9395203644094.06,21.0153722759208,NA,9395203644094.06,0,20.7451151663957,4.95959576654601,NA,NA,0,4.95959576654601,4.95959576654601,NA,NA,NA,NA,20.7451151663957,0,NA,NA,NA,NA
"Canada","Government expenditure on health",2018,NA,NA,NA,NA,NA,NA,NA,NA,NA,21.916971991063,NA,NA,NA,NA,NA,1.80593e+11,NA,8.07778411441735,NA,NA,NA,NA,NA,NA
"Chile","Government expenditure on health",2020,NA,12091039909551,12091039909551,22.1266016043064,NA,12091039909551,0,22.1127537997755,6.00773890687964,NA,NA,0,6.00773890687964,6.00773890687964,NA,NA,NA,NA,22.1127537997755,0,NA,NA,NA,NA
"Canada","Government expenditure on health",2020,NA,NA,NA,NA,NA,NA,NA,NA,NA,18.9836079615413,NA,NA,NA,NA,NA,2.12766e+11,NA,9.58177946046141,NA,NA,NA,NA,NA,NA
"Chile","Government expenditure on health",2016,NA,7585803224936,7585803224936,19.2161551454212,NA,7585803224936,0,19.0488980158509,4.49489956390403,NA,NA,0,4.49489956390403,4.49489956390403,NA,NA,NA,NA,19.0488980158509,0,NA,NA,NA,NA
"Hong Kong SAR, China","Government expenditure on health",2019,NA,NA,NA,NA,NA,NA,NA,NA,NA,15.1355792933443,NA,NA,NA,NA,NA,9.21e+10,NA,3.23723331489177,NA,NA,NA,NA,NA,NA
"Chile","Government expenditure on health",2021,NA,13819555451668,13819555451668,18.1007460572878,NA,13819555451668,0,18.0948861903945,5.7686763959712,NA,NA,0,5.7686763959712,5.7686763959712,NA,NA,NA,NA,18.0948861903945,0,NA,NA,NA,NA
"Macao SAR, China","Government expenditure on health",2021,NA,12262528378.1,12262528378.1,4.27822745911415,NA,3702755419.51,8559772958.59,13.2216749012623,4.94604373002428,13.2216749012623,NA,32.4304566803015,1.49349217892032,4.94604373002428,0,12262528378.1,0,4.94604373002428,13.5396965573188,3.45255155110396,0,NA,NA,NA
"Canada","Government expenditure on health",2021,NA,NA,NA,NA,NA,NA,NA,NA,NA,22.0767322775473,NA,NA,NA,NA,NA,2.30612e+11,NA,9.16172948242895,NA,NA,NA,NA,NA,NA
"Macao SAR, China","Government expenditure on health",2022,NA,13946425440.77,13946425440.77,4.54542138115985,NA,4523932522.76,9422492918.01,12.0383640253424,7.06820945546647,12.0383640253424,NA,34.7923788744375,2.29278124126257,7.06820945546647,0,13946425440.77,0,7.06820945546647,13.5206871913077,4.7754282142039,0,NA,NA,NA
"Chile","Government expenditure on health",2022,NA,13975668059958,13975668059958,21.2870046987874,NA,13975668059958,0,21.2811670857311,5.2969705532033,NA,NA,0,5.2969705532033,5.2969705532033,NA,NA,NA,NA,21.2811670857311,0,NA,NA,NA,NA
"Hong Kong SAR, China","Government expenditure on health",2021,NA,NA,NA,NA,NA,NA,NA,NA,NA,16.4338082722368,NA,NA,NA,NA,NA,1.188e+11,NA,4.1422984107591,NA,NA,NA,NA,NA,NA
"Hong Kong SAR, China","Government expenditure on health",2022,NA,NA,NA,NA,NA,NA,NA,NA,NA,17.004662004662,NA,NA,NA,NA,NA,1.459e+11,NA,5.19405435636624,NA,NA,NA,NA,NA,NA
"Canada","Government expenditure on health",2023,NA,NA,NA,NA,NA,NA,NA,NA,NA,21.6642181378232,NA,NA,NA,NA,NA,2.53196e+11,NA,8.75462460323497,NA,NA,NA,NA,NA,NA
"Macao SAR, China","Government expenditure on health",2019,NA,8810045086.08,8810045086.08,1.87532696231056,NA,1456073351.25,7353971734.83,10.7418112741227,1.98183405004724,10.7418112741227,NA,27.0475141431614,0.327546081623701,1.98183405004724,NA,8810045086.08,0,1.98183405004724,10.746183271069,1.65428796842354,0,NA,NA,NA
"Chile","Government expenditure on health",2023,NA,14926746194067,14926746194067,20.89829286136,NA,14926746194067,0,20.8945907937191,5.29560761881951,NA,NA,0,5.29560761881951,5.29560761881951,NA,NA,NA,NA,20.8945907937191,0,NA,NA,NA,NA
"Canada","Government expenditure on health",2022,NA,NA,NA,NA,NA,NA,NA,NA,NA,22.5694280974055,NA,NA,NA,NA,NA,2.39695e+11,NA,8.52009871719543,NA,NA,NA,NA,NA,NA
"Hong Kong SAR, China","Government expenditure on health",2020,NA,NA,NA,NA,NA,NA,NA,NA,NA,12.1956874565268,NA,NA,NA,NA,NA,1.052e+11,NA,3.93154477943548,NA,NA,NA,NA,NA,NA
"Macao SAR, China","Government expenditure on health",2023,NA,10718071969.2,10718071969.2,2.2269873821977,NA,1940435930.33,8777636038.87,11.549780241401,2.82443256618978,11.549780241401,NA,32.3843416330194,0.511344806228045,2.82443256618978,0,10718071969.2,0,2.82443256618978,11.7675655355492,2.31308775996174,0,NA,NA,NA
"Macao SAR, China","Government expenditure on health",2020,NA,10435461127.75,10435461127.75,2.14067473044006,NA,1919064367.04,8516396760.71,10.4834874951,5.15402679271702,10.4834874951,NA,25.4197730277972,0.947817163380616,5.15402679271702,0,10435461127.75,0,5.15402679271702,10.5839328729633,4.2062096293364,0,NA,NA,NA
"Congo, Rep.","Government expenditure on health",2006,NA,NA,NA,4.10732475944435,NA,4.52e+10,NA,NA,NA,NA,NA,NA,1.07180653228141,NA,NA,NA,NA,NA,NA,NA,NA,NA,NA,NA
"Congo, Rep.","Government expenditure on health",2005,NA,NA,NA,3.90175943895791,NA,38186315085,NA,NA,NA,NA,NA,NA,1.08908686370042,NA,NA,NA,NA,NA,NA,NA,NA,NA,NA,NA
"Congo, Rep.","Government expenditure on health",2011,NA,NA,NA,5.94516191434785,NA,1.0206e+11,NA,NA,NA,NA,NA,NA,1.38338090811813,NA,NA,NA,NA,NA,NA,NA,NA,NA,NA,NA
"Congo, Rep.","Government expenditure on health",2012,NA,NA,NA,5.61273336870044,NA,141577894802,NA,NA,NA,NA,NA,NA,1.56730124383,NA,NA,NA,NA,NA,NA,NA,NA,NA,NA,NA
"Congo, Rep.","Government expenditure on health",2007,NA,NA,NA,4.3446589129555,NA,4.9384e+10,NA,NA,NA,NA,NA,NA,1.17477516225,NA,NA,NA,NA,NA,NA,NA,NA,NA,NA,NA
"Congo, Rep.","Government expenditure on health",2010,NA,NA,NA,6.20519855997975,NA,73556423730,NA,NA,NA,NA,NA,NA,1.13063687976933,NA,NA,NA,NA,NA,NA,NA,NA,NA,NA,NA
"Colombia","Government expenditure on health",1996,NA,NA,NA,10.2909587971099,NA,1.581e+12,NA,NA,NA,NA,NA,NA,1.31330359768254,NA,NA,NA,NA,NA,NA,NA,NA,NA,NA,NA
"Colombia","Government expenditure on health",1995,NA,NA,NA,9.71656333038087,NA,1.097e+12,NA,NA,NA,NA,NA,NA,1.08686004190268,NA,NA,NA,NA,NA,NA,NA,NA,NA,NA,NA
"Colombia","Government expenditure on health",1997,NA,NA,NA,10.2430555555556,NA,2.006e+12,NA,NA,NA,NA,NA,NA,1.378869480636,NA,NA,NA,NA,NA,NA,NA,NA,NA,NA,NA
"China","Government expenditure on health",2008,0.956658392995409,5.399e+09,5.399e+09,0.136888631773387,3.04282e+11,5.395e+09,4e+06,0.135606315200416,0.0169743812114493,3.83264664601819,4.49005151036674,0.0099457954149883,0.0169618052668585,0.0169743812114493,NA,3.09681e+11,NA,0.973632774206859,0.135606315200416,1.25759445908126e-05,NA,NA,NA,NA
"China","Government expenditure on health",1995,0.547089277573619,NA,NA,0.253001804193194,3.34e+10,1.22e+09,NA,NA,NA,NA,5.74505048420111,NA,0.0199835005580783,NA,NA,NA,NA,NA,NA,NA,NA,NA,NA,NA
"China","Government expenditure on health",2010,1.23140445892317,7360080000,7360080000,0.144072144760845,503035370000,7356280000,NA,0.143064051449412,0.0180170935694467,4.50968297624649,5.34730329034206,NA,0.0180077913668125,0.0180170935694467,NA,510395450000,NA,1.24942155249262,0.143064051449412,NA,NA,NA,NA,NA
"China","Government expenditure on health",1997,0.56273411525872,NA,NA,0.235990161536927,4.469e+10,1.42e+09,NA,NA,NA,NA,6.01836888601594,NA,0.0178805648616554,NA,NA,NA,NA,NA,NA,NA,NA,NA,NA,NA
"China","Government expenditure on health",2000,0.591689516797881,NA,NA,0.124397055090124,5.905e+10,1.47e+09,NA,NA,NA,NA,4.51286989483981,NA,0.0147296120185078,NA,NA,NA,NA,NA,NA,NA,NA,NA,NA,NA
"Congo, Rep.","Government expenditure on health",2009,NA,NA,NA,6.42925343627376,NA,66848805529,NA,NA,NA,NA,NA,NA,1.46187746093761,NA,NA,NA,NA,NA,NA,NA,NA,NA,NA,NA
"China","Government expenditure on health",2011,0.887026947648665,7.132e+09,7.132e+09,0.120436435162576,4.29418e+11,7.132e+09,NA,0.120436435162576,0.0147322100858145,3.34849792143689,3.86601361108175,NA,0.0147322100858145,0.0147322100858145,NA,4.3655e+11,NA,0.90175915773448,0.120436435162576,NA,NA,NA,NA,NA
"China","Government expenditure on health",2014,1.41941777838363,8609780000,8609780000,0.10815335883442,917721670000,8609780000,NA,0.0821219343013938,0.0133165372459515,3.10124692681069,6.69657527706853,NA,0.0133165372459515,0.0133165372459515,0,585942660500,0,0.906263256731316,0.10815335883442,NA,0,NA,NA,NA
"China","Government expenditure on health",2012,0.862587342446639,7428915000,7428915000,0.110791191484983,4.64969e+11,7428915000,NA,0.110791191484983,0.0137817532934711,3.09655470777944,3.5530690717023,NA,0.0137817532934711,0.0137817532934711,NA,4.72398e+11,NA,0.876369253427879,0.110791191484983,NA,NA,NA,NA,NA
"China","Government expenditure on health",2005,0.619367373952266,3200120000,3200120000,0.126959174396405,116228960000,3200120000,0,0.124693450698721,0.0170529781969324,2.52672876705633,3.42742159144886,0,0.0170529781969324,0.0170529781969324,NA,119429080000,NA,0.636420352149199,0.124693450698721,0,NA,NA,NA,NA
"Congo, Rep.","Government expenditure on health",2004,NA,NA,NA,2.49363556280171,NA,23178835408,NA,NA,NA,NA,NA,NA,0.861349704290481,NA,NA,NA,NA,NA,NA,NA,NA,NA,NA,NA
"China","Government expenditure on health",2003,0.606139222025956,NA,NA,0.172457681048746,8.313e+10,2.71e+09,0,NA,NA,NA,3.25979546381404,0,0.0197598615624966,NA,NA,NA,NA,NA,NA,0,NA,NA,NA,NA
"China","Government expenditure on health",2001,0.633853092945907,NA,NA,0.148378691372322,6.997e+10,2.05e+09,NA,NA,NA,NA,4.28045318846963,NA,0.0185707994931986,NA,NA,NA,NA,NA,NA,NA,NA,NA,NA,NA
"China","Government expenditure on health",2009,1.20583308631664,6358520000,6358520000,0.133342215385835,419208200000,6354310000,NA,0.133350366446325,0.0182899900240646,4.40947073288251,5.25309166216027,NA,0.0182778801528994,0.0182899900240646,NA,425566720000,NA,1.2241230763407,0.133350366446325,NA,NA,NA,NA,NA
"China","Government expenditure on health",2006,0.638486264584521,4.25e+09,4.25e+09,0.16611750174912,1.4021e+11,4.25e+09,0,0.163700667359474,0.0193535883637702,2.51245618941478,3.04252724408355,0,0.0193535883637702,0.0193535883637702,NA,1.4446e+11,NA,0.657839852948292,0.163700667359474,0,NA,NA,NA,NA
"China","Government expenditure on health",1998,0.570698723188606,NA,NA,0.233974139700349,4.839e+10,1.71e+09,NA,NA,NA,NA,5.67338468573037,NA,0.0201672828405149,NA,NA,NA,NA,NA,NA,NA,NA,NA,NA,NA
"China","Government expenditure on health",1999,0.583605485469547,NA,NA,0.252559267241379,5.258e+10,2.25e+09,NA,NA,NA,NA,4.5536820043822,NA,0.0249736086402906,NA,NA,NA,NA,NA,NA,NA,NA,NA,NA,NA
"China","Government expenditure on health",2004,0.591084455366236,NA,NA,0.17159299180606,95374790000,3282250000,0,NA,NA,NA,2.95276036783088,0,0.0203417166488736,NA,NA,NA,NA,NA,NA,0,NA,NA,NA,NA
"China","Government expenditure on health",2007,0.751234402909022,3885040000,3885040000,0.0835256549966052,203208460000,3885040000,0,0.0827195009835343,0.0143624714476832,2.38549795281452,3.43121097359464,0,0.0143624714476832,0.0143624714476832,NA,207093500000,NA,0.765596874356706,0.0827195009835343,0,NA,NA,NA,NA
"China","Government expenditure on health",1996,0.547514520430624,NA,NA,0.242300934060853,3.917e+10,1.31e+09,NA,NA,NA,NA,5.78120848953567,NA,0.0183110549339831,NA,NA,NA,NA,NA,NA,NA,NA,NA,NA,NA
"China","Government expenditure on health",2002,0.545387046276227,NA,NA,0.165855035641189,6.617e+10,2.35e+09,0,NA,NA,NA,2.88825840244435,0,0.0193691938756103,NA,NA,NA,NA,NA,NA,0,NA,NA,NA,NA
"China","Government expenditure on health",2013,0.868724748773846,7669940000,7669940000,0.10656140196178,518059210000,7669940000,NA,0.10656140196178,0.012861592982027,3.04702206753578,3.48669179188439,NA,0.012861592982027,0.012861592982027,NA,525729150000,NA,0.881586341755873,0.10656140196178,NA,NA,NA,NA,NA
"Congo, Dem. Rep.","Government expenditure on health",1995,NA,NA,NA,1.18371212121212,NA,2.5e+07,0,NA,NA,NA,NA,0,1.42241089587219,NA,NA,NA,NA,NA,NA,0,NA,NA,NA,NA
"Congo, Dem. Rep.","Government expenditure on health",1997,NA,NA,NA,0.207909120137177,NA,9.7e+07,0,NA,NA,NA,NA,0,0.280490925449894,NA,NA,NA,NA,NA,NA,0,NA,NA,NA,NA
"Congo, Dem. Rep.","Government expenditure on health",1996,NA,NA,NA,0.385031885453014,NA,6.4e+07,0,NA,NA,NA,NA,0,0.4984517214807,NA,NA,NA,NA,NA,NA,0,NA,NA,NA,NA
"Colombia","Government expenditure on health",1992,NA,NA,NA,4.78768723375017,NA,2.4388e+11,NA,NA,NA,NA,NA,NA,0.522671119192018,NA,NA,NA,NA,NA,NA,NA,NA,NA,NA,NA
"Colombia","Government expenditure on health",1994,NA,NA,NA,9.42463819272856,NA,8.01e+11,NA,NA,NA,NA,NA,NA,0.992268692847319,NA,NA,NA,NA,NA,NA,NA,NA,NA,NA,NA
"Colombia","Government expenditure on health",1991,NA,NA,NA,5.90501494520093,NA,1.778e+11,NA,NA,NA,NA,NA,NA,0.489183666797732,NA,NA,NA,NA,NA,NA,NA,NA,NA,NA,NA
"Colombia","Government expenditure on health",1990,NA,NA,NA,5.80434504246873,NA,1.3599e+11,NA,NA,NA,NA,NA,NA,0.482884812384516,NA,NA,NA,NA,NA,NA,NA,NA,NA,NA,NA
"Congo, Rep.","Government expenditure on health",2008,NA,NA,NA,7.58688458447352,NA,9.3268e+10,NA,NA,NA,NA,NA,NA,1.79505246219233,NA,NA,NA,NA,NA,NA,NA,NA,NA,NA,NA
"Congo, Dem. Rep.","Government expenditure on health",1994,NA,NA,NA,0.706189977828179,NA,2220000,0,NA,NA,NA,NA,0,0.722105265302527,NA,NA,NA,NA,NA,NA,0,NA,NA,NA,NA
"Congo, Dem. Rep.","Government expenditure on health",1993,NA,NA,NA,0.0349851127179923,NA,1645000,0,NA,NA,NA,NA,0,137.877654972382,NA,NA,NA,NA,NA,NA,0,NA,NA,NA,NA
"China","Government expenditure on health",1993,NA,NA,NA,0.413074712643678,NA,9.2e+08,NA,NA,NA,NA,NA,NA,0.0258601444458728,NA,NA,NA,NA,NA,NA,NA,NA,NA,NA,NA
"China","Government expenditure on health",1990,NA,NA,NA,0.400683833742921,NA,7.5e+08,NA,NA,NA,NA,NA,NA,0.0395376659932097,NA,NA,NA,NA,NA,NA,NA,NA,NA,NA,NA
"Congo, Dem. Rep.","Government expenditure on health",1992,NA,NA,NA,0.716442953020134,NA,2135000,0,NA,NA,NA,NA,0,2731.82833904133,NA,NA,NA,NA,NA,NA,0,NA,NA,NA,NA
"China","Government expenditure on health",1991,NA,NA,NA,0.40627978131113,NA,8.1e+08,NA,NA,NA,NA,NA,NA,0.0368229391365919,NA,NA,NA,NA,NA,NA,NA,NA,NA,NA,NA
"China","Government expenditure on health",1994,NA,NA,NA,0.261357696415991,NA,1.15e+09,NA,NA,NA,NA,NA,NA,0.023755263431579,NA,NA,NA,NA,NA,NA,NA,NA,NA,NA,NA
"China","Government expenditure on health",1992,NA,NA,NA,0.387578799906607,NA,8.3e+08,NA,NA,NA,NA,NA,NA,0.0305818037338011,NA,NA,NA,NA,NA,NA,NA,NA,NA,NA,NA
"Colombia","Government expenditure on health",1993,NA,NA,NA,5.40780422861128,NA,3.412e+11,NA,NA,NA,NA,NA,NA,0.55828348752541,NA,NA,NA,NA,NA,NA,NA,NA,NA,NA,NA
"China","Government expenditure on health",2015,1.59219770594375,1187859050000,8111050000,0.0959354045957958,1.10195e+12,8111050000,NA,10.4730556265959,1.71632692444713,8.915318190473,6.99211843105845,NA,0.0117195836497074,0.0117195836497074,30.1589614511706,1.925012e+12,1.70460734079743,2.7814326333447,0.0959354045957958,NA,1.179748e+12,NA,NA,NA
"China","Government expenditure on health",2016,1.65127574577565,1054982226478.57,9296226478.57,0.102727975239588,1231819520000,9296226478.57,NA,8.57640437848798,1.41422224158979,9.91461798093269,7.37438277302996,NA,0.0124617552020121,0.0124617552020121,30.8794090565614,2286801746478.57,1.80499622337609,3.06549798736544,0.102727975239588,NA,1.346492e+12,NA,NA,NA
"China","Government expenditure on health",2017,1.64509425195463,1263506680575.5,10852720575.5,0.110477829337825,1363754780000,10852720575.5,NA,9.39161551730404,1.52416520037497,10.5041055960917,7.54983359605038,NA,0.0130916118488874,0.0130916118488874,31.421768734049,2627261460575.5,1.84414328791641,3.1692594523296,0.110477829337825,NA,1.528763e+12,NA,NA,NA
"China","Government expenditure on health",2018,1.60776422064924,1135588260000,2.0926e+10,0.196755369872076,1472349090000,2.0926e+10,NA,7.27562113790968,1.24003076866596,9.20515673464975,7.47719011751743,NA,0.0228506094850821,0.0228506094850821,26.4081445292412,2607937350000,1.94305417505235,2.8477949893152,0.196755369872076,NA,1.779399e+12,NA,NA,NA
"China","Government expenditure on health",2019,1.58775277117262,1419654450000,24579450000,0.216799488976117,1.573e+12,24579450000,NA,8.39973698613463,1.43296903184682,9.57689206559953,7.2211265737502,NA,0.0248099744764138,0.0248099744764138,27.7771117721811,2992632630000,2.09555406003457,3.02069977837515,0.216799488976117,NA,2.076083e+12,NA,NA,NA
"China","Government expenditure on health",2021,1.60404354793283,1708766010000,22274660000,0.183807608155879,1837083690000,22274660000,NA,9.22300442210407,1.49200339004013,10.1863814627697,7.49899682933509,NA,0.0194490457075462,0.0194490457075462,27.9028013985769,3545849700000,2.11214272251967,3.09604693797297,0.183807608155879,NA,2.419001e+12,NA,NA,NA
"China","Government expenditure on health",2020,1.89419455935953,1473661970000,36786860000,0.302236491010584,1942739670000,36786860000,NA,8.22943223202178,1.43683815645204,9.81974691907004,7.70753576370261,NA,0.0358676312343592,0.0358676312343592,26.8107416191232,3416401640000,2.04871088839154,3.33103271581157,0.302236491010584,NA,2.101216e+12,NA,NA,NA
"China","Government expenditure on health",2022,1.80335853759771,2487722540000,22080540000,0.158037254616642,2173077760000,22080540000,NA,10.8011235223677,2.06447084603326,10.6135936025097,8.11083701995787,NA,0.0183238405255078,0.0183238405255078,27.2135673480722,4015737300000,2.04614700550775,3.33251496012024,0.158037254616642,NA,2.465642e+12,NA,NA,NA
"Czechia","Government expenditure on health",2001,0.385595780788046,NA,1.02014e+11,NA,9.993e+09,NA,NA,NA,NA,16.2514848170464,3.87602010736339,NA,NA,3.93637225871227,99.98667440074,1.81552e+11,4.92198949364363,7.00547235000814,11.4930459715079,NA,1.27557e+11,NA,NA,NA
"Cyprus","Government expenditure on health",2012,0,NA,580500000,NA,0,NA,NA,NA,NA,7.07460940356351,0,NA,NA,2.97764076469713,0,580500000,0,2.97764076469713,8.67687064661744,NA,0,NA,NA,NA
"Cyprus","Government expenditure on health",2013,0,NA,556200000,NA,0,NA,NA,NA,NA,7.19552619905061,0,NA,NA,3.08309728773912,0,556200000,0,3.08309728773912,9.09522018543653,NA,0,NA,NA,NA
"Czechia","Government expenditure on health",1996,1.51872586327175,NA,5.5018e+10,NA,2.7953e+10,NA,NA,NA,NA,17.5189396427811,10.8095670836636,NA,NA,2.98920543574876,99.9334486889392,1.33337e+11,4.89504258495802,7.24438702218243,9.03600903305276,NA,9.0096e+10,NA,NA,NA
"Czechia","Government expenditure on health",2002,0.39109384255524,NA,1.06579e+11,NA,1.0577e+10,NA,NA,NA,NA,16.3212463309249,3.64797097350505,NA,NA,3.94085190939727,99.9887695655226,1.95782e+11,5.26736146803103,7.23921099396332,11.4025674740262,NA,1.42454e+11,NA,NA,NA
"Costa Rica","Government expenditure on health",2002,0,NA,NA,2.81309210783012,0,2.956e+10,8.73e+09,NA,NA,NA,0,2.72906311544593,0.495524920477973,NA,76.9345868974289,NA,5.17149654829008,NA,NA,0.14634413246863,3.085e+11,NA,NA,NA
"Cyprus","Government expenditure on health",1995,0,NA,156800000,NA,0,NA,NA,NA,NA,6.60182729148246,0,NA,NA,2.04211869814933,0,156800000,0,2.04211869814933,7.47627902541363,NA,0,NA,NA,NA
"Cyprus","Government expenditure on health",2010,0,NA,575500000,NA,0,NA,NA,NA,NA,7.09224228233409,0,NA,NA,2.95719644417039,0,575500000,0,2.95719644417039,8.45701689933872,NA,0,NA,NA,NA
"Croatia","Government expenditure on health",2013,2.13957075040674,NA,930464000,NA,960004000,NA,NA,NA,NA,13.5071827769781,17.4777523704103,NA,NA,2.07373464975819,12.5245711350055,2897816000,2.24508680826406,6.45839220842898,6.48623568232681,NA,1007348000,NA,NA,NA
"Croatia","Government expenditure on health",2009,2.08670485175202,NA,979348000,NA,929001000,NA,NA,NA,NA,13.105593477446,16.2208130442435,NA,NA,2.19979335130279,12.410923524504,2857701000,2.13241689128482,6.41891509433962,7.13282656063629,NA,949352000,NA,NA,NA
"Croatia","Government expenditure on health",1996,1.96250608625037,NA,511893000,NA,335652000,NA,NA,NA,NA,12.5799556906297,17.0172163619827,NA,NA,2.99296035181963,8.8376057139564,1240127000,2.29536711937466,7.25083355744467,7.75732383064586,NA,392582000,NA,NA,NA
"Cyprus","Government expenditure on health",2003,0,NA,393100000,NA,0,NA,NA,NA,NA,7.55264371349524,0,NA,NA,3.06028711113879,0,393100000,0,3.06028711113879,8.62137029563997,NA,0,NA,NA,NA
"Czechia","Government expenditure on health",2000,1.43247072550736,NA,6.5601e+10,NA,3.4375e+10,NA,NA,NA,NA,16.6091236770586,12.9687617897834,NA,NA,2.73371671458932,99.9705318992191,1.6183e+11,4.80664249697879,6.74375963662124,9.01011149843012,NA,1.15345e+11,NA,NA,NA
"Croatia","Government expenditure on health",2001,2.14263689320388,NA,649602000,NA,551729000,NA,NA,NA,NA,13.1034936015666,18.4154530807797,NA,NA,2.52272621359223,9.46839284235495,1698690000,1.93149514563107,6.59685436893204,7.4231244469955,NA,497360000,NA,NA,NA
"Croatia","Government expenditure on health",2010,2.11643233743409,NA,1064269000,NA,939315000,NA,NA,NA,NA,13.5912518162724,17.7225098884479,NA,NA,2.39797440403767,11.6089419462854,2886679000,1.98975936190347,6.50416610337524,7.74854887942003,NA,883095000,NA,NA,NA
"Croatia","Government expenditure on health",2007,2.14161680105353,NA,966892000,NA,926956000,NA,NA,NA,NA,13.901128048713,17.8076220624434,NA,NA,2.23388397292239,12.2306927551262,2763001000,2.00807245338817,6.38357091698819,7.52694316079424,NA,869154000,NA,NA,NA
"Croatia","Government expenditure on health",1999,1.9887754809983,NA,670049000,NA,439673000,NA,NA,NA,NA,12.7783431452155,15.7789717306866,NA,NA,3.03083660417499,9.17423255974902,1602847000,2.23055522869789,7.25016731387118,7.89511296432389,NA,493125000,NA,NA,NA
"Czechia","Government expenditure on health",1998,1.20887055278198,NA,5.738e+10,NA,2.6219e+10,NA,NA,NA,NA,15.5919076271412,10.7017200140409,NA,NA,2.64560022573821,99.8763077387922,1.4076e+11,4.87702431296464,6.4899736454324,8.32407308008112,NA,1.05777e+11,NA,NA,NA
"Cyprus","Government expenditure on health",2009,0,NA,552100000,NA,0,NA,NA,NA,NA,7.0220288970289,0,NA,NA,2.95627961768092,0,552100000,0,2.95627961768092,8.26583624032459,NA,0,NA,NA,NA
"Croatia","Government expenditure on health",1998,2.23492951878764,NA,614131000,NA,480758000,NA,NA,NA,NA,13.2185548317776,18.1245963739346,NA,NA,2.85494885223454,9.5945021160816,1558953000,2.15732308605716,7.24720145707934,7.67406189297717,NA,464064000,NA,NA,NA
"Croatia","Government expenditure on health",2000,2.02199265381084,NA,765410000,NA,484429000,NA,NA,NA,NA,13.2597378564429,17.783332391113,NA,NA,3.19479923198931,8.9536579758335,1726130000,1.98802487686785,7.204816762668,8.48412578067569,NA,476291000,NA,NA,NA
"Czechia","Government expenditure on health",2006,1.39242184410631,NA,1.01891e+11,NA,4.9156e+10,NA,NA,NA,NA,16.7875936770197,11.4048133342304,NA,NA,2.88622455280813,99.9971088071517,2.44909e+11,4.89863046604038,6.93743676088846,9.54748960365517,NA,1.72934e+11,NA,NA,NA
"Costa Rica","Government expenditure on health",2004,NA,NA,NA,2.59736919738209,NA,3.454e+10,NA,NA,NA,NA,NA,NA,0.423796515440512,NA,75.3444703012078,NA,4.62127155690546,NA,NA,NA,3.7664e+11,NA,NA,NA
"Croatia","Government expenditure on health",2008,1.9939600772698,NA,961830000,NA,928986000,NA,NA,NA,NA,12.8229738287086,16.4074231197322,NA,NA,2.06445589182228,11.1639362137544,2738562000,1.81958789439794,5.87800386349002,7.0726756896232,NA,847746000,NA,NA,NA
"Czechia","Government expenditure on health",2005,1.41046369872157,NA,8.7502e+10,NA,4.6383e+10,NA,NA,NA,NA,16.2767288890682,11.7232698679891,NA,NA,2.6608540751037,99.9970533635855,2.259e+11,5.15981028392032,6.86940796285715,8.55452382209343,NA,1.6968e+11,NA,NA,NA
"Costa Rica","Government expenditure on health",2000,NA,2.405e+11,NA,1.76175852594149,NA,1.09e+10,1.1e+10,21.9602615142993,5.19769559463421,NA,NA,5.34265870124824,0.235571234850365,NA,80.7924012270392,NA,4.72439192094402,NA,NA,0.237732438839818,2.186e+11,NA,NA,NA
"Czechia","Government expenditure on health",2007,1.24673646337255,NA,1.09744e+11,NA,4.8082e+10,NA,NA,NA,NA,16.7396084475774,10.9286711125052,NA,NA,2.8455939111592,99.9989320403902,2.60436e+11,4.85582097733539,6.75294408666221,9.4980267257495,NA,1.87271e+11,NA,NA,NA
"Costa Rica","Government expenditure on health",1998,NA,1.7161e+11,NA,3.59547055414382,NA,1.613e+10,9.3e+09,21.9071934639689,4.87604070836219,NA,NA,6.78683499963512,0.458309752496254,NA,73.9403136064745,NA,4.15348540730951,NA,NA,0.264245548556427,1.4618e+11,NA,NA,NA
"Cyprus","Government expenditure on health",2011,0,NA,606900000,NA,0,NA,NA,NA,NA,7.26365301066389,0,NA,NA,3.05618362280379,0,606900000,0,3.05618362280379,8.71006630500301,NA,0,NA,NA,NA
"Czechia","Government expenditure on health",2004,1.48365636508077,NA,8.6623e+10,NA,4.5812e+10,NA,NA,NA,NA,16.9549481400848,11.811539274683,NA,NA,2.80535155226559,99.9950484631668,2.20552e+11,5.23217836003053,7.14274379270265,8.91100618255511,NA,1.61558e+11,NA,NA,NA
"Cyprus","Government expenditure on health",2007,0,NA,457900000,NA,0,NA,NA,NA,NA,6.95410503295568,0,NA,NA,2.61485309653656,0,457900000,0,2.61485309653656,8.06091013115043,NA,0,NA,NA,NA
"Croatia","Government expenditure on health",1997,1.81492456880705,NA,561879000,NA,354045000,NA,NA,NA,NA,12.7112495890215,16.8668597374916,NA,NA,2.88033442584061,9.25114350883133,1340009000,2.17396739330463,6.86922638795229,7.9930527973743,NA,424085000,NA,NA,NA
"Croatia","Government expenditure on health",2006,2.31772062174067,NA,810461000,NA,915546000,NA,NA,NA,NA,14.4911207593683,18.820709016856,NA,NA,2.05169611665232,11.9912281618089,2529537000,2.03415270112906,6.40356690800466,7.36911820825339,NA,803531000,NA,NA,NA
"Cyprus","Government expenditure on health",2001,0,NA,3.02e+08,NA,0,NA,NA,NA,NA,7.49602859412232,0,NA,NA,2.64520141194195,0,3.02e+08,0,2.64520141194195,8.45654121863799,NA,0,NA,NA,NA
"Czechia","Government expenditure on health",2012,1.45459896182631,NA,1.26776e+11,NA,5.9906e+10,NA,NA,NA,NA,17.2420707864042,12.9222499288161,NA,NA,3.07829329256655,99.9965411089205,3.14699e+11,5.61579220597584,7.6413187107765,9.43213455091415,NA,2.3128e+11,NA,NA,NA
"Cyprus","Government expenditure on health",2004,0,NA,389400000,NA,0,NA,NA,NA,NA,7.29158864504531,0,NA,NA,2.81023346443907,0,389400000,0,2.81023346443907,8.42565345334949,NA,0,NA,NA,NA
"Costa Rica","Government expenditure on health",2005,NA,NA,NA,2.56587974493115,NA,3.9186e+10,9.906e+09,NA,NA,NA,NA,2.58107550023646,0.409166849378296,NA,74.6075290989052,NA,4.43164891066035,NA,NA,0.103435074004527,4.2442e+11,NA,NA,NA
"Costa Rica","Government expenditure on health",1999,NA,2.0835e+11,NA,2.39466014177252,NA,1.331e+10,1.03e+10,21.5484698362792,5.1162354172557,NA,NA,6.25873488485143,0.326839901145541,NA,74.9452332657201,NA,4.53646907119663,NA,NA,0.252926444913529,1.8474e+11,NA,NA,NA
"Cyprus","Government expenditure on health",1996,0,NA,163400000,NA,0,NA,NA,NA,NA,6.21860252702086,0,NA,NA,2.04774735259101,0,163400000,0,2.04774735259101,7.02916630818205,NA,0,NA,NA,NA
"Cyprus","Government expenditure on health",1997,0,NA,197900000,NA,0,NA,NA,NA,NA,6.91112275187707,0,NA,NA,2.36343659684238,0,197900000,0,2.36343659684238,7.81811717299411,NA,0,NA,NA,NA
"Cyprus","Government expenditure on health",2014,0,NA,4.66e+08,NA,0,NA,NA,NA,NA,5.41155704199182,0,NA,NA,2.66547692589288,0,4.66e+08,0,2.66547692589288,6.69703806964345,NA,0,NA,NA,NA
"Cyprus","Government expenditure on health",2005,0,NA,408900000,NA,0,NA,NA,NA,NA,7.02577319587629,0,NA,NA,2.75868117633566,0,408900000,0,2.75868117633566,8.23100768952051,NA,0,NA,NA,NA
"Croatia","Government expenditure on health",1995,2.02726742873613,NA,521869000,NA,315561000,NA,NA,NA,NA,13.3789346823757,16.9827374648033,NA,NA,3.35265772946307,9.44847078539593,1213144000,2.41371004249627,7.79363520069548,8.27711308105804,NA,375714000,NA,NA,NA
"Czechia","Government expenditure on health",1997,1.30254743816027,NA,4.8295e+10,NA,2.5822e+10,NA,NA,NA,NA,15.2957365391707,11.3677185320842,NA,NA,2.43616019386377,99.8762916606025,1.25273e+11,4.84634207734676,6.31918616763425,7.96589649530244,NA,9.6075e+10,NA,NA,NA
"Costa Rica","Government expenditure on health",2007,NA,NA,NA,2.51789681560109,NA,5.1e+10,1.46e+10,NA,NA,NA,NA,2.18792147459913,0.367195663859845,NA,74.8254800848652,NA,4.55898616384419,NA,NA,0.105118758673603,6.332e+11,NA,NA,NA
"Czechia","Government expenditure on health",2013,1.43899836196163,NA,1.26557e+11,NA,5.9992e+10,NA,NA,NA,NA,17.8003802108855,12.7311273006623,NA,NA,3.03566001624846,99.9960624753905,3.13862e+11,5.48237939405773,7.52845219165889,9.90335858269688,NA,2.28561e+11,NA,NA,NA
"Costa Rica","Government expenditure on health",2003,NA,3.526e+11,NA,3.20424948594928,NA,3.74e+10,8.2e+09,20.8515671200473,5.12086162926472,NA,NA,2.30596175478065,0.543165697488657,NA,74.7330960854093,NA,4.57479130237773,NA,NA,0.119089805331738,3.15e+11,NA,NA,NA
"Costa Rica","Government expenditure on health",2012,NA,NA,NA,5.48677196722889,NA,236713927081.7,40751036980.34,NA,NA,NA,NA,2.26164991800016,0.996569854633347,NA,72.4718908860006,NA,5.50132881845407,NA,NA,0.171562592452107,1306723400000,NA,NA,NA
"Croatia","Government expenditure on health",2005,2.527501312481,NA,700263000,NA,914728000,NA,NA,NA,NA,14.2256244747848,20.3924632012802,NA,NA,1.93490923157691,11.884379341073,2368104000,2.08094001271034,6.54335055676826,6.48135413128328,NA,753113000,NA,NA,NA
"Costa Rica","Government expenditure on health",2001,NA,2.805e+11,NA,2.3943661971831,NA,1.7e+10,6.3e+09,22.094268880557,5.33870352982135,NA,NA,2.8383492521175,0.323557789686142,NA,76.1848341232227,NA,4.89523902983976,NA,NA,0.119906710295453,2.572e+11,NA,NA,NA
"Costa Rica","Government expenditure on health",2013,NA,1.62703e+12,2.21685e+11,4.51062851607156,NA,2.1977e+11,41207018264,22.8547548813036,6.38979264409481,NA,NA,2.20997743546839,0.863097010745171,0.870617740487979,71.5163913570069,NA,5.51915526723674,NA,4.13799089468409,0.161831252151704,1.40534e+12,NA,NA,NA
"Croatia","Government expenditure on health",2002,2.44662873701322,NA,552029000,NA,692347000,NA,NA,NA,NA,12.6498396352493,20.0998099894181,NA,NA,1.95077037246449,8.49737742089949,1743916000,1.76528376563715,6.16268287511485,6.07653544718144,NA,499540000,NA,NA,NA
"Croatia","Government expenditure on health",2011,2.12744993679729,NA,1003154000,NA,959331000,NA,NA,NA,NA,13.1352451032782,18.2434136235653,NA,NA,2.22463353513849,11.5936679568117,2862376000,1.99563346860932,6.3477169405451,6.9921233937749,NA,899891000,NA,NA,NA
"Cyprus","Government expenditure on health",2006,0,NA,450300000,NA,0,NA,NA,NA,NA,7.27275663802571,0,NA,NA,2.81435741026619,0,450300000,0,2.81435741026619,8.53794960277583,NA,0,NA,NA,NA
"Cyprus","Government expenditure on health",2008,0,NA,511400000,NA,0,NA,NA,NA,NA,7.00538348789743,0,NA,NA,2.69021967847824,0,511400000,0,2.69021967847824,7.99812324053801,NA,0,NA,NA,NA
"Croatia","Government expenditure on health",2004,2.68502436994769,NA,619114000,NA,903457000,NA,NA,NA,NA,13.6228755795128,21.6900458957767,NA,NA,1.83997265810747,11.8427887434638,2222954000,2.08149964336662,6.60649667142178,5.71945167301957,NA,700383000,NA,NA,NA
"Czechia","Government expenditure on health",2003,1.57489930986091,NA,8.391e+10,NA,4.462e+10,NA,NA,NA,NA,15.0334214073251,11.909591732149,NA,NA,2.96167192044888,99.9926991796533,2.08129e+11,5.31756175091248,7.34608288798838,7.84427739817911,NA,1.50657e+11,NA,NA,NA
"Czechia","Government expenditure on health",1995,1.85196359024155,NA,4.455e+10,NA,2.9772e+10,NA,NA,NA,NA,13.8091493528159,14.8644465524989,NA,NA,2.77122725867463,99.914179582426,1.17131e+11,4.85216700018848,7.28611941719007,6.36380388342026,NA,7.8003e+10,NA,NA,NA
"Czechia","Government expenditure on health",2009,1.56423575689297,NA,1.2268e+11,NA,6.1717e+10,NA,NA,NA,NA,17.5396360874692,12.0616400875547,NA,NA,3.10936115909117,99.9932323601467,3.07162e+11,5.61722770595906,7.78511242540562,9.68089656402349,NA,2.21628e+11,NA,NA,NA
"Czechia","Government expenditure on health",2011,1.48336346910097,NA,1.25812e+11,NA,6.0749e+10,NA,NA,NA,NA,17.7204905724106,12.160817700837,NA,NA,3.07206579161025,99.9951683606687,3.10592e+11,5.55885875583435,7.58400675887682,9.90339209992498,NA,2.27655e+11,NA,NA,NA
"Cyprus","Government expenditure on health",2000,0,NA,260300000,NA,0,NA,NA,NA,NA,7.13482992078502,0,NA,NA,2.45681925436527,0,260300000,0,2.45681925436527,8.08636222429326,NA,0,NA,NA,NA
"Croatia","Government expenditure on health",2003,2.67394289380815,NA,562229000,NA,833468000,NA,NA,NA,NA,12.697758990255,20.6394947871822,NA,NA,1.80375040102663,9.59310984157216,1946120000,1.76587423804941,6.24356753288418,5.50610943900418,NA,550423000,NA,NA,NA
"Czechia","Government expenditure on health",2008,1.36785447859155,NA,1.14166e+11,NA,5.5228e+10,NA,NA,NA,NA,16.9187941500769,11.6633123486069,NA,NA,2.82759604553637,99.9980066974964,2.79265e+11,4.97002648131398,6.91667054689412,9.45445932874879,NA,2.00668e+11,NA,NA,NA
"Croatia","Government expenditure on health",2012,2.14531722054381,NA,1024065000,NA,958635000,NA,NA,NA,NA,13.9039668194087,17.6787794895287,NA,NA,2.29174219536757,12.0149084265907,2924491000,2.1076222446011,6.54468166051248,7.59063431512401,NA,941791000,NA,NA,NA
"Cyprus","Government expenditure on health",2002,0,NA,338600000,NA,0,NA,NA,NA,NA,7.71526875840226,0,NA,NA,2.85088827144902,0,338600000,0,2.85088827144902,8.8034943580677,NA,0,NA,NA,NA
"Costa Rica","Government expenditure on health",1996,NA,1.2669e+11,NA,2.4236801669904,NA,8.36e+09,8.6e+09,22.1111052934709,5.22276715882456,NA,NA,9.61861089363606,0.344639146323888,NA,79.1531414556734,NA,4.52359491939237,NA,NA,0.354533093108305,1.0973e+11,NA,NA,NA
"Costa Rica","Government expenditure on health",2011,NA,NA,NA,3.42648983952104,NA,132598119458.8,33570606233.36,NA,NA,NA,NA,2.27563944025627,0.613212331993277,NA,NA,NA,NA,NA,NA,0.155250389815544,NA,NA,NA,NA
"Cyprus","Government expenditure on health",1998,0,NA,230200000,NA,0,NA,NA,NA,NA,7.43012071525402,0,NA,NA,2.54089494249321,0,230200000,0,2.54089494249321,8.42667838055495,NA,0,NA,NA,NA
"Costa Rica","Government expenditure on health",1997,NA,1.376e+11,NA,2.24368077250781,NA,8.69e+09,9.4e+09,20.5877072236519,4.68959323368039,NA,NA,7.89650537634409,0.296166898260774,NA,73.7670514165792,NA,4.07306168137459,NA,NA,0.320364654045026,1.1951e+11,NA,NA,NA
"Costa Rica","Government expenditure on health",2006,NA,NA,NA,2.55987257523181,NA,4.5e+10,1.17e+10,NA,NA,NA,NA,2.73812309852563,0.387486093554642,NA,74.6761752292243,NA,4.41820254673082,NA,NA,0.100746384324207,5.131e+11,NA,NA,NA
"Czechia","Government expenditure on health",1999,1.20766117916883,NA,6.0881e+10,NA,2.7381e+10,NA,NA,NA,NA,16.1451243741385,11.4933216921178,NA,NA,2.68520580873516,99.9150906295806,1.49685e+11,4.93054437595792,6.60197814557123,8.70057950509836,NA,1.11789e+11,NA,NA,NA
"Czechia","Government expenditure on health",2010,1.47301529995894,NA,1.26926e+11,NA,5.9406e+10,NA,NA,NA,NA,17.7676299208705,11.7052006037224,NA,NA,3.14722317548039,99.993758470647,3.0901e+11,5.56143489929957,7.66212937818253,10.0756191386436,NA,2.2429e+11,NA,NA,NA
"Costa Rica","Government expenditure on health",2008,NA,NA,NA,3.40149056339659,NA,91429628209.9,27926757707.3,NA,NA,NA,NA,3.07943670425375,0.564067930896949,NA,75.8498529002326,NA,5.04964810318508,NA,NA,0.172291944581171,818496183484.3,NA,NA,NA
"Costa Rica","Government expenditure on health",2009,NA,NA,NA,3.6673443308236,NA,111202875895.7,28862707032.9203,NA,NA,NA,NA,2.53026635521926,0.63089722035916,NA,74.9500759291711,NA,5.5255380423239,NA,NA,0.163749376915299,973939496559.7,NA,NA,NA
"Cyprus","Government expenditure on health",1999,0,NA,256300000,NA,0,NA,NA,NA,NA,7.72523133496097,0,NA,NA,2.63371525458562,0,256300000,0,2.63371525458562,8.76299234135667,NA,0,NA,NA,NA
"Costa Rica","Government expenditure on health",1995,NA,9.755e+10,NA,2.33690701422465,NA,6.67e+09,6.92e+09,20.6564319745897,4.69021321983354,NA,NA,9.33117583603021,0.32069423040789,NA,74.5185053696636,NA,4.03680473538928,NA,NA,0.332714254036372,8.396e+10,NA,NA,NA
"Costa Rica","Government expenditure on health",2010,NA,NA,NA,3.37570597841563,NA,126383067411.7,26826722555.9,NA,NA,NA,NA,2.17028351526412,0.638233510549176,NA,NA,NA,NA,NA,NA,0.135474740912925,NA,NA,NA,NA
"Costa Rica","Government expenditure on health",2014,NA,1623404986964.16,256622133973.559,4.37922945727855,NA,245412450783,39289576753.529,20.0920841368098,5.79760004367279,NA,NA,1.90160894000492,0.876431480008,0.916464164567307,68.5599375551006,NA,4.88113587910548,NA,4.21641429057378,0.1403132636226,1366782852990.6,NA,NA,NA
"Croatia","Government expenditure on health",2014,2.12437695399732,NA,949182000,NA,951296000,NA,NA,NA,NA,13.3789890322141,16.9067411492936,NA,NA,2.11965609647164,11.8009827476965,2912573000,2.26014962036624,6.50418267083519,6.51766349829794,NA,1012095000,NA,NA,NA
"Cyprus","Government expenditure on health",1994,NA,127102861.223974,NA,8.7680971162703,NA,126863657.022181,239204.201792665,6.23893990858391,1.89112044139607,NA,NA,0.0854805226523387,1.88756140306033,NA,0,NA,0,NA,NA,0.0035590383357366,0,NA,NA,NA
"Croatia","Government expenditure on health",1994,NA,618084809.874577,NA,0.277375323147395,NA,7516092.64052027,0,13.249313132296,4.4686002977059,NA,NA,0,0.0543394907534282,NA,35.3259584166505,NA,4.41426080695248,NA,NA,0,610568717.234057,NA,NA,NA
"Croatia","Government expenditure on health",1991,NA,3595460.87995222,NA,1.61922172891093,NA,164576.282434136,0,16.3104341019929,NA,NA,NA,0,NA,NA,30.4870857412432,NA,NA,NA,NA,NA,3430884.59751808,NA,NA,NA
"Cyprus","Government expenditure on health",1990,NA,82576707.6617106,NA,8.80245264919968,NA,79962547.456405,2614160.20530555,5.77875026902935,1.76105201246784,NA,NA,0.788009888751546,1.70530176253869,NA,0,NA,0,NA,NA,0.0557502499291496,0,NA,NA,NA
"Cyprus","Government expenditure on health",1991,NA,91683553.3442456,NA,8.98234416018943,NA,89445285.4560428,2238267.88820279,6.03660663059251,1.86827521100018,NA,NA,0.729927007299271,1.82266506328475,NA,0,NA,0,NA,NA,0.0456101477154349,0,NA,NA,NA
"Cyprus","Government expenditure on health",1993,NA,110614857.314694,NA,8.7534521037527,NA,110478169.199384,136688.115310094,6.143305846294,1.83505760995705,NA,NA,0.0524590163934426,1.83279000710261,NA,0,NA,0,NA,NA,0.0022676028544418,0,NA,NA,NA
"Croatia","Government expenditure on health",1992,NA,22667728.449134,NA,0.483526369054312,NA,342424.845709735,0,16.348859916145,5.2944819559133,NA,NA,0,0.0799798784838474,NA,36.6838225672787,NA,5.21450207742944,NA,NA,0,22325303.6034242,NA,NA,NA
"Croatia","Government expenditure on health",1993,NA,306633485.964563,NA,0.0950972375662281,NA,984803.238436525,0,15.857152270063,4.9700286130272,NA,NA,0,0.0159620540393198,NA,37.5284366831583,NA,4.95406655898787,NA,NA,0,305648682.726126,NA,NA,NA
"Czechia","Government expenditure on health",1993,NA,6.9373e+10,NA,6.55238328261435,6.399e+09,2.1424e+10,0,18.0978866276567,NA,NA,7.13791718722113,0,NA,NA,100.248797825632,NA,NA,NA,NA,NA,4.7949e+10,NA,NA,NA
"Czechia","Government expenditure on health",1994,NA,7.3592e+10,NA,1.72561910418077,6.057e+09,6.247e+09,0,16.6794344694411,NA,NA,5.45479106628242,0,NA,NA,100.561453806985,NA,NA,NA,NA,NA,6.7345e+10,NA,NA,NA
"Costa Rica","Government expenditure on health",1994,NA,8.206e+10,NA,2.34713529128551,NA,5.85e+09,5.6e+09,20.5319388495509,4.98201502290628,NA,NA,9.819393301771,0.355164366122371,NA,75.5995717344754,NA,4.28686425502574,NA,NA,0.339986401758167,7.061e+10,NA,NA,NA
"Cyprus","Government expenditure on health",1992,NA,102704032.641122,NA,9.11553589739665,NA,101764301.848365,939730.792756897,5.96702304019377,1.80403188607821,NA,NA,0.250159192213227,1.78752518939974,NA,0,NA,0,NA,NA,0.0165066966784731,0,NA,NA,NA
"Costa Rica","Government expenditure on health",1990,0,3.517e+10,NA,3.94428354709695,0,2.86e+09,3.88e+09,26.2619474313023,6.69509319782537,NA,0,15.8496732026144,0.544440333971583,NA,76.9834822637422,NA,5.41204150168255,NA,NA,0.738611362171238,2.843e+10,NA,NA,NA
"Czechia","Government expenditure on health",2014,1.37563096863379,NA,1.35575e+11,NA,6.0225e+10,NA,NA,NA,NA,17.7433177807349,11.9595133982295,NA,NA,3.09674003441304,99.9971083222486,3.28149e+11,5.52917993664217,7.4954242710869,10.1828672460555,NA,2.42067e+11,NA,NA,NA
"Costa Rica","Government expenditure on health",1991,NA,5.473e+10,NA,NA,NA,NA,NA,31.9890116313052,6.21197604967129,NA,NA,NA,NA,NA,NA,NA,NA,NA,NA,NA,NA,NA,NA,NA
"Costa Rica","Government expenditure on health",2015,NA,1885427010443.93,289872732026.028,4.55913264115987,NA,276123489109.8,44101330607.198,21.3555251847222,6.24894630233124,NA,NA,2.0157968477323,0.915167146063753,0.960736812884738,69.5483941814701,NA,5.28820948944649,NA,4.43597362019294,0.146166807465461,1595554278417.9,NA,NA,NA
"Cyprus","Government expenditure on health",2015,0,NA,455600000,NA,0,NA,NA,NA,NA,6.27842240167572,0,NA,NA,2.53901025412394,0,455600000,0,2.53901025412394,8.15187246148616,NA,0,NA,NA,NA
"Croatia","Government expenditure on health",2015,2.39096485122673,NA,991123000,NA,1099270000,NA,NA,NA,NA,14.3944317928324,20.0555250164519,NA,NA,2.15573995127893,12.1679459397817,3139255000,2.28132286410301,6.82802984165652,6.91528990865554,NA,1048861000,NA,NA,NA
"Czechia","Government expenditure on health",2015,1.48383006797565,NA,1.45715e+11,NA,6.9025e+10,NA,NA,NA,NA,17.9837730225855,13.1624863893884,NA,NA,3.13243460130491,99.9964006910673,3.48416e+11,5.37508708970029,7.4898969498559,10.33822450581,NA,2.50039e+11,NA,NA,NA
"Costa Rica","Government expenditure on health",2016,NA,2034155038245.98,304401697480.28,4.50035280173113,NA,278889550083,49694927813.32,21.8474763069086,6.34557259266836,NA,NA,2.01994085434439,0.869999509434782,0.949584978713412,69.5168815345251,NA,5.39598761395494,NA,4.46175855658857,0.155023961299799,1729753340765.7,NA,NA,NA
"Croatia","Government expenditure on health",2016,2.31254013893844,NA,978480000,NA,1101856000,NA,NA,NA,NA,14.4041078346958,20.2962572457621,NA,NA,2.05360253531177,12.5259437957717,3141372000,2.22687052700065,6.59301110248284,6.91111147211449,NA,1061037000,NA,NA,NA
"Croatia","Government expenditure on health",2017,2.37893934531451,NA,1099075000,NA,1186044000,NA,NA,NA,NA,15.2787001360391,20.9575551038677,NA,NA,2.20449895699615,12.4405868765912,3359898000,2.15576660783055,6.73920491014121,7.82068082386068,NA,1074779000,NA,NA,NA
"Cyprus","Government expenditure on health",2017,0,NA,506300000,NA,0,NA,NA,NA,NA,6.8456847712922,0,NA,NA,2.49257838846413,0,506300000,0,2.49257838846413,8.89087907842518,NA,0,NA,NA,NA
"Cyprus","Government expenditure on health",2016,0,NA,474800000,NA,0,NA,NA,NA,NA,6.69722829536639,0,NA,NA,2.49714679415369,0,474800000,0,2.49714679415369,8.76920803782506,NA,0,NA,NA,NA
"Croatia","Government expenditure on health",2018,2.55094501718213,NA,1199696000,NA,1336185000,NA,NA,NA,NA,15.3185409264752,21.0263696484204,NA,NA,2.29037037037037,11.9774620522593,3613973000,2.05821114929362,6.89952844597174,8.18671979556402,NA,1078091000,NA,NA,NA
"Czechia","Government expenditure on health",2018,1.49538704398447,NA,1.69164e+11,NA,8.1884e+10,NA,NA,NA,NA,18.4587372556526,12.9208784758274,NA,NA,3.08931725255959,99.9959312793075,4.05005e+11,5.38592450782748,7.39630733414259,10.7491297833323,NA,2.94921e+11,NA,NA,NA
"Costa Rica","Government expenditure on health",2017,NA,2132811300386.78,325505800386.776,4.38632973211788,NA,296691906890.5,61439916590.646,21.152581277126,6.21020612439835,NA,NA,2.63067269376486,0.863891661159462,0.947790418553463,68.555820818321,NA,5.26241570584487,NA,4.37112415325542,0.178897470312802,1807305500000,NA,NA,NA
"Czechia","Government expenditure on health",2016,1.39022471469307,NA,1.49217e+11,NA,6.7329e+10,NA,NA,NA,NA,18.6840911429838,13.6602121391646,NA,NA,3.0810670179619,99.9961807862997,3.55843e+11,5.40620231549257,7.34752830356203,10.609100604337,NA,2.61824e+11,NA,NA,NA
"Costa Rica","Government expenditure on health",2018,NA,2285338273368.59,345977487979.42,4.50954445923118,NA,315419809984.9,82498172089.25,21.9902363359287,6.34556746758261,NA,NA,2.99111721004049,0.875808062287878,0.960655810923827,68.0426308762384,NA,5.38491165665878,NA,4.39160179638607,0.229067934075659,1939360785389.17,NA,NA,NA
"Cyprus","Government expenditure on health",2019,0,NA,784700000,NA,0,NA,NA,NA,NA,9.10161111297972,0,NA,NA,3.38558183081151,11.3942558746736,811800000,0.94142214283557,3.50250456257523,11.1815668728091,NA,218200000,NA,NA,NA
"Cyprus","Government expenditure on health",2018,0,NA,568900000,NA,0,NA,NA,NA,NA,6.15952620694882,0,NA,NA,2.62465859599911,0,568900000,0,2.62465859599911,7.46186435120211,NA,0,NA,NA,NA
"Costa Rica","Government expenditure on health",2019,NA,1366983550194.04,353640635905.365,3.86147048893976,NA,304299458719.3,101106780507.955,11.8383149457189,3.6132854226733,NA,NA,3.55925795075834,0.804340914096404,0.934762202808066,32.8699346495011,NA,2.67852321986522,NA,4.17806248760879,0.267250952720657,1013342914288.67,NA,NA,NA
"Croatia","Government expenditure on health",2019,2.64541276102928,NA,1372015000,NA,1461908000,NA,NA,NA,NA,15.7016575099948,20.907126046012,NA,NA,2.48274582896023,12.0811840362322,3980628000,2.07503528645362,7.2031920668814,8.61182750020211,NA,1146706000,NA,NA,NA
"Cyprus","Government expenditure on health",2020,0,NA,1059100000,NA,0,NA,NA,NA,NA,13.3715572847343,0,NA,NA,4.79519348748342,28.8329979879276,1.306e+09,3.24403373976194,5.91306080129671,13.9842873176206,NA,716500000,NA,NA,NA
"Czechia","Government expenditure on health",2020,1.81541226817068,NA,2.34244e+11,NA,1.05808e+11,NA,NA,NA,NA,19.8066213158667,14.3111036570356,NA,NA,4.01906690746799,99.9924453977633,5.33117e+11,6.35872991144272,9.1470129117869,11.7278977911935,NA,3.70607e+11,NA,NA,NA
"Croatia","Government expenditure on health",2021,2.99363976210705,NA,1833044000,NA,1761757000,NA,NA,NA,NA,17.1837113498964,22.974736301804,NA,NA,3.11477315208156,11.9534526824091,4873831000,2.27595242141037,8.28178589634664,9.70064157645983,NA,1339398000,NA,NA,NA
"Costa Rica","Government expenditure on health",2021,NA,2659037285929.11,378220520911.88,4.62025781002454,NA,385085972249.3,169225680.5,21.7304142649424,6.62887907715029,NA,NA,0.010415224738805,0.960004719698962,0.942889409971398,63.2042638822323,NA,5.68598966717889,NA,4.38372514240614,0.0004218732015226,2280816765017.23,NA,NA,NA
"Costa Rica","Government expenditure on health",2022,NA,3004033467355.82,316495467355.82,3.74084006680069,NA,316513487355.82,155230000,22.9194337555862,6.78851697578414,NA,NA,0.0109385180870859,0.715257404862034,0.715216683253159,64.1859132123192,NA,6.07330029253098,NA,3.54823021884531,0.0003507888649051,2.687538e+12,NA,NA,NA
"Croatia","Government expenditure on health",2020,3.20423328167605,NA,1566017000,NA,1633422000,NA,NA,NA,NA,16.15703210969,22.7416852790295,NA,NA,3.0720069835416,11.313232553509,4413071000,2.38074425721404,8.65698452243169,8.7777182451413,NA,1213632000,NA,NA,NA
"Croatia","Government expenditure on health",2022,2.77311882998172,NA,1979319000,NA,1896120000,NA,NA,NA,NA,17.0818600925784,23.6201463110681,NA,NA,2.89479926873857,11.9534526824091,5214836000,1.95890018281536,7.6268168190128,9.69731469808855,NA,1339398000,NA,NA,NA
"Costa Rica","Government expenditure on health",2020,NA,2485942014186.09,299364686450.99,3.29115420183329,NA,252806214163.61,96933824500.78,21.1903607881146,6.81168721913644,NA,NA,3.38187533359205,0.69270998603736,0.820284060095679,66.8050643809009,NA,5.99140315904076,NA,3.53925718269229,0.265606715557345,2186577327735.1,NA,NA,NA
"Czechia","Government expenditure on health",2022,1.68675402900932,NA,2.79715e+11,NA,1.18914e+11,NA,NA,NA,NA,20.4219651402281,13.860312886825,NA,NA,3.9676606894423,99.9905234740482,6.1783e+11,6.13638091585209,8.76370521337125,12.6565525254961,NA,4.32607e+11,NA,NA,NA
"Czechia","Government expenditure on health",2021,1.85390840322746,NA,2.75401e+11,NA,1.1694e+11,NA,NA,NA,NA,21.1555318177462,14.9230494372272,NA,NA,4.36607002015773,99.9905234740482,6.00482e+11,6.85833549337284,9.51974196841824,13.1066690525731,NA,4.32607e+11,NA,NA,NA
"Cyprus","Government expenditure on health",2022,0,NA,1.478e+09,NA,0,NA,NA,NA,NA,15.9570323370624,0,NA,NA,5.32089151933413,39.5723051010587,1720200000,4.73660146954528,6.19282651661609,17.6479719160826,NA,1315700000,NA,NA,NA
"Cote d'Ivoire","Government expenditure on health",2014,NA,NA,NA,7.12330272393919,NA,228406144839,NA,NA,NA,NA,NA,NA,0.946327694833001,NA,NA,NA,NA,NA,NA,NA,NA,NA,NA,NA
"Czechia","Government expenditure on health",2017,1.4441018013092,NA,1.56495e+11,NA,7.4795e+10,NA,NA,NA,NA,18.9644215838607,13.683731005236,NA,NA,3.02152164443991,99.9971004617515,3.77509e+11,5.3268908186056,7.28874158580701,10.7958633620841,NA,2.75898e+11,NA,NA,NA
"Cyprus","Government expenditure on health",2021,0,NA,1367700000,NA,0,NA,NA,NA,NA,15.7171167893694,0,NA,NA,5.48671146324341,39.5723051010587,1641700000,5.27810650887574,6.58589910741149,16.8371680762271,NA,1315700000,NA,NA,NA
"Czechia","Government expenditure on health",2019,1.50166356222222,NA,1.79847e+11,NA,8.8431e+10,NA,NA,NA,NA,18.4146144271275,13.042593327306,NA,NA,3.05401597488414,99.9947196605674,4.37311e+11,5.46678827462455,7.42606092952654,10.4632349476131,NA,3.21932e+11,NA,NA,NA
"Dominican Republic","Government expenditure on health",1996,NA,3197400000,NA,9.57763022269099,NA,2397300000,10700000,11.1590019928036,1.35914793022411,NA,NA,0.429391227577351,1.01904213833936,NA,69.7966401414677,NA,0.335557445461598,NA,NA,0.0045483464231556,789400000,NA,NA,NA
"Dominican Republic","Government expenditure on health",2002,NA,9161125783,NA,11.6211435090402,NA,7372400783,0,12.9258488698632,1.918840906847,NA,NA,0,1.54418403798607,NA,57.5536628523265,NA,0.346652774678365,NA,NA,0,1655025000,NA,NA,NA
"Denmark","Government expenditure on health",1999,6.70873019710229,NA,3.028e+09,NA,8.3254e+10,NA,NA,NA,NA,12.6073419374278,21.1518771547837,NA,NA,0.244000709116988,0,8.5357e+10,0,6.87819304098374,0.648527320391344,NA,0,NA,NA,NA
"Denmark","Government expenditure on health",2009,8.69716050025151,NA,5.836e+09,NA,1.5042e+11,NA,NA,NA,NA,15.6908742076094,24.4298166545671,NA,NA,0.337432712933572,0,1.52772e+11,0,8.83315120292796,0.813732502868839,NA,0,NA,NA,NA
"Denmark","Government expenditure on health",2012,8.53408827970066,NA,9.1917e+10,NA,1.61545e+11,NA,NA,NA,NA,14.9319779612419,23.7395461205104,NA,NA,4.85578502835275,0,1.6399e+11,0,8.66325257351271,11.0374350815046,NA,0,NA,NA,NA
"Egypt, Arab Rep.","Government expenditure on health",2010,NA,1.7342e+10,1.7342e+10,4.73842226003779,NA,1.7342e+10,0,4.37165577912122,1.36689958417964,4.37165577912122,NA,0,1.36689958417964,1.36689958417964,0,1.7342e+10,0,1.36689958417964,4.89512542382833,0,0,NA,NA,NA
"Dominican Republic","Government expenditure on health",1995,NA,2701600000,NA,8.84056773530168,NA,1925900000,9700000,10.8132772443274,1.26170494118503,NA,NA,0.461662938460806,0.899436462181023,NA,69.7505008195229,NA,0.35773837168631,NA,NA,0.0045301073176987,7.66e+08,NA,NA,NA
"Dominican Republic","Government expenditure on health",1997,NA,4018400000,NA,9.58740289568269,NA,2926200000,13600000,11.2044567996587,1.43328560595126,NA,NA,0.355147020420954,1.04371897773606,NA,71.2605708245243,NA,0.384715771097707,NA,NA,0.0048508571174938,1078600000,NA,NA,NA
"Denmark","Government expenditure on health",2003,7.03797989148602,NA,3.492e+09,NA,1.01269e+11,NA,NA,NA,NA,13.3200720417718,21.0871647509579,NA,NA,0.242686565297072,0,1.02653e+11,0,7.13416494485691,0.664408843563302,NA,0,NA,NA,NA
"Denmark","Government expenditure on health",2011,8.29766539069921,NA,8.8241e+10,NA,1.53385e+11,NA,NA,NA,NA,14.9737997844875,23.359532885489,NA,NA,4.77357167741754,0,1.56052e+11,0,8.44194203833096,11.2510678448023,NA,0,NA,NA,NA
"Dominican Republic","Government expenditure on health",2000,NA,7042700000,NA,11.8975074095769,NA,5443300000,24300000,13.673180940991,1.790655185913,NA,NA,0.757386859493829,1.38399667364508,NA,61.8316715082044,NA,0.400480069196694,NA,NA,0.0061784430712206,1575100000,NA,NA,NA
"Denmark","Government expenditure on health",2013,8.38456753511652,NA,9.1743e+10,NA,1.62288e+11,NA,NA,NA,NA,15.2499227129294,23.659833042241,NA,NA,4.7398783605331,0,1.64265e+11,0,8.48670872865471,11.3664155333455,NA,0,NA,NA,NA
"Denmark","Government expenditure on health",2005,7.13995971269352,NA,3.975e+09,NA,1.13531e+11,NA,NA,NA,NA,14.1509225010521,21.6444117377909,NA,NA,0.249987579233485,0,1.15002e+11,0,7.23247083949917,0.725696029210406,NA,0,NA,NA,NA
"Denmark","Government expenditure on health",2008,7.73743577048617,NA,5.323e+09,NA,1.40026e+11,NA,NA,NA,NA,15.6440397077527,24.1968985335946,NA,NA,0.294133736636752,0,1.42069e+11,0,7.85032609999,0.809048945713317,NA,0,NA,NA,NA
"Egypt, Arab Rep.","Government expenditure on health",1997,NA,2.583e+09,NA,3.68436818006761,NA,2.583e+09,0,3.29032011515483,0.955111759944529,NA,NA,0,0.955111759944529,NA,NA,NA,0,NA,NA,0,0,NA,NA,NA
"Egypt, Arab Rep.","Government expenditure on health",2006,NA,9665200000,9665200000,5.26894217748635,NA,9665200000,0,4.38907916163738,1.48810643386589,4.40060974388207,NA,0,1.48810643386589,1.48810643386589,0,9665200000,0,1.48810643386589,5.04823010051333,0,0,NA,NA,NA
"Denmark","Government expenditure on health",2001,6.73974715017449,NA,3.768e+09,NA,9.2488e+10,NA,NA,NA,NA,13.1202918809569,21.2556478412951,NA,NA,0.274580132145332,0,9.508e+10,0,6.92863029840185,0.766280408194808,NA,0,NA,NA,NA
"Denmark","Government expenditure on health",2000,6.52414095806658,NA,3.265e+09,NA,8.6509e+10,NA,NA,NA,NA,12.6946232837034,21.1367712237528,NA,NA,0.246232417761012,0,8.8749e+10,0,6.69307223395775,0.679352066665973,NA,0,NA,NA,NA
"Egypt, Arab Rep.","Government expenditure on health",2005,NA,7.258e+09,7.258e+09,5.39802032922123,NA,7.258e+09,0,4.32921348247587,1.28183464896779,4.34991852143525,NA,0,1.28183464896779,1.28183464896779,0,7.258e+09,0,1.28183464896779,5.0978158338525,0,0,NA,NA,NA
"Denmark","Government expenditure on health",1997,6.39474974501234,NA,2.614e+09,NA,7.3167e+10,NA,NA,NA,NA,11.6882448047043,20.0884620453347,NA,NA,0.228461954617003,0,7.4895e+10,0,6.54577585732228,0.58802357493139,NA,0,NA,NA,NA
"Egypt, Arab Rep.","Government expenditure on health",2004,NA,8.073e+09,8.073e+09,6.67581804199158,NA,8.073e+09,0,5.33960354783023,1.58206896670105,5.35405184934641,NA,0,1.58206896670105,1.58206896670105,0,8.073e+09,0,1.58206896670105,6.27384847330914,0,0,NA,NA,NA
"Egypt, Arab Rep.","Government expenditure on health",2007,NA,1.0434e+10,1.0434e+10,5.20946450958688,NA,1.0434e+10,0,4.3547161275163,1.33233033105348,4.36245412921711,NA,0,1.33233033105348,1.33233033105348,0,1.0434e+10,0,1.33233033105348,5.00697492625581,0,0,NA,NA,NA
"Egypt, Arab Rep.","Government expenditure on health",2002,NA,7.007e+09,7.007e+09,7.28287531700827,NA,7.007e+09,0,5.76010916833132,1.75876681538121,5.77011759280609,NA,0,1.75876681538121,1.75876681538121,0,7.007e+09,0,1.75876681538121,6.78808428190845,0,0,NA,NA,NA
"Egypt, Arab Rep.","Government expenditure on health",2011,NA,2.0278e+10,2.0278e+10,5.04595933819747,NA,2.0278e+10,0,4.60602872328416,1.40655506307914,4.60602872328416,NA,0,1.40655506307914,1.40655506307914,0,2.0278e+10,0,1.40655506307914,5.18799245057297,0,0,NA,NA,NA
"Egypt, Arab Rep.","Government expenditure on health",2009,NA,1.5783e+10,1.5783e+10,4.49018747663583,NA,1.5783e+10,0,4.42170076490969,1.44025449118549,4.42170076490969,NA,0,1.44025449118549,1.44025449118549,0,1.5783e+10,0,1.44025449118549,4.94869138577155,0,0,NA,NA,NA
"Egypt, Arab Rep.","Government expenditure on health",2003,NA,7.593e+09,7.593e+09,7.19381519483842,NA,7.593e+09,0,5.69549041375379,1.72964776712421,5.70653399269492,NA,0,1.72964776712421,1.72964776712421,0,7.593e+09,0,1.72964776712421,6.71673478053182,0,0,NA,NA,NA
"Dominican Republic","Government expenditure on health",1999,NA,5108700000,NA,9.76205370031758,NA,4057500000,15300000,10.815680163949,1.45746271157454,NA,NA,0.394940629839959,1.15756551612225,NA,57.6717514753368,NA,0.295532253395202,NA,NA,0.0043649420570968,1035900000,NA,NA,NA
"Denmark","Government expenditure on health",2006,7.23308581200801,NA,4.379e+09,NA,1.21895e+11,NA,NA,NA,NA,14.7469896190469,22.2718186900929,NA,NA,0.259843986798335,0,1.23619e+11,0,7.33538565974501,0.786390541045312,NA,0,NA,NA,NA
"Denmark","Government expenditure on health",1996,6.54980421230983,NA,2.604e+09,NA,7.1206e+10,NA,NA,NA,NA,11.5612872145373,20.2188104277111,NA,NA,0.239526025459299,0,7.2956e+10,0,6.71077600361313,0.588459947888301,NA,0,NA,NA,NA
"Denmark","Government expenditure on health",2002,6.90381726981608,NA,4.549e+09,NA,9.7446e+10,NA,NA,NA,NA,13.296405166923,21.2439039810247,NA,NA,0.322285827641908,0,9.9785e+10,0,7.06952985518746,0.894963298438487,NA,0,NA,NA,NA
"Denmark","Government expenditure on health",1998,6.43814049398507,NA,3.031e+09,NA,7.6306e+10,NA,NA,NA,NA,11.9038450122606,20.0924760515464,NA,NA,0.25573354437749,0,7.8206e+10,0,6.59844855545562,0.666602154415937,NA,0,NA,NA,NA
"Denmark","Government expenditure on health",2004,7.0988836000355,NA,3.777e+09,NA,1.0717e+11,NA,NA,NA,NA,13.6036113919721,21.512520700557,NA,NA,0.250186464097547,0,1.08576e+11,0,7.19201628960954,0.687541071340805,NA,0,NA,NA,NA
"Denmark","Government expenditure on health",2007,7.5509539085698,NA,4.863e+09,NA,1.31624e+11,NA,NA,NA,NA,15.4605377598519,24.2024841636863,NA,NA,0.278978673018408,0,1.33319e+11,0,7.64819200249664,0.77810116435167,NA,0,NA,NA,NA
"Dominican Republic","Government expenditure on health",2003,NA,7333061553.55,6134419000,8.2948930433024,NA,6134419000,0,9.51700619106051,1.16654991562738,NA,NA,0,0.975868798402308,0.975868798402308,62.5457266402066,NA,0.259002570851959,NA,8.19248851144083,0,1628118753.55,NA,NA,NA
"Egypt, Arab Rep.","Government expenditure on health",2008,NA,1.3162e+10,1.3162e+10,4.66255956170098,NA,1.3162e+10,0,4.30416932148214,1.39783865738339,4.30416932148214,NA,0,1.39783865738339,1.39783865738339,0,1.3162e+10,0,1.39783865738339,4.84741257108427,0,0,NA,NA,NA
"Egypt, Arab Rep.","Government expenditure on health",1995,NA,1.716e+09,NA,2.86525296376691,NA,1.716e+09,0,2.49821659945552,0.799996094055151,NA,NA,NA,0.799996094055151,NA,0,NA,0,NA,NA,0,0,NA,NA,NA
"Egypt, Arab Rep.","Government expenditure on health",1998,NA,NA,NA,4.26660004441483,NA,3.074e+09,NA,NA,NA,NA,NA,NA,1.01722693166937,NA,NA,NA,NA,NA,NA,NA,NA,NA,NA,NA
"Denmark","Government expenditure on health",2010,8.40671500185339,NA,8.6373e+10,NA,1.52405e+11,NA,NA,NA,NA,15.0866697196753,23.5207420211124,NA,NA,4.76436596473267,0,1.54836e+11,0,8.54080984237375,11.288256804477,NA,0,NA,NA,NA
"Denmark","Government expenditure on health",1995,6.6318332631644,NA,3.569e+09,NA,6.8679e+10,NA,NA,NA,NA,11.5808787165437,20.3782553609419,NA,NA,0.344632462852309,0,7.0251e+10,0,6.78362990973314,0.818576104183247,NA,0,NA,NA,NA
"Dominican Republic","Government expenditure on health",1998,NA,4420600000,NA,10.3973836109292,NA,3462100000,14200000,11.2143890002283,1.38729452414756,NA,NA,0.312225153913808,1.08649332037535,NA,60.024154589372,NA,0.296344889642252,NA,NA,0.0044563141299586,944300000,NA,NA,NA
"Egypt, Arab Rep.","Government expenditure on health",1996,NA,2.073e+09,NA,3.12405811079631,NA,2.073e+09,0,2.78629032258065,0.859422340755076,NA,NA,0,0.859422340755076,NA,NA,NA,0,NA,NA,0,0,NA,NA,NA
"Denmark","Government expenditure on health",2014,8.45186142035751,NA,9.3155e+10,NA,1.67369e+11,NA,NA,NA,NA,15.5015658793697,23.9259900961791,NA,NA,4.70417550808933,0,1.6958e+11,0,8.56351331288486,11.3224494558466,NA,0,NA,NA,NA
"Egypt, Arab Rep.","Government expenditure on health",2012,NA,2.2492e+10,NA,4.77545266161633,NA,2.2492e+10,NA,4.35535279287095,1.34304651579387,4.35535279287095,NA,NA,1.34304651579387,NA,NA,2.2492e+10,NA,1.34304651579387,NA,NA,NA,NA,NA,NA
"Egypt, Arab Rep.","Government expenditure on health",2013,NA,31956450000,NA,6.96795908018908,NA,40949720000,NA,5,1.71771930767577,5,NA,NA,2.20112448935713,NA,NA,31956450000,NA,1.71771930767577,NA,NA,NA,NA,NA,NA
"Egypt, Arab Rep.","Government expenditure on health",2001,NA,NA,NA,4.62369290755742,NA,4.435e+09,NA,NA,NA,NA,NA,NA,1.17587998446777,NA,NA,NA,NA,NA,NA,NA,NA,NA,NA,NA
"Egypt, Arab Rep.","Government expenditure on health",2000,NA,NA,NA,4.58109733530718,NA,3.961e+09,NA,NA,NA,NA,NA,NA,1.10764084165685,NA,NA,NA,NA,NA,NA,NA,NA,NA,NA,NA
"Egypt, Arab Rep.","Government expenditure on health",2014,NA,37731050000,NA,7,NA,48017984000,NA,5,1.77141079812207,5,NA,NA,2.25436544600939,NA,NA,37731050000,NA,1.77141079812207,NA,NA,NA,NA,NA,NA
"Egypt, Arab Rep.","Government expenditure on health",1999,NA,NA,NA,3.8512379887132,NA,3.03e+09,NA,NA,NA,NA,NA,NA,0.936821928505391,NA,NA,NA,NA,NA,NA,NA,NA,NA,NA,NA
"Dominican Republic","Government expenditure on health",2014,NA,NA,NA,10.3949158213489,NA,51781181108.46,NA,NA,NA,NA,NA,NA,1.76989434215693,NA,NA,NA,NA,NA,NA,NA,NA,NA,NA,NA
"Dominican Republic","Government expenditure on health",1991,NA,1184300000,NA,9.72229085338736,NA,7.87e+08,15700000,11.0917554063293,0.958544494823541,NA,NA,0.760916977657151,0.636979242950373,NA,73.497688751926,NA,0.308858042070981,NA,NA,0.0127072098021866,381600000,NA,NA,NA
"Dominican Republic","Government expenditure on health",1994,NA,2440400000,NA,9.01813996404349,NA,1896100000,8800000,10.3859625230348,1.32078150975309,NA,NA,0.56946871157704,1.02619809074038,NA,57.8044041450777,NA,0.289820725484666,NA,NA,0.0047626935280393,535500000,NA,NA,NA
"Denmark","Government expenditure on health",1994,4.77786466310885,4.584e+09,NA,1.28006076379193,4.7414e+10,4.584e+09,NA,1.11001605455157,0.46192541476549,NA,15.0678967422911,NA,0.46192541476549,NA,0,NA,0,NA,NA,NA,0,NA,NA,NA
"Denmark","Government expenditure on health",1990,4.64474645623265,3.437e+09,NA,1.22402900346874,3.973e+10,3.437e+09,NA,1.06746423668698,0.401812070729212,NA,15.4341010888947,NA,0.401812070729212,NA,0,NA,0,NA,NA,NA,0,NA,NA,NA
"Dominican Republic","Government expenditure on health",1992,NA,1729200000,NA,9.5518267762681,NA,1238700000,19100000,11.4964995911203,1.19199862577747,NA,NA,1.34820357168067,0.853879654031083,NA,71.8378543127095,NA,0.324952667240052,NA,NA,0.0131663045063322,471400000,NA,NA,NA
"Dominican Republic","Government expenditure on health",1990,NA,955100000,NA,12.0057460944514,NA,668600000,11700000,13.5877992915167,1.23486562648847,NA,NA,1.06635071090047,0.86444472607077,NA,75.7233397630201,NA,0.355293764170278,NA,NA,0.0151271362474245,274800000,NA,NA,NA
"Denmark","Government expenditure on health",1991,4.77102987973298,3.654e+09,NA,1.27025843188787,4.2475e+10,3.654e+09,NA,1.09787095960051,0.410437744097571,NA,16.024613202244,NA,0.410437744097571,NA,0,NA,0,NA,NA,NA,0,NA,NA,NA
"Denmark","Government expenditure on health",1992,4.77558208295697,4e+09,NA,1.30783918809343,4.4094e+10,4e+09,NA,1.1234566514251,0.433218313871001,NA,16.0458515283843,NA,0.433218313871001,NA,0,NA,0,NA,NA,NA,0,NA,NA,NA
"Denmark","Government expenditure on health",1993,4.96411863535503,4.288e+09,NA,1.31587022966354,4.6063e+10,4.288e+09,NA,1.1230863922683,0.462109300488513,NA,15.9609560703816,NA,0.462109300488513,NA,0,NA,0,NA,NA,NA,0,NA,NA,NA
"Egypt, Arab Rep.","Government expenditure on health",1990,NA,7.52e+08,NA,3.20613941590279,NA,7.52e+08,0,2.81247662502805,0.744209489415969,NA,NA,NA,0.744209489415969,NA,0,NA,0,NA,NA,0,0,NA,NA,NA
"Dominican Republic","Government expenditure on health",1993,NA,2.308e+09,NA,9.06020013766082,NA,1711200000,21300000,10.9263230650514,1.41150830649406,NA,NA,1.5269911821636,1.04652210315106,NA,68.3979082481578,NA,0.351959718538706,NA,NA,0.0130264848042996,575500000,NA,NA,NA
"Egypt, Arab Rep.","Government expenditure on health",1992,NA,1.15e+09,NA,2.30451685303194,NA,1.15e+09,0,2.10433859722959,0.786269556981102,NA,NA,NA,0.786269556981102,NA,0,NA,0,NA,NA,0,0,NA,NA,NA
"Egypt, Arab Rep.","Government expenditure on health",1993,NA,1.37e+09,NA,2.72691082802548,NA,1.37e+09,0,2.4401973531874,0.82945366553776,NA,NA,NA,0.82945366553776,NA,0,NA,0,NA,NA,0,0,NA,NA,NA
"Egypt, Arab Rep.","Government expenditure on health",1994,NA,1.549e+09,NA,2.67886481158017,NA,1.549e+09,0,2.369153589673,0.841810075714459,NA,NA,NA,0.841810075714459,NA,0,NA,0,NA,NA,0,0,NA,NA,NA
"Egypt, Arab Rep.","Government expenditure on health",1991,NA,9.79e+08,NA,3.08754888356251,NA,9.79e+08,0,2.75782416406096,0.837295303199669,NA,NA,NA,0.837295303199669,NA,0,NA,0,NA,NA,0,0,NA,NA,NA
"Dominican Republic","Government expenditure on health",2015,NA,NA,NA,10.4835104189486,NA,56052846105.07,NA,NA,NA,NA,NA,NA,1.74856133066251,NA,NA,NA,NA,NA,NA,NA,NA,NA,NA,NA
"Denmark","Government expenditure on health",2015,8.43352842026868,NA,9.8459e+10,NA,1.71218e+11,NA,NA,NA,NA,15.6327085305261,24.1662326517535,NA,NA,4.84970490679271,0,1.73582e+11,0,8.54996980601968,11.8263102642269,NA,0,NA,NA,NA
"Egypt, Arab Rep.","Government expenditure on health",2015,NA,40027500000,NA,7,NA,50068844000,NA,5,1.63785343099145,5,NA,NA,2.04872719833054,NA,NA,40027500000,NA,1.63785343099145,NA,NA,NA,NA,NA,NA
"Dominican Republic","Government expenditure on health",2016,NA,NA,NA,10.0994630512518,NA,55617080042.52,NA,NA,NA,NA,NA,NA,1.59484986819804,NA,NA,NA,NA,NA,NA,NA,NA,NA,NA,NA
"Denmark","Government expenditure on health",2017,8.19861626999405,NA,1.05203e+11,NA,1.79516e+11,NA,NA,NA,NA,16.4654845015611,24.4210549227506,NA,NA,4.80469165674471,0,1.82525e+11,0,8.33603932062136,12.8850082549885,NA,0,NA,NA,NA
"Denmark","Government expenditure on health",2016,8.32930053994226,NA,9.9745e+10,NA,1.75042e+11,NA,NA,NA,NA,16.0755919862514,24.3292303244602,NA,NA,4.74632420994128,0,1.7782e+11,0,8.46149051092042,12.1433806431505,NA,0,NA,NA,NA
"Dominican Republic","Government expenditure on health",2017,NA,NA,NA,10.4167152202675,NA,67849785497.33,NA,NA,NA,NA,NA,NA,1.78427366444868,NA,NA,NA,NA,NA,NA,NA,NA,NA,NA,NA
"Denmark","Government expenditure on health",2018,8.18179468001936,NA,1.05604e+11,NA,1.83562e+11,NA,NA,NA,NA,16.4084167608271,24.6019449745888,NA,NA,4.70702130827058,0,1.86894e+11,0,8.33030984042198,12.6270579471525,NA,0,NA,NA,NA
"Ecuador","Government expenditure on health",1990,NA,NA,NA,11.1764705882353,NA,1.33e+11,NA,NA,NA,NA,NA,NA,1086.96670925209,NA,NA,NA,NA,NA,NA,NA,NA,NA,NA,NA
"Ecuador","Government expenditure on health",2013,NA,NA,2284102872.16695,NA,NA,NA,NA,NA,NA,NA,NA,NA,NA,2.40104179514293,NA,NA,NA,NA,6.81670493818107,NA,NA,NA,NA,NA
"Dominican Republic","Government expenditure on health",2018,NA,NA,NA,9.88316343580348,NA,69137122014.879,NA,NA,NA,NA,NA,NA,1.63219129063738,NA,NA,NA,NA,NA,NA,NA,NA,NA,NA,NA
"Denmark","Government expenditure on health",2019,8.2429219534154,NA,9.012e+09,NA,1.89887e+11,NA,NA,NA,NA,16.8690538421328,24.9333293066117,NA,NA,0.391207468885072,0,1.93623e+11,0,8.40510028272684,1.07690193524488,NA,0,NA,NA,NA
"Ecuador","Government expenditure on health",2014,NA,NA,2420234234.7926,NA,NA,NA,NA,NA,NA,NA,NA,NA,NA,2.37916202324509,NA,NA,NA,NA,7.00507723365701,NA,NA,NA,NA,NA
"Dominican Republic","Government expenditure on health",2019,NA,NA,NA,9.98270266572965,NA,76179726124.881,NA,NA,NA,NA,NA,NA,1.66978958471552,NA,NA,NA,NA,NA,NA,NA,NA,NA,NA,NA
"Dominican Republic","Government expenditure on health",2020,NA,NA,NA,10.2063979606375,NA,102273758013.99,NA,NA,NA,NA,NA,NA,2.2948535049495,NA,NA,NA,NA,NA,NA,NA,NA,NA,NA,NA
"Denmark","Government expenditure on health",2020,8.72452817213175,NA,1.4935e+10,NA,2.02984e+11,NA,NA,NA,NA,16.7902754468246,25.2951541630632,NA,NA,0.641926596435126,0,2.08392e+11,0,8.95697136152051,1.61386878981993,NA,0,NA,NA,NA
"Denmark","Government expenditure on health",2021,8.60039703667467,NA,2.819e+10,NA,2.20817e+11,NA,NA,NA,NA,18.2572320132502,26.0873623076087,NA,NA,1.09794622906687,0,2.31926e+11,0,9.03307119980713,2.95924140964446,NA,0,NA,NA,NA
"Ecuador","Government expenditure on health",2021,NA,NA,3353578330.91299,NA,NA,NA,NA,NA,NA,NA,NA,NA,NA,3.15881031942318,NA,NA,NA,NA,11.436814843216,NA,NA,NA,NA,NA
"Dominican Republic","Government expenditure on health",2021,NA,NA,NA,12.8889011554984,NA,129486373051.649,NA,NA,NA,NA,NA,NA,2.40113550617515,NA,NA,NA,NA,NA,NA,NA,NA,NA,NA,NA
"Dominican Republic","Government expenditure on health",2022,NA,NA,NA,10.0678653430509,NA,117831947438.582,NA,NA,NA,NA,NA,NA,1.88212990217133,NA,NA,NA,NA,NA,NA,NA,NA,NA,NA,NA
"Denmark","Government expenditure on health",2022,7.66735296888998,NA,1.7231e+10,NA,2.18077e+11,NA,NA,NA,NA,17.7026512400328,25.6801966078782,NA,NA,0.605823443127625,0,2.25453e+11,0,7.92668520245212,1.84134569659846,NA,0,NA,NA,NA
"Ecuador","Government expenditure on health",2019,NA,NA,3057558795.67962,NA,NA,NA,NA,NA,NA,NA,NA,NA,NA,2.82824447879677,NA,NA,NA,NA,9.92054274086266,NA,NA,NA,NA,NA
"Ecuador","Government expenditure on health",2017,NA,NA,2791837845.71925,NA,NA,NA,NA,NA,NA,NA,NA,NA,NA,2.67684430828066,NA,NA,NA,NA,9.61095311208214,NA,NA,NA,NA,NA
"Ecuador","Government expenditure on health",2015,NA,NA,2608780863.04158,NA,NA,NA,NA,NA,NA,NA,NA,NA,NA,2.62742557412644,NA,NA,NA,NA,8.52299591256637,NA,NA,NA,NA,NA
"Ecuador","Government expenditure on health",2020,NA,NA,2829719245.0747,NA,NA,NA,NA,NA,NA,NA,NA,NA,NA,2.84992165571084,NA,NA,NA,NA,10.293293593415,NA,NA,NA,NA,NA
"Ecuador","Government expenditure on health",2018,NA,NA,2974525295.03361,NA,NA,NA,NA,NA,NA,NA,NA,NA,NA,2.76540513731727,NA,NA,NA,NA,9.75504220966421,NA,NA,NA,NA,NA
"Ecuador","Government expenditure on health",2022,NA,NA,3134387863.13607,NA,NA,NA,NA,NA,NA,NA,NA,NA,NA,2.69369434494133,NA,NA,NA,NA,10.4234563666424,NA,NA,NA,NA,NA
"Ecuador","Government expenditure on health",2016,NA,NA,2657489143.87116,NA,NA,NA,NA,NA,NA,NA,NA,NA,NA,2.65914589813153,NA,NA,NA,NA,9.01140019960537,NA,NA,NA,NA,NA
"El Salvador","Government expenditure on health",1998,NA,1.385e+09,NA,5.77417358189696,NA,550400000,834600000,8.7566781525622,12.6638181457427,NA,NA,27.73955528966,5.03261047466916,NA,0,NA,0,NA,NA,7.63120767107355,0,NA,NA,NA
"El Salvador","Government expenditure on health",1999,NA,1.496e+09,NA,5.18967166082244,NA,569800000,926200000,8.41702534672405,13.2574868023314,NA,NA,29.432139565922,5.04954276735858,NA,0,NA,0,NA,NA,8.20794403497283,0,NA,NA,NA
"El Salvador","Government expenditure on health",2000,NA,2685200000,NA,5.0488115820541,NA,578200000,1026900000,13.7393956139543,22.7850313917859,NA,NA,27.1472757554128,4.90626588363274,NA,25.0667223653369,NA,9.16509474388053,NA,NA,8.71367076427268,1080100000,NA,NA,NA
"El Salvador","Government expenditure on health",2001,NA,501100000,NA,11.0687798435436,NA,217900000,134400000,16.3485693778343,4.07977835185422,NA,NA,24.3301955104996,1.77406446391745,NA,27.3479139863996,NA,1.21147678857695,NA,NA,1.09423709935982,148800000,NA,NA,NA
"El Salvador","Government expenditure on health",2002,0,402600000,218500000,9.02556900326325,0,218500000,156400000,13.5014588014353,3.1790401288672,13.1491279639428,0,25.8811848419659,1.72533598648158,1.72533598648158,32.1909424724602,402600000,1.45370414238562,3.1790401288672,9.06639004149378,1.23497733769208,184100000,NA,NA,NA
"El Salvador","Government expenditure on health",2003,0,358100000,186600000,9.62924819773429,0,224400000,182100000,13.3187042064938,2.70388631747446,12.8614014294437,0,27.1385991058122,1.69436495292172,1.40895053571833,28.7365951742627,358100000,1.29493578175613,2.70388631747446,8.92012046464936,1.3749726289084,171500000,NA,NA,NA
"El Salvador","Government expenditure on health",2004,0,NA,NA,9.33738553205103,0,233500000,233300000,NA,NA,NA,0,35.1461283519132,1.70129859721191,NA,28.0463006413265,NA,1.30639331254859,NA,NA,1.69984138213935,179300000,NA,NA,NA
"El Salvador","Government expenditure on health",2005,0,552400000,295400000,9.14914984243516,0,264200000,230500000,15.7616914429195,3.7582986690833,15.1891773404894,0,30.5905773059058,1.79750635114375,2.00977810797829,32.0929070929071,552400000,1.74852056110501,3.7582986690833,10.9249602426125,1.56822563943465,2.57e+08,NA,NA,NA
"El Salvador","Government expenditure on health",2006,NA,533700000,3.32e+08,9.50189914461292,NA,307700000,240100000,13.5305749923943,3.33565001737513,NA,NA,30.4232133806386,1.92313942354568,2.07501556261672,24.3305186972256,NA,1.26063445475841,NA,10.6567374975926,1.50063625477191,201700000,NA,NA,NA
"El Salvador","Government expenditure on health",2007,0.0005878290005437,548400000,320800000,9.72037283621838,1e+05,284700000,190800000,14.5202287650921,3.22365423898188,13.9423749062671,0.0271849938833764,23.6548475080585,1.67354916454803,1.88575543374432,30.8067135896048,548500000,1.33789880523756,3.22424206798242,10.5595786701777,1.12157773303746,227600000,NA,NA,NA
"El Salvador","Government expenditure on health",2008,0,687400000,442600000,10.0846389339096,0,3.36e+08,2.68e+08,15.75918751003,3.82167446494334,14.9868096888831,0,28.8637587506731,1.86802825170346,2.46068245298796,31.6034082106894,687400000,1.36099201195538,3.82167446494334,12.3383140053524,1.48997491504919,244800000,NA,NA,NA
"El Salvador","Government expenditure on health",2009,0.001136259048883,742300000,480500000,11.6913586755945,2e+05,443500000,221100000,15.5179262046619,4.21722545992926,14.9162280525533,0.0459981600735969,21.8284134662849,2.51965444089805,2.72986236494141,31.8568994889268,742500000,1.48736309498785,4.21836171897814,12.1286316480299,1.25613437854016,261800000,NA,NA,NA
"El Salvador","Government expenditure on health",2010,0.0016261987117253,660800000,424200000,11.2798791345168,3e+05,418100000,232600000,14.1420194324359,3.58197369569377,13.595607288282,0.0674460431654676,21.8650122203422,2.26637893790794,2.29944497837969,27.8516774573278,661100000,1.28252871731408,3.5835998944055,11.0957076717847,1.26084606782441,236600000,NA,NA,NA
"El Salvador","Government expenditure on health",2011,0.0014790135374109,876700000,522900000,10.8965169824235,3e+05,469500000,2.63e+08,16.2181059120551,4.32217056082714,15.5657072258707,0.0568835224552445,22.5842707447703,2.31465618604807,2.57792059570721,37.1153988139876,8.77e+08,1.74424996511993,4.32364957436455,11.7441128899594,1.2966018677969,353800000,NA,NA,NA
"El Salvador","Government expenditure on health",2012,0.0009396734149562,697232902.46,386610476.83,10.6668010242578,200960.06,412154236.49,239555734.33,13.6696148523718,3.26020614481515,13.0055854855515,0.0350962957464501,19.3598045903509,1.92720075268304,1.80776014408384,32.3272649289803,697433862.52,1.45244600073131,3.26114581823011,9.33901373735695,1.12014374871412,310622425.63,NA,NA,NA
"El Salvador","Government expenditure on health",2013,0.0009094646163696,713900000,427900000,10.939292543021,2e+05,457700000,257600000,13.1507202593671,3.24633394813141,11.7925852530757,0.0319030148349019,17.8504608135264,2.08130977456191,1.94579954672284,28.2218275113479,714100000,1.30053440140858,3.24724341274778,8.80416443767746,1.17139042588409,2.86e+08,NA,NA,NA
"El Salvador","Government expenditure on health",2014,0.0004426057617532,531100000,531100000,11.5324147744564,1e+05,500200000,319800000,9.34708513098392,2.3506792006717,9.25138583583037,0.0124632770672257,23.0678410158967,2.21391402028993,2.3506792006717,0,531200000,0,2.35112180643345,11.8014740963315,1.41545322608701,0,NA,NA,NA
"El Salvador","Government expenditure on health",2015,0.0008533063916061,907700000,618300000,13.1599539700806,2e+05,571800000,358500000,15.8989000210187,3.87273105830472,16.3273747437327,0.0315706393054459,25.3985122210414,2.43960297360211,2.63799670965055,25.2905706545486,907900000,1.23473434865417,3.87358436469633,13.5446559617954,1.52955170695411,289400000,NA,NA,NA
"El Salvador","Government expenditure on health",2016,0.0008267393976872,921600000,631600000,13.6125069793411,2e+05,609500000,353400000,15.6790690552748,3.80961514454298,15.164177140225,0.0307692307692308,26.1487236403996,2.51948831445198,2.61084301789643,23.8349634256596,921800000,1.19877212664655,3.81044188394067,13.5501587574015,1.46084851571342,2.9e+08,NA,NA,NA
"El Salvador","Government expenditure on health",2017,0.0004003332373868,953800000,642100000,12.4456209472215,1e+05,606500000,371900000,14.6928338160084,3.81837841819531,14.1498798469161,0.0156543519098309,24.8280926630616,2.42802108475095,2.57053971726065,24.1328584701146,953900000,1.24783870093466,3.81877875143269,12.3480769230769,1.48883930984151,311700000,NA,NA,NA
"El Salvador","Government expenditure on health",2018,0.0261328795435662,1041100000,679600000,12.4579648167946,6800000,640900000,3.93e+08,15.5330100708691,4.00102071953041,15.0182730204228,1.09465550547328,24.9254772626372,2.46302389698111,2.61175072614818,30.5579036348267,1047900000,1.38926999338223,4.02715359907397,12.3127094845548,1.51032671479728,361500000,NA,NA,NA
"El Salvador","Government expenditure on health",2019,0.0044640980494495,1077400000,733400000,12.7089689949391,1200000,695600000,412100000,15.5767924010005,4.00801603206413,15.3561411751306,0.189783330697454,27.3729657920956,2.58768883599759,2.72830792455526,28.9391772524607,1078600000,1.27970810750887,4.01248013011358,12.8037709497207,1.53304567181514,3.44e+08,NA,NA,NA
"El Salvador","Government expenditure on health",2020,0.0052164443190714,1224300000,883700000,11.5531150430479,1300000,852100000,468300000,13.9832105533665,4.91268675372243,13.9959802667641,0.185793911676433,28.1836783822821,3.41917861867752,3.54597834212572,28.3597002497918,1225600000,1.36670841159672,4.91790319804151,11.6976636441856,1.87912374970858,340600000,NA,NA,NA
"El Salvador","Government expenditure on health",2021,0.0223805001800769,1532300000,1131100000,14.189004108785,6500000,1087800000,574800000,16.219792317219,5.2759446809126,16.2283014490308,1.09097012420275,27.2081794944618,3.74546278398272,3.89455134672077,29.7626112759644,1538800000,1.38139333419183,5.29832518109268,13.9657492807843,1.97912484669357,401200000,NA,NA,NA
"El Salvador","Government expenditure on health",2022,0.0128169418714173,2601800000,1943800000,20.7190565899249,4100000,1693700000,709400000,25.7514722620874,8.13344374659843,25.1394007216037,0.601084884914236,34.1090489470141,5.29464742624866,6.07648088040512,43.1333988856113,2605900000,2.05696286619331,8.14626068846985,22.6602937747727,2.21764355209352,6.58e+08,NA,NA,NA
"El Salvador","Government expenditure on health",2023,0.0008819477639978,1954300000,1242100000,14.5036640572243,3e+05,1159800000,596700000,18.9498690972559,5.74530171726989,18.7448453113911,0.048748781280468,31.20652685529,3.40961005561563,3.65155772553903,34.465737514518,1954600000,2.09374399173086,5.74618366503389,15.0619649310019,1.75419410259169,712200000,NA,NA,NA
"El Salvador","Government expenditure on health",1990,NA,NA,NA,7.80507430410621,NA,310400000,NA,NA,NA,NA,NA,NA,6.44312242347754,NA,NA,NA,NA,NA,NA,NA,NA,NA,NA,NA
"El Salvador","Government expenditure on health",1991,NA,NA,NA,7.71080899288641,NA,378300000,NA,NA,NA,NA,NA,NA,7.20250402677664,NA,NA,NA,NA,NA,NA,NA,NA,NA,NA,NA
"El Salvador","Government expenditure on health",1992,NA,NA,NA,7.34135145362707,NA,446200000,NA,NA,NA,NA,NA,NA,7.67537069529019,NA,NA,NA,NA,NA,NA,NA,NA,NA,NA,NA
"El Salvador","Government expenditure on health",1993,NA,NA,NA,8.54765897072101,NA,662700000,NA,NA,NA,NA,NA,NA,9.92025771413431,NA,NA,NA,NA,NA,NA,NA,NA,NA,NA,NA
"El Salvador","Government expenditure on health",1994,NA,NA,NA,8.30840875656401,NA,852800000,NA,NA,NA,NA,NA,NA,11.1050631691621,NA,NA,NA,NA,NA,NA,NA,NA,NA,NA,NA
"El Salvador","Government expenditure on health",1995,NA,NA,NA,9.17873122192629,NA,1044200000,NA,NA,NA,NA,NA,NA,11.7037194783652,NA,NA,NA,NA,NA,NA,NA,NA,NA,NA,NA
"El Salvador","Government expenditure on health",1996,NA,NA,NA,9.8954947341048,NA,1217700000,NA,NA,NA,NA,NA,NA,12.7024760283404,NA,NA,NA,NA,NA,NA,NA,NA,NA,NA,NA
"El Salvador","Government expenditure on health",1997,NA,NA,NA,10.2716320371156,NA,1235400000,NA,NA,NA,NA,NA,NA,12.0860403983287,NA,NA,NA,NA,NA,NA,NA,NA,NA,NA,NA
"Equatorial Guinea","Government expenditure on health",2007,NA,NA,NA,2.62517217533144,NA,3.2381e+10,NA,NA,NA,NA,NA,NA,0.516868664344394,NA,NA,NA,NA,NA,NA,NA,NA,NA,NA,NA
"Equatorial Guinea","Government expenditure on health",2008,NA,NA,NA,1.57690532543033,NA,2.7743e+10,NA,NA,NA,NA,NA,NA,0.31368910394232,NA,NA,NA,NA,NA,NA,NA,NA,NA,NA,NA
"Equatorial Guinea","Government expenditure on health",2009,NA,NA,NA,1.60285338388411,NA,4.5321e+10,NA,NA,NA,NA,NA,NA,0.63869105608449,NA,NA,NA,NA,NA,NA,NA,NA,NA,NA,NA
"Ethiopia","Government expenditure on health",2002,NA,141500000,141500000,0.951145407614541,NA,141500000,0,0.811395083461876,0.210982110938669,NA,NA,0,0.210982110938669,0.210982110938669,0,NA,0,NA,0.833573881744437,0,0,9.8795748116254,587400000,0.8758366923348
"Ethiopia","Government expenditure on health",2003,NA,NA,NA,0.828319485563302,NA,130100000,NA,NA,NA,NA,NA,NA,0.17582868339186,NA,NA,NA,0,NA,NA,NA,0,5.94813194404467,413300000,0.558570290898198
"Ethiopia","Government expenditure on health",2001,NA,NA,NA,0.821995055016556,NA,113700000,NA,NA,NA,NA,NA,NA,0.165854456596551,NA,NA,NA,NA,NA,NA,NA,NA,8.36465026063765,4.83e+08,0.704553232507777
"Ethiopia","Government expenditure on health",2006,NA,NA,NA,6.53395942861006,NA,1256500000,NA,NA,NA,NA,NA,NA,0.947091527458936,NA,NA,NA,NA,NA,NA,NA,NA,6.54682400892279,950900000,0.71674439590983
"Ethiopia","Government expenditure on health",2007,NA,NA,NA,5.80152460280449,NA,1256500000,NA,NA,NA,NA,NA,NA,0.725055374893387,NA,NA,NA,NA,NA,NA,NA,NA,7.19980104767707,1178300000,0.67993055967917
"Ethiopia","Government expenditure on health",1990,NA,NA,NA,3.24690106160627,NA,156900000,NA,NA,NA,NA,NA,NA,0.601810152095231,NA,NA,NA,NA,NA,NA,NA,NA,NA,NA,NA
"Ethiopia","Government expenditure on health",1991,NA,NA,NA,3.17794214109611,NA,140500000,NA,NA,NA,NA,NA,NA,0.487325317791196,NA,NA,NA,NA,NA,NA,NA,NA,NA,NA,NA
"Ethiopia","Government expenditure on health",1992,NA,NA,NA,5.13200830614061,NA,190300000,NA,NA,NA,NA,NA,NA,0.625571621362052,NA,NA,NA,NA,NA,NA,NA,NA,NA,NA,NA
"Ethiopia","Government expenditure on health",1993,NA,NA,NA,5.28446886749577,NA,255800000,NA,NA,NA,NA,NA,NA,0.655524978075817,NA,NA,NA,NA,NA,NA,NA,NA,NA,NA,NA
"Ethiopia","Government expenditure on health",1994,NA,NA,NA,5.17880441228798,NA,349300000,NA,NA,NA,NA,NA,NA,0.842758985173492,NA,NA,NA,NA,NA,NA,NA,NA,NA,NA,NA
"Ethiopia","Government expenditure on health",1995,NA,NA,NA,5.33146568821896,NA,430100000,NA,NA,NA,NA,NA,NA,0.867549784164911,NA,NA,NA,NA,NA,NA,NA,NA,NA,NA,NA
"Ethiopia","Government expenditure on health",1996,NA,NA,NA,5.65191878887455,NA,481600000,NA,NA,NA,NA,NA,NA,0.862006162734596,NA,NA,NA,NA,NA,NA,NA,NA,NA,NA,NA
"Ethiopia","Government expenditure on health",1997,NA,NA,NA,5.85604472396925,NA,586600000,NA,NA,NA,NA,NA,NA,1.01358628316616,NA,NA,NA,NA,NA,NA,NA,NA,NA,NA,NA
"Ethiopia","Government expenditure on health",1998,NA,NA,NA,5.61440677966102,NA,6.36e+08,NA,NA,NA,NA,NA,NA,1.14275577927196,NA,NA,NA,NA,NA,NA,NA,NA,NA,NA,NA
"Ethiopia","Government expenditure on health",1999,NA,NA,NA,4.91238061522122,NA,638300000,NA,NA,NA,NA,NA,NA,1.06738356234489,NA,NA,NA,NA,NA,NA,NA,NA,NA,NA,NA
"Ethiopia","Government expenditure on health",2004,NA,NA,NA,0.714154048716261,NA,135600000,NA,NA,NA,NA,NA,NA,0.155119655669177,NA,NA,NA,NA,NA,NA,NA,NA,NA,NA,NA
"Ethiopia","Government expenditure on health",2005,NA,NA,NA,3.1792832327665,NA,695500000,NA,NA,NA,NA,NA,NA,0.647886329373434,NA,NA,NA,NA,NA,NA,NA,NA,NA,NA,NA
"Ethiopia","Government expenditure on health",2012,NA,NA,NA,5.94835780328204,NA,3786100000,NA,NA,NA,NA,NA,NA,0.506619263485556,NA,NA,NA,NA,NA,NA,NA,NA,NA,NA,NA
"Ethiopia","Government expenditure on health",2013,NA,NA,NA,3.86628799104418,NA,4806948309.85,NA,NA,NA,NA,NA,NA,0.554485109389692,NA,NA,NA,NA,NA,NA,NA,NA,NA,NA,NA
"Ethiopia","Government expenditure on health",2014,NA,NA,NA,4.42325958112606,NA,6845127763.8,NA,NA,NA,NA,NA,NA,0.645264326579561,NA,NA,NA,NA,NA,NA,NA,NA,NA,NA,NA
"Ethiopia","Government expenditure on health",2015,NA,NA,NA,4.64593682874225,NA,8613375852.94,NA,NA,NA,NA,NA,NA,0.663607992309849,NA,NA,NA,NA,NA,NA,NA,NA,NA,NA,NA
"Ethiopia","Government expenditure on health",2016,NA,NA,NA,3.64066986513622,NA,8476365125.06,NA,NA,NA,NA,NA,NA,0.540550915356344,NA,NA,NA,NA,NA,NA,NA,NA,NA,NA,NA
"Ethiopia","Government expenditure on health",2017,NA,NA,NA,2.81031174671807,NA,7672824885.01,NA,NA,NA,NA,NA,NA,0.418642713557078,NA,NA,NA,NA,NA,NA,NA,NA,NA,NA,NA
"Ethiopia","Government expenditure on health",2018,NA,NA,NA,4.36247727802638,NA,12847413923.78,NA,NA,NA,NA,NA,NA,0.583941352753706,NA,NA,NA,NA,NA,NA,NA,NA,NA,NA,NA
"Ethiopia","Government expenditure on health",2019,NA,NA,NA,4.84527126413774,NA,16172111416.37,NA,NA,NA,NA,NA,NA,0.601025858831577,NA,NA,NA,NA,NA,NA,NA,NA,NA,NA,NA
"Ethiopia","Government expenditure on health",2020,NA,NA,NA,5.75204451761253,NA,20874220642.62,NA,NA,NA,NA,NA,NA,0.618614719193983,NA,NA,NA,NA,NA,NA,NA,NA,NA,NA,NA
"Ethiopia","Government expenditure on health",2021,NA,NA,NA,5.96586538466479,NA,27085500300.81,NA,NA,NA,NA,NA,NA,0.62389046509566,NA,NA,NA,NA,NA,NA,NA,NA,NA,NA,NA
"Ethiopia","Government expenditure on health",2022,NA,NA,NA,3.89297279998713,NA,23659888996.14,NA,NA,NA,NA,NA,NA,0.384242668348196,NA,NA,NA,NA,NA,NA,NA,NA,NA,NA,NA
"Ethiopia","Government expenditure on health",2023,NA,NA,NA,5.66639813413391,NA,38643600000,NA,NA,NA,NA,NA,NA,0.443043301603988,NA,NA,NA,NA,NA,NA,NA,NA,NA,NA,NA
"Eswatini","Government expenditure on health",1999,NA,NA,NA,6.74205553965073,NA,188400000,NA,NA,NA,NA,NA,NA,1.74738917915588,NA,NA,NA,NA,NA,NA,NA,NA,NA,NA,NA
"Estonia","Government expenditure on health",1991,NA,1003412.88203188,NA,8.01838610827376,2102693.23686935,1003412.88203188,0,3.87941685198914,NA,NA,17.0820353063344,0,NA,NA,0,NA,NA,NA,NA,NA,0,NA,NA,NA
"Estonia","Government expenditure on health",1992,NA,26069561.4382677,NA,0,881980.749811461,0,0,13.4887566137566,NA,NA,0.943525229044168,0,NA,NA,28.6990783085907,NA,NA,NA,NA,NA,26069561.4382677,NA,NA,NA
"Estonia","Government expenditure on health",1993,0.460655681113339,70251684.071939,NA,2.43870588619372,6966369.6905398,4774200.14571856,0,18.0537078098054,4.64543784109892,NA,4.18683260351848,0,0.315697058524463,NA,34.3377128301381,NA,4.32974078257446,NA,NA,0,65477483.9262204,NA,NA,NA
"Estonia","Government expenditure on health",1994,0.0695265227737735,103485741.311211,NA,3.43555580025327,1444403.25693761,11964260.6061381,0,16.8837262650803,4.98129848120768,NA,0.959986407272111,0,0.575901108993382,NA,35.23708752676,NA,4.40539737221432,NA,NA,0,91521480.7050733,NA,NA,NA
"Estonia","Government expenditure on health",1995,2.56147720005731,NA,55400000,NA,73300000,NA,NA,NA,NA,12.2692341665931,26.1039886039886,NA,NA,1.9359595754867,81.1627906976744,138900000,3.65875392695771,4.85387698619318,5.57792992347966,NA,104700000,NA,NA,NA
"Estonia","Government expenditure on health",1996,2.6983915629747,NA,68900000,NA,99300000,NA,NA,NA,NA,12.9424933538548,27.1089271089271,NA,NA,1.87229787199352,81.756338899196,1.85e+08,3.59242059038525,5.02721489577361,5.59843991224506,NA,132200000,NA,NA,NA
"Estonia","Government expenditure on health",1997,2.0511654249608,NA,71700000,NA,93800000,NA,NA,NA,NA,12.1521557386839,21.4891179839633,NA,NA,1.56789510628667,81.4014752370917,203500000,3.37851874367211,4.45002307014417,4.94244157992693,NA,154500000,NA,NA,NA
"Estonia","Government expenditure on health",1998,1.5135978731205,NA,9.3e+07,NA,77200000,NA,NA,NA,NA,11.8075801749271,16.2903566153197,NA,NA,1.82337567616848,81.7241379310345,234900000,3.71733363657574,4.60549404658039,5.34390622306499,NA,189600000,NA,NA,NA
"Estonia","Government expenditure on health",1999,1.55727229516413,NA,114200000,NA,84200000,NA,NA,NA,NA,12.7032520325203,16.8636090526737,NA,NA,2.11211990626774,84.5266507557677,2.75e+08,3.93017057865057,5.0861031017831,6.00704855083899,NA,212500000,NA,NA,NA
"Estonia","Government expenditure on health",2000,1.31245503626265,NA,116100000,NA,8.1e+07,NA,NA,NA,NA,12.4526282937269,15.7526254375729,NA,NA,1.88118555197646,82.4242424242424,279300000,3.52580513445373,4.52553940281676,5.92195868400918,NA,217600000,NA,NA,NA
"Estonia","Government expenditure on health",2001,1.23835290483844,NA,122500000,NA,86600000,NA,NA,NA,NA,12.4206040240954,12.8830705147278,NA,NA,1.7517116725486,82.8282828282828,303100000,3.28320816340538,4.33423516693455,5.82252008175294,NA,229600000,NA,NA,NA
"Estonia","Government expenditure on health",2002,1.28309496819739,NA,148700000,NA,100400000,NA,NA,NA,NA,12.2132229635708,12.9131832797428,NA,NA,1.90036077461108,82.5527704485488,342300000,3.19879153924111,4.37453593241003,6.15098241985522,NA,250300000,NA,NA,NA
"Estonia","Government expenditure on health",2003,1.26677505139128,NA,163700000,NA,110800000,NA,NA,NA,NA,12.2168840082361,13.2109216644807,NA,NA,1.87158010751582,80.1509644953872,373800000,3.27783761041408,4.2736508502713,6.20287219127733,NA,286700000,NA,NA,NA
"Estonia","Government expenditure on health",2004,1.37634285457189,NA,161700000,NA,134600000,NA,NA,NA,NA,12.4023085247084,14.507436947618,NA,NA,1.65345200285494,79.367396593674,412600000,3.33553520922252,4.21901234618397,5.73994533385396,NA,326200000,NA,NA,NA
"Estonia","Government expenditure on health",2005,1.31594604004248,NA,189500000,NA,149300000,NA,NA,NA,NA,12.2241131038094,14.0464766205664,NA,NA,1.67027310507737,80.0476087426964,466900000,3.26033784468664,4.11530613593996,5.79670245633355,NA,369900000,NA,NA,NA
"Estonia","Government expenditure on health",2006,1.42655454655313,NA,247900000,NA,193600000,NA,NA,NA,NA,12.9049342395622,15.4966781397583,NA,NA,1.8266677277403,79.7964278855387,584800000,3.06163953560344,4.30913790715016,6.33092422810736,NA,415500000,NA,NA,NA
"Estonia","Government expenditure on health",2007,1.40042530983724,NA,325100000,NA,229700000,NA,NA,NA,NA,13.0584938070699,15.0356745434313,NA,NA,1.9820560218898,79.4391121775645,722200000,3.22945270622894,4.40307861891361,6.83686988706862,NA,529700000,NA,NA,NA
"Estonia","Government expenditure on health",2008,1.51875091762882,NA,405800000,NA,252400000,NA,NA,NA,NA,13.2981723396796,14.1933307091042,NA,NA,2.44179525504666,76.5534682080925,872400000,3.82515831353662,5.24943859167744,7.2466873816922,NA,635700000,NA,NA,NA
"Estonia","Government expenditure on health",2009,1.69679335774036,NA,367300000,NA,239800000,NA,NA,NA,NA,12.9072025148704,15.0874543853026,NA,NA,2.59896664010857,66.1617195496418,837600000,4.57384164488478,5.92674777499303,6.8170007423905,NA,646400000,NA,NA,NA
"Estonia","Government expenditure on health",2010,1.5859707389077,NA,370100000,NA,233800000,NA,NA,NA,NA,14.0750467148124,16.2057253760311,NA,NA,2.51055504905791,74.6226746226746,836100000,4.32648476165668,5.67164300599114,7.32247789011337,NA,637800000,NA,NA,NA
"Estonia","Government expenditure on health",2011,1.60495906667479,NA,373600000,NA,268700000,NA,NA,NA,NA,13.9850057670127,17.3623675368312,NA,NA,2.23153221923968,78.2868050584586,8.73e+08,3.9195167084183,5.21447437739893,7.0022866139371,NA,656200000,NA,NA,NA
"Estonia","Government expenditure on health",2012,1.6902053237321,NA,393900000,NA,305700000,NA,NA,NA,NA,13.3489794466965,17.7340758788723,NA,NA,2.17786024539769,78.0409518539015,938500000,3.89847488964181,5.1889358728249,6.56883181856083,NA,705100000,NA,NA,NA
"Estonia","Government expenditure on health",2013,1.58898056329752,NA,427600000,NA,304500000,NA,NA,NA,NA,13.6231006386259,16.2296130476495,NA,NA,2.23135661368151,78.0236907730673,989800000,3.91844172407261,5.16510003793724,7.00214518479703,NA,750900000,NA,NA,NA
"Estonia","Government expenditure on health",2014,1.45834294923101,NA,493700000,NA,2.97e+08,NA,NA,NA,NA,14.0451886381343,16.2463760188174,NA,NA,2.42418826274528,79.3712400543373,1063600000,4.01658091741065,5.22253724175791,7.60333887759502,NA,8.18e+08,NA,NA,NA
"Estonia","Government expenditure on health",2015,1.44306119350489,NA,573100000,NA,303200000,NA,NA,NA,NA,14.3620869351971,15.8337249986944,NA,NA,2.72763314643026,78.3322861502558,1171300000,4.1535603679806,5.57472815287691,8.08515440937883,NA,872700000,NA,NA,NA
"Estonia","Government expenditure on health",2016,1.40700600659066,NA,526200000,NA,312200000,NA,NA,NA,NA,13.7147326274995,15.7636960363545,NA,NA,2.37144958573994,77.0289083613136,1174900000,4.23904500255983,5.29497551935737,7.10265235877708,NA,940600000,NA,NA,NA
"Estonia","Government expenditure on health",2017,1.38097633134878,NA,563300000,NA,335800000,NA,NA,NA,NA,13.3726278855823,14.8046909443612,NA,NA,2.31656928960324,72.5847061362492,1250100000,4.14950898847802,5.14103189940176,7.05006257822278,NA,1.009e+09,NA,NA,NA
"Estonia","Government expenditure on health",2018,1.41347006333193,NA,687900000,NA,373700000,NA,NA,NA,NA,13.8528181050233,15.1639344262295,NA,NA,2.60188936731612,68.3567251461988,1410300000,4.42120727061465,5.3342703513969,7.7793861533938,NA,1168900000,NA,NA,NA
"Estonia","Government expenditure on health",2019,1.48250600764399,NA,793300000,NA,422100000,NA,NA,NA,NA,14.4321319509207,15.158371040724,NA,NA,2.78624026501771,65.9405741818912,1578500000,4.61434824174998,5.54403158745802,8.43684859828987,NA,1313800000,NA,NA,NA
"Estonia","Government expenditure on health",2020,1.59575117338869,NA,888900000,NA,444500000,NA,NA,NA,NA,14.6258033588729,15.4980649210279,NA,NA,3.19114334763825,56.7792741383246,1800100000,5.35806215136696,6.46234350330028,8.46740776726774,NA,1492500000,NA,NA,NA
"Estonia","Government expenditure on health",2021,1.58728190374623,NA,1159700000,NA,499200000,NA,NA,NA,NA,15.6264599784019,15.7000880613914,NA,NA,3.68744155403547,65.9755369928401,2040300000,5.62543899060063,6.48744244433782,10.1145154678737,NA,1769200000,NA,NA,NA
"Estonia","Government expenditure on health",2022,1.48583394282531,NA,1101500000,NA,541400000,NA,NA,NA,NA,15.0322098842119,15.5632851352517,NA,NA,3.02298871079068,65.9755369928401,2153800000,4.85544405549785,5.9109515073091,8.76083671359262,NA,1769200000,NA,NA,NA
"France","Government expenditure on health",2010,0.0827950236782742,NA,5.946e+09,NA,1.652e+09,NA,NA,NA,NA,14.0287753934872,0.717073022514878,NA,NA,0.298001943578098,29.5103832255463,1.59197e+11,7.62917051113899,7.9786436952241,1.16343230138884,NA,1.52224e+11,NA,NA,NA
"Fiji","Government expenditure on health",2005,NA,NA,NA,9.65220142974268,NA,134210000,NA,NA,NA,NA,NA,NA,2.43675765671999,NA,NA,NA,NA,NA,NA,NA,NA,NA,NA,NA
"Finland","Government expenditure on health",1999,4.73541555044281,NA,2.437e+09,NA,6.01e+09,NA,NA,NA,NA,11.337973704563,26.9651830581479,NA,NA,1.92016766995493,5.23560209424084,7.33e+09,0.898231901415109,5.77547354155504,6.94559238464389,NA,1.14e+09,NA,NA,NA
"Finland","Government expenditure on health",2001,4.76048897862101,NA,2.699e+09,NA,6.885e+09,NA,NA,NA,NA,12.3802829276865,27.0658070603035,NA,NA,1.86616699394308,6.30300252120101,8.454e+09,0.9507149376331,5.84534115109108,7.63205519737586,NA,1.375e+09,NA,NA,NA
"Finland","Government expenditure on health",1995,5.17813473500492,NA,3.233e+09,NA,5.103e+09,NA,NA,NA,NA,10.1673208702016,25.8772819472617,NA,NA,3.2806015281738,4.21930637529877,6.113e+09,0.877735948614395,6.20300561142173,8.82633978541593,NA,8.65e+08,NA,NA,NA
"Finland","Government expenditure on health",2005,5.38172411908651,NA,4.13e+09,NA,8.863e+09,NA,NA,NA,NA,13.5976985839347,28.3190082116497,NA,NA,2.5077874999241,6.92843282730282,1.0966e+10,1.10573390735152,6.65869194289774,9.82958872810358,NA,1.821e+09,NA,NA,NA
"France","Government expenditure on health",2007,0.0849404541146413,NA,4.345e+09,NA,1.649e+09,NA,NA,NA,NA,14.2015418772085,0.768968910153281,NA,NA,0.223812172909713,30.0150067476383,1.44882e+11,7.16028969382289,7.46291259735443,0.998740368878836,NA,1.39007e+11,NA,NA,NA
"Finland","Government expenditure on health",2009,6.02155743973766,NA,5.98e+09,NA,1.0944e+10,NA,NA,NA,NA,13.7152229500514,27.6391554702495,NA,NA,3.29028814780987,6.85578456822944,1.3463e+10,1.2060721772574,7.40755005584686,11.8907955697839,NA,2.192e+09,NA,NA,NA
"France","Government expenditure on health",2011,0.0838042158621705,NA,5.003e+09,NA,1.725e+09,NA,NA,NA,NA,14.0952760792865,0.731235852175904,NA,NA,0.243056517077356,29.4354573458958,1.63277e+11,7.60864548581911,7.93234837874064,1.0310978110554,NA,1.56614e+11,NA,NA,NA
"Finland","Government expenditure on health",1996,5.29471116640381,NA,2.87e+09,NA,5.405e+09,NA,NA,NA,NA,10.7169326547754,26.7019069261931,NA,NA,2.81143775163347,4.58551229905094,6.507e+09,0.927676498535505,6.37422489542823,8.13699639930821,NA,9.47e+08,NA,NA,NA
"Finland","Government expenditure on health",2006,5.42346021041429,NA,4.486e+09,NA,9.377e+09,NA,NA,NA,NA,13.9081790123457,28.5093186585996,NA,NA,2.59460835063651,7.33395916451537,1.1536e+10,1.08446069046889,6.67218054679954,10.460290071352,NA,1.875e+09,NA,NA,NA
"Finland","Government expenditure on health",2000,4.67011623986749,NA,2.545e+09,NA,6.372e+09,NA,NA,NA,NA,11.9372160264354,26.9600169240533,NA,NA,1.86526142976503,6.03720433241051,7.803e+09,0.911009806364609,5.71891353102417,7.30251642707526,NA,1.243e+09,NA,NA,NA
"Finland","Government expenditure on health",2004,5.20540697161718,NA,3.765e+09,NA,8.264e+09,NA,NA,NA,NA,13.1909434930409,27.7175918161999,NA,NA,2.37153403293062,6.8332483426823,1.0283e+10,1.09726753927361,6.47715390720468,9.2522055390362,NA,1.742e+09,NA,NA,NA
"Finland","Government expenditure on health",2013,6.52943162964159,NA,6.55e+09,NA,1.3341e+10,NA,NA,NA,NA,13.7864763776135,28.1123567093729,NA,NA,3.20573998756858,6.06268414101392,1.5997e+10,1.1682597481414,7.82934695895185,11.272695981413,NA,2.387e+09,NA,NA,NA
"Finland","Government expenditure on health",2007,5.24397023605884,NA,4.832e+09,NA,9.81e+09,NA,NA,NA,NA,13.9162150656404,27.961463915175,NA,NA,2.58296270954499,7.33155462026981,1.2095e+10,1.04291395826206,6.46542507697571,10.9875616799691,NA,1.951e+09,NA,NA,NA
"Finland","Government expenditure on health",2012,6.37146395937066,NA,6.394e+09,NA,1.2809e+10,NA,NA,NA,NA,13.9246645470712,27.9355317107214,NA,NA,3.1805090605212,6.48113156616099,1.5504e+10,1.19430751553197,7.71201321149838,11.3671111111111,NA,2.401e+09,NA,NA,NA
"France","Government expenditure on health",1998,0.0645020031126655,NA,2.618e+09,NA,8.72e+08,NA,NA,NA,NA,13.1901874804242,0.684141567092163,NA,NA,0.193653949712108,29.3452264072595,9.4332e+10,6.74334416256872,6.97775568534858,0.784485290151683,NA,9.1163e+10,NA,NA,NA
"France","Government expenditure on health",2006,0.0838676060559987,NA,4.441e+09,NA,1.55e+09,NA,NA,NA,NA,14.3467407913065,0.773453093812375,NA,NA,0.240294218383671,30.5156978657257,1.40181e+11,7.27602885262081,7.58493218357158,1.06806156806157,NA,1.34472e+11,NA,NA,NA
"Finland","Government expenditure on health",2002,5.00787953073017,NA,2.95e+09,NA,7.436e+09,NA,NA,NA,NA,12.7971843133982,27.3825305641479,NA,NA,1.98671928666676,6.49489839663894,9.199e+09,1.02029820993225,6.19519685357542,7.84032318077925,NA,1.515e+09,NA,NA,NA
"Finland","Government expenditure on health",2010,5.98108885262805,NA,6.097e+09,NA,1.1253e+10,NA,NA,NA,NA,13.6047039324402,27.477169507252,NA,NA,3.24062016657542,6.67853693867697,1.379e+10,1.17623297172895,7.32953126079631,11.516593944202,NA,2.213e+09,NA,NA,NA
"Finland","Government expenditure on health",1998,4.79190530736923,NA,2.478e+09,NA,5.773e+09,NA,NA,NA,NA,11.143741566791,26.463442585377,NA,NA,2.05687534239753,5.09177592371871,7.02e+09,0.886498331590219,5.82698341550874,7.14223951578037,NA,1.068e+09,NA,NA,NA
"France","Government expenditure on health",1999,0.06709498008207,NA,2.957e+09,NA,9.4e+08,NA,NA,NA,NA,13.1177598585265,0.707069947270635,NA,NA,0.21106367670498,29.1648684317515,9.6728e+10,6.65646442288681,6.90421620572177,0.852006696190605,NA,9.3257e+10,NA,NA,NA
"France","Government expenditure on health",2004,0.079752631866194,NA,4.392e+09,NA,1.359e+09,NA,NA,NA,NA,14.3175077472812,0.75425412647493,NA,NA,0.257743604971541,30.4940282569006,1.2918e+11,7.27292360003028,7.58090138666294,1.07222635889799,NA,1.23932e+11,NA,NA,NA
"Finland","Government expenditure on health",2003,5.18685460859709,NA,3.267e+09,NA,7.871e+09,NA,NA,NA,NA,13.0185501977975,27.668025871766,NA,NA,2.15289721843307,6.66776019027311,9.741e+09,1.07150623727339,6.41915267975407,8.35229451617027,NA,1.626e+09,NA,NA,NA
"Fiji","Government expenditure on health",1996,NA,NA,NA,8.67103830096206,NA,76430000,NA,NA,NA,NA,NA,NA,2.36128304011273,NA,NA,NA,NA,NA,NA,NA,NA,NA,NA,NA
"France","Government expenditure on health",2013,0.0859629981248731,NA,5.384e+09,NA,1.82e+09,NA,NA,NA,NA,14.0841257487056,0.720116168190649,NA,NA,0.254299330716657,29.0978331211731,1.70642e+11,7.73034068742059,8.05983402528824,1.09266106806402,NA,1.63666e+11,NA,NA,NA
"France","Government expenditure on health",1997,0.0643575806190859,NA,2.535e+09,NA,8.32e+08,NA,NA,NA,NA,12.9869724450398,0.670216450913895,NA,NA,0.196089503448777,29.3666912238085,9.1524e+10,6.84518675688073,7.07964327954473,0.753968371993421,NA,8.8493e+10,NA,NA,NA
"Finland","Government expenditure on health",2011,6.03389933231649,NA,6.304e+09,NA,1.1947e+10,NA,NA,NA,NA,13.7310115555221,27.4429181788947,NA,NA,3.18387054414691,6.64845434938893,1.458e+10,1.16768856251073,7.36371074455298,11.629279811098,NA,2.312e+09,NA,NA,NA
"France","Government expenditure on health",2009,0.0851570577074625,NA,4.812e+09,NA,1.649e+09,NA,NA,NA,NA,13.9240483447037,0.712461816972059,NA,NA,0.248499552267016,29.7285612014254,1.54054e+11,7.63433796971941,7.95560058706212,1.02334641935086,NA,1.47833e+11,NA,NA,NA
"France","Government expenditure on health",2012,0.0854077261437646,NA,5.052e+09,NA,1.784e+09,NA,NA,NA,NA,14.0188788720302,0.729852352178306,NA,NA,0.241860892644786,29.1956170498143,1.67197e+11,7.69057317010117,8.00443698882231,1.02550986231129,NA,1.60641e+11,NA,NA,NA
"France","Government expenditure on health",2008,0.0843212640159006,NA,4.307e+09,NA,1.68e+09,NA,NA,NA,NA,13.9849873449688,0.750254550651114,NA,NA,0.216173621497907,29.9383247335032,1.48414e+11,7.15807225529266,7.44908099860468,0.948914597686208,NA,1.42616e+11,NA,NA,NA
"France","Government expenditure on health",1995,0.0637788081981625,NA,2.297e+09,NA,7.77e+08,NA,NA,NA,NA,12.966805445483,0.655956370881278,NA,NA,0.188545588714516,29.5809326659154,8.6552e+10,6.87350043873582,7.10448314950754,0.722947687794868,NA,8.3738e+10,NA,NA,NA
"France","Government expenditure on health",1996,0.0650021640769613,NA,2.53e+09,NA,8.14e+08,NA,NA,NA,NA,13.1861989458377,0.652745701821914,NA,NA,0.202033753212177,29.8184678564497,9.0588e+10,6.99268366305561,7.23392633833387,0.777423379241259,NA,8.7567e+10,NA,NA,NA
"France","Government expenditure on health",2002,0.0753859515098918,NA,3.998e+09,NA,1.197e+09,NA,NA,NA,NA,13.8106681087224,0.766462618138975,NA,NA,0.251790337624517,30.1945495609626,1.15691e+11,6.97997076511388,7.28611204355129,1.02926903362502,NA,1.1083e+11,NA,NA,NA
"France","Government expenditure on health",2005,0.0853953072220759,NA,4.771e+09,NA,1.508e+09,NA,NA,NA,NA,14.4053898649877,0.798048274511672,NA,NA,0.270173084056051,30.3865655694684,1.35537e+11,7.34382653653509,7.67521469161705,1.14010562286424,NA,1.29685e+11,NA,NA,NA
"France","Government expenditure on health",2014,0.0841487325358818,NA,5.366e+09,NA,1.809e+09,NA,NA,NA,NA,14.3130438176139,0.714364693245719,NA,NA,0.249608678157845,29.4509881794714,1.76045e+11,7.86476661402525,8.18903461541145,1.0750749306791,NA,1.69074e+11,NA,NA,NA
"France","Government expenditure on health",2000,0.0713520020830727,NA,3.259e+09,NA,1.055e+09,NA,NA,NA,NA,13.5137646983364,0.739541274113952,NA,NA,0.220413435818705,30.0231749360197,1.03238e+11,6.72027648055404,6.9822161052628,0.927565106019639,NA,9.9365e+10,NA,NA,NA
"Fiji","Government expenditure on health",2006,NA,NA,NA,9.34746228067882,NA,142990000,NA,NA,NA,NA,NA,NA,2.45740997283735,NA,NA,NA,NA,NA,NA,NA,NA,NA,NA,NA
"France","Government expenditure on health",2003,0.078434210316521,NA,4.102e+09,NA,1.279e+09,NA,NA,NA,NA,14.1552574515447,0.774409958948401,NA,NA,0.251553659670343,30.5005977363646,1.22921e+11,7.2284575750031,7.53808566561147,1.0474733726753,NA,1.17872e+11,NA,NA,NA
"Finland","Government expenditure on health",2008,5.39778138110313,NA,5.565e+09,NA,1.0486e+10,NA,NA,NA,NA,14.0308514881369,27.3793049426878,NA,NA,2.86464365686047,7.34894597475842,1.3016e+10,1.10004375466502,6.70012611638741,11.8245755689183,NA,2.137e+09,NA,NA,NA
"France","Government expenditure on health",2001,0.0719672344298531,NA,3.101e+09,NA,1.107e+09,NA,NA,NA,NA,13.5930456936495,0.756907550614346,NA,NA,0.201599271876219,29.9431810008775,1.07989e+11,6.7664152905994,7.02047848134183,0.842976869106162,NA,1.04081e+11,NA,NA,NA
"Finland","Government expenditure on health",1997,5.14678675534939,NA,2.542e+09,NA,5.703e+09,NA,NA,NA,NA,11.0916088307757,26.7081908865265,NA,NA,2.29407889393269,4.91716176399556,6.888e+09,0.918714521645745,6.21621377710794,7.38009522703519,NA,1.018e+09,NA,NA,NA
"Fiji","Government expenditure on health",2004,NA,NA,NA,9.68633200581015,NA,128103000,NA,NA,NA,NA,NA,NA,2.50184045805456,NA,NA,NA,NA,NA,NA,NA,NA,NA,NA,NA
"Fiji","Government expenditure on health",1995,NA,NA,NA,8.55780512769304,NA,68560000,NA,NA,NA,NA,NA,NA,2.28409802158231,NA,NA,NA,NA,NA,NA,NA,NA,NA,NA,NA
"Finland","Government expenditure on health",2014,6.48825260878601,NA,6.531e+09,NA,1.3424e+10,NA,NA,NA,NA,13.6416975509274,27.9794905998583,NA,NA,3.15664316060649,6.01467230238546,1.6159e+10,1.19673074041673,7.81016641130611,11.1130017526247,NA,2.476e+09,NA,NA,NA
"France","Government expenditure on health",1990,0.189558132801993,67717853456.8577,NA,0.865275756105448,1997082125.81008,1631204484.44029,259163329.303598,16.0361010830325,6.42761241149961,NA,2.22902841585844,1.03848503359805,0.154829925265749,NA,31.5251514930277,NA,6.24818333922902,NA,NA,0.0245991470048387,65827485643.1138,NA,NA,NA
"France","Government expenditure on health",1992,0.210277667206634,74395120411.8563,NA,0.790198637088587,2378204668.9036,1661694287.88777,304898034.474821,15.4689827875868,6.57791676902803,NA,2.28638428843617,1.03573278094252,0.146924780291814,NA,30.0278093793452,NA,6.40403331345331,NA,NA,0.0269586752829018,72428528089.4937,NA,NA,NA
"France","Government expenditure on health",1991,0.206671715812758,72535242401.5599,NA,0.819989169954361,2256245455.11367,1615959582.71655,289653132.75108,16.1260803253686,6.64421637727774,NA,2.32266164469554,1.02370689655172,0.148021634298327,NA,31.4699089797581,NA,6.46966256324668,NA,NA,0.026532179732719,70629629686.0922,NA,NA,NA
"Finland","Government expenditure on health",1992,NA,1013332256.9306,NA,0.34478720774405,NA,89139601.0246008,0,2.96504446336385,1.1952209866842,NA,NA,0,0.10513977144276,NA,11.700700551498,NA,1.09008121524145,NA,NA,0,924192655.906003,NA,NA,NA
"Finland","Government expenditure on health",1991,NA,1004081920.97522,NA,0.501028019676226,NA,120086179.493519,0,3.24060252408739,1.15545854494899,NA,NA,0,0.13819051944616,NA,13.1964146727259,NA,1.01726802550283,NA,NA,0,883995741.481702,NA,NA,NA
"Finland","Government expenditure on health",1994,NA,998195343.549068,NA,0.270111496696282,NA,75011815.2018339,0,2.66001550741981,1.09995189318788,NA,NA,0,0.0826585584434362,NA,10.5294456167274,NA,1.01729333474444,NA,NA,0,923183528.347234,NA,NA,NA
"Finland","Government expenditure on health",1993,NA,1044615211.25244,NA,0.332742209383205,NA,89307788.9510624,0,2.84110661811793,1.21880712565039,NA,NA,0,0.10420006178077,NA,10.5900997482987,NA,1.11460706386963,NA,NA,0,955307422.301383,NA,NA,NA
"Finland","Government expenditure on health",1990,NA,2986176634.32413,NA,10.3712214254586,NA,2201411769.45472,0,11.1896794035532,3.28299193518413,NA,NA,0,2.42022424329063,NA,15.0647338004068,NA,0.862767691893503,NA,NA,0,784764864.869411,NA,NA,NA
"France","Government expenditure on health",1993,0.216236143453182,110464557890.228,NA,0.780872089005597,2469674079.24605,1722673894.78274,304898034.474821,21.7147652012348,9.67189565099854,NA,2.28652081863092,0.961076405574244,0.15083138401364,NA,42.2964856989951,NA,9.49436844680545,NA,NA,0.0266958201794052,108436985960.97,NA,NA,NA
"Fiji","Government expenditure on health",1991,0.0330013650178356,NA,NA,7.89150052829404,730000,45560000,NA,NA,NA,NA,3.28828828828829,NA,2.05964683590766,NA,NA,NA,NA,NA,NA,NA,NA,NA,NA,NA
"Fiji","Government expenditure on health",1994,NA,NA,NA,8.72424319511575,NA,68590000,NA,NA,NA,NA,NA,NA,2.36932218613343,NA,NA,NA,NA,NA,NA,NA,NA,NA,NA,NA
"Gambia, The","Government expenditure on health",1990,NA,38180000,38180000,6.95319613913677,NA,38180000,0,6.47557666214383,0.672452167199217,NA,NA,0,0.672452167199217,0.672452167199217,NA,NA,NA,NA,6.47557666214383,0,NA,NA,NA,NA
"Fiji","Government expenditure on health",1990,0.0358996584143791,NA,NA,7.65562152844283,770000,39970000,NA,NA,NA,NA,3.34201388888889,NA,1.86351863223732,NA,NA,NA,NA,NA,NA,NA,NA,NA,NA,NA
"Fiji","Government expenditure on health",1992,0.0308740492813581,NA,NA,8.52328118471751,770000,55080000,NA,NA,NA,NA,2.77878022374594,NA,2.20849692781455,NA,NA,NA,NA,NA,NA,NA,NA,NA,NA,NA
"Fiji","Government expenditure on health",1993,0.0314850407781417,NA,NA,8.64925768822906,860000,65250000,NA,NA,NA,NA,3.26871911820601,NA,2.38883594276017,NA,NA,NA,NA,NA,NA,NA,NA,NA,NA,NA
"France","Government expenditure on health",2015,0.0807393633280447,NA,5.131e+09,NA,1.775e+09,NA,NA,NA,NA,14.2256190258023,0.708529093601683,NA,NA,0.233393618724618,29.6018496068719,1.77606e+11,7.7749505101818,8.07875795112153,1.01093687506034,NA,1.70927e+11,NA,NA,NA
"France","Government expenditure on health",2016,0.0784198226691476,NA,8.069e+09,NA,1.752e+09,NA,NA,NA,NA,14.3354889964834,0.703849074189388,NA,NA,0.361169833971091,29.8883827814026,1.81527e+11,7.82425723850324,8.12517987994426,1.54501293414595,NA,1.74804e+11,NA,NA,NA
"Finland","Government expenditure on health",2016,5.91767118123558,NA,6.469e+09,NA,1.2872e+10,NA,NA,NA,NA,12.9078119704747,26.4306687747685,NA,NA,2.97400674886676,5.6806373397991,1.5616e+10,1.13094088765068,7.17917597624105,10.8889225538218,NA,2.46e+09,NA,NA,NA
"Finland","Government expenditure on health",2015,5.95264564656906,NA,6.094e+09,NA,1.2583e+10,NA,NA,NA,NA,12.9085775092797,25.9149418185563,NA,NA,2.88289140667502,5.93013428490938,1.5406e+10,1.19497599167396,7.28812356600516,10.4542647361559,NA,2.526e+09,NA,NA,NA
"Finland","Government expenditure on health",2017,5.81128673757518,NA,6.35e+09,NA,1.3151e+10,NA,NA,NA,NA,13.0817236745563,26.8174310242868,NA,NA,2.80599732215059,5.47436158883375,1.5868e+10,1.06760465044344,7.01190007998197,10.6672490256686,NA,2.416e+09,NA,NA,NA
"France","Government expenditure on health",2017,0.0804442892825397,NA,8.41e+09,NA,1.848e+09,NA,NA,NA,NA,14.3577115374688,0.72697518528426,NA,NA,0.366091164970865,29.9737958760778,1.86344e+11,7.7825932139496,8.11163995782769,1.56367659226343,NA,1.78785e+11,NA,NA,NA
"Finland","Government expenditure on health",2018,5.8587693072106,NA,6.321e+09,NA,1.3678e+10,NA,NA,NA,NA,13.2566391573809,26.9103643660974,NA,NA,2.70750700328105,5.62583817612874,1.6513e+10,1.07811977966436,7.07309969074196,10.4403409090909,NA,2.517e+09,NA,NA,NA
"France","Government expenditure on health",2018,0.0795072665156353,NA,8.475e+09,NA,1.879e+09,NA,NA,NA,NA,14.4268114889433,0.724026186705507,NA,NA,0.358607814646093,29.927084052142,1.89698e+11,7.70742341448801,8.02680651595688,1.58427501892718,NA,1.8215e+11,NA,NA,NA
"France","Government expenditure on health",2019,0.077123933648803,NA,8.596e+09,NA,1.88e+09,NA,NA,NA,NA,14.380726770861,0.690866596600054,NA,NA,0.352636879598463,29.9813525589148,1.94017e+11,7.64445866587902,7.95923097592544,1.57342529341563,NA,1.86344e+11,NA,NA,NA
"Finland","Government expenditure on health",2019,5.90140833326385,NA,6.423e+09,NA,1.4155e+10,NA,NA,NA,NA,13.3813939668788,26.7843627005752,NA,NA,2.67783438534466,5.82922100810716,1.7114e+10,1.10315269868005,7.13505490748693,10.4169707585267,NA,2.646e+09,NA,NA,NA
"Finland","Government expenditure on health",2020,6.22757710953713,NA,8.781e+09,NA,1.4824e+10,NA,NA,NA,NA,13.336075870327,27.0802506348075,NA,NA,3.68890681319789,5.64025021749037,1.8154e+10,1.14393500197447,7.62651341382468,12.5687049124012,NA,2.723e+09,NA,NA,NA
"France","Government expenditure on health",2021,0.080450490743993,NA,1.4209e+10,NA,2.011e+09,NA,NA,NA,NA,15.6078144035148,0.718170682494277,NA,NA,0.568434123809745,32.5449488965791,2.30482e+11,8.89023928720305,9.22048235089856,2.31697692317727,NA,2.22227e+11,NA,NA,NA
"France","Government expenditure on health",2020,0.0947868525415129,NA,1.325e+10,NA,2.197e+09,NA,NA,NA,NA,14.4930422952156,0.816588984783271,NA,NA,0.571654891294969,29.9551591223113,2.05917e+11,8.53979063193536,8.88403473590838,2.24946861609295,NA,1.97938e+11,NA,NA,NA
"Finland","Government expenditure on health",2021,6.24940219990435,NA,9.205e+09,NA,1.5681e+10,NA,NA,NA,NA,13.8480339608079,27.3459707374919,NA,NA,3.66849992029332,5.92822439064222,1.9377e+10,1.15734098517456,7.72238163558106,13.2016751283596,NA,2.904e+09,NA,NA,NA
"Germany","Government expenditure on health",2008,0.130749745142257,NA,4.76e+09,NA,3.386e+09,NA,NA,NA,NA,14.34298398362,1.7473152959754,NA,NA,0.183806493466374,31.3941126490568,1.64901e+11,5.79272342528807,6.36762070989466,1.29261066621045,NA,1.50013e+11,2.61431758510267,8.613e+09,0.332589354669303
"Grenada","Government expenditure on health",1995,NA,NA,NA,10.4439887452907,NA,21900000,NA,NA,NA,NA,NA,NA,2.37047411735921,NA,NA,NA,NA,NA,NA,NA,NA,NA,NA,NA
"Germany","Government expenditure on health",2011,0.150265120223014,NA,5.247e+09,NA,4.129e+09,NA,NA,NA,NA,14.7676066545343,1.92900657796382,NA,NA,0.190952067282672,32.4623058720711,1.83393e+11,6.05595001109975,6.67415141512696,1.27177801692795,NA,1.66406e+11,2.66221344905036,9.589e+09,0.348968815165532
"Georgia","Government expenditure on health",2011,0.138700639383127,362500000,362500000,5.33472649409133,36200000,362500000,NA,5.33472649409133,1.38892214851888,5.6276995172628,2.19115065673991,NA,1.38892214851888,1.38892214851888,NA,398700000,NA,1.52762278790201,5.33472649409133,NA,NA,NA,NA,NA
"Germany","Government expenditure on health",2003,0.196134433530732,NA,5.167e+09,NA,4.395e+09,NA,NA,NA,NA,13.9038368587014,2.62648355982645,NA,NA,0.230586261218042,28.4156944482612,1.5102e+11,5.99885755597306,6.73952722453042,1.54811377003305,NA,1.34423e+11,2.56121414784355,7.935e+09,0.354113021630571
"Greece","Government expenditure on health",2007,0,NA,6.243e+09,NA,0,NA,NA,NA,NA,12.783397757491,0,NA,NA,2.68291571871457,20.6808169803765,1.3989e+10,3.32882671106248,6.01174242977706,7.58179300964271,NA,7.746e+09,NA,NA,NA
"Germany","Government expenditure on health",2006,0.156583600557255,NA,4.593e+09,NA,3.799e+09,NA,NA,NA,NA,13.9480402654255,2.10440601353822,NA,NA,0.189309944027236,29.7224002443084,1.53193e+11,5.69640339958288,6.31416465390037,1.32183312612239,NA,1.38205e+11,2.60297944608391,8.062e+09,0.332291915686388
"Ghana","Government expenditure on health",2002,NA,NA,NA,5.24348719759557,NA,6.7e+07,NA,NA,NA,NA,NA,NA,0.595222567128172,NA,NA,NA,NA,NA,NA,NA,NA,NA,NA,NA
"Greece","Government expenditure on health",1996,0.838536985886569,NA,2.935e+09,NA,8.64e+08,NA,NA,NA,NA,11.1062717770035,20.4110559886605,NA,NA,2.84850237682532,18.1384048257373,5.1e+09,2.10119510931067,4.94969748613599,7.67260084176405,NA,2.165e+09,NA,NA,NA
"Greece","Government expenditure on health",2002,0.468613881738007,NA,4.809e+09,NA,7.66e+08,NA,NA,NA,NA,13.0403978290511,12.8999663186258,NA,NA,2.94198976145963,18.8070929607738,9.755e+09,2.56942337245382,5.96779166625882,8.27853331038044,NA,4.2e+09,NA,NA,NA
"Georgia","Government expenditure on health",2003,0.218070304957692,10300000,10300000,0.913606528295192,19200000,10300000,0,0.766996797974533,0.116985632347095,2.07702598042667,3.99750156152405,0,0.116985632347095,0.116985632347095,0,29500000,0,0.335055937304787,0.922856374876803,0,0,NA,NA,NA
"Georgia","Government expenditure on health",2012,0.151271532221105,373800000,373800000,5.11417274356624,42200000,373800000,NA,5.11417274356624,1.33993598920022,5.39230300594968,2.26808556379663,NA,1.33993598920022,1.33993598920022,NA,4.16e+08,NA,1.49120752142132,5.11417274356624,NA,NA,NA,NA,NA
"Georgia","Government expenditure on health",2013,0.148604590879721,487900000,487900000,4.81175216845854,43300000,356700000,131200000,6.17063793190671,1.67446142933524,6.4246924928339,2.75165226232842,6.59163987138264,1.22418608699299,1.67446142933524,NA,531200000,NA,1.82306602021496,6.17063793190671,0.450275342342249,NA,NA,NA,NA
"Germany","Government expenditure on health",2004,0.192103059693682,NA,4.679e+09,NA,4.405e+09,NA,NA,NA,NA,13.5597252371465,2.6148640626855,NA,NA,0.204052262498692,27.9210557919297,1.4592e+11,5.67792101315285,6.36360464710602,1.42775626531428,NA,1.30197e+11,2.50581463338574,7.714e+09,0.336409308167324
"Georgia","Government expenditure on health",2014,0.129561449624286,663100000,663100000,6.26659585767392,41100000,519200000,143900000,7.32270247587075,2.0903211008726,7.40647251233185,2.47590361445783,6.0558875515529,1.63669840985229,2.0903211008726,NA,704200000,NA,2.21988255049689,7.32270247587075,0.45362269102031,NA,NA,NA,NA
"Georgia","Government expenditure on health",2000,0.283295238708431,20500000,20500000,2.6689233172764,17600000,20500000,0,2.24460746742582,0.329974567813798,3.94002068252327,5.90010056989608,0,0.329974567813798,0.329974567813798,0,38100000,0,0.613269806522229,2.66788131181676,0,0,NA,NA,NA
"Georgia","Government expenditure on health",2001,0.330841094253276,3.3e+07,3.3e+07,3.53849453141754,22700000,3.3e+07,0,3.02059496567506,0.480958418958506,4.87954445904512,5.69207622868606,0,0.480958418958506,0.480958418958506,0,55700000,0,0.811799513211782,3.53887399463807,0,0,NA,NA,NA
"Greece","Government expenditure on health",2001,0.394891250497721,NA,4.952e+09,NA,6.01e+08,NA,NA,NA,NA,13.6865594781713,11.2842658655652,NA,NA,3.25374621042381,19.5863274422218,9.568e+09,2.65056789435575,6.28672127248285,9.19096493995805,NA,4.034e+09,NA,NA,NA
"Greece","Government expenditure on health",1997,1.18208874034322,NA,3.236e+09,NA,1.356e+09,NA,NA,NA,NA,11.2509992006395,27.460510328068,NA,NA,2.82097283462439,18.0081239656988,5.63e+09,2.08696197963251,4.9079348142569,7.76391554702495,NA,2.394e+09,NA,NA,NA
"Germany","Government expenditure on health",2009,0.139526307983983,NA,5.037e+09,NA,3.481e+09,NA,NA,NA,NA,14.5110234400847,1.73035148851983,NA,NA,0.201894287077082,31.4683420146099,1.74565e+11,6.37832832973261,6.99695775731802,1.29449255994449,NA,1.59131e+11,2.61422522238864,8.884e+09,0.356090698112527
"Greece","Government expenditure on health",2000,0.455937918813315,NA,4.083e+09,NA,6.44e+08,NA,NA,NA,NA,12.128391287734,12.1417797888386,NA,NA,2.89067472440181,17.5272845740349,7.935e+09,2.285353419145,5.61780649966406,7.92154123741342,NA,3.228e+09,NA,NA,NA
"Georgia","Government expenditure on health",2002,0.318313460484776,50800000,50800000,4.98513292052246,24400000,50800000,0,4.29188175358854,0.662718188222402,6.0245307355215,5.69734046279216,0,0.662718188222402,0.662718188222402,0,75200000,0,0.981031648707178,5.02855785316215,0,0,NA,NA,NA
"Greece","Government expenditure on health",2006,0,NA,5.71e+09,NA,0,NA,NA,NA,NA,13.0768056191785,0,NA,NA,2.62092998490785,21.0631954898315,1.2846e+10,3.2754739706309,5.89640395553875,7.75688746400044,NA,7.136e+09,NA,NA,NA
"Georgia","Government expenditure on health",1997,0.296843633878614,25600000,25600000,2.94489819394915,13900000,25600000,0,2.71993200169996,0.546704822107376,3.99757109604291,7.26607422895975,0,0.546704822107376,0.546704822107376,0,39500000,0,0.843548455985991,2.94422081656124,0,0,NA,NA,NA
"Greece","Government expenditure on health",1999,0.510506492700804,NA,3.856e+09,NA,6.83e+08,NA,NA,NA,NA,12.1494568306188,14.6535078309376,NA,NA,2.88215671428155,17.8692084942085,7.482e+09,2.21393884535839,5.59240055400792,7.82245303688076,NA,2.962e+09,NA,NA,NA
"Germany","Government expenditure on health",1996,0.108733977682831,NA,1.723e+09,NA,2.097e+09,NA,NA,NA,NA,12.6150630249455,1.34743524664426,NA,NA,0.0893412701704899,28.6124681115292,1.20216e+11,5.94941303355872,6.23345916123947,0.618824771666948,NA,1.14738e+11,1.21660244700516,3.35e+09,0.173704733065085
"Germany","Government expenditure on health",1997,0.107768480769426,NA,1.119e+09,NA,2.12e+09,NA,NA,NA,NA,12.4707645424847,1.38444458956442,NA,NA,0.0568834575382019,28.0943659923539,1.19331e+11,5.79397919864984,6.06609461259264,0.405956937365089,NA,1.13978e+11,1.15411484252904,3.205e+09,0.162923575880194
"Greece","Government expenditure on health",2011,0,NA,5.236e+09,NA,0,NA,NA,NA,NA,11.9938195523641,0,NA,NA,2.57540030357851,19.0738930018159,1.3429e+10,4.02984237723811,6.60524268081661,6.13948689085878,NA,8.193e+09,NA,NA,NA
"Georgia","Government expenditure on health",2005,0.326430855248841,165300000,165300000,6.52740483335966,3.9e+07,165300000,NA,6.52740483335966,1.38356462493932,7.71467411826901,4.82912332838039,NA,1.38356462493932,1.38356462493932,NA,204300000,NA,1.70999548018816,6.52740483335966,NA,NA,NA,NA,NA
"Georgia","Government expenditure on health",1995,0.431497314616386,12800000,12800000,3.98257622899813,10900000,12800000,0,3.53298371515319,0.506712442852269,6.23192216671049,11.6452991452991,0,0.506712442852269,0.506712442852269,0,23700000,0,0.938209757468655,3.98257622899813,0,0,NA,NA,NA
"Georgia","Government expenditure on health",2010,0.179694916859722,4.15e+08,4.15e+08,6.46065229236398,39800000,4.15e+08,NA,6.46065229236398,1.87370327881368,6.68705522554843,2.56741065668946,NA,1.87370327881368,1.87370327881368,NA,454800000,NA,2.05339819567341,6.46065229236398,NA,NA,NA,NA,NA
"Georgia","Government expenditure on health",1999,0.274550851965613,15700000,15700000,1.77601809954751,1.6e+07,15700000,0,1.5866599292572,0.269403023491257,3.00160969605151,5.78452639190166,0,0.269403023491257,0.269403023491257,0,31700000,0,0.54395387545687,1.78166137085792,0,0,NA,NA,NA
"Germany","Government expenditure on health",1995,0.098214144731648,NA,1.208e+09,NA,1.866e+09,NA,NA,NA,NA,11.095999082446,1.20718878983529,NA,NA,0.063581289836994,29.1380281986864,1.16093e+11,5.8237408746638,6.11038301411105,0.303732031911978,NA,1.10647e+11,1.2383356279639,3.238e+09,0.170427331533267
"Germany","Government expenditure on health",2001,0.181140772387533,NA,4.14e+09,NA,3.977e+09,NA,NA,NA,NA,13.6360069964061,2.4390991830827,NA,NA,0.188564947871357,28.3689255461436,1.42511e+11,5.79645916931219,6.49096118021617,1.32895911043201,NA,1.27263e+11,2.61072476491925,7.91e+09,0.360277472865322
"Georgia","Government expenditure on health",1998,0.302144060738703,24700000,24700000,3.33783783783784,15600000,24700000,0,2.93035947324712,0.478394762836281,4.44517979263181,6.85714285714286,0,0.478394762836281,0.478394762836281,0,40300000,0,0.780538823574984,3.33828895796729,0,0,NA,NA,NA
"Germany","Government expenditure on health",1999,0.119244767094799,NA,1.163e+09,NA,2.477e+09,NA,NA,NA,NA,12.5413122244401,1.57811912665091,NA,NA,0.0559877529799157,28.2041260318611,1.26097e+11,5.76669041612909,6.07041073732453,0.373096023303263,NA,1.19788e+11,1.1189202419665,3.2e+09,0.15405056709865
"Georgia","Government expenditure on health",2006,0.143189673414686,205500000,205500000,6.12482117310443,20300000,205500000,NA,6.12482117310443,1.44953093038019,6.52525719569992,2.700904736562,NA,1.44953093038019,1.44953093038019,NA,225800000,NA,1.59272060379488,6.12482117310443,NA,NA,NA,NA,NA
"Greece","Government expenditure on health",2005,0,NA,6.133e+09,NA,0,NA,NA,NA,NA,13.5690907287614,0,NA,NA,3.07816161527949,20.4392115359174,1.2313e+10,3.10175098360137,6.17991259888086,8.84087010422223,NA,6.18e+09,NA,NA,NA
"Georgia","Government expenditure on health",2004,0.401972238173501,54800000,54800000,3.04783092324805,40600000,54800000,0,2.50376936080779,0.54256351359379,4.35895092753358,6.04256585801459,0,0.54256351359379,0.54256351359379,0,95400000,0,0.944535751767292,3.04579813250333,0,0,NA,NA,NA
"Germany","Government expenditure on health",2007,0.149436319437342,NA,4.684e+09,NA,3.799e+09,NA,NA,NA,NA,14.3560445123439,2.04392364473713,NA,NA,0.184248412804557,30.9117657813061,1.58808e+11,5.65328728434203,6.24682364232836,1.32431607161033,NA,1.43719e+11,2.67191834647831,8.466e+09,0.333016025363659
"Georgia","Government expenditure on health",1996,0.334422931858185,15200000,15200000,2.43238918226916,13300000,15200000,0,2.18673572147892,0.382197636409354,3.96714922048998,8.27114427860696,0,0.382197636409354,0.382197636409354,0,28500000,0,0.716620568267538,2.42889101949505,0,0,NA,NA,NA
"Greece","Government expenditure on health",1995,0.441633463566851,NA,2.725e+09,NA,4.11e+08,NA,NA,NA,NA,11.0595477684385,13.4094616639478,NA,NA,2.92810508082645,18.1631510173605,4.671e+09,2.0910431146012,5.01914819542764,7.80645715759017,NA,1.946e+09,NA,NA,NA
"Germany","Government expenditure on health",2012,0.163299266528114,NA,5.391e+09,NA,4.573e+09,NA,NA,NA,NA,14.902848234647,2.13325745100692,NA,NA,0.192509587984488,32.7636675552068,1.87751e+11,6.08331726408559,6.70448296302645,1.30795862862078,NA,1.70356e+11,2.55328937279558,9.324e+09,0.332954813275341
"Georgia","Government expenditure on health",2009,0.174139711966427,331600000,331600000,5.19846993164859,32200000,331600000,NA,5.19846993164859,1.79331454931885,5.48180516838695,2.73600135950378,NA,1.79331454931885,1.79331454931885,NA,363800000,NA,1.96745426128528,5.19846993164859,NA,NA,NA,NA,NA
"Greece","Government expenditure on health",1998,1.62458706748862,NA,3.446e+09,NA,2.035e+09,NA,NA,NA,NA,11.5795261066969,36.145648312611,NA,NA,2.75102065580628,17.7417173766058,6.529e+09,2.09479924574454,5.21225010497946,7.39167739167739,NA,2.624e+09,NA,NA,NA
"Georgia","Government expenditure on health",2007,0.0892918469675115,235600000,235600000,4.99724260806855,15600000,235600000,NA,4.99724260806855,1.34853584266319,5.10569105691057,1.49769585253456,NA,1.34853584266319,1.34853584266319,NA,251200000,NA,1.4378276896307,4.99724260806855,NA,NA,NA,NA,NA
"Germany","Government expenditure on health",2013,0.177066767110293,NA,5.556e+09,NA,5.077e+09,NA,NA,NA,NA,15.3508259394118,2.26123826957595,NA,NA,0.193772495187076,33.8179031659728,1.98358e+11,6.29512987918864,6.91798498925811,1.36656442849518,NA,1.80499e+11,2.46845712089836,9.25e+09,0.322605396054798
"Germany","Government expenditure on health",2005,0.172033486548194,NA,4.668e+09,NA,4.001e+09,NA,NA,NA,NA,13.7403872199955,2.31381348384784,NA,NA,0.200712900576598,28.6807824880254,1.49639e+11,5.78520107838037,6.43412119309802,1.36008041606573,NA,1.34547e+11,2.53771305426762,7.772e+09,0.334177519983145
"Greece","Government expenditure on health",2004,0,NA,5.346e+09,NA,0,NA,NA,NA,NA,11.8341719441312,0,NA,NA,2.75971294029707,20.0757302560404,1.0913e+10,2.8737975942076,5.63351053450467,7.34048250010298,NA,5.567e+09,NA,NA,NA
"Greece","Government expenditure on health",2010,0,NA,7.018e+09,NA,0,NA,NA,NA,NA,13.0740500299303,0,NA,NA,3.13130231479003,19.7253462217678,1.5507e+10,3.78763541610894,6.91893773089897,7.81636335286125,NA,8.489e+09,NA,NA,NA
"Greece","Government expenditure on health",2003,0,NA,5.306e+09,NA,0,NA,NA,NA,NA,12.8354053664859,0,NA,NA,2.9658215062863,20.5513402219087,1.0696e+10,3.01277382564703,5.97859533193333,8.10422776148583,NA,5.39e+09,NA,NA,NA
"Greece","Government expenditure on health",2008,0,NA,6.949e+09,NA,0,NA,NA,NA,NA,12.7135326847363,0,NA,NA,2.87160151807675,20.6112126896683,1.5629e+10,3.58691915051176,6.45852066858851,7.34799619329597,NA,8.68e+09,NA,NA,NA
"Greece","Government expenditure on health",2009,0,NA,7.314e+09,NA,0,NA,NA,NA,NA,12.5984742332243,0,NA,NA,3.07913555184895,20.1439829218995,1.6184e+10,3.73419911743235,6.81333466928131,7.30749632826784,NA,8.87e+09,NA,NA,NA
"Germany","Government expenditure on health",2002,0.189173143350604,NA,4.959e+09,NA,4.206e+09,NA,NA,NA,NA,13.7969018675798,2.53195037232794,NA,NA,0.223040803108808,28.3832862540812,1.47796e+11,5.91577612262522,6.64741652274036,1.52188457123917,NA,1.31529e+11,2.5942278593535,7.938e+09,0.357027202072539
"Germany","Government expenditure on health",2010,0.138567158245606,NA,5.076e+09,NA,3.625e+09,NA,NA,NA,NA,14.2678678563983,1.73198023870271,NA,NA,0.194032246966813,31.7799801010554,1.79312e+11,6.22695962630826,6.85427704257548,1.14785275102495,NA,1.62901e+11,2.77450854058388,9.689e+09,0.370366123101152
"Greece","Government expenditure on health",2013,0,NA,4.681e+09,NA,0,NA,NA,NA,NA,8.5465044629496,0,NA,NA,2.60222676341028,15.264116575592,9.709e+09,2.79512842692307,5.39735519033335,4.93323637589975,NA,5.028e+09,NA,NA,NA
"Ghana","Government expenditure on health",2001,NA,NA,NA,3.79243020928214,NA,45500000,NA,NA,NA,NA,NA,NA,0.519214293524767,NA,NA,NA,NA,NA,NA,NA,NA,NA,NA,NA
"Greece","Government expenditure on health",2012,0,NA,5.175e+09,NA,0,NA,NA,NA,NA,10.5529319897371,0,NA,NA,2.74709816191264,16.1094304193616,1.1352e+10,3.27900006688587,6.02609822879851,6.28308484289253,NA,6.177e+09,NA,NA,NA
"Germany","Government expenditure on health",2000,0.182517397143206,NA,4.496e+09,NA,3.887e+09,NA,NA,NA,NA,13.4024097516888,2.41990711341875,NA,NA,0.211113511076886,28.2996668270747,1.37019e+11,5.77124987087141,6.43384389996525,1.42740127881947,NA,1.22908e+11,2.17806320235831,6.332e+09,0.297324455546895
"Georgia","Government expenditure on health",2008,0.148899824073838,283800000,283800000,4.76286375994361,29200000,283800000,NA,4.76286375994361,1.44718390658066,5.01795562395793,2.42343762967881,NA,1.44718390658066,1.44718390658066,NA,3.13e+08,NA,1.5960837306545,4.76286375994361,NA,NA,NA,NA,NA
"Germany","Government expenditure on health",1998,0.119269548189941,NA,1.247e+09,NA,2.412e+09,NA,NA,NA,NA,12.5994920775587,1.57157098457749,NA,NA,0.0616621586205873,28.1826948407414,1.22839e+11,5.76612883286934,6.07419238395696,0.431898865702658,NA,1.16609e+11,1.15481788446811,3.227e+09,0.159569996686957
"Germany","Government expenditure on health",2014,0.161766331565706,NA,5.671e+09,NA,4.829e+09,NA,NA,NA,NA,15.7428223864467,2.07293254061943,NA,NA,0.189972430380849,34.5077798806652,2.08744e+11,6.40104248669255,6.99270058321637,1.39358180750337,NA,1.91082e+11,2.36975173042649,9.148e+09,0.306448208979723
"Greece","Government expenditure on health",2014,0,NA,4.449e+09,NA,0,NA,NA,NA,NA,9.38014383402746,0,NA,NA,2.51021237220429,12.720692368214,8.491e+09,2.28057505247241,4.7907874246767,6.35943910004431,NA,4.042e+09,NA,NA,NA
"Ghana","Government expenditure on health",1990,NA,NA,NA,10.1016610799574,NA,2570600,NA,NA,NA,NA,NA,NA,0.534365172702919,NA,NA,NA,NA,NA,NA,NA,NA,NA,NA,NA
"Germany","Government expenditure on health",1990,1.04635511701648,65455586630.7399,NA,0.0962204603186828,13835558305.1697,127822970.299055,0,17.8728988663651,4.95027280415558,NA,13.102847181871,0,0.0096669911032565,NA,29.9003089019938,NA,4.94060581305231,NA,NA,0,65327763660.4408,8.04928131416841,12025585045.7351,0.909470522994372
"Ghana","Government expenditure on health",1991,NA,NA,NA,8.42115781368475,NA,2865400,NA,NA,NA,NA,NA,NA,0.472206036012113,NA,NA,NA,NA,NA,NA,NA,NA,NA,NA,NA
"Ghana","Government expenditure on health",1993,NA,NA,NA,6.96216224189516,NA,5663900,NA,NA,NA,NA,NA,NA,0.654085603475977,NA,NA,NA,NA,NA,NA,NA,NA,NA,NA,NA
"Ghana","Government expenditure on health",1992,NA,NA,NA,7.90877543287765,NA,3945000,NA,NA,NA,NA,NA,NA,0.553597149800403,NA,NA,NA,NA,NA,NA,NA,NA,NA,NA,NA
"Germany","Government expenditure on health",1994,NA,NA,NA,NA,NA,NA,NA,NA,NA,12.5874301594342,NA,NA,NA,NA,NA,109942391241.546,NA,5.98156664462552,NA,NA,NA,NA,NA,NA
"Greece","Government expenditure on health",1992,NA,NA,NA,9.38427299703265,NA,1484959647.83566,NA,NA,NA,NA,NA,NA,2.28398757820857,NA,NA,NA,NA,NA,NA,NA,NA,NA,NA,NA
"Greece","Government expenditure on health",1991,NA,NA,NA,7.85726539715216,NA,1344093910.49156,NA,NA,NA,NA,NA,NA,2.38987841719234,NA,NA,NA,NA,NA,NA,NA,NA,NA,NA,NA
"Greece","Government expenditure on health",1990,NA,NA,NA,8.72354073123795,NA,1197358767.4248,NA,NA,NA,NA,NA,NA,2.62930981517955,NA,NA,NA,NA,NA,NA,NA,NA,NA,NA,NA
"Greece","Government expenditure on health",1994,NA,NA,NA,7.10535954095958,NA,1707997065.29714,NA,NA,NA,NA,NA,NA,2.05731965634649,NA,NA,NA,NA,NA,NA,NA,NA,NA,NA,NA
"Germany","Government expenditure on health",1993,NA,NA,NA,NA,NA,NA,NA,NA,NA,12.2111858152548,NA,NA,NA,NA,NA,101955952734.03,NA,5.80172036908225,NA,NA,NA,NA,NA,NA
"Grenada","Government expenditure on health",1991,NA,NA,NA,10.6307653951633,NA,21320000,NA,NA,NA,NA,NA,NA,2.6254659632536,NA,NA,NA,NA,NA,NA,NA,NA,NA,NA,NA
"Greece","Government expenditure on health",1993,NA,NA,NA,7.71742356782427,NA,1526045487.89435,NA,NA,NA,NA,NA,NA,2.08457079460534,NA,NA,NA,NA,NA,NA,NA,NA,NA,NA,NA
"Grenada","Government expenditure on health",1992,NA,NA,NA,12.2143817204301,NA,21810000,NA,NA,NA,NA,NA,NA,2.6043867370723,NA,NA,NA,NA,NA,NA,NA,NA,NA,NA,NA
"Grenada","Government expenditure on health",1994,NA,NA,NA,8.90998162890386,NA,20370000,NA,NA,NA,NA,NA,NA,2.32056918738755,NA,NA,NA,NA,NA,NA,NA,NA,NA,NA,NA
"Grenada","Government expenditure on health",1993,NA,NA,NA,10.3662891541679,NA,20320000,NA,NA,NA,NA,NA,NA,2.42918971456544,NA,NA,NA,NA,NA,NA,NA,NA,NA,NA,NA
"Germany","Government expenditure on health",1991,NA,NA,NA,NA,NA,NA,NA,NA,NA,12.337125944282,NA,NA,NA,NA,NA,89886078947.3684,NA,5.6474939807722,NA,NA,NA,NA,NA,NA
"Germany","Government expenditure on health",1992,NA,NA,NA,NA,NA,NA,NA,NA,NA,12.8460639314389,NA,NA,NA,NA,NA,102273038765.676,NA,5.9812642196677,NA,NA,NA,NA,NA,NA
"Georgia","Government expenditure on health",2015,0.146751656426759,872300000,872300000,8.35767217583525,50700000,729700000,142600000,8.64862185207218,2.52488106313731,8.65171909564696,2.53639501725949,5.03388873199661,2.11212393874962,2.52488106313731,NA,9.23e+08,NA,2.67163271956407,8.64862185207218,0.412757124387688,NA,NA,NA,NA
"Germany","Government expenditure on health",2015,0.18949005882067,NA,5.814e+09,NA,5.847e+09,NA,NA,NA,NA,15.8511197023853,2.38909523284179,NA,NA,0.188420592095669,34.4057511812445,2.17303e+11,6.42587461312851,7.04237356796785,1.40057574407092,NA,1.9828e+11,2.39003394338104,9.562e+09,0.309886085589746
"Greece","Government expenditure on health",2015,0,NA,4.379e+09,NA,0,NA,NA,NA,NA,9.16050438573619,0,NA,NA,2.48286404235667,13.4006815968841,8.783e+09,2.49703887703558,4.97990291939225,5.94576979999728,NA,4.404e+09,NA,NA,NA
"Germany","Government expenditure on health",2016,0.183848490821655,NA,6.003e+09,NA,5.876e+09,NA,NA,NA,NA,15.7925977213192,2.27187491542331,NA,NA,0.187822071205309,34.4206018630767,2.25355e+11,6.44064190531615,7.05091501856945,1.40088444978589,NA,2.0585e+11,2.32177091104836,9.834e+09,0.307686531439781
"Georgia","Government expenditure on health",2016,0.1734453666382,1000300000,1000300000,9.36953079423285,63400000,899400000,100900000,9.08075819746541,2.73655205438787,9.18828336227077,3.3296570558269,4.21241598129671,2.46051676268764,2.73655205438787,NA,1063700000,NA,2.90999742102607,9.08075819746541,0.276035291700226,NA,NA,NA,NA
"Georgia","Government expenditure on health",2017,0.169328482185204,1084800000,1084800000,9.0360825224989,7e+07,964900000,119900000,8.95973570101177,2.62410767820728,9.08325795414323,3.59841669665347,4.51651787395939,2.3340721780072,2.62410767820728,NA,1154800000,NA,2.79343616039249,8.95973570101177,0.290035500200086,NA,NA,NA,NA
"Germany","Government expenditure on health",2017,0.170603792729751,NA,6.278e+09,NA,5.683e+09,NA,NA,NA,NA,15.6934481351451,2.12864778613888,NA,NA,0.18846570662632,34.0638020520941,2.32664e+11,6.39342441408419,6.98457871400224,1.38754130244997,NA,2.12972e+11,2.31769269472352,9.996e+09,0.300080153462359
"Greece","Government expenditure on health",2016,0,NA,4.619e+09,NA,0,NA,NA,NA,NA,10.6259562903926,0,NA,NA,2.64707938716588,14.3803884269628,9.306e+09,2.68604916381175,5.33312855097763,6.86227900757688,NA,4.687e+09,NA,NA,NA
"Germany","Government expenditure on health",2018,0.175131807888363,NA,6.544e+09,NA,6.009e+09,NA,NA,NA,NA,15.759060499968,2.14689951838566,NA,NA,0.190724338628965,34.2361208997,2.41356e+11,6.44178448499474,7.0343006531376,1.42634199077586,NA,2.21026e+11,2.24188920282765,1.0196e+10,0.297161576506865
"Greece","Government expenditure on health",2017,0,NA,4.917e+09,NA,0,NA,NA,NA,NA,11.2614969593377,0,NA,NA,2.77948303989635,12.6014218886275,9.685e+09,2.69525628111161,5.47473932100796,7.52617400355109,NA,4.768e+09,NA,NA,NA
"Greece","Government expenditure on health",2019,0,NA,5.366e+09,NA,0,NA,NA,NA,NA,11.9657343847507,0,NA,NA,2.92668453438663,12.4939700916546,1.0546e+10,2.82523777266544,5.75192230705208,8.3241549415944,NA,5.18e+09,NA,NA,NA
"Germany","Government expenditure on health",2019,0.167473860498801,NA,6.802e+09,NA,5.92e+09,NA,NA,NA,NA,15.7237578950378,2.01491445122512,NA,NA,0.192425202552845,34.0819435394396,2.52983e+11,6.56975625763817,7.15676345448785,1.42286371718439,NA,2.32233e+11,2.26852898640376,1.0635e+10,0.300858869325126
"Germany","Government expenditure on health",2020,0.193615528666926,NA,2.2871e+10,NA,6.679e+09,NA,NA,NA,NA,16.3127208259985,2.18104751672768,NA,NA,0.663000562380784,33.3914187734269,2.87452e+11,7.28245429931413,8.33285985122999,4.13474297739098,NA,2.51217e+11,5.358435118009,2.9174e+10,0.845716339770757
"Georgia","Government expenditure on health",2021,0.136354339476854,2534900000,2534900000,11.6946949837828,82800000,2105700000,430300000,13.3260786138229,4.17445187367001,13.0843130198337,2.63291783261257,11.23762764096,3.46764894488419,4.17445187367001,NA,2617700000,NA,4.31080621314686,13.3260786138229,0.70861439947935,NA,NA,NA,NA
"Georgia","Government expenditure on health",2022,0.125857707581598,2041400000,2041400000,8.22464483030781,91700000,1667300000,374500000,9.53484135843699,2.80180942483179,9.49217255097409,2.35829647155642,8.09099943827507,2.28835938768592,2.80180942483179,NA,2133100000,NA,2.92766713241338,9.53484135843699,0.51399903477981,NA,NA,NA,NA
"Greece","Government expenditure on health",2020,0,NA,5.729e+09,NA,0,NA,NA,NA,NA,11.1875988993822,0,NA,NA,3.47179086596003,12.6076852656041,1.11e+10,3.25484181202152,6.72663267798155,7.5650336722567,NA,5.371e+09,NA,NA,NA
"Greece","Government expenditure on health",2018,0,NA,5.237e+09,NA,0,NA,NA,NA,NA,11.4191788327417,0,NA,NA,2.91661120631418,12.6054419969855,1.0004e+10,2.65485690672135,5.57146811303553,7.82739963530924,NA,4.767e+09,NA,NA,NA
"Georgia","Government expenditure on health",2019,0.195671166580636,1243800000,1243800000,8.06093398321632,97300000,1081600000,163300000,8.65179950195462,2.50129287762584,8.81428590213947,3.49058295964126,5.82569298276908,2.17510723302791,2.50129287762584,NA,1340600000,NA,2.69595853975334,8.65179950195462,0.328397754394839,NA,NA,NA,NA
"Georgia","Government expenditure on health",2018,0.174768312975359,1154500000,1154500000,8.56642320940428,79300000,1012200000,143200000,9.09993773104541,2.54438861702462,9.39587093433247,3.8097525822724,5.61040589249334,2.23077536435887,2.54438861702462,NA,1233800000,NA,2.71915692999998,9.09993773104541,0.31559675180418,NA,NA,NA,NA
"Georgia","Government expenditure on health",2023,0.141190706212111,1717700000,1717700000,6.08379366172773,113300000,1386600000,331900000,7.02288765505793,2.14054083019014,7.07723110580287,2.41176721018349,6.05491197664873,1.72793497999746,2.14054083019014,NA,1.831e+09,NA,2.28173153640225,7.02288765505793,0.413602783687551,NA,NA,NA,NA
"Greece","Government expenditure on health",2021,0,NA,6.639e+09,NA,0,NA,NA,NA,NA,11.5742068728128,0,NA,NA,3.65784317830704,13.0411070965983,1.2105e+10,3.16197650253112,6.66940678918614,8.32925589973277,NA,5.739e+09,NA,NA,NA
"Greece","Government expenditure on health",2022,0,NA,6.632e+09,NA,0,NA,NA,NA,NA,11.3356057690546,0,NA,NA,3.20975082808861,13.0411070965983,1.2371e+10,2.7775572983113,5.98730812639991,7.91880597014925,NA,5.739e+09,NA,NA,NA
"Germany","Government expenditure on health",2022,0.226968650808705,NA,2.0529e+10,NA,8.974e+09,NA,NA,NA,NA,17.0772903691016,2.60786427714152,NA,NA,0.519215448234,35.7708171743945,3.30616e+11,7.2667905965072,8.36187513436271,3.18262786555106,NA,2.87318e+11,5.3286527054836,3.0814e+10,0.779341654336912
"Germany","Government expenditure on health",2021,0.213221414077673,NA,1.8259e+10,NA,7.839e+09,NA,NA,NA,NA,16.8253346252224,2.45572705372275,NA,NA,0.496646230341143,35.7708171743945,3.1344e+11,7.81507210740767,8.52559255370655,2.87071334687537,NA,2.87318e+11,5.3286527054836,3.0814e+10,0.838143213852456
"Georgia","Government expenditure on health",2020,0.144812446591623,1737900000,1737900000,9.41593920743578,72100000,1499300000,313400000,10.3554914672514,3.49056242623553,10.1296142911509,2.41338912133891,10.084304009267,3.01133566123191,3.49056242623553,NA,1.81e+09,NA,3.63537487282716,10.3554914672514,0.629462146488415,NA,NA,NA,NA
"Germany","Government expenditure on health",2023,0.235811303174015,NA,9.747e+09,NA,9.87e+09,NA,NA,NA,NA,15.5734690669827,2.62397413777061,NA,NA,0.232872621280357,34.6032301009911,3.15079e+11,6.76259989726559,7.52778010058415,1.52533062914607,NA,2.83052e+11,3.42322698714525,2.0127e+10,0.480868703037833
"Hungary","Government expenditure on health",2008,1.8434973664533,NA,5.76226e+11,NA,5.02352e+11,NA,NA,NA,NA,10.0431014212798,16.4354501777351,NA,NA,2.11459517127815,26.8849300790131,1.332636e+12,4.28028402553781,4.89041738948161,6.47282250517482,NA,1.166375e+12,NA,NA,NA
"Guatemala","Government expenditure on health",2009,NA,NA,NA,8.80774129093035,NA,3844537694.15002,NA,NA,NA,NA,NA,NA,1.24023086454165,NA,NA,NA,NA,NA,NA,NA,NA,NA,NA,NA
"Hungary","Government expenditure on health",1998,2.19033768563833,NA,1.70732e+11,NA,2.28733e+11,NA,NA,NA,NA,10.4733347814179,17.5638527091425,NA,NA,1.63492252427242,33.0004784089086,5.54495e+11,4.51153084239035,5.30982103587164,4.97516816092862,NA,4.71131e+11,NA,NA,NA
"Guatemala","Government expenditure on health",2006,NA,NA,NA,7.59168926097994,NA,2550800000,NA,NA,NA,NA,NA,NA,1.07166161375591,NA,NA,NA,NA,NA,NA,NA,NA,NA,NA,NA
"Hungary","Government expenditure on health",1999,2.09674788825754,NA,1.97255e+11,NA,2.4401e+11,NA,NA,NA,NA,10.3400636239238,17.2945978568335,NA,NA,1.69498792958584,32.1321233550964,5.89097e+11,4.4400082285389,5.06203799323328,5.30879873743953,NA,5.16708e+11,NA,NA,NA
"Hungary","Government expenditure on health",2009,1.84164294438443,NA,6.24415e+11,NA,4.88418e+11,NA,NA,NA,NA,10.3423238862181,15.5694051424959,NA,NA,2.35443714015005,26.650172901132,1.384678e+12,4.29032317908043,5.22110665238453,6.97789444076101,NA,1.137827e+12,NA,NA,NA
"Hungary","Government expenditure on health",2000,2.10402961501501,NA,2.65294e+11,NA,2.80342e+11,NA,NA,NA,NA,11.0909307402262,17.8930128774649,NA,NA,1.99109099844402,31.2145328261656,6.9859e+11,4.2472214908798,5.24307470430166,6.66171316620836,NA,5.65902e+11,NA,NA,NA
"Hungary","Government expenditure on health",2006,2.00094818702566,NA,9.78568e+11,NA,4.87139e+11,NA,NA,NA,NA,11.0148745440541,15.8900954014399,NA,NA,4.01951776696451,30.94180822092,1.376298e+12,4.79753307071297,5.65321394490493,11.2600365290015,NA,1.167979e+12,NA,NA,NA
"Hungary","Government expenditure on health",1996,2.19513174525217,NA,1.79565e+11,NA,1.56344e+11,NA,NA,NA,NA,10.5123400746066,18.1423220278406,NA,NA,2.52116379161468,33.9171457910637,3.81398e+11,4.79979377465669,5.35497913175873,7.13649822148918,NA,3.41856e+11,NA,NA,NA
"Hungary","Government expenditure on health",2001,1.92633131846641,NA,3.14122e+11,NA,2.9663e+11,NA,NA,NA,NA,10.5356265775667,16.4655584901178,NA,NA,2.03992531577826,30.3688810687271,7.65345e+11,4.12471805251625,4.97019196619247,6.61839920964023,NA,6.35153e+11,NA,NA,NA
"Hungary","Government expenditure on health",2013,0.339873252757825,NA,1.799977e+12,NA,1.03158e+11,NA,NA,NA,NA,10.0119286289465,4.54893217523518,NA,NA,5.93035962193211,28.8290938331994,1.520343e+12,4.75309900667513,5.00905330384062,15.7313639511538,NA,1.442656e+12,NA,NA,NA
"Hungary","Government expenditure on health",2003,2.27113303803119,NA,3.93362e+11,NA,4.34468e+11,NA,NA,NA,NA,11.8446760073767,17.5009043135555,NA,NA,2.05625600528928,32.595517173049,1.111193e+12,4.89264224678177,5.80863753815928,6.61354916591289,NA,9.35963e+11,NA,NA,NA
"Hungary","Government expenditure on health",2011,1.86661724519295,NA,9.43508e+11,NA,5.32699e+11,NA,NA,NA,NA,10.3504480729546,16.5985006169531,NA,NA,3.30612278937545,29.3537624916711,1.447718e+12,4.780826766872,5.07291244206625,9.87898425427861,NA,1.364362e+12,NA,NA,NA
"Hungary","Government expenditure on health",2002,2.09316824232661,NA,3.69919e+11,NA,3.6492e+11,NA,NA,NA,NA,10.6991132271182,16.5770100510502,NA,NA,2.12184232991674,30.3085994059792,9.49883e+11,4.37885266824746,5.44849536754886,6.3939438513003,NA,7.63403e+11,NA,NA,NA
"Hungary","Government expenditure on health",2010,1.84489825084456,NA,9.15016e+11,NA,5.07072e+11,NA,NA,NA,NA,10.1937362994236,14.9398821419512,NA,NA,3.32913554267399,27.5422352772814,1.366052e+12,4.36940126053057,4.97015600420199,10.1342717689488,NA,1.200934e+12,NA,NA,NA
"Hungary","Government expenditure on health",2007,1.78181111587032,NA,6.82544e+11,NA,4.58672e+11,NA,NA,NA,NA,9.89660625284992,15.4857093661005,NA,NA,2.6514905777344,28.010340751746,1.269015e+12,4.33870493931722,4.92976469722629,8.08598622473707,NA,1.116865e+12,NA,NA,NA
"Hungary","Government expenditure on health",2004,2.13622814300179,NA,5.65708e+11,NA,4.50959e+11,NA,NA,NA,NA,11.3641738702361,17.1050665185863,NA,NA,2.67980315354889,32.1630805878378,1.167156e+12,4.78933312262809,5.52890948949548,8.46341453927331,NA,1.011031e+12,NA,NA,NA
"Hungary","Government expenditure on health",2005,2.07928615604024,NA,6.29972e+11,NA,4.69814e+11,NA,NA,NA,NA,11.5505898355392,16.5389495087747,NA,NA,2.78810775816171,31.6543279086451,1.285146e+12,4.87806885834659,5.68775363503534,8.65084608348492,NA,1.102198e+12,NA,NA,NA
"Hungary","Government expenditure on health",1997,2.21267386264851,NA,1.27255e+11,NA,1.9548e+11,NA,NA,NA,NA,10.5500786839649,18.2865567427702,NA,NA,1.44042261301072,33.8821326136629,4.61241e+11,4.55032282309476,5.22087121486526,4.42270270909004,NA,4.02001e+11,NA,NA,NA
"Guatemala","Government expenditure on health",2000,NA,NA,NA,7.88754146369306,NA,1437170000,NA,NA,NA,NA,NA,NA,1.02142692581156,NA,NA,NA,NA,NA,NA,NA,NA,NA,NA,NA
"Guatemala","Government expenditure on health",2008,NA,NA,NA,7.3683331932492,NA,2957100000,NA,NA,NA,NA,NA,NA,0.971677780036234,NA,NA,NA,NA,NA,NA,NA,NA,NA,NA,NA
"Guatemala","Government expenditure on health",2002,NA,NA,NA,7.35646182801421,NA,1638120000,NA,NA,NA,NA,NA,NA,0.955470414613753,NA,NA,NA,NA,NA,NA,NA,NA,NA,NA,NA
"Guatemala","Government expenditure on health",2011,NA,NA,NA,7.69942587485893,NA,4084500000,NA,NA,NA,NA,NA,NA,1.10586152691352,NA,NA,NA,NA,NA,NA,NA,NA,NA,NA,NA
"Guatemala","Government expenditure on health",2010,NA,NA,NA,8.88721470730915,NA,4290800000,NA,NA,NA,NA,NA,NA,1.28300230837479,NA,NA,NA,NA,NA,NA,NA,NA,NA,NA,NA
"Hungary","Government expenditure on health",1995,2.57007472306957,NA,1.01025e+11,NA,1.50002e+11,NA,NA,NA,NA,10.412991522191,20.2290709451031,NA,NA,1.73092224702406,32.3960954898517,3.34395e+11,4.90505927883979,5.72939118825649,4.59686798696087,NA,2.86283e+11,NA,NA,NA
"Guatemala","Government expenditure on health",2004,NA,NA,NA,7.09151511331043,NA,1799940000,NA,NA,NA,NA,NA,NA,0.90653339741175,NA,NA,NA,NA,NA,NA,NA,NA,NA,NA,NA
"Guatemala","Government expenditure on health",2005,NA,NA,NA,8.05309106745755,NA,2281820000,NA,NA,NA,NA,NA,NA,1.06040899984189,NA,NA,NA,NA,NA,NA,NA,NA,NA,NA,NA
"Hungary","Government expenditure on health",2012,0.746603976165369,NA,1.297106e+12,NA,2.1649e+11,NA,NA,NA,NA,10.3616690285074,8.1548936330505,NA,NA,4.47329898428545,26.403066444268,1.474729e+12,4.24983509291131,5.08586325080317,13.272645021983,NA,1.232309e+12,NA,NA,NA
"Guatemala","Government expenditure on health",2007,NA,NA,NA,7.09824140843471,NA,2645700000,NA,NA,NA,NA,NA,NA,0.984176128652288,NA,NA,NA,NA,NA,NA,NA,NA,NA,NA,NA
"Guatemala","Government expenditure on health",2014,0.0458478954668096,9698139036.22,5018916737.19,7.8730085566995,205089706.34,5015446110.85,3470626.34,12.9242495166113,2.1680233137497,12.737047142751,1.78136339931752,0.0345567009192159,1.12120521850306,1.12198107857171,52.0281665867387,9848128615.14,1.04604223517799,2.20155355111829,7.59927460094556,0.0007758600686515,4679222299.03,NA,NA,NA
"Guatemala","Government expenditure on health",2013,NA,NA,NA,8.51985074789636,NA,4924100000,NA,NA,NA,NA,NA,NA,1.18258848183171,NA,NA,NA,NA,NA,NA,NA,NA,NA,NA,NA
"Guatemala","Government expenditure on health",2001,NA,NA,NA,7.61402472910792,NA,1601620000,NA,NA,NA,NA,NA,NA,1.03337907403239,NA,NA,NA,NA,NA,NA,NA,NA,NA,NA,NA
"Guatemala","Government expenditure on health",2003,NA,NA,NA,6.98360725788791,NA,1830430000,NA,NA,NA,NA,NA,NA,0.998672864398622,NA,NA,NA,NA,NA,NA,NA,NA,NA,NA,NA
"Guatemala","Government expenditure on health",2012,NA,NA,NA,7.64065907836167,NA,4193400000,NA,NA,NA,NA,NA,NA,1.0726839558007,NA,NA,NA,NA,NA,NA,NA,NA,NA,NA,NA
"Hungary","Government expenditure on health",1990,0.759634430691785,8.62e+10,NA,2.6969597907813,1.65e+10,1.65e+10,1.9e+09,7.91697281410727,3.96851441973526,NA,6.42273258077073,1.63511187607573,0.759634430691785,NA,18.7915742793792,NA,3.12140693338806,NA,NA,0.0874730556554177,6.78e+10,NA,NA,NA
"Hungary","Government expenditure on health",1991,0.0231008288706701,1.356e+11,NA,3.95242225250898,6e+08,3.19e+10,0,10.0623330365093,5.22078732477144,NA,0.160857908847185,0,1.22819406829063,NA,24.1668608715917,NA,3.99259325648081,NA,NA,0,1.037e+11,NA,NA,NA
"Hungary","Government expenditure on health",1994,0.0066111957291327,2.397e+11,NA,3.67167838936568,3e+08,5.69e+10,0,9.84111343761547,5.2823453875771,NA,0.0393287886733089,0,1.25392345662552,NA,25.6813711716774,NA,4.02842193095158,NA,NA,0,1.828e+11,NA,NA,NA
"Hungary","Government expenditure on health",1993,0.0081326068485562,1.865e+11,NA,3.53265145554681,3e+08,4.49e+10,0,9.23633122028526,5.05577059085245,NA,0.0481000481000481,0,1.21718015833391,NA,23.33937695731,NA,3.83859043251854,NA,NA,0,1.416e+11,NA,NA,NA
"Hungary","Government expenditure on health",1992,0.0065375185243848,1.624e+11,NA,4.1082648622523,2e+08,4.25e+10,0,9.84123136589504,5.3084650418005,NA,0.0406173842404549,0,1.38922268643178,NA,23.8559490648627,NA,3.91924235536872,NA,NA,0,1.199e+11,NA,NA,NA
"Guatemala","Government expenditure on health",1991,NA,NA,NA,9.73639425924235,NA,415930000,NA,NA,NA,NA,NA,NA,0.902843343448633,NA,NA,NA,NA,NA,NA,NA,NA,NA,NA,NA
"Guatemala","Government expenditure on health",1990,NA,NA,NA,9.23298465040254,NA,318020000,NA,NA,NA,NA,NA,NA,0.946117044328575,NA,NA,NA,NA,NA,NA,NA,NA,NA,NA,NA
"Guatemala","Government expenditure on health",1992,NA,NA,NA,9.37595862314963,NA,525710000,NA,NA,NA,NA,NA,NA,1.00173394200519,NA,NA,NA,NA,NA,NA,NA,NA,NA,NA,NA
"Guatemala","Government expenditure on health",1993,NA,NA,NA,10.0087489063867,NA,623480000,NA,NA,NA,NA,NA,NA,1.00287825527432,NA,NA,NA,NA,NA,NA,NA,NA,NA,NA,NA
"Guatemala","Government expenditure on health",1994,NA,NA,NA,10.5510920472012,NA,701540000,NA,NA,NA,NA,NA,NA,0.97574032627921,NA,NA,NA,NA,NA,NA,NA,NA,NA,NA,NA
"Hungary","Government expenditure on health",2014,0.269787503360417,NA,1.814333e+12,NA,8.8503e+10,NA,NA,NA,NA,9.57938988818446,3.47176511108095,NA,NA,5.53070935826374,29.2052845773814,1.571941e+12,4.57246577449998,4.79181539405305,15.0670372555056,NA,1.499984e+12,NA,NA,NA
"Hungary","Government expenditure on health",2015,0.260149995368254,NA,1.725989e+12,NA,9.0962e+10,NA,NA,NA,NA,10.2188738793283,3.35965795474608,NA,NA,4.93630340533032,27.9316524410023,1.799222e+12,4.1201808208633,5.14574871887667,14.0125057946059,NA,1.44063e+12,NA,NA,NA
"Hungary","Government expenditure on health",2016,0.248307866844188,NA,1.456928e+12,NA,8.9904e+10,NA,NA,NA,NA,10.0826420220049,4.17631147301103,NA,NA,4.02392200375478,28.478444294918,1.707419e+12,4.19771044370669,4.71575869482156,12.2486588863241,NA,1.519851e+12,NA,NA,NA
"Hungary","Government expenditure on health",2017,0.256941118693618,NA,1.579135e+12,NA,1.00913e+11,NA,NA,NA,NA,10.0334459668316,4.16452758303634,NA,NA,4.02073779858141,29.2860299448623,1.839412e+12,4.14071307939601,4.68344590903516,11.8362289309417,NA,1.626255e+12,NA,NA,NA
"Guatemala","Government expenditure on health",2016,0.0309170533731893,10723266958.14,5830431659.19,8.85878292470139,155204134.76,5826676329.66,3804592.27,14.066333747737,2.1361017049735,13.9594083639086,1.42642153797506,0.0345700096490995,1.16068855608108,1.16143662715336,50.6336331763973,10817666863.59,0.974665077820134,2.15490640318424,8.75830132061875,0.000757884333795,4892835298.95,NA,NA,NA
"Guatemala","Government expenditure on health",2017,0.0453075559501998,10648607972.93,5880791909.61,8.39863728025092,238547641.18,5877201977.42,3589932.19,13.1916270444024,2.02249915001767,13.0254594926807,1.98377074635883,0.0303166065706015,1.11626195968819,1.11694379855589,46.9068366158642,10773904598.5,0.905555351461774,2.04629684445431,8.33468734529126,0.0006818388677049,4767816063.32,NA,NA,NA
"Guatemala","Government expenditure on health",2015,0.0384827614325659,9122243689.96,5379648198.83,8.57538868742908,183186726.57,5376192092.06,3474735.27,12.2448496808785,1.91634587408993,12.1331555650883,1.76132256396573,0.0314494543582628,1.12939797314045,1.13012401118265,38.2762853324272,9291526560.53,0.786221862907283,1.95190779740579,8.31208889826358,0.0007299514049978,3742595491.13,NA,NA,NA
"Hungary","Government expenditure on health",2018,0.274003260445422,NA,1.829231e+12,NA,1.18881e+11,NA,NA,NA,NA,10.0900429639061,4.2784726758404,NA,NA,4.21610903431028,29.6911272379163,2.016463e+12,4.00178533933548,4.64765131995489,12.6345244617433,NA,1.736243e+12,NA,NA,NA
"Guatemala","Government expenditure on health",2018,0.0507258990338146,11367209475.13,6351828977.95,8.40874960611575,279686416.58,6347547143.83,4281834.12,12.9792583681017,2.06163719776764,12.8323576785951,2.20227767610237,0.0328159799319064,1.15123587147179,1.15201245507534,48.4765306497541,11550317031.5,0.909624742692306,2.0948468742701,8.22415592853489,0.0007765836035463,5015380497.18,NA,NA,NA
"Hungary","Government expenditure on health",2019,0.277724715053872,NA,1.837862e+12,NA,1.32403e+11,NA,NA,NA,NA,9.84194070996503,4.11888582592617,NA,NA,3.85504633775926,29.4712884661155,2.160609e+12,3.7765174684573,4.53203113877957,11.6696315835194,NA,1.800424e+12,NA,NA,NA
"Guatemala","Government expenditure on health",2020,0.0567252056490519,13099560048.7,7234028532.74,7.78015843610661,340401970.62,7230472229.31,3556303.43,12.2278208703386,2.18293459441845,12.2347858689503,2.57107960750031,0.02677416215733,1.2048990885697,1.20549171746386,48.5237972506017,13315102814.12,0.977442876954594,2.21885303423343,7.61146610250399,0.0005926288941563,5865531515.96,NA,NA,NA
"Guatemala","Government expenditure on health",2019,0.0585101327315048,13121218099.83,7688502106.01,9.2631710053009,347533817.29,7684215093.41,4290512.6,13.5241188435847,2.20906333261792,13.2012365945378,2.32720417948686,0.0303151358996939,1.29369984353977,1.29442159683044,47.5825325270231,13341413313,0.914641735787487,2.24613498006186,8.98153679123959,0.0007223425440141,5432715993.82,NA,NA,NA
"Hungary","Government expenditure on health",2020,0.314165863375872,NA,2.931823e+12,NA,1.52196e+11,NA,NA,NA,NA,12.3923912791651,4.91097559898349,NA,NA,6.05192451878,31.5863150770758,3.083363e+12,4.30443934637416,6.36473625454164,15.5144438748936,NA,2.085263e+12,NA,NA,NA
"Hungary","Government expenditure on health",2021,0.324981568237951,NA,3344539939000,NA,1.79406e+11,NA,NA,NA,NA,11.7140939448156,5.43663655774697,NA,NA,6.05840292080911,31.4534719020427,3126522032000,4.91305377593038,5.66347855194288,15.6953415636205,NA,2712250207000,NA,NA,NA
"Hungary","Government expenditure on health",2022,0.296817859833461,NA,3436691608000,NA,195756561000,NA,NA,NA,NA,9.11169531831982,5.08209482971583,NA,NA,5.21091830988068,31.4534719020427,2931438691000,4.11247672957741,4.44482347897203,13.3628310490592,NA,2712250207000,NA,NA,NA
"Guatemala","Government expenditure on health",2021,0.0542337121495588,16096171294.65,10277421463.66,11.1012104444549,360962198.57,10270925872.27,6531996.39,14.8764301976448,2.41841146846503,14.4649311239382,2.20869734920314,0.0423333358982691,1.54318219324045,1.54415814040357,46.6935477104497,16322858927.47,0.874253328061465,2.45247074634767,10.7349918693057,0.000981416927813,5818749830.99,NA,NA,NA
"Guatemala","Government expenditure on health",2022,0.0454207362900491,17522033149.27,10815994538.84,9.98156805855359,334346120.43,10812056895.28,3937643.56,14.0429832661998,2.38035855153617,13.7149052090596,1.89925350784715,0.0246093878492167,1.46881197353788,1.4693469002465,46.0567548561199,17668952760.9,0.911011651289668,2.40031749984728,9.81363806007866,0.0005349267086244,6706038610.43,NA,NA,NA
"Honduras","Government expenditure on health",2020,NA,NA,NA,13.6984064026822,NA,18822430596.4249,NA,NA,NA,NA,NA,NA,3.2134797451307,NA,NA,NA,NA,NA,NA,NA,NA,NA,NA,NA
"Iceland","Government expenditure on health",1998,0.142279589066749,42661269000,42705355000,23.8406921307668,858525000,42705355000,NA,23.9221770467023,7.07006531246737,17.9399102229089,1.24437799580533,NA,7.07737149221007,7.07737149221007,33.4235957446221,43314717000,2.00510998380861,7.17835838828519,23.8406921307668,NA,12098974000,NA,NA,NA
"Iceland","Government expenditure on health",2004,0.0956656052144165,79668224153.4928,77132381386.7079,25.9188965236303,928359122.777793,77132381386.7079,NA,26.5428562656707,8.20965582499686,19.6946440824638,0.774363948834682,NA,7.94834215115995,7.94834215115995,35.996528746052,80590036276.2705,2.81423263162071,8.30464677457212,25.9188965236303,NA,27309904446.1,NA,NA,NA
"Iceland","Government expenditure on health",2008,0.0910218429447083,116341274322.144,115075303099.7,13.9879637210105,1446905970.90982,115075303099.7,NA,14.1671282708007,7.31878740722774,11.6783937388035,0.690850514862072,NA,7.23914779269954,7.23914779269954,34.9271814908424,117782830293.054,2.39322390921804,7.4094726928083,13.9879637210105,NA,38043285566.9073,NA,NA,NA
"Iceland","Government expenditure on health",1997,0.10342431170012,36915700000,26009100000,21.804331004719,555100000,26009100000,NA,24.1294382715767,6.87800551869593,NA,0.921714844573738,NA,4.84592553673137,4.84592553673137,32.3578451442168,NA,2.03207998196456,NA,21.804331004719,NA,10906600000,NA,NA,NA
"Iceland","Government expenditure on health",2000,0.125014292814543,52487637955.5763,52879689024.5763,25.0343389281501,887052666.237802,52879689024.5763,NA,25.0777510128277,7.39719882512938,18.8004860809441,1.08760682359427,NA,7.45245144879387,7.45245144879387,34.0980811536243,53357597740.5497,2.08237508914667,7.51980418040869,25.0343389281501,NA,14775721506.3,NA,NA,NA
"Iceland","Government expenditure on health",1999,0.125691100624586,50186139859.5901,50642726144.5901,25.5316030576735,816638962.067057,50642726144.5901,NA,25.531340928168,7.72428386111382,19.3145815357689,1.09771416175531,NA,7.79455828513405,7.79455828513405,33.6036736055048,50986883427.6827,2.01290824713453,7.84752845886956,25.5316030576735,NA,13078247334.2,NA,NA,NA
"Iceland","Government expenditure on health",2001,0.112389608757067,60393349217.0167,59540210614.085,24.3304463721776,901675981.447936,59540210614.085,NA,24.923414469846,7.52774281414234,18.5730855258198,0.941366826091761,NA,7.42140315802211,7.42140315802211,36.4528439563353,61068527577.4646,2.28471575613535,7.61190057517099,24.3304463721776,NA,18329749026.85,NA,NA,NA
"Iceland","Government expenditure on health",2002,0.0967608473755666,70230051704.1174,69407465607.188,26.3797148209933,826473101.773665,69407465607.188,NA,26.6346702419777,8.22231153020786,19.5630305960647,0.773840050933574,NA,8.12600576102138,8.12600576102138,36.4704390831204,70683745823.1817,2.55145875005854,8.27542859755798,26.3797148209933,NA,21793029767.75,NA,NA,NA
"Iceland","Government expenditure on health",2006,0.0983873251672239,91775828227.1282,91036297652.6209,22.0766495887731,1205949186.54669,91036297652.6209,NA,22.6300901641004,7.48752796138161,16.9175295143388,0.749701072856922,NA,7.42719338350979,7.42719338350979,35.4542089415659,92977338413.6748,2.39348246864422,7.58555313087818,22.0766495887731,NA,29337297575.3672,NA,NA,NA
"Iceland","Government expenditure on health",2010,0.0834714578648236,120155419597.432,123887625612.892,19.2506286113942,1403127661.12659,123887625612.892,NA,18.8363506520276,7.14799395808674,14.7839826967822,0.673624881046962,NA,7.37002128018527,7.37002128018527,32.9808077166786,121532313258.559,2.76825163323159,7.22990476663486,19.2506286113942,NA,46533396431.584,NA,NA,NA
"Iceland","Government expenditure on health",2007,0.103278070975594,102353193385.945,101893458953.38,21.6581839042391,1432417270.95742,101893458953.38,NA,22.1929779129334,7.37972138804696,16.6886616258848,0.793852445574647,NA,7.34657428327585,7.34657428327585,34.9429649705896,103662013656.902,2.32056056780654,7.4740880475245,21.6581839042391,NA,32185061206.4041,NA,NA,NA
"Iceland","Government expenditure on health",2011,0.0779240493725975,122929791965.19,125952363889.27,17.7462689577271,1375366484.59079,125952363889.27,NA,17.5704455921338,6.96482521988217,13.8946657660366,0.624319640965025,NA,7.13607488059664,7.13607488059664,31.7449941603208,124227171449.781,2.76950533860128,7.03833076487321,17.7462689577271,NA,48882018481.793,NA,NA,NA
"Iceland","Government expenditure on health",2013,0.0828138603813641,138046732358.627,142875355971.743,20.6003842802585,1631553957.74903,142875355971.743,NA,20.2002074427382,7.00692904782828,15.375486783015,0.644332643942587,NA,7.25201868144508,7.25201868144508,32.8369802863055,139586454548.376,2.68072894770176,7.08508174259045,20.6003842802585,NA,52814274133.9883,NA,NA,NA
"Iceland","Government expenditure on health",2009,0.0746452282492906,124330437537.501,128180530906.868,18.8548673386384,1214023274.17592,128180530906.868,NA,18.0843146044555,7.64456010501171,14.3726291801994,0.586370289775985,NA,7.88128629012753,7.88128629012753,32.6589228183041,125452588811.677,2.89575449403854,7.71355650711772,18.8548673386384,NA,47096290473.1383,NA,NA,NA
"Iceland","Government expenditure on health",1996,0.0538642025576184,36256900000,24526700000,19.9573946277848,2.66e+08,24526700000,NA,23.1742338777976,7.34191355530569,NA,0.536359530261969,NA,4.96658322131556,4.96658322131556,34.9547949532454,NA,2.37533033399013,NA,19.9573946277848,NA,11730200000,NA,NA,NA
"Iceland","Government expenditure on health",2012,0.0838626674418557,129617894134.807,133323147150.197,19.6470906274575,1547401233.19682,133323147150.197,NA,19.2255182426547,7.02474711609486,14.8551462529821,0.660260069297634,NA,7.2255563146087,7.2255563146087,31.9204184533221,131159820368.004,2.72043617936759,7.10831306146206,19.6470906274575,NA,50196427411.5809,NA,NA,NA
"Iceland","Government expenditure on health",2003,0.0990687933346323,74323245896.0449,73591770354.0806,25.9786479120399,868568803.866522,73591770354.0806,NA,25.9843466870423,8.47729535628805,19.5028776923408,0.80187061174099,NA,8.39386339445197,8.39386339445197,33.8073096349888,74848577597.9114,2.67676760050665,8.537214590749,25.9786479120399,NA,23468104886.95,NA,NA,NA
"Iceland","Government expenditure on health",2005,0.0933637962415263,82259957562.3017,82572723425.5779,NA,990988541.532545,NA,NA,22.9632154665692,7.7499401807474,17.4290918919297,0.746931897456522,NA,NA,7.77940672562295,33.9997549748496,83246306103.8342,2.48965067695875,7.84286682963917,22.8800731832641,NA,26425824490.9229,NA,NA,NA
"Iceland","Government expenditure on health",1995,0.0674854677254288,34163600000,23376900000,20.5158606526804,3.11e+08,23376900000,NA,23.2680860338087,7.41333287840662,NA,0.709789619269761,NA,5.0726721236996,5.0726721236996,32.8057663356701,NA,2.34066075470702,NA,20.5158606526804,NA,10786700000,NA,NA,NA
"Iran, Islamic Rep.","Government expenditure on health",2003,0,2.09287e+13,2.09287e+13,7.47673587006902,0,1.78248e+13,3.1039e+12,7.35214094785628,1.83870252136632,6.93044228405935,0,55.4763181411975,1.56600766903106,1.83870252136632,0,2.09287e+13,0,1.83870252136632,7.35214094785628,0.272694852335258,0,NA,NA,NA
"Iran, Islamic Rep.","Government expenditure on health",2002,0,1.03776e+13,1.03776e+13,4.01829487302703,0,8.1975e+12,2.1801e+12,4.34136312438268,1.12399713167791,4.08313053735832,0,40.0703033185948,0.887870652841662,1.12399713167791,0,1.03776e+13,0,1.12399713167791,4.34136312438268,0.236126478836244,0,NA,NA,NA
"Indonesia","Government expenditure on health",2009,0.768834085379801,2.34684e+13,2.34684e+13,NA,4.62175e+13,NA,NA,2.50362981730897,0.390399866918966,6.0788105329252,11.8357704422648,NA,NA,0.390399866918966,NA,6.19601e+13,NA,1.03071427086149,2.50362981730897,NA,NA,NA,NA,NA
"Iran, Islamic Rep.","Government expenditure on health",2000,0,1.107784e+13,1.107784e+13,7.33414695807655,0,7.673818e+12,3.404022e+12,8.83079626570668,1.90841600489481,NA,0,61.8564445494358,1.32199391667056,1.90841600489481,0,NA,0,NA,8.83079626570668,0.586422088224241,0,NA,NA,NA
"Iran, Islamic Rep.","Government expenditure on health",2001,0,1.2527939e+13,1.2527939e+13,7.43256698756507,0,9.041217e+12,3.486722e+12,8.05751040614769,1.86500846120462,7.50003927746266,0,51.9145287997482,1.3459473425427,1.86500846120462,0,1.2527939e+13,0,1.86500846120462,8.05751040614769,0.519061118661921,0,NA,NA,NA
"Indonesia","Government expenditure on health",2008,0.884751593578383,1.99589e+13,1.99589e+13,NA,4.79079e+13,NA,NA,2.02478160877562,0.368596172678652,5.91707345032145,13.5437115523792,NA,NA,0.368596172678652,NA,6.19417e+13,NA,1.14392444218916,2.02478160877562,NA,NA,NA,NA,NA
"Iceland","Government expenditure on health",2014,0.0814054662378784,149771501795.449,152982432878.776,21.3129083390239,1698411085.4006,152982432878.776,NA,20.9413724032315,7.17860301172612,15.7423338278043,0.620265596272585,NA,7.33250411620123,7.33250411620123,33.8150212345086,150876050254.85,2.75499496731079,7.2315444244929,21.3129083390239,NA,57479112999.9854,NA,NA,NA
"Iran, Islamic Rep.","Government expenditure on health",2008,0,62548654335599.9,62548654335599.9,6.39528358382901,0,48333673903405.2,14214980432194.7,6.66270375732435,1.86353767348628,6.25376599201878,0,47.763632357171,1.44002494016456,1.86353767348628,0,62548654335599.9,0,1.86353767348628,6.66270375732435,0.423512733321715,0,NA,NA,NA
"Iran, Islamic Rep.","Government expenditure on health",2009,0,7.04183e+13,7.04183e+13,6.84298139063983,0,5.4139e+13,1.62792e+13,6.87833204723717,1.96842285046921,6.42432397912637,0,43.0470791068614,1.51336292840856,1.96842285046921,0,7.04183e+13,0,1.96842285046921,6.87833204723717,0.45505712673209,0,NA,NA,NA
"Iran, Islamic Rep.","Government expenditure on health",2004,0,21931473935403.1,21931473935403.1,6.84400910585325,0,19522419626291.6,2409054309111.55,6.33041992005765,1.49296338226791,5.96935160975269,0,27.2866255406974,1.32896939444969,1.49296338226791,0,21931473935403.1,0,1.49296338226791,6.33041992005765,0.163993987818228,0,NA,NA,NA
"India","Government expenditure on health",2009,NA,NA,NA,1.84763507889236,NA,1.9977e+11,NA,NA,NA,NA,NA,NA,0.313787519182711,NA,NA,NA,NA,NA,NA,NA,NA,4.74385267588092,4.2584e+11,0.668885604288759
"Iran, Islamic Rep.","Government expenditure on health",1996,NA,3.941e+12,3.941e+12,5.40854688436461,NA,2.978e+12,9.63e+11,6.5857856653465,1.58688653581104,NA,NA,77.04,1.19912410648192,1.58688653581104,0,NA,0,NA,6.5857856653465,0.387762429329111,0,NA,NA,NA
"Iran, Islamic Rep.","Government expenditure on health",1998,NA,5.263e+12,5.263e+12,4.97061669869143,NA,3.544e+12,1.719e+12,6.55989031534339,1.59904464456181,NA,NA,73.9672977624785,1.07676500481228,1.59904464456181,0,NA,0,NA,6.55989031534339,0.522279639749524,0,NA,NA,NA
"Iran, Islamic Rep.","Government expenditure on health",2007,0,49488510373103.9,49488510373103.9,6.27849983833498,0,36244335511745,13244174861359,6.91438156135533,1.73408832767512,6.45754801868796,0,59.4549060035868,1.2700095169851,1.73408832767512,0,49488510373103.9,0,1.73408832767512,6.91438156135533,0.464078810690021,0,NA,NA,NA
"India","Government expenditure on health",1999,NA,NA,NA,1.7762437356875,NA,5.352e+10,NA,NA,NA,NA,NA,NA,0.269180087111344,NA,NA,NA,NA,NA,NA,NA,NA,5.38230555421189,1.4465e+11,0.727520545602688
"India","Government expenditure on health",2001,NA,NA,NA,1.85271559587451,NA,6.713e+10,NA,NA,NA,NA,NA,NA,0.289948342288488,NA,NA,NA,NA,NA,NA,NA,NA,4.81317892035741,1.5681e+11,0.677294794492148
"Indonesia","Government expenditure on health",2012,0.628663622342201,2.2386e+13,2.2386e+13,NA,5.41638e+13,NA,NA,1.50277919497328,0.259827852731022,4.36770283381425,9.36655668306045,NA,NA,0.259827852731022,NA,6.93268e+13,NA,0.804656194975118,1.50277919497328,NA,NA,NA,NA,NA
"Iran, Islamic Rep.","Government expenditure on health",2006,0,36365949056717.2,36365949056717.2,4.84608687022449,0,27159559484179.1,9206389572538.12,5.45290536886731,1.63509147715856,5.1977775013763,0,58.9548512585689,1.22115235234757,1.63509147715856,0,36365949056717.2,0,1.63509147715856,5.45290536886731,0.413939124810988,0,NA,NA,NA
"Indonesia","Government expenditure on health",2003,NA,7316231003647,NA,1.94319520783431,NA,7316231003647,NA,1.84775474643137,0.334053928447734,NA,NA,NA,0.334053928447734,NA,0,NA,0,NA,NA,NA,0,NA,NA,NA
"Indonesia","Government expenditure on health",1996,0.0466214956175794,1.962e+12,NA,2.72765188377589,3e+11,1.962e+12,0,2.51654609819917,0.304904581338969,NA,2.43190661478599,0,0.304904581338969,NA,0,NA,0,NA,NA,0,0,NA,NA,NA
"Indonesia","Government expenditure on health",2001,NA,4.5424e+12,NA,1.32667569400393,NA,4.5424e+12,NA,1.26515704739462,0.253681648184591,NA,NA,NA,0.253681648184591,NA,0,NA,0,NA,NA,NA,0,NA,NA,NA
"Iran, Islamic Rep.","Government expenditure on health",1999,0,6.790316e+12,6.790316e+12,4.76480277622441,0,4.345753e+12,2.444563e+12,6.38875303006446,1.55518256437634,NA,0,71.8988673133487,0.995305563789107,1.55518256437634,0,NA,0,NA,6.38875303006446,0.559877000587238,0,NA,NA,NA
"Iran, Islamic Rep.","Government expenditure on health",2005,0,23673317972063.7,23673317972063.7,4.47430412075363,0,20025633997722.3,3647683974341.47,4.51266795323366,1.29239702166213,4.30452021512885,0,31.7383100525665,1.09325907615036,1.29239702166213,0,23673317972063.7,0,1.29239702166213,4.51266795323366,0.199137945511769,0,NA,NA,NA
"Iran, Islamic Rep.","Government expenditure on health",1997,NA,4.567e+12,4.567e+12,5.19692452534128,NA,3.312e+12,1.255e+12,6.55509465918388,1.56041900501327,NA,NA,73.2632807939288,1.1316198258384,1.56041900501327,0,NA,0,NA,6.55509465918388,0.428799179174876,0,NA,NA,NA
"India","Government expenditure on health",2008,NA,NA,NA,1.88419258055252,NA,1.8501e+11,NA,NA,NA,NA,NA,NA,0.335518620276924,NA,NA,NA,NA,NA,NA,NA,NA,4.48236004263899,3.4901e+11,0.632935266541534
"Iran, Islamic Rep.","Government expenditure on health",1995,NA,2.709e+12,2.709e+12,5.63076219744495,NA,2.217e+12,4.92e+11,6.30674675233971,1.45701578752586,NA,NA,72.459499263623,1.1923971948855,1.45701578752586,0,NA,0,NA,6.30674675233971,0.264618592640355,0,NA,NA,NA
"India","Government expenditure on health",2002,NA,NA,NA,1.5764183343078,NA,6.417e+10,NA,NA,NA,NA,NA,NA,0.257440995582943,NA,NA,NA,NA,NA,NA,NA,NA,4.87260927223687,1.6277e+11,0.653010298442195
"Indonesia","Government expenditure on health",2013,0.648883621369656,2.54788e+13,2.54788e+13,NA,6.19433e+13,NA,NA,1.54579043481954,0.266901763583038,4.46142572367128,9.55578901250795,NA,NA,0.266901763583038,NA,7.94513e+13,NA,0.832287709349146,1.54579043481954,NA,NA,NA,NA,NA
"India","Government expenditure on health",2003,NA,NA,NA,1.76665594270608,NA,7.578e+10,NA,NA,NA,NA,NA,NA,0.271366825065442,NA,NA,NA,NA,NA,NA,NA,NA,4.36222948935253,1.6394e+11,0.58706620877842
"India","Government expenditure on health",2006,NA,NA,NA,1.70594918219032,NA,1.1352e+11,NA,NA,NA,NA,NA,NA,0.266815210723377,NA,NA,NA,NA,NA,NA,NA,NA,4.39313365825466,2.4932e+11,0.585996902198311
"Indonesia","Government expenditure on health",2010,0.544537809151749,2.81115e+13,2.81115e+13,NA,3.73778e+13,NA,NA,2.69822911167634,0.409541883737657,5.08675617197331,9.17323163159626,NA,NA,0.409541883737657,NA,5.61878e+13,NA,0.818570956906415,2.69822911167634,NA,NA,NA,NA,NA
"Indonesia","Government expenditure on health",1997,0.0508953829580898,2.4346e+12,NA,2.39520133326906,3.86e+11,2.4346e+12,0,2.15656105310618,0.321010101942397,NA,2.54416029528078,0,0.321010101942397,NA,0,NA,0,NA,NA,0,0,NA,NA,NA
"India","Government expenditure on health",1998,NA,NA,NA,1.48321803151838,NA,3.872e+10,NA,NA,NA,NA,NA,NA,0.218473170456469,NA,NA,NA,NA,NA,NA,NA,NA,5.43952926896843,1.2369e+11,0.697906674942166
"India","Government expenditure on health",2013,NA,NA,NA,1.87507013278474,NA,3.5091e+11,NA,NA,NA,NA,NA,NA,0.312377598473141,NA,NA,NA,NA,NA,NA,NA,NA,5.26169919275482,794679804923.451,0.707418338084101
"Indonesia","Government expenditure on health",2014,0.713338294505071,10852742326409.9,10852742326409.9,NA,75397755521232.1,NA,NA,0.61188810102245,0.102677813793067,4.40856946898133,9.95587999254814,NA,NA,0.102677813793067,NA,86250497847642,NA,0.816016108298138,0.61188810102245,NA,NA,NA,NA,NA
"Indonesia","Government expenditure on health",2011,0.585754659956183,2.22007e+13,2.22007e+13,NA,4.58747e+13,NA,NA,1.71525368729284,0.283471357399378,4.45503727120735,9.42556579447509,NA,NA,0.283471357399378,NA,6.10202e+13,NA,0.779141149728681,1.71525368729284,NA,NA,NA,NA,NA
"Indonesia","Government expenditure on health",1995,0.0462515486985106,1.723e+12,NA,2.72617955128002,2.54e+11,1.723e+12,0,2.58231794133957,0.313745741761944,NA,2.35906009101885,0,0.313745741761944,NA,0,NA,0,NA,NA,0,0,NA,NA,NA
"Indonesia","Government expenditure on health",1999,NA,5.1863e+12,NA,2.31280867810518,NA,5.1863e+12,NA,2.29610313714726,0.390311062029453,NA,NA,NA,0.390311062029453,NA,0,NA,0,NA,NA,NA,0,NA,NA,NA
"India","Government expenditure on health",2007,NA,NA,NA,1.91334487837582,NA,1.4783e+11,NA,NA,NA,NA,NA,NA,0.301776404159505,NA,NA,NA,NA,NA,NA,NA,NA,4.862593779574,3.1908e+11,0.651361800982309
"Indonesia","Government expenditure on health",1998,0.0344649140247607,3.889e+12,NA,2.28154192105947,3.98e+11,3.889e+12,0,2.23379293905462,0.336768971463051,NA,2.04154911515773,0,0.336768971463051,NA,0,NA,0,NA,NA,0,0,NA,NA,NA
"Indonesia","Government expenditure on health",2002,NA,3.7469e+12,NA,1.18710165530172,NA,3.7469e+12,NA,1.1593762531623,0.189095819281142,NA,NA,NA,0.189095819281142,NA,0,NA,0,NA,NA,NA,0,NA,NA,NA
"India","Government expenditure on health",1996,NA,NA,NA,1.37421665174575,NA,2.763e+10,NA,NA,NA,NA,NA,NA,0.198090076138857,NA,NA,NA,NA,NA,NA,NA,NA,5.04080428547227,8.629e+10,0.618646133551283
"India","Government expenditure on health",2010,NA,NA,NA,1.91757720273906,NA,2.4447e+11,NA,NA,NA,NA,NA,NA,0.320218692325728,NA,NA,NA,NA,NA,NA,NA,NA,5.15730210983091,5.5146e+11,0.722329120423553
"Indonesia","Government expenditure on health",2004,NA,6.17397e+12,NA,1.45620639644244,NA,6.17397e+12,NA,1.38025853306899,0.247254367871353,NA,NA,NA,0.247254367871353,NA,0,NA,0,NA,NA,NA,0,NA,NA,NA
"India","Government expenditure on health",2004,NA,NA,NA,1.88045982626253,NA,9.239e+10,NA,NA,NA,NA,NA,NA,0.289957411818613,NA,NA,NA,NA,NA,NA,NA,NA,4.30997721795141,1.8294e+11,0.574140154974532
"India","Government expenditure on health",2012,NA,NA,NA,1.94250871080139,NA,3.1666e+11,NA,NA,NA,NA,NA,NA,0.31844296214505,NA,NA,NA,NA,NA,NA,NA,NA,NA,NA,NA
"India","Government expenditure on health",2000,NA,NA,NA,1.57058229010456,NA,5.268e+10,NA,NA,NA,NA,NA,NA,0.246180878456369,NA,NA,NA,NA,NA,NA,NA,NA,5.14545633259557,1.5181e+11,0.709428989340574
"India","Government expenditure on health",2011,NA,NA,NA,1.89891410728434,NA,2.4447e+11,NA,NA,NA,NA,NA,NA,0.279831462410417,NA,NA,NA,NA,NA,NA,NA,NA,5.29119294362277,6.3107e+11,0.722351376378868
"India","Government expenditure on health",1997,NA,NA,NA,1.48451086602972,NA,3.423e+10,NA,NA,NA,NA,NA,NA,0.221511819787872,NA,NA,NA,NA,NA,NA,NA,NA,5.22852033602262,1.0058e+11,0.65088106439568
"India","Government expenditure on health",2005,NA,NA,NA,1.60057703810563,NA,9.098e+10,NA,NA,NA,NA,NA,NA,0.250486629057881,NA,NA,NA,NA,NA,NA,NA,NA,4.54692189299572,2.1832e+11,0.601079807165492
"Iceland","Government expenditure on health",1993,0.102079375792526,31089700000,21536600000,20.2866387532203,429600000,21536600000,NA,22.9381306386734,7.3873770241548,NA,1.00846727528387,NA,5.11741779490996,5.11741779490996,32.5204165347549,NA,2.26995922924484,NA,20.2866387532203,NA,9553100000,NA,NA,NA
"Iceland","Government expenditure on health",1994,0.094757554451956,32261900000,22095300000,19.7611522218585,423700000,22095300000,NA,22.5993303258707,7.215149270648,NA,0.916032844868962,NA,4.94145997848077,4.94145997848077,32.8546221909114,NA,2.27368929216723,NA,19.7611522218585,NA,10166600000,NA,NA,NA
"Iceland","Government expenditure on health",1992,0.0532421404658407,30806800000,20667400000,19.6723714519599,217700000,20667400000,NA,23.0822024551645,7.53431315068011,NA,0.551167147703681,NA,5.05455495573595,5.05455495573595,35.6925611456089,NA,2.47975819494417,NA,19.6723714519599,NA,10139400000,NA,NA,NA
"Iceland","Government expenditure on health",1991,0.0566859554940531,30564400000,20033400000,19.0162403214462,232400000,20033400000,NA,23.0722602804356,7.45513002625833,NA,0.631640171662622,NA,4.88645619963237,4.88645619963237,38.8259670545208,NA,2.56867382662596,NA,19.0162403214462,NA,1.0531e+10,NA,NA,NA
"Iceland","Government expenditure on health",1990,0.138380756354523,27406700000,17665100000,19.0024752022598,524600000,17665100000,NA,23.3187782585982,7.22943171022018,NA,1.64462237325968,NA,4.65975962462502,4.65975962462502,39.6507723304231,NA,2.56967208559516,NA,19.0024752022598,NA,9741600000,NA,NA,NA
"India","Government expenditure on health",1995,NA,NA,NA,1.56370524978447,NA,2.757e+10,NA,NA,NA,NA,NA,NA,0.228686607276166,NA,NA,NA,NA,NA,NA,NA,NA,4.95131718161973,7.394e+10,0.613314753064915
"Iran, Islamic Rep.","Government expenditure on health",1991,NA,7.75e+11,7.75e+11,8.14039408866995,NA,6.61e+11,1.14e+11,8.11263477441641,1.55712936409067,NA,NA,17.3173325231657,1.32808065763088,1.55712936409067,0,NA,0,NA,8.11263477441641,0.229048706459789,0,NA,NA,NA
"Iran, Islamic Rep.","Government expenditure on health",1993,NA,1.878e+12,1.878e+12,7.72338174473406,NA,1.606e+12,2.72e+11,8.32476328947835,1.87711707134393,NA,NA,82.1256038647343,1.60524495025471,1.87711707134393,0,NA,0,NA,8.32476328947835,0.271872121089216,0,NA,NA,NA
"Iran, Islamic Rep.","Government expenditure on health",1994,NA,2.536e+12,2.536e+12,8.28486406059786,NA,2.45e+12,8.6e+10,8.08132309359166,1.94233680917634,NA,NA,51.1904761904762,1.87646892053708,1.94233680917634,0,NA,0,NA,8.08132309359166,0.0658678886392608,0,NA,NA,NA
"Indonesia","Government expenditure on health",1994,0.0498029103954698,2.011e+12,NA,3.70766422684784,2.3e+11,2.011e+12,0,3.25057382083859,0.435450664370825,NA,2.529974700253,0,0.435450664370825,NA,0,NA,0,NA,NA,0,0,NA,NA,NA
"Indonesia","Government expenditure on health",1991,NA,1.145e+12,NA,NA,NA,NA,NA,2.77112224400397,0.379849844858707,NA,NA,NA,NA,NA,NA,NA,NA,NA,NA,NA,NA,5.07553895773213,2.99e+11,0.0991922302294791
"Iran, Islamic Rep.","Government expenditure on health",1992,NA,1.232e+12,1.232e+12,9.58454810495627,NA,1.052e+12,1.8e+11,9.28479915592735,1.8538896133501,NA,NA,14.5748987854251,1.5830291178931,1.8538896133501,0,NA,0,NA,9.28479915592735,0.270860495456995,0,NA,NA,NA
"India","Government expenditure on health",1990,NA,NA,NA,1.65267803063079,NA,1.528e+10,NA,NA,NA,NA,NA,NA,0.265227126763986,NA,NA,NA,NA,NA,NA,NA,NA,5.5222429300705,4.089e+10,0.70976028883373
"India","Government expenditure on health",1992,NA,NA,NA,1.69086796767928,NA,2.011e+10,NA,NA,NA,NA,NA,NA,0.264188124014714,NA,NA,NA,NA,NA,NA,NA,NA,5.15018849568284,5.082e+10,0.667630057803468
"Iran, Islamic Rep.","Government expenditure on health",1990,NA,5.558e+11,5.558e+11,7.74539877300613,NA,4.848e+11,7.1e+10,7.62581636573185,1.57383942658227,NA,NA,14.2170604725671,1.37279120908075,1.57383942658227,0,NA,0,NA,7.62581636573185,0.201048217501513,0,NA,NA,NA
"India","Government expenditure on health",1991,NA,NA,NA,1.58396238089345,NA,1.664e+10,NA,NA,NA,NA,NA,NA,0.25126083411349,NA,NA,NA,NA,NA,NA,NA,NA,5.1088919941379,4.497e+10,0.679038444115604
"Indonesia","Government expenditure on health",1992,NA,1.2632e+12,NA,NA,NA,NA,NA,2.41992337164751,0.369798320567602,NA,NA,NA,NA,NA,NA,NA,NA,NA,NA,NA,NA,5.6267101356465,3.866e+11,0.113176085126215
"India","Government expenditure on health",1993,NA,NA,NA,1.6975749976168,NA,2.315e+10,NA,NA,NA,NA,NA,NA,0.264272423201178,NA,NA,NA,NA,NA,NA,NA,NA,5.17078391153126,5.798e+10,0.66187970182308
"Indonesia","Government expenditure on health",1990,NA,9.376e+11,NA,NA,NA,NA,NA,2.42148760330579,0.368002323564159,NA,NA,NA,NA,NA,NA,NA,NA,NA,NA,NA,NA,5.32896085263374,2.6e+11,0.10204842590303
"Indonesia","Government expenditure on health",1993,NA,1.4966e+12,NA,NA,NA,NA,NA,2.72193223359948,0.375601134985015,NA,NA,NA,NA,NA,NA,NA,NA,NA,NA,NA,NA,5.39759226991921,4.089e+11,0.102621478080564
"India","Government expenditure on health",1994,NA,NA,NA,1.65323051758383,NA,2.547e+10,NA,NA,NA,NA,NA,NA,0.247866325408488,NA,NA,NA,NA,NA,NA,NA,NA,4.81232962885301,6.426e+10,0.625358856330956
"India","Government expenditure on health",2014,NA,NA,NA,1.6620331586401,NA,320522100000,NA,NA,NA,NA,NA,NA,0.257076618789281,NA,NA,NA,NA,NA,NA,NA,NA,5.50925374985607,1014125241258.75,0.813385061596885
"Indonesia","Government expenditure on health",2015,0.654134813123148,23202348070019.6,23202348070019.6,NA,75397755521232.1,NA,NA,1.28532408480782,0.201298613120208,4.80078619232696,8.22176900613002,NA,NA,0.201298613120208,NA,98600103591251.7,NA,0.855433426243356,1.28532408480782,NA,NA,NA,NA,NA
"Indonesia","Government expenditure on health",2016,0.700257765171312,81623380232873.1,81623380232873.1,NA,86844066836713.7,NA,NA,4.37960567123758,0.658161321890518,9.04945276235872,11.7553596311754,NA,NA,0.658161321890518,NA,190074437222071,NA,1.53264472143598,4.37960567123758,NA,NA,8.1890395973637,21606990152484.6,0.174225634374149
"India","Government expenditure on health",2015,NA,NA,NA,1.60990416412315,NA,3.439e+11,NA,NA,NA,NA,NA,NA,0.249711912761303,NA,NA,NA,NA,NA,NA,NA,NA,5.64807904450741,1179489725786.76,0.856448489411213
"Iceland","Government expenditure on health",2015,0.0614679383693017,164069019805.301,166364456332.285,22.1065870520165,1420430624.44824,166364456332.285,NA,21.9499977335744,7.09994858187561,16.3789116703946,0.488061607762198,NA,7.19928166336708,7.19928166336708,34.9804354935315,164909508008.749,2.69025932777723,7.13632000065556,22.1065870520165,NA,62167803870.7535,NA,NA,NA
"Indonesia","Government expenditure on health",2017,0.796197158501562,57225069767633,57225069767633,NA,108201806068715,NA,NA,2.85165559981964,0.421087591782969,8.3701820828987,14.5155418471785,NA,NA,0.421087591782969,NA,188515943433727,NA,1.38718440983189,2.85165559981964,NA,NA,7.51711567036035,23089067597379.4,0.169899659547358
"India","Government expenditure on health",2016,NA,NA,NA,1.79459994909258,NA,4.3019e+11,NA,NA,NA,NA,NA,NA,0.279495337413029,NA,NA,NA,NA,NA,NA,NA,NA,5.40487732161286,1298491930784.92,0.843632907140629
"India","Government expenditure on health",2017,NA,NA,NA,1.883273215813,NA,5.1151e+11,NA,NA,NA,NA,NA,NA,0.299302985832684,NA,NA,NA,NA,NA,NA,NA,NA,5.56714201852283,1632445800105.4,0.955203030598758
"India","Government expenditure on health",2018,NA,NA,NA,1.73184682179295,NA,5.2155e+11,NA,NA,NA,NA,NA,NA,0.275957199252685,NA,NA,NA,NA,NA,NA,NA,NA,NA,NA,NA
"Indonesia","Government expenditure on health",2018,0.775864672365837,61869740305698,61869740305698,NA,115128665622566,NA,NA,2.79662059384296,0.416946948286622,8.538136133428,15.5487054703768,NA,NA,0.416946948286622,NA,207759952320644,NA,1.40011704701286,2.79662059384296,NA,NA,9.62456147183496,30761546392380.8,0.207305426360409
"Iceland","Government expenditure on health",2016,0.0623598442241646,182550955190.763,189856354849.564,20.988433026863,1566514208.42378,189856354849.564,NA,20.4236265906916,7.26699385645714,15.6887333772497,0.50380282875485,NA,7.55780742346365,7.55780742346365,35.3203897138646,183359099634.186,2.72717930643264,7.29916449450912,20.988433026863,NA,68508271397.9996,NA,NA,NA
"Iceland","Government expenditure on health",2019,0.0876912410147679,235604001842.342,247050535550.5,25.5395158952312,2653624644.34789,247050535550.5,NA,24.6659732908741,7.7857308695133,17.9299601584793,0.658991819749478,NA,8.16399112886223,8.16399112886223,30.5424271815244,237141044977.689,2.87795252844722,7.83652374269485,25.5395158952312,NA,87089721463.3413,NA,NA,NA
"Iceland","Government expenditure on health",2018,0.0920204483995501,218079842681.124,228664250891.392,25.0125833260528,2617113083.93431,228664250891.392,NA,24.1875740324976,7.66791661912156,17.6057874241749,0.683465569306171,NA,8.04007554321687,8.04007554321687,32.2499480320816,219965314806.058,2.77907536553059,7.73421180194968,25.0125833260528,NA,79038459677.8948,NA,NA,NA
"Iceland","Government expenditure on health",2017,0.0976694987059091,197298438738.987,204843418345.21,24.2803761613565,2580388111.31565,204843418345.21,NA,23.5555940232711,7.46788420028422,16.9451255109706,0.69739852374138,NA,7.75346696694423,7.75346696694423,32.1098406092976,199191474891.303,2.70929426204719,7.53953694555075,24.2803761613565,NA,71578443592.6394,NA,NA,NA
"Indonesia","Government expenditure on health",2020,1.15719449065602,105088539465934,105088539465934,NA,178709632402950,NA,NA,4.05019102751624,0.68047747212007,10.5211848652524,16.7606067134971,NA,NA,0.68047747212007,NA,316007576799848,NA,2.046236803027,4.05019102751624,NA,NA,9.66211436584539,32209404930964.2,0.208564840250913
"Indonesia","Government expenditure on health",2021,0.744767594789321,211328833589616,211328833589616,NA,126436891745980,NA,NA,7.59141183596285,1.24481759183372,12.3829913387038,16.1079367355512,NA,NA,1.24481759183372,NA,398589416881957,NA,2.34786285252929,7.59141183596285,NA,NA,11.7269117482904,60823691546361.4,0.358277665906252
"Iceland","Government expenditure on health",2022,0.119991862000296,NA,328381288271.13,NA,4670119266.61012,NA,NA,NA,NA,18.1874720793916,0.870693768567223,NA,NA,8.43727536198667,28.8193466566428,328269404104.354,2.63757684416217,8.43440066249114,24.620308460764,NA,102655282047.845,NA,NA,NA
"Iceland","Government expenditure on health",2021,0.117453077525822,NA,291384546523.471,NA,3851901866.19793,NA,NA,NA,NA,18.0469130323918,0.809994267719425,NA,NA,8.88496460228591,25.9250210650856,292842666794.054,2.97031088738389,8.92942594090039,24.3555325297852,NA,97412058426.3676,NA,NA,NA
"Iceland","Government expenditure on health",2020,0.0539886831387258,NA,252775635490.25,NA,1581418150.34729,NA,NA,NA,NA,16.8487928904818,0.366090203494056,NA,NA,8.62961114154165,24.1178138931146,251665981367.221,2.87063539701921,8.59172820411069,22.7435673730753,NA,84085676033.4516,NA,NA,NA
"Indonesia","Government expenditure on health",2022,0.802028299897155,124469596026560,124469596026560,NA,157104877221959,NA,NA,4.02317247674927,0.635423547984634,9.51007439592421,17.9238441865896,NA,NA,0.635423547984634,NA,323585633668858,NA,1.6519209348028,4.02317247674927,NA,NA,11.3690302307476,42011160420339.4,0.214469086921013
"Indonesia","Government expenditure on health",2019,0.827025050232844,71006919734410,71006919734410,NA,130940041161494,NA,NA,3.07665421382949,0.448483907896458,9.02736777266516,15.7867007171179,NA,NA,0.448483907896458,NA,234287483816459,NA,1.47977361511029,3.07665421382949,NA,NA,9.08868986319878,32340522920555,0.204264656980984
"Iceland","Government expenditure on health",2023,0.121340456862742,NA,351953457040.349,NA,5243217000,NA,NA,NA,NA,18.0105489950095,0.881177778480681,NA,NA,8.1450363911502,30.257619218547,354127390768.349,2.62965309270485,8.19534636530249,24.5729048444981,NA,113629387561.72,NA,NA,NA
"Japan","Government expenditure on health",2008,1.4469980322979,NA,8.7362e+12,NA,7.6376e+12,NA,NA,NA,NA,17.6168458322172,10.1372273934493,NA,NA,1.65513567216939,32.8403416346651,3.32772e+13,5.43736375661727,6.30460392274846,10.7412471167986,NA,2.86997e+13,NA,NA,NA
"Japan","Government expenditure on health",2009,1.59308713973294,NA,9.7774e+12,NA,7.8848e+12,NA,NA,NA,NA,17.6693673154685,9.96199563354087,NA,NA,1.97547816051452,32.1742836506866,3.48221e+13,5.99430151307718,7.03564322347993,10.6856013123397,NA,2.96681e+13,NA,NA,NA
"Japan","Government expenditure on health",2007,1.39821173238402,NA,8.2982e+12,NA,7.5403e+12,NA,NA,NA,NA,17.7705690960816,9.89493934669753,NA,NA,1.53875052685823,33.1778143474487,3.27757e+13,5.23765223259013,6.0776584853519,10.8685174222143,NA,2.82457e+13,NA,NA,NA
"Japan","Government expenditure on health",2012,1.80666511347429,NA,9.9065e+12,NA,9.0419e+12,NA,NA,NA,NA,19.0763123756377,11.4436033700911,NA,NA,1.97942113346012,33.1604938523482,3.80127e+13,6.49523472320074,7.59533051227775,10.8425124114562,NA,3.2507e+13,NA,NA,NA
"Ireland","Government expenditure on health",2008,0,NA,12960609000,NA,0,NA,NA,NA,NA,16.6525111982554,0,NA,NA,6.92033393313862,NA,12960609000,NA,6.92033393313862,17.9320073476822,NA,NA,NA,NA,NA
"Japan","Government expenditure on health",2011,1.75252136399912,NA,1.01039e+13,NA,8.7179e+12,NA,NA,NA,NA,18.7123281474985,11.0790436177216,NA,NA,2.03114289103004,33.0113317207343,3.72322e+13,6.40320917320168,7.48462656473327,10.8310187840282,NA,3.18527e+13,NA,NA,NA
"Italy","Government expenditure on health",1996,5.06210474676114,NA,5.0544e+10,NA,5.3038e+10,NA,NA,NA,NA,10.1178241558104,39.1589081753948,NA,NA,4.82406995588626,14.8050280035373,5.4443e+10,2.68442924143829,5.19620213295971,13.3599771624322,NA,2.8126e+10,NA,NA,NA
"Italy","Government expenditure on health",2011,6.92715290926183,NA,5.3988e+10,NA,1.14808e+11,NA,NA,NA,NA,14.4645399081765,46.4674264991581,NA,NA,3.25746577995634,0.29521481862619,1.17262e+11,0.0553892269763636,7.07521953562348,11.0894977600398,NA,9.18e+08,NA,NA,NA
"Japan","Government expenditure on health",2006,1.37858946555694,NA,8.2949e+12,NA,7.3778e+12,NA,NA,NA,NA,17.5504814401914,9.71096652929493,NA,NA,1.54995550948091,33.0208666960762,3.20049e+13,5.10516093758584,5.98032177426919,10.3133711142554,NA,2.73213e+13,NA,NA,NA
"Ireland","Government expenditure on health",1999,4.73170566110938,NA,4114853000,NA,4390597000,NA,NA,NA,NA,15.3690930926288,40.970227839077,NA,NA,4.4345389100236,NA,4636019000,NA,4.99619467405244,14.9815672808358,NA,NA,NA,NA,NA
"Israel","Government expenditure on health",2004,0.0277435408940224,31120783111.6649,29877367111.6649,7.87957630731056,174051600.71733,16826030509.8319,25188654520.3458,12.2889356430671,4.96060200167128,11.5873792540832,0.508051287876548,51.6114184629845,2.6820417830671,4.7624035220129,24.2086468522436,31255690712.2432,2.06479017675685,4.98210605287295,12.5982237005366,4.01503039254172,12953647005,NA,NA,NA
"Italy","Government expenditure on health",1999,5.36944896654158,NA,5.0308e+10,NA,6.3228e+10,NA,NA,NA,NA,11.6660176531672,39.3186948491689,NA,NA,4.27225657317602,0.4076794227548,6.471e+10,0.0671733113894855,5.49530338813351,14.6045072270654,NA,7.91e+08,NA,NA,NA
"Italy","Government expenditure on health",2008,6.85129687695821,NA,5.7533e+10,NA,1.12616e+11,NA,NA,NA,NA,14.6579991725786,45.4496291094591,NA,NA,3.50017460415959,0.193272025104279,1.14795e+11,0.0334607274483823,6.98386219534008,12.3901676343401,NA,5.5e+08,NA,NA,NA
"Israel","Government expenditure on health",2000,0.0397904598804748,26668530851.3532,25569943851.3532,7.56719441286227,220700968.963844,14330238150.7301,21456271917.203,11.8072514889103,4.80810352529905,11.122160038473,0.678315161321679,49.4214147964114,2.58361695868988,4.61003787042704,23.1738931600173,26850871820.2022,2.03139215156006,4.84097801171212,12.1898167976142,3.86837869772058,11267279080,NA,NA,NA
"Italy","Government expenditure on health",2007,6.52833976891116,NA,5.3012e+10,NA,1.05871e+11,NA,NA,NA,NA,14.2823097953807,44.6624509063603,NA,NA,3.26888711573064,0.261030184380219,1.07875e+11,0.0436575129770107,6.65191272937152,11.8059978709473,NA,7.08e+08,NA,NA,NA
"Israel","Government expenditure on health",2006,0.0249093235000782,34154481953.1552,32640930953.1552,7.74860012689234,176109913.518493,18028880457.7924,27509434425.2166,12.3990103680987,4.8308753491006,11.6486501332976,0.482815252449105,51.9284098626949,2.55003938560353,4.61679579650967,25.2587856192957,34298325867.685,2.05543080378612,4.85122090789939,12.6181013124199,3.89098709840632,14531978000,NA,NA,NA
"Italy","Government expenditure on health",2003,6.10603507538306,NA,2.5425e+10,NA,8.5447e+10,NA,NA,NA,NA,13.2578055280637,41.5154018074045,NA,NA,1.81686825507758,0.18990930951261,8.7206e+10,0.0308706818561855,6.23173306007063,6.59863433573748,NA,4.32e+08,NA,NA,NA
"Italy","Government expenditure on health",2013,6.91652552147648,NA,5.2617e+10,NA,1.12135e+11,NA,NA,NA,NA,13.9700048190894,46.278259721179,NA,NA,3.24543472924179,0.27439342191591,1.14796e+11,0.0552039090535644,7.0806569203497,10.5952143629521,NA,8.95e+08,NA,NA,NA
"Japan","Government expenditure on health",2005,1.35291811169476,NA,8.5239e+12,NA,7.2045e+12,NA,NA,NA,NA,17.4166326288086,9.38463522432854,NA,NA,1.60068550104448,33.047557815763,3.20229e+13,5.13513594719103,6.01351397029496,10.4347155453868,NA,2.73454e+13,NA,NA,NA
"Ireland","Government expenditure on health",2013,0,NA,13131948000,NA,0,NA,NA,NA,NA,18.0210582086328,0,NA,NA,7.32462169171989,NA,13131948000,NA,7.32462169171989,18.7845189431867,NA,NA,NA,NA,NA
"Italy","Government expenditure on health",2004,6.44097499789002,NA,1.9216e+10,NA,9.3868e+10,NA,NA,NA,NA,14.0453168566132,42.4713254756465,NA,NA,1.31855132270267,0.192769055936698,9.5609e+10,0.0314267540485962,6.56043783369483,4.84177797263146,NA,4.58e+08,NA,NA,NA
"Israel","Government expenditure on health",1995,0.053820972449994,1.2987e+10,NA,8.02308552048406,1.7e+08,8.327e+09,NA,10.3590201724509,4.11160570122395,NA,0.826325766781704,NA,2.63627786818294,NA,21.5930679764608,NA,1.47532783304101,NA,NA,NA,4.66e+09,NA,NA,NA
"Israel","Government expenditure on health",2005,0.0256239758620741,32598612380.1467,31253913380.1467,7.7789260566136,169135921.233034,17434364166.1827,26453438758.8509,12.4098014277376,4.93866737873566,11.6868588507141,0.482165570935254,52.025305245502,2.64129419290751,4.73494640411028,25.0015822554443,32722128298.829,2.06645317383486,4.95737995555449,12.5443791693568,4.0076777971471,13640016800,NA,NA,NA
"Italy","Government expenditure on health",2005,6.67605913788054,NA,1.6225e+10,NA,1.00079e+11,NA,NA,NA,NA,14.444354668379,43.9577284766176,NA,NA,1.08233555003659,0.228783579689555,1.01899e+11,0.0374898353849346,6.79746750158264,3.93655892585925,NA,5.62e+08,NA,NA,NA
"Italy","Government expenditure on health",1997,5.25207494171717,NA,5.5502e+10,NA,5.7515e+10,NA,NA,NA,NA,10.9121259621026,39.5950653320299,NA,NA,5.06825460167237,14.1654909531942,5.8964e+10,2.6130248536423,5.38439271256909,15.1670501560374,NA,2.8615e+10,NA,NA,NA
"Israel","Government expenditure on health",2012,0.0177786320517068,49644232424.0347,47052147424.0347,7.82554411462891,180239238.381242,24065755524.3529,39742145567.2701,13.3327868203571,4.89686124776801,12.3890223314325,0.331377957796497,52.3186183601841,2.37382390403137,4.64118037674551,25.4800178327963,49761343702.4507,2.11197403819502,4.90841299613736,13.5321696626858,3.92012854321626,21411129440,NA,NA,NA
"Italy","Government expenditure on health",2000,5.68389966129582,NA,4.4131e+10,NA,7.075e+10,NA,NA,NA,NA,12.5170986788565,41.2615838616177,NA,NA,3.54538764597379,0.522172436257665,7.229e+10,0.0843546946199379,5.80761988007173,12.6494075292796,NA,1.05e+09,NA,NA,NA
"Italy","Government expenditure on health",2009,7.23706969474304,NA,7.462e+10,NA,1.14643e+11,NA,NA,NA,NA,14.5233580844981,44.0990587266845,NA,NA,4.71053741285316,0.263197498453255,1.17042e+11,0.0496809560964278,7.38851138937497,15.1288445552785,NA,7.87e+08,NA,NA,NA
"Ireland","Government expenditure on health",2001,4.93503264012319,NA,6125993000,NA,6025132000,NA,NA,NA,NA,16.2714574045413,38.0521803011115,NA,NA,5.01764532431259,NA,6391386000,NA,5.23502199215327,17.0938344315981,NA,NA,NA,NA,NA
"Israel","Government expenditure on health",2011,0.0192539272442604,46208683063.9953,43827546063.9953,7.63173068090389,183801070.102069,22268715625.4763,37033408239.9067,13.1990564504664,4.84055191448659,12.2975625884214,0.36855827624873,52.1880014552725,2.33274066488266,4.5911179012289,25.8242617020308,46334010119.9401,2.14243489319266,4.85368044532462,13.3082620589995,3.8794036806325,20452026280,NA,NA,NA
"Israel","Government expenditure on health",2007,0.0217214795009708,35215352647.9815,33466472647.9815,7.0962265016976,164237192.580815,17224007382.8506,28260427434.1224,12.411401157373,4.65746855899399,11.6002395725526,0.415511194157991,51.0185979440885,2.27799146717064,4.42616735082846,26.0756598597716,35344089839.7999,2.06352670594693,4.67449492329768,12.3712055670372,3.73763266135291,15602428600,NA,NA,NA
"Israel","Government expenditure on health",1998,0.0517286350873578,2.5135e+10,NA,11.7039633324346,2.36e+08,1.7364e+10,NA,13.7315210384275,5.50931882593533,NA,0.797405054737127,NA,3.80600008329187,NA,22.4038516980914,NA,1.70331874264346,NA,NA,NA,7.771e+09,NA,NA,NA
"Italy","Government expenditure on health",2010,7.21415574333846,NA,7.5422e+10,NA,1.16721e+11,NA,NA,NA,NA,14.7958029265139,45.815342827087,NA,NA,4.66159520972296,0.190738547507967,1.19013e+11,0.0360333855807123,7.35581701220809,15.3998505384292,NA,5.83e+08,NA,NA,NA
"Italy","Government expenditure on health",1998,5.2578866986139,NA,3.4191e+10,NA,6.0006e+10,NA,NA,NA,NA,11.2333724926485,39.3180314119659,NA,NA,2.99590714449068,4.06920064848677,6.158e+10,0.66198936786368,5.39580480119728,10.1471727343145,NA,7.555e+09,NA,NA,NA
"Israel","Government expenditure on health",2008,0.0211174008023921,37570821159.8693,35802070159.8693,7.17727910495982,167094601.459048,18788531340.5585,30004708517.2436,12.3856458385664,4.74819702120899,11.5372601614306,0.391697870822539,50.7471093871578,2.37449291205329,4.52466242786795,26.3986618271104,37701814761.7844,2.12879015121356,4.76475198091466,12.258296520542,3.79199238147063,16844371390,NA,NA,NA
"Israel","Government expenditure on health",2009,0.0203470213043764,40081388240.7365,38082448240.7365,7.21663213539891,169598526.678369,19844176509.9374,31813250037.927,12.4339746511765,4.80863175179496,11.5983437348806,0.387778638256016,51.1174645140777,2.38073932671138,4.56881554841895,25.3500830125138,40213186236.6894,2.10896017539861,4.82444377967073,12.390965569322,3.81668926588449,17578815750,NA,NA,NA
"Ireland","Government expenditure on health",2002,5.27774452565479,NA,7597805000,NA,7177627000,NA,NA,NA,NA,17.885725846989,39.2296949134237,NA,NA,5.58670348093354,NA,7997742000,NA,5.88077912910484,18.6688800922686,NA,NA,NA,NA,NA
"Italy","Government expenditure on health",2002,6.10362649960679,NA,2.6142e+10,NA,8.2736e+10,NA,NA,NA,NA,13.3816859648872,41.4619112289335,NA,NA,1.92855593638465,0.345448514429228,8.4354e+10,0.0537800198004901,6.22299011008305,6.91040684749365,NA,7.29e+08,NA,NA,NA
"Israel","Government expenditure on health",1999,0.0499416681316223,2.716e+10,NA,11.5403147586121,2.5e+08,1.8442e+10,NA,13.7203592753872,5.42566282581944,NA,0.814093588198899,NA,3.68409697473351,NA,22.8524994102073,NA,1.74156585108593,NA,NA,NA,8.718e+09,NA,NA,NA
"Italy","Government expenditure on health",1995,4.96678010864989,NA,4.6391e+10,NA,4.9197e+10,NA,NA,NA,NA,9.95018237684413,39.1873700644401,NA,NA,4.68349484766098,16.4379590854986,5.0712e+10,2.69080615151017,5.11972991991084,12.1499341314386,NA,2.6653e+10,NA,NA,NA
"Israel","Government expenditure on health",2001,0.0339289322177812,28854990650.4115,27680667650.4115,7.58111955290245,192118167.921998,15605792494.0271,22714414232.7933,11.7425003755542,5.09592108082155,11.0902801805143,0.560201049010534,49.1351950006639,2.75605311804547,4.88853035926856,22.142874075354,29012426819.3443,2.14537760337103,5.12372501608766,12.1252288304984,4.01146767745543,12147921780,NA,NA,NA
"Ireland","Government expenditure on health",2009,0,NA,13355157000,NA,0,NA,NA,NA,NA,16.8072840692102,0,NA,NA,7.87821908919302,NA,13355157000,NA,7.87821908919302,17.6249742804433,NA,NA,NA,NA,NA
"Japan","Government expenditure on health",2013,1.81189092365922,NA,1.01508e+13,NA,9.2171e+12,NA,NA,NA,NA,19.084419798242,11.4914684533502,NA,NA,1.99543700164694,33.3544207194614,3.882e+13,6.52961683159013,7.63120782637174,10.8419412274246,NA,3.32162e+13,NA,NA,NA
"Israel","Government expenditure on health",1996,0.0522620435279889,1.7348e+10,NA,9.05084250511347,1.91e+08,1.1151e+10,NA,11.5985050577986,4.74681639331703,NA,0.803533866217922,NA,3.0511730229351,NA,23.5028634277696,NA,1.69564337038192,NA,NA,NA,6.197e+09,NA,NA,NA
"Ireland","Government expenditure on health",2012,0,NA,13501140000,NA,0,NA,NA,NA,NA,18.0820662022566,0,NA,NA,7.70529451714711,NA,13501140000,NA,7.70529451714711,18.8963572495016,NA,NA,NA,NA,NA
"Ireland","Government expenditure on health",1995,5.32043973244951,NA,2505122000,NA,2917680000,NA,NA,NA,NA,13.5236269470384,43.5258621654179,NA,NA,4.56813311378677,NA,2988232000,NA,5.44909251959676,12.3257407188002,NA,NA,NA,NA,NA
"Ireland","Government expenditure on health",2004,5.83312897177123,NA,8905028000,NA,9114789000,NA,NA,NA,NA,19.5079733562423,43.6913104623961,NA,NA,5.69888966395536,NA,10005066000,NA,6.40287343449017,19.0446738309917,NA,NA,NA,NA,NA
"Japan","Government expenditure on health",2010,1.64342178297417,NA,9.4517e+12,NA,8.308e+12,NA,NA,NA,NA,18.4146148969743,10.6563369803625,NA,NA,1.86965932428225,32.5678828796577,3.60488e+13,6.11842290061175,7.13088386736629,10.7588215005686,NA,3.09305e+13,NA,NA,NA
"Israel","Government expenditure on health",1997,0.0512203866895288,2.233e+10,NA,11.350555481194,2.1e+08,1.5264e+10,NA,13.5128593040847,5.4464344513199,NA,0.78581050740907,NA,3.7229903925189,NA,22.9624333809957,NA,1.723444058801,NA,NA,NA,7.066e+09,NA,NA,NA
"Ireland","Government expenditure on health",2010,0,NA,12504812000,NA,0,NA,NA,NA,NA,11.5116129433569,0,NA,NA,7.47037612311222,NA,12504812000,NA,7.47037612311222,11.8459901502024,NA,NA,NA,NA,NA
"Ireland","Government expenditure on health",2003,5.51786202490778,NA,8369816000,NA,8032738000,NA,NA,NA,NA,18.6739784073489,41.7505555531012,NA,NA,5.74940821695735,NA,8879887000,NA,6.09978705427368,19.1613911778008,NA,NA,NA,NA,NA
"Italy","Government expenditure on health",2006,6.75155013513999,NA,4.417e+09,NA,1.05315e+11,NA,NA,NA,NA,14.4436385598693,44.5457237120379,NA,NA,0.283165711882574,0.184657757190698,1.07138e+11,0.030259048224717,6.86841929809265,1.00340070376622,NA,4.72e+08,NA,NA,NA
"Italy","Government expenditure on health",2001,5.9912595147724,NA,5.0758e+10,NA,7.8403e+10,NA,NA,NA,NA,12.9595446729687,41.5197555512013,NA,NA,3.87873360012777,0.454060086002059,7.9967e+10,0.0721368950415819,6.11077445528621,13.5939387284506,NA,9.44e+08,NA,NA,NA
"Israel","Government expenditure on health",2002,0.0354215453229089,30235096193.4895,29011355193.4895,6.64665413095575,209876552.408221,16018331377.5307,24197533874.0671,10.861052323654,5.10287508476459,10.2553217995949,0.577027401070654,49.8747590931509,2.70346565338546,4.89634035376381,22.1753829655941,30403633745.9777,2.11704535358837,5.13131971321675,10.9411837751342,4.08389614269897,12543726595,NA,NA,NA
"Ireland","Government expenditure on health",2000,4.57135009585607,NA,4903432000,NA,4959732000,NA,NA,NA,NA,15.9262755392952,39.1389996462306,NA,NA,4.51945878189058,NA,5281898000,NA,4.86828823182421,16.1631746781,NA,NA,NA,NA,NA
"Israel","Government expenditure on health",2010,0.0219330210131451,43550167007.1865,41295060007.1865,7.84894949995969,195475417.817134,21493116774.6156,34588035788.1362,13.201781852732,4.88648004317438,12.2978808646796,0.42167727757341,51.6466752444566,2.41160237496781,4.63344920292745,25.7214976808592,43693179174.3341,2.15047149751245,4.90252650519099,13.3782433391048,3.88089778354785,19165819165,NA,NA,NA
"Ireland","Government expenditure on health",2011,0,NA,13679789000,NA,0,NA,NA,NA,NA,16.8648784819916,0,NA,NA,7.96151236148617,NA,13679789000,NA,7.96151236148617,17.5647081051657,NA,NA,NA,NA,NA
"Ireland","Government expenditure on health",1996,5.06283744240834,NA,2641234000,NA,3049582000,NA,NA,NA,NA,13.44704048951,42.3618128006885,NA,NA,4.38490861677501,NA,3118705000,NA,5.17759366556666,12.4348505221869,NA,NA,NA,NA,NA
"Ireland","Government expenditure on health",1997,4.95302449567723,NA,2993234000,NA,3437399000,NA,NA,NA,NA,14.2115562077983,41.7222909421188,NA,NA,4.31301729106628,NA,3559798000,NA,5.12939193083573,13.0837837844926,NA,NA,NA,NA,NA
"Ireland","Government expenditure on health",1998,4.64068083201751,NA,3507718000,NA,3732546000,NA,NA,NA,NA,14.6678939941762,41.0817356321358,NA,NA,4.36115179470602,NA,4031977000,NA,5.0129639069513,13.9912314833122,NA,NA,NA,NA,NA
"Jamaica","Government expenditure on health",2008,NA,NA,NA,8.12641625789156,NA,28859017000,NA,NA,NA,NA,NA,NA,2.89329696704777,NA,NA,NA,NA,NA,NA,NA,NA,NA,NA,NA
"Jamaica","Government expenditure on health",1995,NA,NA,NA,6.04166232829337,NA,3908012000,NA,NA,NA,NA,NA,NA,1.69069686953813,NA,0,NA,0,NA,NA,NA,0,NA,NA,NA
"Jamaica","Government expenditure on health",2004,NA,NA,NA,7.85790016818897,NA,15838305000,NA,NA,NA,NA,NA,NA,2.54365223396396,NA,NA,NA,NA,NA,NA,NA,NA,NA,NA,NA
"Jamaica","Government expenditure on health",2005,NA,NA,NA,6.86415223117298,NA,14281006000,NA,NA,NA,NA,NA,NA,2.03934254400057,NA,NA,NA,NA,NA,NA,NA,NA,NA,NA,NA
"Italy","Government expenditure on health",2012,6.9269440424668,NA,4.9635e+10,NA,1.1311e+11,NA,NA,NA,NA,14.0593054500847,46.3466802156917,NA,NA,3.03968585932137,0.240863839608581,1.15527e+11,0.0469104335295692,7.0749629952618,9.90835248063145,NA,7.66e+08,NA,NA,NA
"Ireland","Government expenditure on health",2006,0,NA,10970629000,NA,0,NA,NA,NA,NA,17.6766729697499,0,NA,NA,5.93276352506003,NA,10970629000,NA,5.93276352506003,19.043023012981,NA,NA,NA,NA,NA
"Israel","Government expenditure on health",2013,0.0191067022700823,53308916183.1265,50554818183.1265,8.3426208723581,205337818.626348,27372253161.4797,42435448346.3852,13.4908411893867,4.96039938802134,12.5089707002222,0.347886883819508,52.591349609815,2.5469905890517,4.70413032438438,25.7916610006235,53448609440.7652,2.09620265135122,4.97339785805816,13.6991132798305,3.94862223956538,22527680273.8064,NA,NA,NA
"Japan","Government expenditure on health",2014,1.81709682001792,NA,1.03914e+13,NA,9.4273e+12,NA,NA,NA,NA,19.3104885975674,11.5103091335981,NA,NA,2.0029255349394,33.6949805528387,3.95535e+13,6.52732757645316,7.62387312067918,11.2668084857238,NA,3.38645e+13,NA,NA,NA
"Israel","Government expenditure on health",2003,0.0301427261266003,30144017672.8824,28884301672.8824,7.59441584857108,180239033.728529,16006280671.2044,24235210568.479,11.8980220115173,5.04121027655772,11.153878263947,0.506244765262675,49.9534321981149,2.67685042799496,4.8305385169516,22.8681773731015,30283707706.3022,2.08850297348282,5.06457168908243,12.3550845378291,4.05303612471887,12488245300,NA,NA,NA
"Jamaica","Government expenditure on health",2000,NA,NA,NA,3.24784512432035,NA,3743105000,NA,NA,NA,NA,NA,NA,0.966988212013258,NA,0,NA,0,NA,NA,NA,0,NA,NA,NA
"Jamaica","Government expenditure on health",2010,NA,NA,NA,8.60384390801456,NA,34626600000,NA,NA,NA,NA,NA,NA,3.00374746265549,NA,NA,NA,NA,NA,NA,NA,NA,NA,NA,NA
"Jamaica","Government expenditure on health",2001,NA,NA,NA,6.65314604040444,NA,8221766000,NA,NA,NA,NA,NA,NA,1.94403838059973,NA,NA,NA,NA,NA,NA,NA,NA,NA,NA,NA
"Ireland","Government expenditure on health",2007,0,NA,12279903000,NA,0,NA,NA,NA,NA,17.4837122912821,0,NA,NA,6.23123915360024,NA,12279903000,NA,6.23123915360024,19.0148316238844,NA,NA,NA,NA,NA
"Jamaica","Government expenditure on health",1998,NA,NA,NA,9.24696060512347,NA,8493891000,NA,NA,NA,NA,NA,NA,2.64465488896915,NA,0,NA,0,NA,NA,NA,0,NA,NA,NA
"Italy","Government expenditure on health",2014,6.92444575397449,NA,6.2336e+10,NA,1.13275e+11,NA,NA,NA,NA,14.009641989778,47.25186254307,NA,NA,3.81056941531453,0.27473454081617,1.15948e+11,0.0547720449839871,7.08784494620908,12.4078161917065,NA,8.96e+08,NA,NA,NA
"Jamaica","Government expenditure on health",2002,NA,NA,NA,7.61431389018073,NA,11309942000,NA,NA,NA,NA,NA,NA,2.40353753235548,NA,NA,NA,NA,NA,NA,NA,NA,NA,NA,NA
"Jamaica","Government expenditure on health",1996,NA,NA,NA,6.66689105423751,NA,6059165000,NA,NA,NA,NA,NA,NA,2.20768387148489,NA,0,NA,0,NA,NA,NA,0,NA,NA,NA
"Jamaica","Government expenditure on health",1997,NA,NA,NA,8.51622231132343,NA,7152723000,NA,NA,NA,NA,NA,NA,2.40510124479654,NA,0,NA,0,NA,NA,NA,0,NA,NA,NA
"Jamaica","Government expenditure on health",2009,NA,NA,NA,7.20128481696835,NA,30244100000,NA,NA,NA,NA,NA,NA,2.83897923245309,NA,NA,NA,NA,NA,NA,NA,NA,NA,NA,NA
"Ireland","Government expenditure on health",2005,0,NA,10214223000,NA,0,NA,NA,NA,NA,18.1623977369442,0,NA,NA,5.99757084307071,NA,10214223000,NA,5.99757084307071,19.4601765060822,NA,NA,NA,NA,NA
"Jamaica","Government expenditure on health",2003,NA,NA,NA,6.58131188812366,NA,11762923000,NA,NA,NA,NA,NA,NA,2.16027676259389,NA,0,NA,0,NA,NA,NA,0,NA,NA,NA
"Jamaica","Government expenditure on health",2012,NA,NA,NA,8.70488373540409,NA,3.6365e+10,NA,NA,NA,NA,NA,NA,2.76724055930752,NA,NA,NA,NA,NA,NA,NA,NA,NA,NA,NA
"Israel","Government expenditure on health",2014,0.0181911679624829,56738212909.7917,53765144289.8655,9.34791167959075,204431799.827344,30391785959.2123,44207254325.4281,14.2108112926289,5.04879554846575,13.2003568817431,0.338940299518772,52.7236185875066,2.70438397319198,4.78423988405962,26.2111618771387,56853218050.984,2.10423806459236,5.05902917083637,14.6436796947558,3.93374019733351,23647364242.747,NA,NA,NA
"Jamaica","Government expenditure on health",2007,NA,NA,NA,7.77239742488699,NA,23349370000,NA,NA,NA,NA,NA,NA,2.63646412957075,NA,NA,NA,NA,NA,NA,NA,NA,NA,NA,NA
"Jamaica","Government expenditure on health",2011,NA,NA,NA,9.08783145827053,NA,37384067000,NA,NA,NA,NA,NA,NA,3.01313585926688,NA,NA,NA,NA,NA,NA,NA,NA,NA,NA,NA
"Jamaica","Government expenditure on health",2013,NA,NA,NA,9.93082106700695,NA,4.1013e+10,NA,NA,NA,NA,NA,NA,2.86384432328559,NA,NA,NA,NA,NA,NA,NA,NA,NA,NA,NA
"Jamaica","Government expenditure on health",1999,NA,NA,NA,6.89877010554978,NA,7048035000,NA,NA,NA,NA,NA,NA,2.03123937264757,NA,0,NA,0,NA,NA,NA,0,NA,NA,NA
"Jamaica","Government expenditure on health",2006,NA,NA,NA,7.7169258644119,NA,18910404000,NA,NA,NA,NA,NA,NA,2.41100803737174,NA,NA,NA,NA,NA,NA,NA,NA,NA,NA,NA
"Israel","Government expenditure on health",1990,0.0571836092777277,2.172e+09,NA,4.71740117240016,7e+07,2.172e+09,NA,4.04451950847543,1.77432570501749,NA,0.94010206822455,NA,1.77432570501749,NA,0,NA,0,NA,NA,NA,0,NA,NA,NA
"Japan","Government expenditure on health",1992,NA,1.587e+12,1.587e+12,NA,NA,NA,NA,1.57687645317064,0.314177916954878,NA,NA,NA,NA,0.314177916954878,0,NA,0,NA,2.13783441549694,NA,0,NA,NA,NA
"Ireland","Government expenditure on health",1993,5.71898963609257,2451864229.44675,2451864229.44675,16.3699559172601,2519160347.6035,2451864229.44675,NA,14.2931162102147,5.56621420730581,NA,47.7611940298508,NA,5.56621420730581,5.56621420730581,0,NA,0,NA,16.3699559172601,NA,0,NA,NA,NA
"Israel","Government expenditure on health",1993,0.0525333462222403,3.548e+09,NA,4.77960987175342,1.15e+08,3.548e+09,NA,4.11252651466855,1.62076793388268,NA,0.811058607800268,NA,1.62076793388268,NA,0,NA,0,NA,NA,NA,0,NA,NA,NA
"Japan","Government expenditure on health",1991,NA,1.405e+12,1.405e+12,NA,NA,NA,NA,1.44135086891401,0.285181270755564,NA,NA,NA,NA,0.285181270755564,0,NA,0,NA,1.91790545613388,NA,0,NA,NA,NA
"Israel","Government expenditure on health",1991,0.0414091899714732,1.888e+09,NA,4.26088918979914,6.5e+07,1.888e+09,NA,3.71521901688378,1.20277770255602,NA,0.879924191146609,NA,1.20277770255602,NA,0,NA,0,NA,NA,NA,0,NA,NA,NA
"Israel","Government expenditure on health",1992,0.0533673625679874,3.359e+09,NA,4.93288689164978,1.01e+08,3.359e+09,NA,4.29742973017924,1.77486109768188,NA,0.881403263810106,NA,1.77486109768188,NA,0,NA,0,NA,NA,NA,0,NA,NA,NA
"Israel","Government expenditure on health",1994,0.0504012803235671,5.791e+09,NA,6.65509791302749,1.34e+08,5.791e+09,NA,5.65803615046409,2.1781627936849,NA,0.787124060150376,NA,2.1781627936849,NA,0,NA,0,NA,NA,NA,0,NA,NA,NA
"Japan","Government expenditure on health",1993,NA,1.801e+12,1.801e+12,NA,NA,NA,NA,1.59868625449381,0.356374039585815,NA,NA,NA,NA,0.356374039585815,0,NA,0,NA,2.13862467790009,NA,0,NA,NA,NA
"Ireland","Government expenditure on health",1992,5.59140609306461,2223311375.3295,2223311375.3295,16.168051708218,2286798279.25096,2223311375.3295,NA,14.024829795755,5.43617549636653,NA,47.8862004785962,NA,5.43617549636653,5.43617549636653,0,NA,0,NA,16.168051708218,NA,0,NA,NA,NA
"Ireland","Government expenditure on health",1991,5.37342825449103,1990949306.97696,1990949306.97696,15.5478433316807,2063324377.44742,1990949306.97696,NA,13.4962988466174,5.18494492494889,NA,46.8975468975469,NA,5.18494492494889,5.18494492494889,0,NA,0,NA,15.5478433316807,NA,0,NA,NA,NA
"Ireland","Government expenditure on health",1994,5.63996521582426,2732476344.7796,2732476344.7796,17.0347502572627,2670259178.93657,2732476344.7796,NA,14.9871160944356,5.77137667353961,NA,47.0154258886653,NA,5.77137667353961,5.77137667353961,0,NA,0,NA,17.0347502572627,NA,0,NA,NA,NA
"Jamaica","Government expenditure on health",1992,NA,NA,NA,9.82212163542596,NA,1766695000,NA,NA,NA,NA,NA,NA,1.77471689935761,NA,0,NA,0,NA,NA,NA,0,NA,NA,NA
"Jamaica","Government expenditure on health",1994,NA,NA,NA,8.73776915860265,NA,4167497000,NA,NA,NA,NA,NA,NA,2.31010404483296,NA,0,NA,0,NA,NA,NA,0,NA,NA,NA
"Jamaica","Government expenditure on health",1993,NA,NA,NA,8.31598365498411,NA,3084680000,NA,NA,NA,NA,NA,NA,2.27279291492905,NA,0,NA,0,NA,NA,NA,0,NA,NA,NA
"Ireland","Government expenditure on health",1990,5.03015795497536,1792870166.742,NA,15.0709787597395,1856357070.66346,1792870166.742,NA,13.0861909175162,4.85812792915541,NA,46.0472440944881,NA,4.85812792915541,NA,0,NA,0,NA,NA,NA,0,NA,NA,NA
"Jamaica","Government expenditure on health",2014,NA,NA,NA,10.0317940591881,NA,45017947000,NA,NA,NA,NA,NA,NA,2.91963547642102,NA,NA,NA,NA,NA,NA,NA,NA,NA,NA,NA
"Italy","Government expenditure on health",2015,6.86006376560998,NA,5.5779e+10,NA,1.14102e+11,NA,NA,NA,NA,13.9723005123133,47.0950965824666,NA,NA,3.35355643881754,0.247481264729225,1.16401e+11,0.0491198409887938,6.99828471350868,10.9369730433487,NA,8.17e+08,NA,NA,NA
"Ireland","Government expenditure on health",2014,0,NA,13149110000,NA,0,NA,NA,NA,NA,17.9350878282729,0,NA,NA,6.72688531802672,NA,13149110000,NA,6.72688531802672,18.5633446708223,NA,NA,NA,NA,NA
"Japan","Government expenditure on health",2015,1.8286631065341,NA,1.04285e+13,NA,9.8388e+12,NA,NA,NA,NA,19.7003526510528,11.9203276066781,NA,NA,1.93826617133095,34.0741681360256,4.08698e+13,6.53341694663741,7.59615963648286,11.3342665794284,NA,3.51519e+13,NA,NA,NA
"Israel","Government expenditure on health",2015,0.0173141012353504,59020016460.784,55942764593.6254,9.55285890330911,203724294.493602,31956126908.6692,46791190346.4543,14.3825453270126,5.01598762412773,13.370039148048,0.328530777305416,53.2592009291621,2.71588431689859,4.75445843102342,26.2289398834826,59133031264.2604,2.09646932340191,5.02559251564716,14.8667615740491,3.97668529713083,24667854717.4898,NA,NA,NA
"Italy","Government expenditure on health",2016,6.75716893391583,NA,7.0895e+10,NA,1.152e+11,NA,NA,NA,NA,14.0819024044412,47.6261348414943,NA,NA,4.1584157254337,0.324467571352683,1.17191e+11,0.0630551788538152,6.87395299075113,13.5759820301833,NA,1.075e+09,NA,NA,NA
"Ireland","Government expenditure on health",2016,0,NA,14108070000,NA,0,NA,NA,NA,NA,18.5924989364848,0,NA,NA,5.23053851144684,NA,14108070000,NA,5.23053851144684,19.2968687060316,NA,NA,NA,NA,NA
"Japan","Government expenditure on health",2016,1.79873930082889,NA,1.04495e+13,NA,9.7917e+12,NA,NA,NA,NA,19.6083541999181,11.7742336953973,NA,NA,1.91957743027375,33.8235916821286,4.07752e+13,6.45642644653969,7.49042094214062,11.4543060934343,NA,3.51465e+13,NA,NA,NA
"Ireland","Government expenditure on health",2017,0,NA,14822940000,NA,0,NA,NA,NA,NA,19.0325156495985,0,NA,NA,4.96532665168208,0,14822940000,0,4.96532665168208,22.5539692970811,NA,0,NA,NA,NA
"Ireland","Government expenditure on health",2015,0,NA,13661741000,NA,0,NA,NA,NA,NA,17.8779286753698,0,NA,NA,5.18458371124866,NA,13661741000,NA,5.18458371124866,18.4608267531666,NA,NA,NA,NA,NA
"Israel","Government expenditure on health",2016,0.0177922621378189,62950450277.2304,62693967410.0718,10.4751345697825,219319699.771631,37800115210.4663,50289015085.2463,14.4925665758313,5.10684135621407,13.4871061108726,0.333551558065435,53.6730007628523,3.06652598633261,5.08603424034123,26.0598598849904,63059790888.6389,2.06749927210718,5.11571158913211,15.4840613128868,4.07968522654876,25485422602.4909,NA,NA,NA
"Jamaica","Government expenditure on health",2015,NA,NA,NA,10.9927120180356,NA,52893960000,NA,NA,NA,NA,NA,NA,3.18700325424766,NA,NA,NA,NA,NA,NA,NA,NA,NA,NA,NA
"Italy","Government expenditure on health",2017,6.672536563611,NA,7.6137e+10,NA,1.16402e+11,NA,NA,NA,NA,13.9816731759685,48.3728468427286,NA,NA,4.3644174184606,0.293052973353666,1.18388e+11,0.056291394524716,6.78638046333206,14.397472117272,NA,9.82e+08,NA,NA,NA
"Japan","Government expenditure on health",2017,1.76991102440365,NA,1.05108e+13,NA,9.7889e+12,NA,NA,NA,NA,19.8572592789103,11.7777355330536,NA,NA,1.90043628960372,33.9092203325143,4.16174e+13,6.48997510274412,7.52475712970982,11.6070127082146,NA,3.58943e+13,NA,NA,NA
"Israel","Government expenditure on health",2017,0.0180448547920153,66595757820.3336,66344978820.3336,10.8453462234116,232032291.622799,41329175828.4061,53291983649.0223,14.5288879235219,5.17906697911549,13.5282803453121,0.321214903610358,53.7654646231401,3.21411718723023,5.15956421677048,25.1030477663762,66734173895.1051,2.07851119621052,5.18983142036056,15.6289394779003,4.14444946347532,26726827208.0404,NA,NA,NA
"Japan","Government expenditure on health",2018,1.76858923008296,NA,1.0687e+13,NA,9.8445e+12,NA,NA,NA,NA,19.9413055317234,11.8436629275124,NA,NA,1.91994647792133,33.5353527863948,4.19996e+13,6.50029525891611,7.54533396594974,11.8088658759467,NA,3.61826e+13,NA,NA,NA
"Italy","Government expenditure on health",2018,6.68178320388087,NA,7.8876e+10,NA,1.18785e+11,NA,NA,NA,NA,14.0776274298673,48.3254814850978,NA,NA,4.43685930032671,0.310726513765771,1.20673e+11,0.059626132896525,6.78798522171921,14.9486304290558,NA,1.06e+09,NA,NA,NA
"Ireland","Government expenditure on health",2018,0,NA,15823196000,NA,0,NA,NA,NA,NA,19.1119398042833,0,NA,NA,4.83238079531885,0,15823196000,0,4.83238079531885,22.5826505423715,NA,0,NA,NA,NA
"Israel","Government expenditure on health",2018,0.0198850399799414,70148108945.0579,69819029945.0579,10.5238106567309,267851687.380211,42888006587.1666,56802961032.7987,14.342554835176,5.20772508298494,13.3198270720719,0.337806488505652,53.8361839821331,3.18396249053762,5.18329458887246,24.9962483126192,70318492870.4282,2.07977659219035,5.22037421430483,15.2919785460639,4.21699471884569,28014611494.57,NA,NA,NA
"Japan","Government expenditure on health",2020,2.4208182469887,NA,1.51357e+13,NA,1.30551e+13,NA,NA,NA,NA,18.3272486026307,12.3173986759016,NA,NA,2.80662566667025,33.5177834850961,4.61339e+13,7.18735524804528,8.55464813940543,11.74930388497,NA,3.87603e+13,NA,NA,NA
"Ireland","Government expenditure on health",2019,0,NA,17052448000,NA,0,NA,NA,NA,NA,19.7114560014108,0,NA,NA,4.78521482670468,0,17052448000,0,4.78521482670468,23.4654724524627,NA,0,NA,NA,NA
"Israel","Government expenditure on health",2019,0.0184291900304035,73982822225.653,73768582225.6529,11.0447762891873,262537080.99992,46780759129.0196,60139007449.4779,14.4828920799055,5.19333682156135,13.4635655370827,0.321758927764053,54.1618250965162,3.28384659596143,5.17829791864875,24.4478110437646,74131705121.2185,2.05465536081201,5.20378788304266,15.5946091792934,4.22154917052124,29270044966.6268,NA,NA,NA
"Ireland","Government expenditure on health",2020,0,NA,20646128000,NA,0,NA,NA,NA,NA,20.2507243051451,0,NA,NA,5.50196615589607,0,20646128000,0,5.50196615589607,24.2235841493187,NA,0,NA,NA,NA
"Italy","Government expenditure on health",2020,7.59323885097832,NA,9.3211e+10,NA,1.26808e+11,NA,NA,NA,NA,13.8340626481998,49.5080738357747,NA,NA,5.5814568997109,0.238346503307508,1.30978e+11,0.0554487033626106,7.8429376555378,14.9878117804448,NA,9.26e+08,NA,NA,NA
"Italy","Government expenditure on health",2019,6.6706502585547,NA,8.8483e+10,NA,1.20343e+11,NA,NA,NA,NA,14.0454818986545,48.2201386384581,NA,NA,4.90464045958382,0.235368579283609,1.22303e+11,0.0461734514294646,6.77929367368285,16.7920141952992,NA,8.33e+08,NA,NA,NA
"Japan","Government expenditure on health",2019,1.78761519088442,NA,1.07873e+13,NA,9.9733e+12,NA,NA,NA,NA,20.0367558877185,11.7299821226948,NA,NA,1.9335166242495,33.7866430399828,4.30217e+13,6.6574071236106,7.71121338550654,11.6236820412803,NA,3.71424e+13,NA,NA,NA
"Israel","Government expenditure on health",2020,0.0189747485576571,85490346865.0472,85251672865.0472,11.855459265152,268937460.19704,58918464813.0503,63694037185.2209,14.2364766666979,6.03172884388315,13.504446176011,0.324618212473798,56.9379626132426,4.15696294005198,6.01488931868673,18.2824387403999,85660840699.1677,2.04453720763749,6.04375795143365,15.7584224942121,4.49390107025683,28978125440.2175,NA,NA,NA
"Israel","Government expenditure on health",2021,0.0168481790076038,90539968364.7961,90097149364.7961,12.1516329898465,266514604.449682,61785195318.9001,67761903302.5604,15.2618986437511,5.72363978890648,14.3283850972508,0.308232312302532,57.421361460777,3.90585736531046,5.69564622436853,21.2989966134482,90720795602.7954,1.9918387519997,5.73507109369953,16.2845627914914,4.28368523779351,31508100482.3825,NA,NA,NA
"Japan","Government expenditure on health",2021,2.59672193374604,NA,1.70389e+13,NA,1.42839e+13,NA,NA,NA,NA,20.8145843075102,14.0762610729135,NA,NA,3.0975633655308,34.8095370510955,5.02999e+13,7.41883414658711,9.14420106520156,14.1077591060535,NA,4.08091e+13,NA,NA,NA
"Ireland","Government expenditure on health",2021,0,NA,22435422000,NA,0,NA,NA,NA,NA,21.2026478929879,0,NA,NA,5.16861842559956,0,22435422000,0,5.16861842559956,24.845036223459,NA,0,NA,NA,NA
"Italy","Government expenditure on health",2022,6.78874642911688,NA,8.9945e+10,NA,1.35575e+11,NA,NA,NA,NA,12.6793265376246,48.6559718633362,NA,NA,4.50388196619522,0.186933450702484,1.38379e+11,0.0378557425809504,6.92915317805469,12.4794656632591,NA,7.56e+08,NA,NA,NA
"Japan","Government expenditure on health",2022,2.73267447557279,NA,1.70814e+13,NA,1.52272e+13,NA,NA,NA,NA,21.5750649116751,15.7510646595107,NA,NA,3.06542934925982,35.6821214213947,5.17509e+13,7.5013414640712,9.28722046849848,14.4809537656295,NA,4.17995e+13,NA,NA,NA
"Israel","Government expenditure on health",2022,0.0152097136591648,91184598784.177,90869695784.177,11.2500337721928,268269842.103168,57564930364.5129,71518349119.6803,15.0944904706102,5.16976349917037,14.0636047744006,0.282541777628728,56.8065380816508,3.26367697833622,5.15190989168746,23.4927074123974,91340401824.8542,1.92856728208744,5.17859684255832,16.1159469266062,4.05477411459539,34016185435.4952,NA,NA,NA
"Italy","Government expenditure on health",2021,7.18037587896498,NA,9.1825e+10,NA,1.32299e+11,NA,NA,NA,NA,13.221310356927,49.2225897305201,NA,NA,4.98369613591908,0.186933450702484,1.35648e+11,0.0410310294446483,7.36213899749689,13.4472179306002,NA,7.56e+08,NA,NA,NA
"Jordan","Government expenditure on health",2002,NA,NA,NA,10.8532562552485,NA,233930000,NA,NA,NA,NA,NA,NA,3.30867585075387,NA,NA,NA,NA,NA,NA,NA,NA,NA,NA,NA
"Jordan","Government expenditure on health",2011,NA,NA,NA,9.97551731443772,NA,6.78e+08,NA,NA,NA,NA,NA,NA,3.23440105141887,NA,NA,NA,NA,NA,NA,NA,NA,NA,NA,NA
"Korea, Rep.","Government expenditure on health",1998,NA,6.81462e+11,NA,0.845239974342963,NA,6.81462e+11,0,0.75613063350537,0.126850793927352,NA,NA,0,0.126850793927352,NA,NA,NA,NA,NA,NA,0,NA,NA,NA,NA
"Jordan","Government expenditure on health",2001,NA,NA,NA,10.5587611579622,NA,214100000,NA,NA,NA,NA,NA,NA,3.25812209816367,NA,NA,NA,NA,NA,NA,NA,NA,NA,NA,NA
"Korea, Rep.","Government expenditure on health",1999,NA,7.91074e+11,NA,0.920485005305617,NA,7.91074e+11,0,0.788778677711221,0.133750948934235,NA,NA,0,0.133750948934235,NA,NA,NA,NA,NA,NA,0,NA,NA,NA,NA
"Jordan","Government expenditure on health",2010,NA,NA,NA,10.9127540294324,NA,622900000,NA,NA,NA,NA,NA,NA,3.23332468206592,NA,NA,NA,NA,NA,NA,NA,NA,NA,NA,NA
"Korea, Rep.","Government expenditure on health",2002,NA,5.04947e+11,NA,0.469470548899331,NA,5.04839e+11,1.08e+08,0.390865055884359,0.0643456639786895,NA,NA,0.0004987680429339,0.0643319014814181,NA,NA,NA,NA,NA,NA,1.37624972713938e-05,NA,NA,NA,NA
"Jordan","Government expenditure on health",1997,NA,NA,NA,10.2354480052322,NA,172150000,NA,NA,NA,NA,NA,NA,3.28598260710223,NA,NA,NA,NA,NA,NA,NA,NA,NA,NA,NA
"Korea, Rep.","Government expenditure on health",2009,0.20607221660719,2.792347e+12,NA,NA,2483886929286,NA,NA,1.13846328437602,0.231663176387761,1.46645372574638,1.33605066996972,NA,NA,NA,NA,4802017066196,NA,0.398392651996046,NA,NA,NA,NA,NA,NA
"Jordan","Government expenditure on health",2006,NA,NA,NA,11.1032766486935,NA,428320000,NA,NA,NA,NA,NA,NA,3.8246715963307,NA,NA,NA,NA,NA,NA,NA,NA,NA,NA,NA
"Kazakhstan","Government expenditure on health",2005,1.98029982122602,NA,NA,3.70757734636951,150316440200,56282869654.6,NA,NA,NA,NA,19.8306171548072,NA,0.741482146375973,NA,NA,NA,NA,NA,NA,NA,NA,NA,NA,NA
"Jordan","Government expenditure on health",2005,NA,NA,NA,8.20458934454163,NA,288900000,NA,NA,NA,NA,NA,NA,3.10250176119865,NA,NA,NA,NA,NA,NA,NA,NA,NA,NA,NA
"Kazakhstan","Government expenditure on health",2010,1.51429779782054,367185481600,367185481608.7,9.56304592546841,330351938943.1,367185481608.7,NA,9.41866444249064,1.68313880026697,12.3577540121252,14.4758689643213,NA,1.68313880030685,1.68313880030685,0,551281907851.6,0,2.52701704039876,9.56304592546841,NA,0,NA,NA,NA
"Korea, Rep.","Government expenditure on health",2004,NA,7.85996e+11,NA,0.578601271127013,NA,7.53239e+11,3.2757e+10,0.450591295162476,0.0865215760700798,NA,NA,0.0740205479613019,0.0829157215017008,NA,NA,NA,NA,NA,NA,0.0036058545683789,NA,NA,NA,NA
"Korea, Rep.","Government expenditure on health",2000,NA,6.79804e+11,NA,0.730246813747832,NA,6.6117e+11,1.8634e+10,0.620274195165892,0.104322930821781,NA,NA,0.0977818003899518,0.101463351453415,NA,NA,NA,NA,NA,NA,0.0028595793683665,NA,NA,NA,NA
"Kazakhstan","Government expenditure on health",2011,1.27116625283388,376704042600,376704042598.8,8.22280247983272,359016120371,376704042598.8,NA,8.11656326941318,1.3337937743976,11.4921858050098,14.2509696114018,NA,1.33379377439335,1.33379377439335,0,626309920969.8,0,2.21757183083909,8.22280247983272,NA,0,NA,NA,NA
"Korea, Rep.","Government expenditure on health",1995,NA,4.11e+11,NA,0.701114772488256,NA,4e+11,1.1e+10,0.659499358151476,0.0940527752777131,NA,NA,0.208807896735004,0.0915355477155359,NA,NA,NA,NA,NA,NA,0.0025172275621772,NA,NA,NA,NA
"Korea, Rep.","Government expenditure on health",2010,0.178311070656441,2.951886e+12,NA,NA,2358362191342,NA,NA,1.19810423853413,0.223186224341666,1.52300141197353,1.35752307083275,NA,NA,NA,NA,4795865157132,NA,0.362605817728748,NA,NA,NA,NA,NA,NA
"Kazakhstan","Government expenditure on health",2013,1.45146003782907,499395199749.7,499395199749.7,8.79424672308959,522511534456.1,499395199749.7,NA,8.66453125482053,1.38724626677358,11.5404030998326,16.3662960297264,NA,1.38724626677358,1.38724626677358,0,795092396206.1,0,2.20864950029515,8.79424672308959,NA,0,NA,NA,NA
"Korea, Rep.","Government expenditure on health",2003,NA,6.56103e+11,NA,0.481256442650639,NA,6.17612e+11,3.8491e+10,0.422963399927878,0.0783532774413455,NA,NA,0.143691382373367,0.0737565967342083,NA,NA,NA,NA,NA,NA,0.0045966807071371,NA,NA,NA,NA
"Kazakhstan","Government expenditure on health",1997,1.72407812742952,2.7014e+10,NA,4.10772821775232,2.8829e+10,6.441e+09,0,8.12434023945361,1.61553458442475,NA,20.1352172485804,0,0.385195019555779,NA,12.4185097546842,NA,1.23033956486897,NA,NA,0,2.0573e+10,NA,NA,NA
"Jordan","Government expenditure on health",1996,NA,NA,NA,9.036372253184,NA,150630000,NA,NA,NA,NA,NA,NA,3.01170853427385,NA,NA,NA,NA,NA,NA,NA,NA,NA,NA,NA
"Jordan","Government expenditure on health",2004,NA,NA,NA,9.74366118696016,NA,279760000,NA,NA,NA,NA,NA,NA,3.35221771681094,NA,NA,NA,NA,NA,NA,NA,NA,NA,NA,NA
"Jordan","Government expenditure on health",2007,NA,NA,NA,7.13640668707738,NA,3.24e+08,NA,NA,NA,NA,NA,NA,2.54491699957428,NA,NA,NA,NA,NA,NA,NA,NA,NA,NA,NA
"Jordan","Government expenditure on health",2000,NA,NA,NA,10.4079590274916,NA,194480000,NA,NA,NA,NA,NA,NA,3.14393425026027,NA,NA,NA,NA,NA,NA,NA,NA,NA,NA,NA
"Kazakhstan","Government expenditure on health",2002,1.56507298187634,12017658000,NA,NA,59101538000,NA,NA,2.21879223392642,0.318240649528107,8.87802439883202,15.3322232902298,NA,NA,NA,NA,71119196000,NA,1.88331363140445,NA,NA,NA,NA,NA,NA
"Kazakhstan","Government expenditure on health",1999,1.79780407248346,8.574e+09,NA,2.8190037810291,3.6252e+10,8.574e+09,0,2.8190037810291,0.425200599069657,NA,17.5783466113242,NA,0.425200599069657,NA,NA,NA,0,NA,NA,0,0,NA,NA,NA
"Korea, Rep.","Government expenditure on health",1996,NA,5.2e+11,NA,0.776225658819658,NA,5.19e+11,1e+09,0.716253443526171,0.105938483559875,NA,NA,0.0174276751481352,0.105734755706876,NA,NA,NA,NA,NA,NA,0.0002037278529997,NA,NA,NA,NA
"Jordan","Government expenditure on health",1995,NA,NA,NA,7.04723071695549,NA,103700000,NA,NA,NA,NA,NA,NA,2.1639240268602,NA,NA,NA,NA,NA,NA,NA,NA,NA,NA,NA
"Korea, Rep.","Government expenditure on health",2005,NA,2.0786e+12,NA,0.57373788609933,NA,7.601e+11,1.3185e+12,1.15053931876515,0.217097997405185,NA,NA,2.7365559037795,0.0793881400113928,NA,NA,NA,NA,NA,NA,0.137709857393792,NA,NA,NA,NA
"Kazakhstan","Government expenditure on health",2009,2.27282076006973,NA,NA,5.68501425565567,386553400000,176799600000,NA,NA,NA,NA,19.4726654139387,NA,1.03952985862244,NA,NA,NA,NA,NA,NA,NA,NA,NA,NA,NA
"Korea, Rep.","Government expenditure on health",1997,NA,6.16e+11,NA,0.85210319608088,NA,6.14e+11,2e+09,0.77970735658954,0.113652759086778,NA,NA,0.0287894054987765,0.11328375662221,NA,NA,NA,NA,NA,NA,0.0003690024645674,NA,NA,NA,NA
"Korea, Rep.","Government expenditure on health",2006,NA,2.1504e+12,NA,0.385593071154456,NA,5.476e+11,1.6028e+12,1.09882023987638,0.213842163123265,NA,NA,2.98551944834575,0.0544549704828404,NA,NA,NA,NA,NA,NA,0.159387192640425,NA,NA,NA,NA
"Kazakhstan","Government expenditure on health",2001,1.48989749553158,13892318000,NA,NA,48430459000,NA,NA,2.92033223000752,0.427378352852867,8.58210202422262,12.6545979457944,NA,NA,NA,NA,62322777000,NA,1.91727584838445,NA,NA,NA,NA,NA,NA
"Kazakhstan","Government expenditure on health",1998,1.05558312082434,2.4633e+10,NA,4.32183342374436,1.8296e+10,7.728e+09,0,7.74006843611843,1.42119474285451,NA,11.7986947661671,0,0.445865017366119,NA,13.0612150290893,NA,0.975329725488386,NA,NA,0,1.6905e+10,NA,NA,NA
"Kazakhstan","Government expenditure on health",2003,1.60693454871877,19104516000,NA,NA,74111500000,NA,NA,2.59993012822067,0.414236748641581,8.74230822754743,15.6740063183557,NA,NA,NA,NA,89781172000,NA,1.94669473848542,NA,NA,NA,NA,NA,NA
"Kazakhstan","Government expenditure on health",2012,1.37122144784217,453001465239.1,453001465239.4,8.68927246567788,425286937369,453001465239.4,NA,8.56828497732235,1.46057936526941,11.6274164710439,14.6144153350932,NA,1.46057936527037,1.46057936527037,0,730826895607.9,0,2.35635150262791,8.68927246567788,NA,0,NA,NA,NA
"Jordan","Government expenditure on health",2012,NA,NA,NA,9.71897125743279,NA,668500000,NA,NA,NA,NA,NA,NA,2.97633093416276,NA,NA,NA,NA,NA,NA,NA,NA,NA,NA,NA
"Jordan","Government expenditure on health",2013,NA,NA,NA,10.1003249964674,NA,714800000,NA,NA,NA,NA,NA,NA,2.92200558811085,NA,NA,NA,NA,NA,NA,NA,NA,NA,NA,NA
"Jordan","Government expenditure on health",2003,NA,NA,NA,10.3151766455153,NA,246280000,NA,NA,NA,NA,NA,NA,3.28467494014951,NA,NA,NA,NA,NA,NA,NA,NA,NA,NA,NA
"Korea, Rep.","Government expenditure on health",2001,NA,5.55252e+11,NA,0.526101973345728,NA,5.55252e+11,0,0.442763264055133,0.078533984761138,NA,NA,0,0.078533984761138,NA,NA,NA,NA,NA,NA,0,NA,NA,NA,NA
"Jordan","Government expenditure on health",1999,NA,NA,NA,10.8715896367083,NA,196130000,NA,NA,NA,NA,NA,NA,3.28760005028706,NA,NA,NA,NA,NA,NA,NA,NA,NA,NA,NA
"Jordan","Government expenditure on health",2008,NA,NA,NA,10.3675109307914,NA,526400000,NA,NA,NA,NA,NA,NA,3.27360333927441,NA,NA,NA,NA,NA,NA,NA,NA,NA,NA,NA
"Jordan","Government expenditure on health",1998,NA,NA,NA,10.4671731972166,NA,196450000,NA,NA,NA,NA,NA,NA,3.39435512436178,NA,NA,NA,NA,NA,NA,NA,NA,NA,NA,NA
"Kazakhstan","Government expenditure on health",2008,1.99815485967662,NA,NA,4.46792776352273,320762201100,115522789000,NA,NA,NA,NA,18.6142197855919,NA,0.71963723110811,NA,NA,NA,NA,NA,NA,NA,NA,NA,NA,NA
"Kazakhstan","Government expenditure on health",2000,1.79716354475172,7598413000,NA,NA,46724455000,NA,NA,2.03922464873903,0.292257894534405,9.42807140270027,15.5363329205414,NA,NA,NA,NA,54322868000,NA,2.08942143928613,NA,NA,NA,NA,NA,NA
"Kenya","Government expenditure on health",1999,NA,NA,NA,7.0030513923997,NA,12572200000,NA,NA,NA,NA,NA,NA,0.9614158408441,NA,NA,NA,NA,NA,NA,NA,NA,NA,NA,NA
"Kazakhstan","Government expenditure on health",2007,2.04557014628255,NA,NA,4.86810290358489,262851468100,100829505900,NA,NA,NA,NA,18.9970350215615,NA,0.784678239099627,NA,NA,NA,NA,NA,NA,NA,NA,NA,NA,NA
"Kazakhstan","Government expenditure on health",2006,1.81895308699173,NA,NA,4.77400210362717,185782957132,79960014603,NA,NA,NA,NA,19.904297867742,NA,0.782867910185603,NA,NA,NA,NA,NA,NA,NA,NA,NA,NA,NA
"Kenya","Government expenditure on health",2010,0.0469311744600292,NA,NA,5.41192008565835,1688410000,37276563930.59,NA,NA,NA,NA,5.85810249814463,NA,1.03614224335141,NA,NA,NA,NA,NA,NA,NA,NA,NA,NA,NA
"Kenya","Government expenditure on health",1998,NA,NA,NA,6.46654684070211,NA,9886600000,NA,NA,NA,NA,NA,NA,0.793869079257198,NA,NA,NA,NA,NA,NA,NA,NA,NA,NA,NA
"Kenya","Government expenditure on health",1997,NA,NA,NA,5.96402609384099,NA,9.115e+09,NA,NA,NA,NA,NA,NA,0.789979777744304,NA,NA,NA,NA,NA,NA,NA,NA,NA,NA,NA
"Kenya","Government expenditure on health",2008,0.0535066761714217,NA,NA,5.3203304133628,1519727000,28096883957,NA,NA,NA,NA,6.71787164349984,NA,0.989237456012306,NA,NA,NA,NA,NA,NA,NA,NA,NA,NA,NA
"Kenya","Government expenditure on health",2005,0.0474887113457806,NA,NA,6.43279837219028,943910000,18020629971.92,NA,NA,NA,NA,4.27149379420388,NA,0.906629334370471,NA,NA,NA,NA,NA,NA,NA,NA,NA,NA,NA
"Kenya","Government expenditure on health",2000,NA,NA,NA,5.43574731513328,NA,9335600000,NA,NA,NA,NA,NA,NA,0.673156848116234,NA,NA,NA,NA,NA,NA,NA,NA,NA,NA,NA
"Kenya","Government expenditure on health",2001,NA,NA,NA,5.42560647783682,NA,10743742000,NA,NA,NA,NA,NA,NA,0.73142570906635,NA,NA,NA,NA,NA,NA,NA,NA,NA,NA,NA
"Kenya","Government expenditure on health",2012,0.0484798983204946,NA,NA,5.9555461883073,2311129509.67627,55106516682.0198,NA,NA,NA,NA,5.60300244813672,NA,1.15595353456206,NA,NA,NA,NA,NA,NA,NA,NA,NA,NA,NA
"Kenya","Government expenditure on health",2003,NA,NA,NA,6.01075273205328,NA,13756688000,NA,NA,NA,NA,NA,NA,0.846892225765006,NA,NA,NA,NA,NA,NA,NA,NA,NA,NA,NA
"Kazakhstan","Government expenditure on health",2014,1.4289036618566,641680461660.6,641680461660.6,9.94618299158595,566929387742,641680461660.6,NA,9.82892179685771,1.61730822432851,10.9268063575229,15.7867877474899,NA,1.61730822432851,1.61730822432851,0,856221599902.4,0,2.15804332235116,9.94618299158595,NA,0,NA,NA,NA
"Kenya","Government expenditure on health",2009,0.045070517759987,NA,NA,5.26941217451653,1476349000,32181174272,NA,NA,NA,NA,5.88127571204974,NA,0.982438560640752,NA,NA,NA,NA,NA,NA,NA,NA,NA,NA,NA
"Kiribati","Government expenditure on health",2012,0,16646825.73,16646825.73,12.9736870110166,0,16646825.73,0,12.4862794412344,8.32664728897861,12.1744125354163,0,0,8.32664728897861,8.32664728897861,NA,16646825.73,NA,8.32664728897861,12.4862794412344,0,NA,NA,NA,NA
"Kiribati","Government expenditure on health",2013,0,17573100.76,17573100.76,13.9129850519574,0,14780239.97,2792860.79,13.0932382957948,8.40973188476438,12.7437477361426,0,7.78390033127448,7.073188564599,8.40973188476438,NA,17573100.76,NA,8.40973188476438,13.0932382957948,1.33654332016538,NA,NA,NA,NA
"Kiribati","Government expenditure on health",2010,NA,NA,16397690.13,NA,NA,NA,NA,NA,NA,NA,NA,NA,NA,9.09083562254206,NA,NA,NA,NA,16.6627402094853,NA,NA,NA,NA,NA
"Kiribati","Government expenditure on health",2014,0,20449146,20449146,14.8414219170978,0,16376246.2,4072899.8,15.6020078415596,9.20339664765772,15.2183807655685,0,13.6085888189639,7.37033660859468,9.20339664765772,NA,20449146,NA,9.20339664765772,15.6020078415596,1.83306003906304,NA,NA,NA,NA
"Kiribati","Government expenditure on health",2011,0,16728540.49,16728540.49,14.1204635886726,0,16728540.49,0,13.6344695956636,8.80515467322091,13.3266915829504,0,0,8.80515467322091,8.80515467322091,NA,16728540.49,NA,8.80515467322091,13.6344695956636,0,NA,NA,NA,NA
"Kenya","Government expenditure on health",1996,NA,NA,NA,5.30013446749362,NA,7.016e+09,NA,NA,NA,NA,NA,NA,0.680022994098464,NA,NA,NA,NA,NA,NA,NA,NA,NA,NA,NA
"Kenya","Government expenditure on health",2007,0.054659776318788,NA,NA,6.65207718928688,1350700000,27517682513,NA,NA,NA,NA,6.70088797804041,NA,1.11357841931739,NA,NA,NA,NA,NA,NA,NA,NA,NA,NA,NA
"Kenya","Government expenditure on health",1995,0.0627158043308869,NA,NA,5.04547172576577,5.13e+08,6.541e+09,NA,NA,NA,NA,11.003861003861,NA,0.799657068476279,NA,NA,NA,NA,NA,NA,NA,NA,NA,NA,NA
"Kenya","Government expenditure on health",2013,NA,NA,NA,6.75728442303879,NA,71553560484,NA,NA,NA,NA,NA,NA,1.34718931887801,NA,NA,NA,NA,NA,NA,NA,NA,NA,NA,NA
"Kenya","Government expenditure on health",2004,NA,NA,NA,5.27187319929776,NA,15267008281.5,NA,NA,NA,NA,NA,NA,0.846096227165197,NA,NA,NA,NA,NA,NA,NA,NA,NA,NA,NA
"Kenya","Government expenditure on health",2011,0.0440260363417183,NA,NA,5.95116420957328,1832590000,46237478586.15,NA,NA,NA,NA,5.54186663279717,NA,1.11080651568723,NA,NA,NA,NA,NA,NA,NA,NA,NA,NA,NA
"Kenya","Government expenditure on health",2006,0.0532199357574954,NA,NA,6.45681704781482,1138430000,22963790000,NA,NA,NA,NA,7.34948921621287,NA,1.07352356187786,NA,NA,NA,NA,NA,NA,NA,NA,NA,NA,NA
"Kenya","Government expenditure on health",2002,NA,NA,NA,6.53246946579176,NA,13966183480.25,NA,NA,NA,NA,NA,NA,0.931945906888644,NA,NA,NA,NA,NA,NA,NA,NA,NA,NA,NA
"Kazakhstan","Government expenditure on health",2004,1.82405297668024,29224205000,NA,NA,107074281000,NA,NA,3.07983429891075,0.497845959118452,10.1856124737322,17.4117719224982,NA,NA,NA,NA,131183524000,NA,2.2347635231247,NA,NA,NA,NA,NA,NA
"Korea, Rep.","Government expenditure on health",1991,NA,7.16e+11,NA,2.16844846906327,NA,7.16e+11,0,2.01016311519133,0.295280745592131,NA,NA,0,0.295280745592131,NA,NA,NA,NA,NA,NA,0,NA,NA,NA,NA
"Korea, Rep.","Government expenditure on health",1993,NA,4.32e+11,NA,0.983418275787811,NA,4.11e+11,2.1e+10,0.959786714063541,0.13706396921391,NA,NA,0.652782095119677,0.130401137377122,NA,NA,NA,NA,NA,NA,0.0066628318367872,NA,NA,NA,NA
"Korea, Rep.","Government expenditure on health",1994,NA,3.7e+11,NA,0.731119552342442,NA,3.58e+11,1.2e+10,0.686622005307403,0.09933061901231,NA,NA,0.243852875431823,0.0961090854227216,NA,NA,NA,NA,NA,NA,0.0032215335895884,NA,NA,NA,NA
"Jordan","Government expenditure on health",1994,NA,NA,NA,7.5,NA,98460000,NA,NA,NA,NA,NA,NA,2.21506314932216,NA,NA,NA,NA,NA,NA,NA,NA,NA,NA,NA
"Jordan","Government expenditure on health",2009,NA,NA,NA,11.5702890499328,NA,697700000,NA,NA,NA,NA,NA,NA,4.00473197798861,NA,NA,NA,NA,NA,NA,NA,NA,NA,NA,NA
"Korea, Rep.","Government expenditure on health",1992,NA,4.28e+11,NA,1.13045085972373,NA,4.28e+11,0,1.0496370413969,0.154211616530476,NA,NA,0,0.154211616530476,NA,NA,NA,NA,NA,NA,0,NA,NA,NA,NA
"Korea, Rep.","Government expenditure on health",1990,NA,5.66e+11,NA,2.02626505147514,NA,5.57e+11,9e+09,1.95145497172804,0.282215018924861,NA,NA,0.594059405940594,0.277727500956091,NA,NA,NA,NA,NA,NA,0.0044875179687698,NA,NA,NA,NA
"Jordan","Government expenditure on health",1992,NA,NA,NA,6.29144892013134,NA,68020000,NA,NA,NA,NA,NA,NA,1.85205858408188,NA,NA,NA,NA,NA,NA,NA,NA,NA,NA,NA
"Jordan","Government expenditure on health",1993,NA,NA,NA,7.04882195773622,NA,87060000,NA,NA,NA,NA,NA,NA,2.20820429313874,NA,NA,NA,NA,NA,NA,NA,NA,NA,NA,NA
"Jordan","Government expenditure on health",1990,NA,NA,NA,5.03868259335643,NA,48130000,NA,NA,NA,NA,NA,NA,1.73219621798613,NA,NA,NA,NA,NA,NA,NA,NA,NA,NA,NA
"Jordan","Government expenditure on health",1991,NA,NA,NA,5.17002936440277,NA,54580000,NA,NA,NA,NA,NA,NA,1.83357518192531,NA,NA,NA,NA,NA,NA,NA,NA,NA,NA,NA
"Kenya","Government expenditure on health",1992,0.0622340576185485,NA,NA,5.41047987107474,3.02e+08,3.458e+09,NA,NA,NA,NA,11.0138584974471,NA,0.712600567036228,NA,NA,NA,NA,NA,NA,NA,NA,NA,NA,NA
"Kenya","Government expenditure on health",1994,0.0571638879570941,NA,NA,5.38863109048724,4.02e+08,4.645e+09,NA,NA,NA,NA,11.0167169087421,NA,0.660513083484333,NA,NA,NA,NA,NA,NA,NA,NA,NA,NA,NA
"Kenya","Government expenditure on health",1991,0.0826087623884322,NA,NA,5.37420159773561,3.48e+08,2.886e+09,NA,NA,NA,NA,14.2857142857143,NA,0.685083012221309,NA,NA,NA,NA,NA,NA,NA,NA,NA,NA,NA
"Kenya","Government expenditure on health",1993,0.0589008623362286,NA,NA,5.95023722656311,3.58e+08,3.8e+09,NA,NA,NA,NA,11.0289587184227,NA,0.625204684015834,NA,NA,NA,NA,NA,NA,NA,NA,NA,NA,NA
"Jordan","Government expenditure on health",2014,NA,NA,NA,11.0927131230019,NA,870900000,NA,NA,NA,NA,NA,NA,3.32889557037868,NA,NA,NA,NA,NA,NA,NA,NA,NA,NA,NA
"Jordan","Government expenditure on health",2015,NA,NA,NA,11.344909863584,NA,876100000,NA,NA,NA,NA,NA,NA,3.19782222502872,NA,NA,NA,NA,NA,NA,NA,NA,NA,NA,NA
"Kazakhstan","Government expenditure on health",2015,1.39557037655883,657535901215,657535901215,9.87495490335125,570566806993.8,657535901215,NA,9.74697672552951,1.60829128861248,10.6469733178604,16.1900697298538,NA,1.60829128861248,1.60829128861248,0,863899111208.7,0,2.11304266767741,9.87495490335125,NA,0,NA,NA,NA
"Kiribati","Government expenditure on health",2015,NA,22561622.74,22561622.74,13.4645118194692,NA,17792976.14,4768646.6,14.0312631180348,8.84829204182422,13.8066591402367,NA,9.20613066185417,6.97810840089999,8.84829204182422,NA,22561622.74,NA,8.84829204182422,14.0312631180348,1.87018364092423,NA,NA,NA,NA
"Jordan","Government expenditure on health",2016,NA,NA,NA,11.5367592350059,NA,9.17e+08,NA,NA,NA,NA,NA,NA,3.23756907637839,NA,NA,NA,NA,NA,NA,NA,NA,NA,NA,NA
"Kiribati","Government expenditure on health",2016,0,27527500,27527500,12.7619293201118,0,22047213.91,5480286.09,14.881680877367,9.91112585496559,14.6520964650283,0,11.2876644219547,7.93797881439862,9.91112585496559,NA,27527500,NA,9.91112585496559,14.881680877367,1.97314704056697,NA,NA,NA,NA
"Kazakhstan","Government expenditure on health",2016,1.38262607903341,1123910198647.6,1123910198647.6,14.2825871347558,649435369521.9,1123910198647.6,0,13.9941038401264,2.39276704668206,18.4575051706707,15.3355023964551,0,2.39276704668206,2.39276704668206,0,1773345568169.5,0,3.77539312571547,14.2485103855592,0,0,NA,NA,NA
"Kazakhstan","Government expenditure on health",2017,0.699196974667178,1007405720364.5,1007405720364.5,9.51629396294523,380215343978.5,1007405720364.5,0,9.40051236517144,1.85256866430172,11.1541626868133,8.41011480951601,0,1.85256866430172,1.85256866430172,0,1387621064343,0,2.55176563896889,9.55381074676328,0,0,NA,NA,NA
"Jordan","Government expenditure on health",2017,NA,NA,NA,9.75259891895543,NA,797100000,NA,NA,NA,NA,NA,NA,2.69819331737639,NA,NA,NA,NA,NA,NA,NA,NA,NA,NA,NA
"Kiribati","Government expenditure on health",2017,0,27038756.95,27038756.95,8.99744575968397,0,19090868.82,7947888.13,12.9889873482681,9.29809513314473,12.7823068276733,0,13.9213820406022,6.56497318981768,9.29809513314473,NA,27038756.95,NA,9.29809513314473,12.9889873482681,2.73312194332705,NA,NA,NA,NA
"Kenya","Government expenditure on health",2017,0.834269058969316,NA,NA,2.47945969625096,70774351847.2,56605956276.5,NA,NA,NA,NA,20.1954743115787,NA,0.667255815734075,NA,NA,NA,NA,NA,NA,NA,NA,NA,NA,NA
"Kenya","Government expenditure on health",2018,0.899095636486982,NA,NA,2.79390158613698,83978290000,6.1841e+10,NA,NA,NA,NA,25.7664991564659,NA,0.662087466367694,NA,NA,NA,NA,NA,NA,NA,NA,NA,NA,NA
"Kiribati","Government expenditure on health",2018,0,32099244.65,32099244.65,10.8813377046537,0,23517240.43,8582004.22,15.5733828440749,10.27048042259,15.4207728188998,0,13.7618804267273,7.52458072030229,10.27048042259,NA,32099244.65,NA,10.27048042259,15.5733828440749,2.74589970228769,NA,NA,NA,NA
"Kazakhstan","Government expenditure on health",2018,0.259544495848238,1049871744833.1,1049871744833.1,11.4305548859842,160449213428.7,1049871744833.1,0,11.1668960374146,1.69828462785893,10.7711460104606,3.53100003308151,0,1.69828462785893,1.69828462785893,0,1210320958261.8,0,1.95782912370716,11.4081052593089,0,0,NA,NA,NA
"Kazakhstan","Government expenditure on health",2019,0.258044124943642,1177181864702.24,1177181864702.24,10.3404471230825,179424866633.8,1177181864702.24,0,10.3277578743607,1.69299200203162,9.98455623642728,3.13778296376273,0,1.69299200203162,1.69299200203162,0,1356606731336.04,0,1.95103612697526,10.3277578743607,0,0,NA,NA,NA
"Kenya","Government expenditure on health",2020,0.99613825292099,103125174486.1,103125174486.1,4.40358617450862,106727138981,103125174486.1,0,4.40358617450862,0.962519300391289,7.58301666384946,25.0796026434218,NA,0.962519300391289,0.962519300391289,NA,209852313467.1,0,1.95865755331228,4.40358617450862,0,0,NA,NA,NA
"Kiribati","Government expenditure on health",2020,0,28927749.02,28927749.02,10.4139161196621,0,21890746.55,7037002.47,11.1794364508321,8.92232569979982,11.0965950004737,0,6.52227026825754,6.75186895447108,8.92232569979982,NA,28927749.02,NA,8.92232569979982,11.1794364508321,2.17045674532874,NA,NA,NA,NA
"Kazakhstan","Government expenditure on health",2020,0.520297857240644,1640732584949.7,1640732584949.7,12.0216218079598,367585389251.3,1640732584949.7,0,13.4520560999358,2.32237100063469,11.9067605742434,4.72413628500997,0,2.32237100063469,2.32237100063469,0,2008317974201,0,2.84266885787533,13.4520560999358,0,0,NA,NA,NA
"Kenya","Government expenditure on health",2019,0.898867016877276,NA,NA,3.1207519485584,92023578246.9499,76684032510,NA,NA,NA,NA,23.4192991809051,NA,0.749033550503871,NA,NA,NA,NA,NA,NA,NA,NA,NA,NA,NA
"Kiribati","Government expenditure on health",2022,0,NA,39357444.06,8.97799602201931,0,27377728.79,11979715.27,NA,NA,11.2777513264691,0,8.14924247225342,7.01161133964841,10.0796929937983,NA,39357444.06,NA,10.0796929937983,11.3617438019082,3.06808165414992,NA,NA,NA,NA
"Kazakhstan","Government expenditure on health",2021,0.449243268268415,2071815992766,2071815992766,14.0846308983136,377146866679.3,2071815992766,0,14.0877070643151,2.46786986734379,13.5908023168994,4.74128030793059,0,2.46786986734379,2.46786986734379,0,2448962859445.3,0,2.9171131356122,14.0877070643151,0,0,NA,NA,NA
"Kenya","Government expenditure on health",2021,0.904902676453662,NA,NA,3.33141256422707,108838635352.8,90806495200.65,NA,NA,NA,NA,25.5929355975506,NA,0.754980437600009,NA,NA,NA,NA,NA,NA,NA,NA,NA,NA,NA
"Kiribati","Government expenditure on health",2019,0,34065463.83,34065463.83,9.82820739455843,0,24131221.97,9934241.86,12.0470649778229,10.9136969290311,11.9553814964016,0,7.62119779749051,7.73102178857835,10.9136969290311,NA,34065463.83,NA,10.9136969290311,12.0470649778229,3.18267514045279,NA,NA,NA,NA
"Kazakhstan","Government expenditure on health",2022,0.320081420026643,1939031719642.49,1939031719642.49,11.1951500949912,332134149914.03,1939031719642.49,0,11.1382146330184,1.86866670127273,14.3351883705067,3.384218149886,0,1.86866670127273,1.86866670127273,77.1671564683006,3171920527556.52,2.06453505172046,3.05681552750521,11.1382146330184,0,2142275532000,NA,NA,NA
"Jordan","Government expenditure on health",2018,NA,NA,NA,11.8466124571408,NA,1014900000,NA,NA,NA,NA,NA,NA,3.29584682382206,NA,NA,NA,NA,NA,NA,NA,NA,NA,NA,NA
"Jordan","Government expenditure on health",2019,NA,NA,NA,11.4132038218006,NA,1005800000,NA,NA,NA,NA,NA,NA,3.18320049953904,NA,NA,NA,NA,NA,NA,NA,NA,NA,NA,NA
"Kazakhstan","Government expenditure on health",2023,0.353066374120229,2168221717099.44,2168221717099.44,10.1524832130172,421035782014.95,2168221717099.44,0,10.0602642847332,1.81819743747541,11.0395178922286,3.36836117130441,0,1.81819743747541,1.81819743747541,70.3740440864095,3080454422145.76,2.05893771775992,2.5831649468477,10.0602642847332,0,2455307318000,NA,NA,NA
"Kiribati","Government expenditure on health",2023,0,42126200,42126162.55,8.95032377984067,0,28138683.61,13987478.94,10.5067513719342,10.02377730664,10.4260341540414,0,7.25139947824438,6.69549824595242,10.0237683955476,NA,42126200,NA,10.02377730664,10.50674203148,3.32827014959519,NA,NA,NA,NA
"Jordan","Government expenditure on health",2022,NA,NA,NA,9.19026494982568,NA,961900000,NA,NA,NA,NA,NA,NA,2.8551024381904,NA,NA,NA,NA,NA,NA,NA,NA,NA,NA,NA
"Jordan","Government expenditure on health",2020,NA,NA,NA,9.3917253807823,NA,865100000,NA,NA,NA,NA,NA,NA,2.79589964882389,NA,NA,NA,NA,NA,NA,NA,NA,NA,NA,NA
"Kenya","Government expenditure on health",2022,0,8.82e+10,NA,2.95012877546242,0,8.82e+10,NA,2.73191884776212,0.659767779694412,NA,0,NA,0.659767779694412,NA,NA,NA,NA,NA,NA,NA,NA,NA,NA,NA
"Kenya","Government expenditure on health",2023,0,88131593343.05,88131593343.05,2.80005164657923,0,88131593343.05,0,2.79887037792713,0.582218667259939,2.80005164657923,NA,NA,0.582218667259939,0.582218667259939,NA,88131593343.05,0,0.582218667259939,2.80005164657923,0,0,NA,NA,NA
"Kiribati","Government expenditure on health",2021,0,34363850.49,34363850.49,9.33494320981472,0,27241544.93,7122305.56,10.4038844132604,8.92161067661081,10.3212140720084,0,8.16163599749086,7.07250365221983,8.92161067661081,NA,34363850.49,NA,8.92161067661081,10.4038844132604,1.84910702439098,NA,NA,NA,NA
"Latvia","Government expenditure on health",2000,0.790421261535358,NA,221535000,NA,54290000,NA,NA,NA,NA,10.4182913637393,8.35318156360973,NA,NA,3.22538173096768,NA,265048000,NA,3.8588980388179,16.3238343381528,NA,NA,NA,NA,NA
"Latvia","Government expenditure on health",2010,1.03031955803636,NA,673308000,NA,186364000,NA,NA,NA,NA,8.8418199686594,8.10524942373766,NA,NA,3.72240562008941,NA,734867000,NA,4.0627365942752,13.7345467786006,NA,NA,NA,NA,NA
"Latvia","Government expenditure on health",2003,0.735598868183334,NA,237010000,NA,70410000,NA,NA,NA,NA,9.49427895741158,7.95047916287925,NA,NA,2.47612963709888,NA,306840000,NA,3.20566903441804,12.7750012936164,NA,NA,NA,NA,NA
"Latvia","Government expenditure on health",2011,1.01363396538933,NA,746127000,NA,200333000,NA,NA,NA,NA,10.0239085155998,8.54462841254331,NA,NA,3.77521261945882,NA,840241000,NA,4.25140549341693,15.3226449037261,NA,NA,NA,NA,NA
"Latvia","Government expenditure on health",1995,0.545754142034181,NA,107632000,NA,22154000,NA,NA,NA,NA,8.74964640890107,6.92829957374414,NA,NA,2.65146744675557,NA,126200000,NA,3.10888204047638,13.0929934384192,NA,NA,NA,NA,NA
"Latvia","Government expenditure on health",2004,0.840248072198066,NA,272350000,NA,93240000,NA,NA,NA,NA,9.36130924596454,8.32943244798125,NA,NA,2.45432821174542,NA,3.64e+08,NA,3.28024772930176,12.1298038209661,NA,NA,NA,NA,NA
"Latvia","Government expenditure on health",1999,0.854505707978179,NA,188188000,NA,53600000,NA,NA,NA,NA,9.44041439027146,8.48864169063335,NA,NA,3.00014403307831,NA,241447000,NA,3.8492134267576,14.0348731411184,NA,NA,NA,NA,NA
"Latvia","Government expenditure on health",2006,0.745872982321758,NA,643576000,NA,128290000,NA,NA,NA,NA,11.6073363578563,7.13387257676879,NA,NA,3.74172539146237,NA,727866000,NA,4.23178411529043,16.9253204188358,NA,NA,NA,NA,NA
"Latvia","Government expenditure on health",1996,0.643329341082017,NA,112336000,NA,30122000,NA,NA,NA,NA,8.24923924490436,8.09620186479811,NA,NA,2.39921136909201,NA,136140000,NA,2.90760429237454,12.6231003995847,NA,NA,NA,NA,NA
"Latvia","Government expenditure on health",2013,0.933245016182402,NA,754358000,NA,212304000,NA,NA,NA,NA,9.5394076624922,8.54770297392456,NA,NA,3.31600367358752,NA,835089000,NA,3.6708806584838,15.238619688811,NA,NA,NA,NA,NA
"Latvia","Government expenditure on health",2008,1.25839101055415,NA,857394000,NA,308657000,NA,NA,NA,NA,11.2427841740876,10.111225876027,NA,NA,3.49558539771676,NA,1055205000,NA,4.30205855137511,15.172145063285,NA,NA,NA,NA,NA
"Latvia","Government expenditure on health",1998,0.846432621351068,NA,181295000,NA,50910000,NA,NA,NA,NA,10.1680330042755,9.07677550714767,NA,NA,3.01422121563233,NA,231949000,NA,3.8563975660923,14.456322044386,NA,NA,NA,NA,NA
"Latvia","Government expenditure on health",2009,1.39908891795291,NA,703338000,NA,265827000,NA,NA,NA,NA,10.006674400737,10.4043222476063,NA,NA,3.70177747698753,NA,857128000,NA,4.51119820810957,14.6209252323412,NA,NA,NA,NA,NA
"Latvia","Government expenditure on health",2007,1.20800729443631,NA,709895000,NA,274264000,NA,NA,NA,NA,11.6223298564753,11.1430771199714,NA,NA,3.12676231034282,NA,910726000,NA,4.01133087548056,14.7531403378719,NA,NA,NA,NA,NA
"Latvia","Government expenditure on health",2005,0.685756705633214,NA,438125000,NA,93690000,NA,NA,NA,NA,11.1867762625807,7.07656726439956,NA,NA,3.20682203709629,NA,531555000,NA,3.89067569284729,15.5056660933331,NA,NA,NA,NA,NA
"Latvia","Government expenditure on health",2002,0.83567632228149,NA,235970000,NA,70250000,NA,NA,NA,NA,10.335120611534,8.40841056503322,NA,NA,2.80703974048061,NA,304030000,NA,3.61666437385397,14.8559794105204,NA,NA,NA,NA,NA
"Latvia","Government expenditure on health",2012,0.919575899533867,NA,778365000,NA,201612000,NA,NA,NA,NA,10.0285500949514,8.51860693574454,NA,NA,3.55021375235937,NA,852863000,NA,3.89000783883971,15.8476480637778,NA,NA,NA,NA,NA
"Latvia","Government expenditure on health",2001,0.766299762703798,NA,188140000,NA,57250000,NA,NA,NA,NA,9.16297960027115,8.03800960629899,NA,NA,2.51828187519812,NA,237230000,NA,3.17535882456283,13.8122520416643,NA,NA,NA,NA,NA
"Kuwait","Government expenditure on health",2012,NA,NA,1.243e+09,7.16096324461343,NA,1.243e+09,0,NA,NA,NA,NA,0,2.55119842700042,2.55119842700042,NA,NA,NA,NA,6.5410724622428,0,NA,NA,NA,NA
"Kuwait","Government expenditure on health",2013,NA,NA,1.355e+09,8.17003316249623,NA,1.355e+09,0,NA,NA,NA,NA,0,2.74334797336333,2.74334797336333,NA,NA,NA,NA,7.28494623655914,0,NA,NA,NA,NA
"Kuwait","Government expenditure on health",2009,NA,NA,8.51e+08,7.34190320075921,NA,8.51e+08,0,NA,NA,NA,NA,0,2.79051160472452,2.79051160472452,NA,NA,NA,NA,6.80255795363709,0,NA,NA,NA,NA
"Kuwait","Government expenditure on health",1996,NA,2.47e+08,2.47e+08,6.42392717815345,NA,2.47e+08,0,5.86837728676645,2.61954428201738,NA,NA,0,2.61954428201738,2.61954428201738,0,NA,0,NA,5.86837728676645,0,0,NA,NA,NA
"Kuwait","Government expenditure on health",2011,NA,NA,1.086e+09,6.12313937753721,NA,1.086e+09,0,NA,NA,NA,NA,0,2.554602872164,2.554602872164,NA,NA,NA,NA,5.7762884952928,0,NA,NA,NA,NA
"Kuwait","Government expenditure on health",2006,NA,NA,5.41e+08,4.83389322206861,NA,5.41e+08,0,NA,NA,4.56740240681001,NA,0,1.83579633180068,1.83579633180068,NA,5.41e+08,NA,1.83579633180068,4.56740240681001,0,NA,NA,NA,NA
"Kuwait","Government expenditure on health",1995,NA,2.56e+08,2.56e+08,6.27968337730871,NA,2.38e+08,1.8e+07,6.26069943751529,3.15506127905445,NA,NA,6.02006688963211,2.93322103287093,3.15506127905445,NA,NA,NA,NA,6.26069943751529,0.221840246183516,NA,NA,NA,NA
"Kuwait","Government expenditure on health",2004,NA,NA,3.86e+08,6.13087674714104,NA,3.86e+08,0,NA,NA,5.64080081835452,NA,0,2.2036114108251,2.2036114108251,NA,3.86e+08,NA,2.2036114108251,5.64080081835452,0,NA,NA,NA,NA
"Kuwait","Government expenditure on health",2002,NA,NA,3.33e+08,6.95343495510545,NA,3.33e+08,0,NA,NA,6.33200228180262,NA,0,2.87338965061998,2.87338965061998,NA,3.33e+08,NA,2.87338965061998,6.33200228180262,0,NA,NA,NA,NA
"Kyrgyz Republic","Government expenditure on health",2011,0.426939348387753,NA,NA,9.94092618491846,1.221e+09,8.238e+09,NA,NA,NA,NA,5.76483958708262,NA,2.88052936283236,NA,NA,NA,NA,NA,NA,NA,NA,NA,NA,NA
"Kuwait","Government expenditure on health",2005,NA,NA,4.5e+08,6.71441360787825,NA,4.5e+08,0,NA,NA,6.18556701030928,NA,0,1.90715947667544,1.90715947667544,NA,4.5e+08,NA,1.90715947667544,6.18556701030928,0,NA,NA,NA,NA
"Kyrgyz Republic","Government expenditure on health",2010,0.381178322025799,NA,NA,10.0341400417209,8.4e+08,6.071e+09,NA,NA,NA,NA,5.52393722571432,NA,2.7549209440698,NA,NA,NA,NA,NA,NA,NA,NA,NA,NA,NA
"Kuwait","Government expenditure on health",1997,NA,2.64e+08,2.64e+08,7.61656530553142,NA,2.63e+08,1e+06,6.89835380193363,2.86753643536328,NA,NA,0.267379679144385,2.8566745549263,2.86753643536328,0,NA,0,NA,6.89835380193363,0.0108618804369821,0,NA,NA,NA
"Kuwait","Government expenditure on health",2014,NA,NA,1.694e+09,8.75135609856899,NA,1.694e+09,0,NA,NA,NA,NA,0,3.65993341902705,3.65993341902705,NA,NA,NA,NA,8.02691432903715,0,NA,NA,NA,NA
"Kuwait","Government expenditure on health",2003,NA,NA,3.71e+08,6.79238374221897,NA,3.71e+08,0,NA,NA,6.22065727699531,NA,0,2.60213922496931,2.60213922496931,NA,3.71e+08,NA,2.60213922496931,6.22065727699531,0,NA,NA,NA,NA
"Kyrgyz Republic","Government expenditure on health",2000,1.32990809068223,NA,NA,11.0183398093748,869200000,1295900000,NA,NA,NA,NA,25.1650260567458,NA,1.98277484435699,NA,NA,NA,NA,NA,NA,NA,NA,NA,NA,NA
"Kuwait","Government expenditure on health",2007,NA,NA,5.92e+08,5.48859632857408,NA,5.92e+08,0,NA,NA,NA,NA,0,1.81703779868326,1.81703779868326,NA,NA,NA,NA,5.09378764412322,0,NA,NA,NA,NA
"Kuwait","Government expenditure on health",2008,NA,NA,1.079e+09,5.76379652035491,NA,1.079e+09,0,NA,NA,NA,NA,0,2.72338578185655,2.72338578185655,NA,NA,NA,NA,5.48180437223433,0,NA,NA,NA,NA
"Kyrgyz Republic","Government expenditure on health",1999,1.58316921056951,NA,NA,11.7088903917183,771700000,1125400000,NA,NA,NA,NA,27.2752977768353,NA,2.30879698014115,NA,NA,NA,NA,NA,NA,NA,NA,NA,NA,NA
"Kuwait","Government expenditure on health",2001,NA,NA,3.21e+08,6.9136334266638,NA,3.21e+08,0,NA,NA,6.31392604248623,NA,0,3.00109385663934,3.00109385663934,NA,3.21e+08,NA,3.00109385663934,6.31392604248623,0,NA,NA,NA,NA
"Latvia","Government expenditure on health",1997,0.752318716069127,NA,167510000,NA,40595000,NA,NA,NA,NA,10.3016529471612,8.65945383260025,NA,NA,3.10434556296932,NA,194915000,NA,3.61222324282827,15.2442853268635,NA,NA,NA,NA,NA
"Kyrgyz Republic","Government expenditure on health",2009,0.405023483907647,NA,NA,10.8053134586101,8.15e+08,5.474e+09,NA,NA,NA,NA,5.80691294817612,NA,2.72036632013553,NA,NA,NA,NA,NA,NA,NA,NA,NA,NA,NA
"Kuwait","Government expenditure on health",2010,NA,NA,1.058e+09,7.04863424383744,NA,1.058e+09,0,NA,NA,NA,NA,0,3.19839415219882,3.19839415219882,NA,NA,NA,NA,6.6137400762643,0,NA,NA,NA,NA
"Latvia","Government expenditure on health",2014,0.935375670486048,NA,819678000,NA,220990000,NA,NA,NA,NA,9.77495824953043,8.70821395119003,NA,NA,3.46941879194834,NA,898291000,NA,3.8021609412941,14.8988913051539,NA,NA,NA,NA,NA
"Kuwait","Government expenditure on health",1998,NA,2.6e+08,2.6e+08,7.40951838130522,NA,2.6e+08,0,6.66324961558175,3.28853838129034,NA,NA,0,3.28853838129034,3.28853838129034,NA,NA,NA,NA,6.66324961558175,0,NA,NA,NA,NA
"Kyrgyz Republic","Government expenditure on health",1998,1.92911934560902,NA,NA,12.7741781294811,659400000,962100000,NA,NA,NA,NA,27.404205801679,NA,2.81468869034036,NA,NA,NA,NA,NA,NA,NA,NA,NA,NA,NA
"Kyrgyz Republic","Government expenditure on health",2014,0.0976805242903562,14585200000,3101500000,2.88787835338288,391400000,3101500000,NA,11.3850117520826,3.63998462667272,10.5520528166014,2.47696529856418,NA,0.774032054385641,0.774032054385641,24.9297719270062,14976600000,2.86595257228708,3.73766515096308,2.88787835338288,NA,11483700000,NA,NA,NA
"Kyrgyz Republic","Government expenditure on health",1995,3.01763383317539,NA,NA,13.9953594217126,487200000,627300000,NA,NA,NA,NA,25.4691829159914,NA,3.88538937510452,NA,NA,NA,NA,NA,NA,NA,NA,NA,NA,NA
"Kyrgyz Republic","Government expenditure on health",2006,0.313220287152647,NA,NA,12.8480388731999,356445000,2553711500,NA,NA,NA,NA,5.21933553068318,NA,2.24403273810831,NA,NA,NA,NA,NA,NA,NA,NA,NA,NA,NA
"Kyrgyz Republic","Government expenditure on health",2001,1.28540549758876,NA,NA,10.5276819250618,949700000,1.379e+09,NA,NA,NA,NA,23.2803843702505,NA,1.86645696659462,NA,NA,NA,NA,NA,NA,NA,NA,NA,NA,NA
"Kyrgyz Republic","Government expenditure on health",2013,0.439224553807148,NA,10758424000,11.6810161175817,1560542000,10758424000,NA,NA,NA,NA,7.57224934830915,NA,3.02802742961619,3.02802742961619,NA,NA,NA,NA,11.6810161175817,NA,NA,NA,NA,NA
"Kyrgyz Republic","Government expenditure on health",1997,1.92402324209648,NA,NA,14.224991265867,590400000,977200000,NA,NA,NA,NA,27.6133015293953,NA,3.1845452442017,NA,NA,NA,NA,NA,NA,NA,NA,NA,NA,NA
"Kyrgyz Republic","Government expenditure on health",1996,2.26801656459809,NA,NA,14.0170645852464,530700000,732700000,NA,NA,NA,NA,28.1001800275336,NA,3.1312902522725,NA,NA,NA,NA,NA,NA,NA,NA,NA,NA,NA
"Kyrgyz Republic","Government expenditure on health",2008,NA,NA,NA,10.578542820379,NA,4376160156,NA,NA,NA,NA,NA,NA,2.32784505928181,NA,NA,NA,NA,NA,NA,NA,NA,NA,NA,NA
"Kyrgyz Republic","Government expenditure on health",2012,0.447450698341521,NA,NA,10.4937719338545,1389206000,10256003000,NA,NA,NA,NA,5.8959348231242,NA,3.30336588277242,NA,NA,NA,NA,NA,NA,NA,NA,NA,NA,NA
"Latvia","Government expenditure on health",1994,1.27588641676505,34180000,NA,NA,46030000,NA,NA,6.05845755711931,0.947421197589168,NA,25.6134883979745,NA,NA,NA,NA,NA,NA,NA,NA,NA,NA,NA,NA,NA
"Kuwait","Government expenditure on health",1994,NA,2.35e+08,2.35e+08,5.64075903301274,NA,2.17e+08,1.8e+07,5.69007263922518,3.18438669457544,NA,NA,6.36042402826855,2.94047622435264,3.18438669457544,NA,NA,NA,NA,5.69007263922518,0.2439104702228,NA,NA,NA,NA
"Kuwait","Government expenditure on health",1991,NA,6.3e+07,6.3e+07,0.953678474114441,NA,6.3e+07,0,0.949081048508587,2.01222860066748,NA,NA,0,2.01222860066748,2.01222860066748,NA,NA,NA,NA,0.949081048508587,0,NA,NA,NA,NA
"Kuwait","Government expenditure on health",1990,NA,2.22e+08,2.22e+08,7.76629853936587,NA,2.18e+08,4e+06,7.5690419365837,4.16699514601376,NA,NA,3.17460317460317,4.09191415239189,4.16699514601376,NA,NA,NA,NA,7.5690419365837,0.0750809936218696,NA,NA,NA,NA
"Kuwait","Government expenditure on health",1993,NA,2.5e+08,2.5e+08,6.26038781163435,NA,2.26e+08,2.4e+07,5.71167466301119,3.45753681481474,NA,NA,3.12907431551499,3.12561328059253,3.45753681481474,NA,NA,NA,NA,5.71167466301119,0.331923534222215,NA,NA,NA,NA
"Kuwait","Government expenditure on health",1992,NA,2.35e+08,2.35e+08,3.7037037037037,NA,1.86e+08,4.9e+07,3.99388171312033,4.03324699896388,NA,NA,5.68445475638051,3.19227209279695,4.03324699896388,NA,NA,NA,NA,3.99388171312033,0.840974906166938,NA,NA,NA,NA
"Kyrgyz Republic","Government expenditure on health",1994,NA,NA,NA,14.8707739343738,NA,418300000,NA,NA,NA,NA,NA,NA,3.48026490947817,NA,NA,NA,NA,NA,NA,NA,NA,NA,NA,NA
"Kyrgyz Republic","Government expenditure on health",1993,NA,NA,NA,11.2090063631914,NA,137400000,NA,NA,NA,NA,NA,NA,2.57487461941165,NA,NA,NA,NA,NA,NA,NA,NA,NA,NA,NA
"Kyrgyz Republic","Government expenditure on health",2015,0.0784920604316854,1.4882e+10,3615300000,3.00228952292056,337900000,3615300000,NA,10.3477791073876,3.45699568909246,9.67944421054774,1.97090595179767,NA,0.839811619054964,0.839811619054964,22.9650511004847,15219900000,2.6171840700375,3.53548774952415,3.00228952292056,NA,11266700000,NA,NA,NA
"Kuwait","Government expenditure on health",2015,NA,NA,1.596e+09,8.76297150387086,NA,1.596e+09,0,NA,NA,NA,NA,0,4.62966723251488,4.62966723251488,NA,NA,NA,NA,7.77171795870666,0,NA,NA,NA,NA
"Latvia","Government expenditure on health",2015,0.867853260377274,NA,843742000,NA,213250000,NA,NA,NA,NA,9.63818854584577,8.66044360152619,NA,NA,3.43373620453572,NA,915210000,NA,3.72458608407918,14.6292069880332,NA,NA,NA,NA,NA
"Kyrgyz Republic","Government expenditure on health",2016,0.051455793783821,15821100000,3399500000,2.48668331526565,245100000,3399500000,NA,9.783510057083,3.32144944525994,9.14863412809181,1.39878098890563,NA,0.713684092077109,0.713684092077109,24.1859704392829,16066200000,2.60776535318283,3.37290523904376,2.48668331526565,NA,12421600000,NA,NA,NA
"Latvia","Government expenditure on health",2016,0.892413021905103,NA,865441000,NA,226417000,NA,NA,NA,NA,9.82963581734155,8.80986973733462,NA,NA,3.4110990698162,NA,935258000,NA,3.68627982015892,15.5814818522325,NA,NA,NA,NA,NA
"Kosovo","Government expenditure on health",2016,NA,NA,NA,NA,NA,NA,NA,NA,NA,9.88061318200014,NA,NA,NA,NA,NA,167840000,NA,2.78005068490882,NA,NA,NA,NA,NA,NA
"Kyrgyz Republic","Government expenditure on health",2017,0.0481171626991608,17425700000,3948500000,2.59624552059703,255250000,3948500000,NA,9.89079979663403,3.28491769655932,9.30503099887667,1.31915894250224,NA,0.744331506043629,0.744331506043629,26.903439819918,17680950000,2.94918148983177,3.33303485925848,2.59624552059703,NA,15644700000,NA,NA,NA
"Latvia","Government expenditure on health",2017,0.845035365044403,NA,871458000,NA,228028000,NA,NA,NA,NA,9.20074946284772,7.67728133713739,NA,NA,3.22948422628303,NA,947006000,NA,3.50945305361289,14.7167211287585,NA,NA,NA,NA,NA
"Latvia","Government expenditure on health",2018,0.971500682352035,NA,1093784000,NA,283227000,NA,NA,NA,NA,10.2396309078492,8.54250986502492,NA,NA,3.75180297904415,NA,1171543000,NA,4.01852515439824,16.1769223317412,NA,NA,NA,NA,NA
"Latvia","Government expenditure on health",2019,1.00606521089025,NA,1250627000,NA,307583000,NA,NA,NA,NA,10.8982397429822,9.28352068911918,NA,NA,4.09064322963248,NA,1277372000,NA,4.17812275244505,17.6582448004539,NA,NA,NA,NA,NA
"Kyrgyz Republic","Government expenditure on health",2018,0.0481044831481513,17424600000,3703900000,2.6003831877599,273900000,3703900000,NA,10.216752575355,3.0602459914687,9.50261594826367,1.37782204515272,NA,0.650508196905577,0.650508196905577,22.7406373683199,17698500000,2.40973779456312,3.10835047461685,2.6003831877599,NA,13720700000,NA,NA,NA
"Latvia","Government expenditure on health",2020,1.1136432644745,NA,1339606000,NA,335312000,NA,NA,NA,NA,11.055172915157,10.0444841190197,NA,NA,4.44911962276812,NA,1414254000,NA,4.6970416846284,16.6909150669721,NA,NA,NA,NA,NA
"Kosovo","Government expenditure on health",2019,NA,NA,NA,NA,NA,NA,NA,NA,NA,10.0210004739017,NA,NA,NA,NA,NA,178606115.06,NA,2.53119405714124,NA,NA,NA,NA,NA,NA
"Kosovo","Government expenditure on health",2018,NA,NA,NA,NA,NA,NA,NA,NA,NA,10.215960501429,NA,NA,NA,NA,NA,199806161.93,NA,2.99492111114442,NA,NA,NA,NA,NA,NA
"Kosovo","Government expenditure on health",2017,NA,NA,NA,NA,NA,NA,NA,NA,NA,10.0480999128013,NA,NA,NA,NA,NA,178610000,NA,2.8098796507512,NA,NA,NA,NA,NA,NA
"Kyrgyz Republic","Government expenditure on health",2021,0.0363856339551306,26845635962,22756931000,11.9157511130506,284846500,22756931000,0,11.9434805213478,3.42919952818807,11.0674741797394,1.1779338036241,NA,2.90691780066866,2.90691780066866,25.1556903927068,27130482462,2.41537699441646,3.4655851621432,11.9157511130506,0,18908882662,NA,NA,NA
"Kyrgyz Republic","Government expenditure on health",2020,0.0430342200877114,22063401000,5399800000,3.40659324935393,275285000,5261500000,138300000,11.8609361705744,3.44908460147641,10.9804422789079,1.36441994643827,100,0.822509577316213,0.844129471746096,23.2271201464381,22338686000,2.60495512973031,3.49211882156412,3.49300875249099,0.0216198944298835,16663601000,NA,NA,NA
"Kyrgyz Republic","Government expenditure on health",2019,0.0404577752932959,18249700000,3607900000,2.41595808651887,264600000,3607900000,NA,10.1594927407143,2.79040915257015,9.35299481436016,1.2366277357935,NA,0.551653845354053,0.551653845354053,21.9637432778057,18514300000,2.2387553072161,2.83086692786345,2.41595808651887,NA,14641800000,NA,NA,NA
"Kyrgyz Republic","Government expenditure on health",2022,0.0305035380293746,3.1071e+10,26388100000,9.30870071659932,296200000,26388100000,NA,9.67294542137599,3.19978200577549,8.99385199954812,0.867837847340232,NA,2.7175233351551,2.7175233351551,26.7797630638313,31367300000,2.46435014848591,3.23029584209589,9.30870071659932,NA,23929700000,NA,NA,NA
"Latvia","Government expenditure on health",2021,1.37865587314904,NA,1953633000,NA,459767000,NA,NA,NA,NA,14.1442544364244,12.6473927253291,NA,NA,5.85815773952412,NA,2105271000,NA,6.31285896708629,20.0135306228174,NA,NA,NA,NA,NA
"Latvia","Government expenditure on health",2022,1.22686841816829,NA,1701063000,NA,470948000,NA,NA,NA,NA,11.7722041819842,12.1054747463739,NA,NA,4.43144566282182,NA,1848609000,NA,4.8158183061435,17.0387388074106,NA,NA,NA,NA,NA
"Kosovo","Government expenditure on health",2020,NA,NA,NA,NA,NA,NA,NA,NA,NA,11.2867809829271,NA,NA,NA,NA,NA,252969646.12,NA,3.7357440799811,NA,NA,NA,NA,NA,NA
"Kyrgyz Republic","Government expenditure on health",2023,0.0304210525236511,37211140000,31505980000,9.15483096633855,343530000,31505980000,NA,9.51376827128928,3.29520578815514,8.81158312003982,0.682500487244912,NA,2.78998944019184,2.78998944019184,25.4683229313498,37554680000,2.50944239021329,3.32562772622161,9.15483096633855,NA,28337900000,NA,NA,NA
"Kosovo","Government expenditure on health",2022,NA,NA,NA,NA,NA,NA,NA,NA,NA,9.50478879042234,NA,NA,NA,NA,NA,238148908.77,NA,2.68279364158659,NA,NA,NA,NA,NA,NA
"Kosovo","Government expenditure on health",2023,NA,NA,NA,NA,NA,NA,NA,NA,NA,10.375858340417,NA,NA,NA,NA,NA,298440666.24,NA,3.078370887268,NA,NA,NA,NA,NA,NA
"Kosovo","Government expenditure on health",2021,NA,NA,NA,NA,NA,NA,NA,NA,NA,12.0261304134875,NA,NA,NA,NA,NA,276481265.6,NA,3.47429932017241,NA,NA,NA,NA,NA,NA
"Liberia","Government expenditure on health",2011,NA,NA,33900000,8.81163854360918,NA,33900000,NA,NA,NA,NA,NA,NA,2.20090357526617,2.20090357526617,NA,NA,NA,NA,8.81163854360918,NA,NA,NA,NA,NA
"Luxembourg","Government expenditure on health",2006,0.0106100640524827,NA,181421000,NA,3626000,NA,NA,NA,NA,12.5093539758522,0.228593187343023,NA,NA,0.530857261573485,27.0807270394496,1683030000,4.55549508267715,4.92472589692495,1.85758479061944,NA,1556845000,NA,NA,NA
"Luxembourg","Government expenditure on health",1996,0.0126995078227029,NA,129287000,NA,1994000,NA,NA,NA,NA,12.4305511798235,0.213664452514308,NA,NA,0.823410866536501,26.8446371325221,826592000,4.570517199772,5.26444913248927,2.73155418665976,NA,717635000,NA,NA,NA
"Luxembourg","Government expenditure on health",1997,0.0288940178838916,NA,114697000,NA,4716000,NA,NA,NA,NA,12.2714840476953,0.501908764565837,NA,NA,0.702726286944171,26.885924902712,880196000,4.68414549932682,5.39279028102837,2.23482050531646,NA,764533000,NA,NA,NA
"Liberia","Government expenditure on health",2012,NA,NA,49400000,10.118409105395,NA,49400000,NA,NA,NA,NA,NA,NA,2.82958320823712,2.82958320823712,NA,NA,NA,NA,10.118409105395,NA,NA,NA,NA,NA
"Lebanon","Government expenditure on health",2003,NA,NA,NA,3.43916617715315,NA,350535445000,NA,NA,NA,NA,NA,NA,1.19331170332855,NA,NA,NA,NA,NA,NA,NA,NA,NA,NA,NA
"Lithuania","Government expenditure on health",2012,1.65377339854296,NA,570410000,NA,552529000,NA,NA,NA,NA,12.9056582404301,17.6907782253159,NA,NA,1.70729298238263,28.6112186174572,1558836000,3.66642821653268,4.6657487833057,7.18795479178294,NA,1224961000,NA,NA,NA
"Lebanon","Government expenditure on health",2005,NA,NA,NA,2.89992396852886,NA,273593512000,NA,NA,NA,NA,NA,NA,0.844242021785417,NA,NA,NA,NA,NA,NA,NA,NA,NA,NA,NA
"Lebanon","Government expenditure on health",2000,NA,NA,NA,2.8906572617998,NA,2.59e+11,NA,NA,NA,NA,NA,NA,1.00954363858961,NA,NA,NA,NA,NA,NA,NA,NA,NA,NA,NA
"Luxembourg","Government expenditure on health",1999,0.0424385906991352,NA,63577000,NA,8389000,NA,NA,NA,NA,11.7692914711378,0.773011584576995,NA,NA,0.321625733803661,26.6907879792673,971074000,4.57706954238698,4.91250590351317,1.0871797537673,NA,904767000,NA,NA,NA
"Luxembourg","Government expenditure on health",2008,0.0039615492281852,NA,179554000,NA,1585000,NA,NA,NA,NA,12.5285446818097,0.0865317790005661,NA,NA,0.448777293449572,26.636898919161,1895268000,4.3577916300088,4.73703311205311,1.61772588036159,NA,1743535000,NA,NA,NA
"Lithuania","Government expenditure on health",1999,1.94302393278051,NA,662195000,NA,246970000,NA,NA,NA,NA,14.6671220079687,20.0794984556421,NA,NA,5.20978553333438,29.2113882439895,746872000,3.85566377669032,5.87597753056504,18.2893803962987,NA,490078000,NA,NA,NA
"Lithuania","Government expenditure on health",2008,1.93974892835273,NA,634234000,NA,633522000,NA,NA,NA,NA,13.0279916641628,21.1018127942826,NA,NA,1.94192896509492,30.0189986440407,1619466000,3.86645437844458,4.9585609308022,7.12985132999673,NA,1262784000,NA,NA,NA
"Lithuania","Government expenditure on health",2001,2.12562601396628,NA,634117000,NA,301350000,NA,NA,NA,NA,15.1092160188033,21.2187228912948,NA,NA,4.47285744515765,31.4721873574197,776800000,3.90704662481484,5.47929745362206,18.1756452310059,NA,553902000,NA,NA,NA
"Luxembourg","Government expenditure on health",2012,0.0072905002117082,NA,296324000,NA,3392000,NA,NA,NA,NA,12.0743470349229,0.158974464726603,NA,NA,0.636895691254194,25.5259158325035,2342507000,4.44910727910881,5.03480182176532,2.07793468198113,NA,2070005000,NA,NA,NA
"Lithuania","Government expenditure on health",1995,1.5397197433554,NA,241915000,NA,119440000,NA,NA,NA,NA,11.9085736278893,18.5241477713329,NA,NA,3.11856414696769,16.1864845557442,318073000,1.2735173597294,4.10032885070563,11.5266339741598,NA,98790000,NA,NA,NA
"Luxembourg","Government expenditure on health",1998,0.0300060227353044,NA,123597000,NA,5194000,NA,NA,NA,NA,11.954623874061,0.520637555469351,NA,NA,0.714026644592881,26.3920889509907,907807000,4.51308721891114,5.24445080501897,2.27239883994533,NA,781209000,NA,NA,NA
"Luxembourg","Government expenditure on health",2007,0.0163780255513138,NA,165458000,NA,6165000,NA,NA,NA,NA,12.5867892465883,0.365955729151208,NA,NA,0.439558045688448,27.6440742307763,1769312000,4.39149192787824,4.70037909882339,1.62490708426216,NA,1653041000,NA,NA,NA
"Luxembourg","Government expenditure on health",1995,0.0151474374704864,NA,131327000,NA,2275000,NA,NA,NA,NA,11.983211122782,0.25675549089957,NA,NA,0.874403305796293,25.7161969428156,754900000,4.32072164622427,5.02628595449239,2.94050277409513,NA,648931000,NA,NA,NA
"Luxembourg","Government expenditure on health",2004,0.0037673735517605,NA,176465000,NA,1062000,NA,NA,NA,NA,12.3897313398673,0.0710233922430685,NA,NA,0.625997715453326,27.3998686930661,1524283000,4.97444074723123,5.40729139321873,1.99626212036488,NA,1402265000,NA,NA,NA
"Luxembourg","Government expenditure on health",2005,0.0080314388560483,NA,217085000,NA,2432000,NA,NA,NA,NA,12.541410122597,0.154293769754615,NA,NA,0.716901687526832,27.5402430309448,1647967000,4.98763250883392,5.44224761401539,2.29569469867269,NA,1510305000,NA,NA,NA
"Lithuania","Government expenditure on health",2004,1.87056867017569,NA,240148000,NA,340812000,NA,NA,NA,NA,12.1231254143727,21.1635966663541,NA,NA,1.31806780572677,30.6882604778658,751711000,3.28863812247183,4.12581436576892,5.13757102860741,NA,599180000,NA,NA,NA
"Liberia","Government expenditure on health",2005,NA,NA,4041710.3,5.3589417864148,NA,4041710.3,NA,NA,NA,NA,NA,NA,0.598723690451761,0.598723690451761,NA,NA,NA,NA,5.3589417864148,NA,NA,NA,NA,NA
"Luxembourg","Government expenditure on health",2003,0.0076027650577833,NA,133581000,NA,1994000,NA,NA,NA,NA,12.0176026981878,0.13655504627052,NA,NA,0.509320440914619,26.7878367474117,1364335000,4.8972787896581,5.20196512793921,1.65888127563265,NA,1284424000,NA,NA,NA
"Luxembourg","Government expenditure on health",2001,0.0397154091935058,NA,135475000,NA,9484000,NA,NA,NA,NA,12.9044438618548,0.759870139443061,NA,NA,0.56731812109766,26.8304128027946,1174942000,4.44634609022651,4.92021323372376,2.10247181469506,NA,1061783000,NA,NA,NA
"Luxembourg","Government expenditure on health",2010,0.0086103007591497,NA,247723000,NA,3651000,NA,NA,NA,NA,11.8801241849196,0.178085312180967,NA,NA,0.584215156110342,25.7113032702979,2109753000,4.50185955139649,4.9755157100845,1.90769213708757,NA,1908910000,NA,NA,NA
"Lithuania","Government expenditure on health",2000,1.74522521982713,NA,595682000,NA,233012000,NA,NA,NA,NA,12.7253948925066,19.3597970067806,NA,NA,4.46156957322828,30.9327625701657,660660000,3.96065581137559,4.94824512785176,15.6890167506451,NA,528803000,NA,NA,NA
"Lithuania","Government expenditure on health",2003,1.78313383263563,NA,685184000,NA,296890000,NA,NA,NA,NA,15.1020859910221,20.0896044129598,NA,NA,4.11524393539901,31.502851940331,835078000,3.40408050498802,5.01551360668833,16.9386799041306,NA,566776000,NA,NA,NA
"Liberia","Government expenditure on health",2008,NA,NA,12944593,6.43181558531926,NA,12944593,NA,NA,NA,NA,NA,NA,1.19450082339046,1.19450082339046,NA,NA,NA,NA,6.43181558531926,NA,NA,NA,NA,NA
"Liberia","Government expenditure on health",2006,NA,NA,4514640,6.79526858668456,NA,4514640,NA,NA,NA,NA,NA,NA,0.596415284232934,0.596415284232934,NA,NA,NA,NA,6.79526858668456,NA,NA,NA,NA,NA
"Lithuania","Government expenditure on health",1997,1.35648843240292,NA,557999000,NA,159013000,NA,NA,NA,NA,9.11154063013811,15.6411101329386,NA,NA,4.76010885142974,32.4860415033144,535378000,3.6262796014468,4.56713642257558,11.5108490978614,NA,425087000,NA,NA,NA
"Liberia","Government expenditure on health",2013,NA,NA,54161666.51,10.2098902198518,NA,54161666.51,NA,NA,NA,NA,NA,NA,2.76110511340893,2.76110511340893,NA,NA,NA,NA,10.2098902198518,NA,NA,NA,NA,NA
"Lithuania","Government expenditure on health",1996,1.51734080237252,NA,303184000,NA,147352000,NA,NA,NA,NA,11.7177396253727,18.3097821494784,NA,NA,3.12200345992256,27.9433792611837,414789000,2.74892907158745,4.27124351264519,11.7681535871668,NA,266954000,NA,NA,NA
"Luxembourg","Government expenditure on health",2002,0.0136659323260472,NA,95767000,NA,3418000,NA,NA,NA,NA,11.9166714306597,0.247859510502847,NA,NA,0.382897993290979,26.5020939850181,1242364000,4.65165466532859,4.9672505407599,1.28831415240681,NA,1163430000,NA,NA,NA
"Lebanon","Government expenditure on health",2012,NA,NA,NA,1.74825632313682,NA,3.31368e+11,NA,NA,NA,NA,NA,NA,0.499168474331164,NA,NA,NA,NA,NA,NA,NA,NA,NA,NA,NA
"Lithuania","Government expenditure on health",2006,1.79487222127525,NA,428215000,NA,431726000,NA,NA,NA,NA,13.3429844575996,21.4101480072702,NA,NA,1.78027547155692,33.4372031623155,1100403000,3.65723206379166,4.57485251503952,7.05253659260445,NA,879685000,NA,NA,NA
"Luxembourg","Government expenditure on health",2013,0.0424692021900665,NA,320354000,NA,20850000,NA,NA,NA,NA,12.678134998118,0.925547782236585,NA,NA,0.652526561074176,26.0757353325171,2559167000,4.57670732303481,5.21274727871203,2.17850309770636,NA,2246907000,NA,NA,NA
"Lithuania","Government expenditure on health",2005,1.75186367969495,NA,382482000,NA,367541000,NA,NA,NA,NA,14.5247610092462,21.7825437869188,NA,NA,1.82307912297426,31.9258000805286,1038044000,3.42786463298379,4.94777883698761,7.30304340254971,NA,719166000,NA,NA,NA
"Lithuania","Government expenditure on health",1998,1.58760915144114,NA,642535000,NA,206721000,NA,NA,NA,NA,13.4400681311806,17.9604337173539,NA,NA,4.9346435346251,33.1882946408362,707638000,4.29029483369045,5.43463201468408,15.8536588374831,NA,558635000,NA,NA,NA
"Luxembourg","Government expenditure on health",2000,0.0147741461143909,NA,63137000,NA,3396000,NA,NA,NA,NA,11.5108283862234,0.304502166753492,NA,NA,0.274674694706801,26.2576134740104,999933000,4.09290397240071,4.35016379464111,0.996169912314264,NA,940799000,NA,NA,NA
"Lithuania","Government expenditure on health",2013,1.47729140743616,NA,607715000,NA,517637000,NA,NA,NA,NA,12.7154483923675,17.7949274331002,NA,NA,1.73436625988881,28.677940099556,1583364000,3.531715544698,4.51878446100983,7.26333375085217,NA,1237499000,NA,NA,NA
"Lithuania","Government expenditure on health",2011,1.86174051320041,NA,615304000,NA,583045000,NA,NA,NA,NA,12.1955412771166,18.6295523053809,NA,NA,1.9647478063173,29.9296045224166,1622302000,4.0046619748892,5.18022684020283,6.66623041584093,NA,1254148000,NA,NA,NA
"Lithuania","Government expenditure on health",2009,2.14574805462299,NA,616971000,NA,577144000,NA,NA,NA,NA,12.3120928675349,20.0716068059504,NA,NA,2.29381977982757,27.0726222494641,1487895000,4.5716638596726,5.5318045439843,7.98631156933091,NA,1229645000,NA,NA,NA
"Luxembourg","Government expenditure on health",2009,-0.0026350359916723,NA,256367000,NA,-1029000,NA,NA,NA,NA,12.3981645084436,-0.0509324751203026,NA,NA,0.656497834865956,25.9686374287229,2062394000,4.73123401117009,5.28132402236067,2.13639629552531,NA,1847580000,NA,NA,NA
"Luxembourg","Government expenditure on health",2014,0.028315566514067,NA,287234000,NA,14665000,NA,NA,NA,NA,12.5006990847794,0.625918444085828,NA,NA,0.554598938431744,26.024583546449,2621878000,4.528007599732,5.06239078764194,1.88798377472657,NA,2345114000,NA,NA,NA
"Lithuania","Government expenditure on health",2010,2.22014418257895,NA,593816000,NA,622393000,NA,NA,NA,NA,12.7158261329832,19.9186730378974,NA,NA,2.11820688523538,28.0584272227817,1508680000,4.22665772511138,5.38162724415797,7.53737838562032,NA,1184897000,NA,NA,NA
"Lithuania","Government expenditure on health",2007,1.74857727850872,NA,516878000,NA,507285000,NA,NA,NA,NA,13.0062676738209,21.4646128067937,NA,NA,1.78164370434968,30.5705461254892,1328356000,3.61681827425865,4.57875379593469,6.94774626164694,NA,1049286000,NA,NA,NA
"Lebanon","Government expenditure on health",1995,NA,1.8858e+11,1.8858e+11,NA,NA,NA,NA,2.97350993377483,1.06016368323592,NA,NA,NA,NA,1.06016368323592,NA,NA,NA,NA,2.97350993377483,NA,NA,NA,NA,NA
"Lebanon","Government expenditure on health",1996,NA,1.6735e+11,1.6735e+11,NA,NA,NA,NA,2.16438178996379,0.830695424138017,NA,NA,NA,NA,0.830695424138017,NA,NA,NA,NA,2.16438178996379,NA,NA,NA,NA,NA
"Luxembourg","Government expenditure on health",2011,0.0050357147691738,NA,271554000,NA,2232000,NA,NA,NA,NA,11.9115178664608,0.104696766361567,NA,NA,0.612665093381825,25.4154166985386,2182313000,4.39280380115244,4.92361371194448,2.03697511063864,NA,1947040000,NA,NA,NA
"Lebanon","Government expenditure on health",2013,NA,NA,NA,2.3008455057432,NA,4.6452e+11,NA,NA,NA,NA,NA,NA,0.656881045307993,NA,NA,NA,NA,NA,NA,NA,NA,NA,NA,NA
"Lebanon","Government expenditure on health",2007,NA,NA,NA,2.21841598861516,NA,2.79503e+11,NA,NA,NA,NA,NA,NA,0.74679509445053,NA,NA,NA,NA,NA,NA,NA,NA,NA,NA,NA
"Lebanon","Government expenditure on health",2011,NA,NA,NA,1.69678032636823,NA,2.89167e+11,NA,NA,NA,NA,NA,NA,0.480423658415019,NA,NA,NA,NA,NA,NA,NA,NA,NA,NA,NA
"Liberia","Government expenditure on health",2007,NA,NA,8346618,6.770260145951,NA,8346618,NA,NA,NA,NA,NA,NA,0.886368896102442,0.886368896102442,NA,NA,NA,NA,6.770260145951,NA,NA,NA,NA,NA
"Lebanon","Government expenditure on health",2008,NA,NA,NA,2.89914064674034,NA,414583072000,NA,NA,NA,NA,NA,NA,0.944445114700321,NA,NA,NA,NA,NA,NA,NA,NA,NA,NA,NA
"Lithuania","Government expenditure on health",2002,1.885841500685,NA,622302000,NA,286316000,NA,NA,NA,NA,14.6380661417203,19.9678774349093,NA,NA,4.09883812835915,32.2346432421566,770924000,3.61199810306671,5.07774791864264,16.3216565103608,NA,548388000,NA,NA,NA
"Lebanon","Government expenditure on health",2006,NA,NA,NA,3.0565713398998,NA,350877260000,NA,NA,NA,NA,NA,NA,1.05689105093527,NA,NA,NA,NA,NA,NA,NA,NA,NA,NA,NA
"Lebanon","Government expenditure on health",1998,NA,NA,NA,2.63342738502122,NA,2.20825e+11,NA,NA,NA,NA,NA,NA,0.853814377253942,NA,NA,NA,NA,NA,NA,NA,NA,NA,NA,NA
"Lebanon","Government expenditure on health",2002,NA,NA,NA,3.29070871706531,NA,2.98e+11,NA,NA,NA,NA,NA,NA,1.04939951271885,NA,NA,NA,NA,NA,NA,NA,NA,NA,NA,NA
"Lebanon","Government expenditure on health",1999,NA,NA,NA,2.01627384960718,NA,1.7965e+11,NA,NA,NA,NA,NA,NA,0.693765303516756,NA,NA,NA,NA,NA,NA,NA,NA,NA,NA,NA
"Lebanon","Government expenditure on health",1997,NA,NA,NA,2.27749794407895,NA,2.21555e+11,NA,NA,NA,NA,NA,NA,0.926365218483309,NA,NA,NA,NA,NA,NA,NA,NA,NA,NA,NA
"Lebanon","Government expenditure on health",2001,NA,NA,NA,3.03154990257894,NA,2.505e+11,NA,NA,NA,NA,NA,NA,0.957159016299305,NA,NA,NA,NA,NA,NA,NA,NA,NA,NA,NA
"Lebanon","Government expenditure on health",2010,NA,NA,NA,2.21881750639945,NA,3.55388e+11,NA,NA,NA,NA,NA,NA,0.613224281326569,NA,NA,NA,NA,NA,NA,NA,NA,NA,NA,NA
"Lebanon","Government expenditure on health",2009,NA,NA,NA,2.96430664646513,NA,480588577000,NA,NA,NA,NA,NA,NA,0.900568869108967,NA,NA,NA,NA,NA,NA,NA,NA,NA,NA,NA
"Lebanon","Government expenditure on health",2004,NA,NA,NA,3.5305961026821,NA,3.437e+11,NA,NA,NA,NA,NA,NA,1.07749702175685,NA,NA,NA,NA,NA,NA,NA,NA,NA,NA,NA
"Lithuania","Government expenditure on health",2014,1.45749013751858,NA,610897000,NA,533169000,NA,NA,NA,NA,12.766296658749,18.3863045103551,NA,NA,1.66997022058613,27.9738747607773,1621515000,3.5778160055554,4.432632280456,7.29904410608554,NA,1308812000,NA,NA,NA
"Lithuania","Government expenditure on health",1993,NA,123400000,NA,7.23244637205486,239300000,123400000,0,4.98525431260857,NA,NA,21.8180160466813,0,NA,NA,0,NA,NA,NA,NA,NA,0,NA,NA,NA
"Luxembourg","Government expenditure on health",1990,0.0173454249298695,84779585.4724479,NA,5.92210687661117,1809622.73084465,84283798.4229014,495787.049546479,2.45827403286324,0.812621277536352,NA,0.263167381664804,0.0911784818782767,0.807869106322689,NA,0,NA,0,NA,NA,0.0047521712136628,0,NA,NA,NA
"Lithuania","Government expenditure on health",1994,NA,279200000,NA,7.18688051901243,407100000,199400000,0,6.50497425502668,NA,NA,21.3320058687906,0,NA,NA,5.50117192885702,NA,NA,NA,NA,NA,79800000,NA,NA,NA
"Luxembourg","Government expenditure on health",1991,0.0253450047853362,84382955.8328107,NA,5.12917645276158,2925143.59232422,83911958.1357415,470997.697069155,2.21891948268669,0.731138951604106,NA,0.407064992410652,0.0961927906034833,0.727057976257315,NA,0,NA,0,NA,NA,0.0040809753467914,0,NA,NA,NA
"Luxembourg","Government expenditure on health",1992,0.0447405103373983,119112838.653542,NA,6.19688156927484,5453657.54501127,119112838.653542,0,2.70666103365724,0.977173418959998,NA,0.650041366268763,0,0.977173418959998,NA,0,NA,0,NA,NA,0,0,NA,NA,NA
"Luxembourg","Government expenditure on health",1993,0.0219159603977661,138076693.298694,NA,7.11511930918193,2949932.94480155,138076693.298694,0,2.88889926195625,1.025814280803,NA,0.321456549339528,0,1.025814280803,NA,0,NA,0,NA,NA,0,0,NA,NA,NA
"Luxembourg","Government expenditure on health",1994,0.0200445549705299,106643794.357448,NA,5.17120978616834,2900354.2398469,106470268.890106,173525.467341268,2.09184268876182,0.737022867377949,NA,0.309622102254684,0.0242920599666852,0.735823620499365,NA,0,NA,0,NA,NA,0.0011992468785787,0,NA,NA,NA
"Lebanon","Government expenditure on health",1994,NA,1.5503e+11,1.5503e+11,NA,NA,NA,NA,2.88213422569251,1.02659181384046,NA,NA,NA,NA,1.02659181384046,NA,NA,NA,NA,2.88213422569251,NA,NA,NA,NA,NA
"Lebanon","Government expenditure on health",1993,NA,1.0549e+11,1.0549e+11,NA,NA,NA,NA,3.43727598566308,0.814779126455651,NA,NA,NA,NA,0.814779126455651,NA,NA,NA,NA,3.43727598566308,NA,NA,NA,NA,NA
"Lebanon","Government expenditure on health",2014,NA,NA,NA,2.66688343734989,NA,544929300000,NA,NA,NA,NA,NA,NA,0.750994749245462,NA,NA,NA,NA,NA,NA,NA,NA,NA,NA,NA
"Lebanon","Government expenditure on health",2015,NA,NA,NA,3.40733674071418,NA,632366842000,NA,NA,NA,NA,NA,NA,0.837860510904417,NA,NA,NA,NA,NA,NA,NA,NA,NA,NA,NA
"Lithuania","Government expenditure on health",2015,1.54556757782382,NA,690449000,NA,577203000,NA,NA,NA,NA,13.4058902017755,19.597160259936,NA,NA,1.84880464678957,30.5657073487326,1759753000,3.7289703354855,4.71206348854425,7.66364109000676,NA,1392610000,NA,NA,NA
"Luxembourg","Government expenditure on health",2015,0.0282920072032137,NA,326839000,NA,15318000,NA,NA,NA,NA,12.185323865088,0.652246669999293,NA,NA,0.603664404118761,25.237409840029,2657605000,4.3379747887519,4.90853765526158,2.06984513794841,NA,2348688000,NA,NA,NA
"Lithuania","Government expenditure on health",2016,1.54452592297705,NA,725646000,NA,600664000,NA,NA,NA,NA,13.8913484658614,19.7522257525007,NA,NA,1.86590016698954,30.8978305045481,1848890000,3.78619497286979,4.75416960852162,8.14204042576492,NA,1472446000,NA,NA,NA
"Lebanon","Government expenditure on health",2016,NA,NA,NA,2.62977423824586,NA,559510321000,NA,NA,NA,NA,NA,NA,0.72223769636887,NA,NA,NA,NA,NA,NA,NA,NA,NA,NA,NA
"Lithuania","Government expenditure on health",2017,1.46319816042545,NA,737737000,NA,618586000,NA,NA,NA,NA,13.7891900257368,18.9297734190099,NA,NA,1.74503694114932,30.6785184778968,1936137000,3.70513292590408,4.57972229687004,7.98895398682089,NA,1566393000,NA,NA,NA
"Lebanon","Government expenditure on health",2017,NA,NA,NA,2.9276915731012,NA,657040310000,NA,NA,NA,NA,NA,NA,0.817346473932352,NA,NA,NA,NA,NA,NA,NA,NA,NA,NA,NA
"Lithuania","Government expenditure on health",2018,1.5074340177944,NA,859776000,NA,686112000,NA,NA,NA,NA,14.0662122085653,18.7375314027723,NA,NA,1.88898545730609,30.9398240094073,2175816000,3.84306122087585,4.7804134818533,6.24630663552386,NA,1749178000,NA,NA,NA
"Luxembourg","Government expenditure on health",2018,0.0332262163762533,NA,402406000,NA,19976000,NA,NA,NA,NA,12.165097132687,0.693657595804163,NA,NA,0.669324630912224,25.4763192963552,3084574000,4.49246854686866,5.13059286907114,2.20255786280634,NA,2700926000,NA,NA,NA
"Luxembourg","Government expenditure on health",2017,0.0286631321258131,NA,362485000,NA,16673000,NA,NA,NA,NA,12.1261638288994,0.623364290307626,NA,NA,0.623160525917674,25.3112627137522,2901929000,4.37748586871312,4.98880671425231,2.10725677413714,NA,2546331000,NA,NA,NA
"Luxembourg","Government expenditure on health",2019,0.0284071342191041,NA,428371000,NA,17735000,NA,NA,NA,NA,12.0447528460841,0.585617356595567,NA,NA,0.686145615594692,25.5443394749954,3232816000,4.55419139376757,5.17818088625133,2.20781490537785,NA,2843250000,NA,NA,NA
"Lithuania","Government expenditure on health",2020,1.89323770284127,NA,1136006000,NA,943387000,NA,NA,NA,NA,13.8669456433327,19.6032052118563,NA,NA,2.27979544964463,30.9966391162969,2942358000,4.48966014871372,5.90487583659371,6.94529375074817,NA,2237166000,NA,NA,NA
"Lithuania","Government expenditure on health",2019,1.5823091003155,NA,929076000,NA,774008000,NA,NA,NA,NA,14.5700224857572,18.7427157817605,NA,NA,1.89931552346322,32.4053230926836,2473289000,4.0856250155495,5.05615922885839,7.36811459819739,NA,1998539000,NA,NA,NA
"Lithuania","Government expenditure on health",2021,2.00601426564964,NA,1405304000,NA,1126447000,NA,NA,NA,NA,15.7011575066678,22.1032881389922,NA,NA,2.50261208168205,31.4964117843916,3304237000,4.43814809085149,5.88429509696183,8.64789157089891,NA,2492175000,NA,NA,NA
"Luxembourg","Government expenditure on health",2021,0.0309780986390421,NA,676207000,NA,22416000,NA,NA,NA,NA,12.6613185685719,0.656342506785661,NA,NA,0.934493537937668,25.724051444459,3917866000,4.9560452620756,5.41434865286177,3.02919573311602,NA,3586234000,NA,NA,NA
"Luxembourg","Government expenditure on health",2020,0.0283474597942171,NA,648258000,NA,18291000,NA,NA,NA,NA,12.3521323888093,0.575725661104036,NA,NA,1.00467265820784,25.4570555773291,3735720000,4.86621009449153,5.7896327430131,2.93095863431899,NA,3139888000,NA,NA,NA
"Lebanon","Government expenditure on health",2021,NA,NA,NA,5.28147250192538,NA,943754280000,NA,NA,NA,NA,NA,NA,NA,NA,NA,NA,NA,NA,NA,NA,NA,NA,NA,NA
"Luxembourg","Government expenditure on health",2022,0.0357802058329217,NA,604709000,NA,27740000,NA,NA,NA,NA,12.2332105345679,0.713528201469086,NA,NA,0.779978820801017,25.724051444459,4152360000,4.62567378100295,5.3558866435613,2.47253056158891,NA,3586234000,NA,NA,NA
"Luxembourg","Government expenditure on health",2016,0.0270281329559263,NA,335440000,NA,15192000,NA,NA,NA,NA,11.938987107173,0.590381124592102,NA,NA,0.59678231429278,25.160765832106,2679701000,4.17924107023721,4.76746411994001,2.061398126195,NA,2349072000,NA,NA,NA
"Lebanon","Government expenditure on health",2018,NA,NA,NA,2.74510804231217,NA,717030288000,NA,NA,NA,NA,NA,NA,0.860481090616712,NA,NA,NA,NA,NA,NA,NA,NA,NA,NA,NA
"Lebanon","Government expenditure on health",2019,NA,NA,NA,3.03585395283937,NA,751587042000,NA,NA,NA,NA,NA,NA,0.930919344530321,NA,NA,NA,NA,NA,NA,NA,NA,NA,NA,NA
"Lebanon","Government expenditure on health",2020,NA,NA,NA,4.61528263833817,NA,837694640000,NA,NA,NA,NA,NA,NA,0.784791340887644,NA,NA,NA,NA,NA,NA,NA,NA,NA,NA,NA
"Malaysia","Government expenditure on health",2012,NA,NA,NA,7.45342891280798,NA,1.8672e+10,NA,NA,NA,NA,NA,NA,1.89554022185698,NA,NA,NA,NA,NA,NA,NA,NA,NA,NA,NA
"Malaysia","Government expenditure on health",2003,NA,NA,NA,7.94828654918976,NA,8.976e+09,NA,NA,NA,NA,NA,NA,1.96801105032943,NA,NA,NA,NA,NA,NA,NA,NA,NA,NA,NA
"Malaysia","Government expenditure on health",2001,NA,NA,NA,NA,NA,NA,NA,NA,NA,NA,NA,NA,NA,NA,NA,NA,0,NA,NA,NA,0,NA,NA,NA
"Malaysia","Government expenditure on health",2009,NA,NA,NA,7.29775626505954,NA,14767746000,NA,NA,NA,NA,NA,NA,1.97779045613979,NA,NA,NA,NA,NA,NA,NA,NA,NA,NA,NA
"Malaysia","Government expenditure on health",2004,NA,NA,NA,7.86975930861125,NA,9.361e+09,NA,NA,NA,NA,NA,NA,1.8130861395075,NA,NA,NA,NA,NA,NA,NA,NA,NA,NA,NA
"Malaysia","Government expenditure on health",2005,NA,NA,NA,6.88226847395579,NA,8.723e+09,NA,NA,NA,NA,NA,NA,1.53204149842546,NA,NA,NA,NA,NA,NA,NA,NA,NA,NA,NA
"Malaysia","Government expenditure on health",2008,NA,NA,NA,6.8370589647593,NA,13246063000,NA,NA,NA,NA,NA,NA,1.64245399761928,NA,NA,NA,NA,NA,NA,NA,NA,NA,NA,NA
"Malaysia","Government expenditure on health",2002,NA,NA,NA,6.50458957740696,NA,6.654e+09,NA,NA,NA,NA,NA,NA,1.59428033361526,NA,NA,NA,NA,NA,NA,NA,NA,NA,NA,NA
"Malaysia","Government expenditure on health",2011,NA,NA,NA,7.53194092816878,NA,1.7136e+10,NA,NA,NA,NA,NA,NA,1.85317162060594,NA,NA,NA,NA,NA,NA,NA,NA,NA,NA,NA
"Malaysia","Government expenditure on health",1995,NA,2.772e+09,NA,NA,NA,NA,NA,5.66813209283304,1.14403159706316,NA,NA,NA,NA,NA,NA,NA,NA,NA,NA,NA,NA,NA,NA,NA
"Malaysia","Government expenditure on health",2010,NA,NA,NA,8.21948415784935,NA,16498914000,NA,NA,NA,NA,NA,NA,1.98041469012272,NA,NA,NA,NA,NA,NA,NA,NA,NA,NA,NA
"Malaysia","Government expenditure on health",2006,NA,NA,NA,7.07517230398699,NA,9990719000,NA,NA,NA,NA,NA,NA,1.59825931850904,NA,NA,NA,NA,NA,NA,NA,NA,NA,NA,NA
"Malaysia","Government expenditure on health",2000,NA,NA,NA,NA,NA,NA,NA,NA,NA,NA,NA,NA,NA,NA,NA,NA,0,NA,NA,NA,0,NA,NA,NA
"Maldives","Government expenditure on health",2004,NA,427300000,427300000,11.306924929216,NA,427300000,NA,11.306924929216,2.72106676034877,11.306924929216,NA,NA,2.72106676034877,2.72106676034877,NA,427300000,NA,2.72106676034877,11.306924929216,NA,NA,NA,NA,NA
"Malaysia","Government expenditure on health",2013,NA,NA,NA,7.71454968901656,NA,19420900000,NA,NA,NA,NA,NA,NA,1.87989371639313,NA,NA,NA,NA,NA,NA,NA,NA,NA,NA,NA
"Maldives","Government expenditure on health",2000,NA,299200000,299200000,10.9201065732326,NA,299200000,NA,10.9201065732326,3.17178917505375,10.9201065732326,NA,NA,3.17178917505375,3.17178917505375,NA,299200000,NA,3.17178917505375,10.9201065732326,NA,NA,NA,NA,NA
"Madagascar","Government expenditure on health",2004,NA,NA,NA,7.51627851828431,NA,1.5214e+11,NA,NA,NA,NA,NA,NA,1.60735062496202,NA,NA,NA,NA,NA,NA,NA,NA,NA,NA,NA
"Madagascar","Government expenditure on health",2010,NA,NA,NA,6.00861907101095,NA,162376921775,NA,NA,NA,NA,NA,NA,0.778287236261711,NA,NA,NA,NA,NA,NA,NA,NA,NA,NA,NA
"Madagascar","Government expenditure on health",2005,NA,NA,NA,5.17593538204438,NA,1.115e+11,NA,NA,NA,NA,NA,NA,0.950046416527293,NA,NA,NA,NA,NA,NA,NA,NA,NA,NA,NA
"Maldives","Government expenditure on health",2007,NA,782100000,782100000,9.39425606284458,NA,782100000,NA,9.39425606284458,3.2702902703452,9.39425606284458,NA,NA,3.2702902703452,3.2702902703452,NA,782100000,NA,3.2702902703452,9.39425606284458,NA,NA,NA,NA,NA
"Maldives","Government expenditure on health",2005,NA,526600000,526600000,9.17357675423315,NA,526600000,NA,9.17357675423315,3.53636095651394,9.17357675423315,NA,NA,3.53636095651394,3.53636095651394,NA,526600000,NA,3.53636095651394,9.17357675423315,NA,NA,NA,NA,NA
"Maldives","Government expenditure on health",1996,NA,190800000,190800000,11.2725983693726,NA,190800000,NA,11.2725983693726,3.07483993255428,11.2725983693726,NA,NA,3.07483993255428,3.07483993255428,NA,190800000,NA,3.07483993255428,11.2725983693726,NA,NA,NA,NA,NA
"Maldives","Government expenditure on health",2006,NA,687900000,687900000,9.73507684469729,NA,687900000,NA,9.73507684469729,3.41176829369014,9.73507684469729,NA,NA,3.41176829369014,3.41176829369014,NA,687900000,NA,3.41176829369014,9.73507684469729,NA,NA,NA,NA,NA
"Maldives","Government expenditure on health",2001,NA,300800000,300800000,10.3293156141616,NA,300800000,NA,10.3293156141616,3.06254764407528,10.3293156141616,NA,NA,3.06254764407528,3.06254764407528,NA,300800000,NA,3.06254764407528,10.3293156141616,NA,NA,NA,NA,NA
"Madagascar","Government expenditure on health",2007,NA,NA,NA,6.93349316319055,NA,1.8e+11,NA,NA,NA,NA,NA,NA,1.12682488024651,NA,NA,NA,NA,NA,NA,NA,NA,NA,NA,NA
"Madagascar","Government expenditure on health",2013,NA,NA,NA,12.0697836073501,NA,3.99365e+11,NA,NA,NA,NA,NA,NA,1.45659415651975,NA,NA,NA,NA,NA,NA,NA,NA,NA,NA,NA
"Maldives","Government expenditure on health",2002,NA,316800000,316800000,10.1036517301866,NA,316800000,NA,10.1036517301866,2.98826108722405,10.1036517301866,NA,NA,2.98826108722405,2.98826108722405,NA,316800000,NA,2.98826108722405,10.1036517301866,NA,NA,NA,NA,NA
"Madagascar","Government expenditure on health",2002,NA,6.894e+10,6.894e+10,NA,NA,NA,NA,8.04715769814404,0.942766925414329,NA,NA,NA,NA,0.942766925414329,NA,NA,NA,NA,8.04715769814404,NA,NA,NA,NA,NA
"Maldives","Government expenditure on health",2008,NA,1326372919.77,1326372919.77,12.8246153313447,NA,1326372919.77,NA,12.8246153313447,4.56157674983974,12.8246153313447,NA,NA,4.56157674983974,4.56157674983974,NA,1326372919.77,NA,4.56157674983974,12.8246153313447,NA,NA,NA,NA,NA
"Maldives","Government expenditure on health",1995,NA,172100000,172100000,10.0186284782862,NA,172100000,NA,10.0186284782862,3.13834301876863,10.0186284782862,NA,NA,3.13834301876863,3.13834301876863,NA,172100000,NA,3.13834301876863,10.0186284782862,NA,NA,NA,NA,NA
"Maldives","Government expenditure on health",2003,NA,363300000,363300000,10.2283285002393,NA,363300000,NA,10.2283285002393,2.69768018055646,10.2283285002393,NA,NA,2.69768018055646,2.69768018055646,NA,363300000,NA,2.69768018055646,10.2283285002393,NA,NA,NA,NA,NA
"Maldives","Government expenditure on health",1998,NA,224200000,224200000,10.605988930413,NA,224200000,NA,10.605988930413,2.74728478645522,10.605988930413,NA,NA,2.74728478645522,2.74728478645522,NA,224200000,NA,2.74728478645522,10.605988930413,NA,NA,NA,NA,NA
"Madagascar","Government expenditure on health",1996,NA,3.498e+10,3.498e+10,NA,NA,NA,NA,6.20829192105637,0.873210754304427,NA,NA,NA,NA,0.873210754304427,NA,NA,NA,NA,6.20829192105637,NA,NA,NA,NA,NA
"Madagascar","Government expenditure on health",1997,NA,3.344e+10,3.344e+10,NA,NA,NA,NA,5.80676529832604,0.770426309850927,NA,NA,NA,NA,0.770426309850927,NA,NA,NA,NA,5.80676529832604,NA,NA,NA,NA,NA
"Madagascar","Government expenditure on health",2011,NA,NA,NA,6.74628014051362,NA,197807680000,NA,NA,NA,NA,NA,NA,0.845556183093938,NA,NA,NA,NA,NA,NA,NA,NA,NA,NA,NA
"Maldives","Government expenditure on health",1999,NA,259400000,259400000,10.3972103090304,NA,259400000,NA,10.3972103090304,2.91363655595007,10.3972103090304,NA,NA,2.91363655595007,2.91363655595007,NA,259400000,NA,2.91363655595007,10.3972103090304,NA,NA,NA,NA,NA
"Madagascar","Government expenditure on health",1995,NA,2.732e+10,2.732e+10,5.39823008849558,NA,2.074e+10,6.58e+09,5.82714785427865,0.834355166542782,NA,NA,7.77410207939509,0.633401396562859,0.834355166542782,NA,NA,NA,NA,5.82714785427865,0.200953769979923,NA,NA,NA,NA
"Madagascar","Government expenditure on health",2009,NA,NA,NA,7.20912231201431,NA,1.10973e+11,NA,NA,NA,NA,NA,NA,0.589886682081496,NA,NA,NA,NA,NA,NA,NA,NA,NA,NA,NA
"Maldives","Government expenditure on health",1997,NA,2.12e+08,2.12e+08,10.9453250038722,NA,2.12e+08,NA,10.9453250038722,2.76073204849022,10.9453250038722,NA,NA,2.76073204849022,2.76073204849022,NA,2.12e+08,NA,2.76073204849022,10.9453250038722,NA,NA,NA,NA,NA
"Maldives","Government expenditure on health",2009,NA,1396160000,1396160000,12.5731813077312,NA,1396160000,NA,12.5731813077312,4.65080109934594,12.5731813077312,NA,NA,4.65080109934594,4.65080109934594,NA,1396160000,NA,4.65080109934594,12.5731813077312,NA,NA,NA,NA,NA
"Madagascar","Government expenditure on health",2006,NA,NA,NA,5.69593313469798,NA,1.472e+11,NA,NA,NA,NA,NA,NA,1.07433135678968,NA,NA,NA,NA,NA,NA,NA,NA,NA,NA,NA
"Madagascar","Government expenditure on health",2001,NA,7.402e+10,7.402e+10,NA,NA,NA,NA,7.1417544672147,1.03292111281385,NA,NA,NA,NA,1.03292111281385,NA,NA,NA,NA,7.1417544672147,NA,NA,NA,NA,NA
"Maldives","Government expenditure on health",2011,NA,NA,NA,2.90830275759351,NA,368300000,NA,NA,NA,NA,NA,NA,0.909133896941364,NA,NA,NA,NA,NA,NA,NA,NA,NA,NA,NA
"Maldives","Government expenditure on health",2010,NA,NA,NA,8.63540298789781,NA,949580000,NA,NA,NA,NA,NA,NA,2.86634045852093,NA,NA,NA,NA,NA,NA,NA,NA,NA,NA,NA
"Madagascar","Government expenditure on health",2008,NA,NA,NA,5.53838150460756,NA,1.97594e+11,NA,NA,NA,NA,NA,NA,1.07842201607542,NA,NA,NA,NA,NA,NA,NA,NA,NA,NA,NA
"Malaysia","Government expenditure on health",1991,NA,2.035e+09,NA,NA,NA,NA,NA,5.38003965631196,1.38277342900631,NA,NA,NA,NA,NA,NA,NA,NA,NA,NA,NA,NA,3.77574370709382,2.31e+08,0.156963470319635
"Madagascar","Government expenditure on health",2003,NA,NA,NA,6.52092559096863,NA,8.364e+10,NA,NA,NA,NA,NA,NA,1.05990924318301,NA,NA,NA,NA,NA,NA,NA,NA,NA,NA,NA
"Malaysia","Government expenditure on health",1990,NA,1.777e+09,NA,NA,NA,NA,NA,5.0992883379247,1.39079811931671,NA,NA,NA,NA,NA,NA,NA,NA,NA,NA,NA,NA,1.73378839590444,1.27e+08,0.0993986275482396
"Madagascar","Government expenditure on health",2014,NA,NA,NA,10.5410227472666,NA,419374590000,NA,NA,NA,NA,NA,NA,1.38679375532338,NA,NA,NA,NA,NA,NA,NA,NA,NA,NA,NA
"Malaysia","Government expenditure on health",2007,NA,NA,NA,6.9985468509262,NA,11268142000,NA,NA,NA,NA,NA,NA,1.61687190598499,NA,NA,NA,NA,NA,NA,NA,NA,NA,NA,NA
"Malaysia","Government expenditure on health",1994,NA,2.529e+09,NA,NA,NA,NA,NA,5.55360358382011,1.18798207457653,NA,NA,NA,NA,NA,NA,NA,NA,NA,NA,NA,NA,NA,NA,NA
"Malaysia","Government expenditure on health",1993,NA,2.407e+09,NA,NA,NA,NA,NA,5.62317486274968,1.28343899798979,NA,NA,NA,NA,NA,NA,NA,NA,NA,NA,NA,NA,NA,NA,NA
"Malaysia","Government expenditure on health",1992,NA,2.414e+09,NA,NA,NA,NA,NA,5.62245254454408,1.47094667056644,NA,NA,NA,NA,NA,NA,NA,NA,NA,NA,NA,NA,NA,NA,NA
"Madagascar","Government expenditure on health",1993,NA,9.4e+09,9.4e+09,4.71698113207547,NA,9.4e+09,0,3.70779425686336,0.604402853801699,NA,NA,0,0.604402853801699,0.604402853801699,NA,NA,NA,NA,3.70779425686336,0,NA,NA,NA,NA
"Maldives","Government expenditure on health",1991,NA,83300000,83300000,8.21175078864353,NA,83300000,NA,8.21175078864353,3.09587911183236,8.21175078864353,NA,NA,3.09587911183236,3.09587911183236,NA,83300000,NA,3.09587911183236,8.21175078864353,NA,NA,NA,NA,NA
"Maldives","Government expenditure on health",1990,NA,67700000,67700000,9.6783416726233,NA,67700000,NA,9.6783416726233,3.06939289558195,9.6783416726233,NA,NA,3.06939289558195,3.06939289558195,NA,67700000,NA,3.06939289558195,9.6783416726233,NA,NA,NA,NA,NA
"Maldives","Government expenditure on health",1994,NA,128800000,128800000,9.48802946593002,NA,128800000,NA,9.48802946593002,2.90809703630299,9.48802946593002,NA,NA,2.90809703630299,2.90809703630299,NA,128800000,NA,2.90809703630299,9.48802946593002,NA,NA,NA,NA,NA
"Madagascar","Government expenditure on health",1990,NA,9.02e+09,9.02e+09,6.11171563293435,NA,6.74e+09,2.28e+09,6.11691306116913,0.767791452591451,NA,NA,6.13232920925229,0.573715564353257,0.767791452591451,NA,NA,NA,NA,6.11691306116913,0.194075888238194,NA,NA,NA,NA
"Maldives","Government expenditure on health",1992,NA,9.3e+07,9.3e+07,7.96983460450767,NA,9.3e+07,NA,7.96983460450767,2.87655057649861,7.96983460450767,NA,NA,2.87655057649861,2.87655057649861,NA,9.3e+07,NA,2.87655057649861,7.96983460450767,NA,NA,NA,NA,NA
"Madagascar","Government expenditure on health",1992,NA,1.164e+10,1.164e+10,5.5059341734981,NA,9e+09,2.64e+09,5.54444126893398,0.840484910431888,NA,NA,5.67986230636833,0.64985946682878,0.840484910431888,NA,NA,NA,NA,5.54444126893398,0.190625443603109,NA,NA,NA,NA
"Madagascar","Government expenditure on health",2012,NA,NA,NA,6.48093132910271,NA,182807630000,NA,NA,NA,NA,NA,NA,0.719276964135716,NA,NA,NA,NA,NA,NA,NA,NA,NA,NA,NA
"Madagascar","Government expenditure on health",1991,NA,9.74e+09,9.74e+09,6.40739560089257,NA,8.04e+09,1.7e+09,6.55010087424344,0.815257856524723,NA,NA,7.32127476313523,0.672964390806856,0.815257856524723,NA,NA,NA,NA,6.55010087424344,0.142293465717867,NA,NA,NA,NA
"Maldives","Government expenditure on health",1993,NA,73800000,73800000,5.60194322149689,NA,73800000,NA,5.60194322149689,1.94551686973575,5.60194322149689,NA,NA,1.94551686973575,1.94551686973575,NA,73800000,NA,1.94551686973575,5.60194322149689,NA,NA,NA,NA,NA
"Madagascar","Government expenditure on health",1994,NA,1.666e+10,1.666e+10,4.45024280640719,NA,1.228e+10,4.38e+09,4.80309058409733,0.771021200287871,NA,NA,6.17597292724196,0.568315746670772,0.771021200287871,NA,NA,NA,NA,4.80309058409733,0.202705453617099,NA,NA,NA,NA
"Malaysia","Government expenditure on health",2014,NA,NA,NA,8.59978988408378,NA,22119800000,NA,NA,NA,NA,NA,NA,1.9711805803094,NA,NA,NA,NA,NA,NA,NA,NA,NA,NA,NA
"Malaysia","Government expenditure on health",2015,NA,NA,NA,9.14189936789983,NA,2.3366e+10,NA,NA,NA,NA,NA,NA,1.98531617132889,NA,NA,NA,NA,NA,NA,NA,NA,NA,NA,NA
"Madagascar","Government expenditure on health",2015,NA,NA,NA,10.0852303083841,NA,421108791526.58,NA,NA,NA,NA,NA,NA,1.26778195906967,NA,NA,NA,NA,NA,NA,NA,NA,NA,NA,NA
"Malaysia","Government expenditure on health",2016,NA,NA,NA,9.24259782775676,NA,23127308899.7,NA,NA,NA,NA,NA,NA,1.85063330548925,NA,NA,NA,NA,NA,NA,NA,NA,NA,NA,NA
"Malaysia","Government expenditure on health",2017,NA,NA,NA,9.81774545700559,NA,25523351000,NA,NA,NA,NA,NA,NA,1.85988231522032,NA,NA,NA,NA,NA,NA,NA,NA,NA,NA,NA
"Madagascar","Government expenditure on health",2017,NA,NA,NA,4.65805728585853,NA,292060191823.33,NA,NA,NA,NA,NA,NA,0.711321073994839,NA,NA,NA,NA,NA,NA,NA,NA,NA,NA,NA
"Madagascar","Government expenditure on health",2016,NA,NA,NA,9.35836880072638,NA,484295585437.59,NA,NA,NA,NA,NA,NA,1.28673378002047,NA,NA,NA,NA,NA,NA,NA,NA,NA,NA,NA
"Malaysia","Government expenditure on health",2018,NA,NA,NA,9.88485760733767,NA,28208002990.04,NA,NA,NA,NA,NA,NA,1.94838944231364,NA,NA,NA,NA,NA,NA,NA,NA,NA,NA,NA
"Madagascar","Government expenditure on health",2020,NA,NA,NA,5.81260223135548,NA,533304104429.585,NA,NA,NA,NA,NA,NA,1.07878446239023,NA,NA,NA,NA,NA,NA,NA,NA,NA,NA,NA
"Madagascar","Government expenditure on health",2021,NA,NA,NA,3.7313493348323,NA,329546708267.87,NA,NA,NA,NA,NA,NA,0.591174704253908,NA,NA,NA,NA,NA,NA,NA,NA,NA,NA,NA
"Malaysia","Government expenditure on health",2021,NA,NA,NA,10.8588493938401,NA,3.6106e+10,NA,NA,NA,NA,NA,NA,2.33137169061575,NA,NA,NA,NA,NA,NA,NA,NA,NA,NA,NA
"Malaysia","Government expenditure on health",2022,NA,NA,NA,9.30564024390244,NA,3.6627e+10,NA,NA,NA,NA,NA,NA,2.04174805340754,NA,NA,NA,NA,NA,NA,NA,NA,NA,NA,NA
"Madagascar","Government expenditure on health",2022,NA,NA,NA,5.08080108009605,NA,489019067774.875,NA,NA,NA,NA,NA,NA,0.788066608526969,NA,NA,NA,NA,NA,NA,NA,NA,NA,NA,NA
"Malaysia","Government expenditure on health",2020,NA,NA,NA,NA,NA,31675447616.71,NA,NA,NA,NA,NA,NA,2.23303989571375,NA,NA,NA,NA,NA,NA,NA,NA,NA,NA,NA
"Malaysia","Government expenditure on health",2023,NA,NA,NA,9.16269610555634,NA,37213101528.02,NA,NA,NA,NA,NA,NA,2.04141861162299,NA,NA,NA,NA,NA,NA,NA,NA,NA,NA,NA
"Madagascar","Government expenditure on health",2018,NA,NA,NA,6.19792061156893,NA,431437253771.313,NA,NA,NA,NA,NA,NA,0.940231038043936,NA,NA,NA,NA,NA,NA,NA,NA,NA,NA,NA
"Madagascar","Government expenditure on health",2019,NA,NA,NA,7.44152917494886,NA,597252976246.193,NA,NA,NA,NA,NA,NA,1.17027616836382,NA,NA,NA,NA,NA,NA,NA,NA,NA,NA,NA
"Malaysia","Government expenditure on health",2019,NA,NA,NA,9.41683439980043,NA,29700791131.52,NA,NA,NA,NA,NA,NA,1.9633797215063,NA,NA,NA,NA,NA,NA,NA,NA,NA,NA,NA
"Mauritius","Government expenditure on health",1995,0,1326100000,NA,10.8061692922488,0,1308800000,17300000,8.55426971655636,1.71821963256917,NA,0,0.941240478781284,1.69580412872824,NA,0,NA,0,NA,NA,0.0224155038409219,0,NA,NA,NA
"Mauritius","Government expenditure on health",2004,0,3773100000,3773100000,8.98679276358975,0,3764900000,82500000,8.91899366728048,1.97089683604027,9.08325091628367,0,1.36766022346739,1.96661352681032,1.97089683604027,0,3903300000,0,2.03890742893536,8.7434391184956,0.0430942696915858,0,12.342402123424,130200000,0.0680105928950845
"Mauritius","Government expenditure on health",1997,0,1594800000,NA,10.0572720034928,0,1566400000,28400000,7.87166831194472,1.75719052934181,NA,0,1.28466096711449,1.72589869899737,NA,0,NA,0,NA,NA,0.0312918303444365,0,NA,NA,NA
"Mauritius","Government expenditure on health",2006,0,4213300000,4213300000,8.65980864685994,0,4213300000,85100000,8.6727499902225,1.86535884168188,8.88149137193455,0,1.2505878203621,1.86535884168188,1.86535884168188,0,4370200000,0,1.93482334747541,8.42501609697377,0.0376764145508575,0,14.2844136926438,156900000,0.0694645057935316
"Mauritius","Government expenditure on health",2005,0,3965200000,3965200000,8.97215928588148,0,3948100000,108500000,9.17157026016802,1.9577722007013,9.34384588071415,0,1.77050357364316,1.94932927105539,1.9577722007013,0,4105200000,0,2.02689560131116,8.80027165168218,0.0535706354726348,0,12.4810555406972,1.4e+08,0.0691234006098514
"Mauritius","Government expenditure on health",1998,0,1.788e+09,NA,10.7028270476421,0,1.768e+09,2e+07,8.33721906182971,1.71176728579394,NA,0,0.937207122774133,1.69262000071794,NA,0,NA,0,NA,NA,0.0191472850759948,0,NA,NA,NA
"Mauritius","Government expenditure on health",1996,0,1438300000,NA,10.546983103585,0,1410100000,28200000,8.32368804833445,1.74606535202177,NA,0,1.37634828444531,1.71183115684204,NA,0,NA,0,NA,NA,0.0342341951797358,0,NA,NA,NA
"Mauritius","Government expenditure on health",2007,0,4405400000,4405400000,8.59672215668966,0,4401900000,119500000,8.60594410648913,1.70324678547189,8.84260020704134,0,1.60745752680217,1.70189359081326,1.70324678547189,0,4569900000,0,1.76684693442775,8.38283928863653,0.0462019319162599,0,16.3681592039801,164500000,0.0636001489558556
"Mauritius","Government expenditure on health",2011,0.0443152788845642,7348600000,7348600000,9.56591335501569,148500000,7326600000,183600000,9.36052265869109,2.19296470310511,10.3488121138515,4.85357563080141,1.22778156722706,2.18639947660369,2.19296470310511,0,7720100000,0,2.30382750516312,9.77736620750859,0.0547897993481884,0,15.5976778345107,2.23e+08,0.0665475231734532
"Mauritius","Government expenditure on health",2003,0,3.177e+09,3.177e+09,8.20776758202689,0,3151200000,88300000,8.33082036422756,1.84989940745415,8.41656365244467,0,1.664216517773,1.83487661717643,1.84989940745415,0,3254500000,0,1.8950260061566,8.04599156652442,0.0514152085861509,0,10.8665171060011,77500000,0.045126598702454
"Mauritius","Government expenditure on health",2002,0,2891800000,2891800000,8.71550484110771,0,2884100000,63900000,8.68995567575689,1.88390388391661,8.51777014568397,0,1.40097783429436,1.87888761034784,1.88390388391661,0,2891800000,0,1.88390388391661,8.50662014961156,0.0416285559797605,0,NA,0,0
"Mauritius","Government expenditure on health",2009,0.0256354549510956,5.84e+09,5.84e+09,8.53326886163494,75800000,5823700000,146300000,8.66461129426147,1.97507990652241,9.5301758552692,2.86372737919831,1.40144838684957,1.96956726911208,1.97507990652241,0,6123300000,0,2.07089157390559,9.04776881091558,0.0494784572472994,0,16.4721759149004,207500000,0.070176212432089
"Mauritius","Government expenditure on health",2001,NA,2.562e+09,NA,10.9077653486523,NA,2483600000,78400000,8.37482062127963,1.80148420015476,NA,NA,2.11531716266897,1.74635681479483,NA,0,NA,0,NA,NA,0.0551273853599271,0,NA,NA,NA
"Malta","Government expenditure on health",2007,0,NA,315621000,NA,0,NA,NA,NA,NA,13.3276158456329,0,NA,NA,5.46227198781628,NA,315621000,NA,5.46227198781628,13.3767469458248,NA,NA,NA,NA,NA
"Malta","Government expenditure on health",2011,0,NA,370382000,NA,0,NA,NA,NA,NA,12.7535335616042,0,NA,NA,5.26649414173587,NA,370382000,NA,5.26649414173587,12.8196768066101,NA,NA,NA,NA,NA
"Mauritius","Government expenditure on health",2000,NA,2.267e+09,NA,10.8151093439364,NA,2.176e+09,9.1e+07,8.3863569103285,1.75008204078191,NA,NA,2.81472316733684,1.67983172507341,NA,0,NA,0,NA,NA,0.0702503157084929,0,NA,NA,NA
"Malta","Government expenditure on health",1997,0,NA,148854000,NA,0,NA,NA,NA,NA,10.5165734907515,0,NA,NA,4.50142563714617,NA,148854000,NA,4.50142563714617,10.5314395882343,NA,NA,NA,NA,NA
"Mauritius","Government expenditure on health",2013,0.0182355575221708,8712100000,8712100000,9.99393452265611,68823000,8716200000,206400000,9.11158848556093,2.30838528818715,9.94607387068746,1.78355269142229,1.12965902249466,2.30947163702171,2.30838528818715,0,9054823000,0,2.39919424712051,9.63980505112241,0.0546883901105161,0,16.2378468105288,273900000,0.0725734014111936
"Malta","Government expenditure on health",2001,0,NA,206073000,NA,0,NA,NA,NA,NA,11.5874137788521,0,NA,NA,4.53126786578126,NA,206073000,NA,4.53126786578126,11.6205486790538,NA,NA,NA,NA,NA
"Mauritius","Government expenditure on health",2010,0.0500475208350497,7726700000,7726700000,10.7113050759578,156200000,7726300000,146900000,10.0128291519801,2.47568616668488,11.0894309387135,5.0003201229272,1.03553528503655,2.47555800401949,2.47568616668488,0,8121500000,0,2.60218271742545,10.5793323274339,0.047067738864717,0,17.0733452593918,238600000,0.076449029905524
"Malta","Government expenditure on health",1995,0,NA,116138000,NA,0,NA,NA,NA,NA,9.75954500610927,0,NA,NA,3.96278900154474,NA,116138000,NA,3.96278900154474,9.77350722969232,NA,NA,NA,NA,NA
"Marshall Islands","Government expenditure on health",2009,NA,NA,NA,12.9755416738447,NA,11730305.15,NA,NA,NA,NA,NA,NA,7.83282388596291,NA,NA,NA,NA,NA,NA,NA,NA,NA,NA,NA
"Malta","Government expenditure on health",2005,0,NA,309021000,NA,0,NA,NA,NA,NA,14.131054104998,0,NA,NA,6.01899067022458,NA,309021000,NA,6.01899067022458,14.170237644874,NA,NA,NA,NA,NA
"Malta","Government expenditure on health",1998,0,NA,159862000,NA,0,NA,NA,NA,NA,10.7039360209121,0,NA,NA,4.53400938887023,NA,159862000,NA,4.53400938887023,10.7193674405131,NA,NA,NA,NA,NA
"Malta","Government expenditure on health",2004,0,NA,274315000,NA,0,NA,NA,NA,NA,13.3836873335669,0,NA,NA,5.57981774541312,NA,274315000,NA,5.57981774541312,13.4321831808687,NA,NA,NA,NA,NA
"Mauritius","Government expenditure on health",2014,0.013962747688903,9469700000,9469700000,10.6778698015485,55900000,9415500000,2.75e+08,9.5422112633905,2.36534940589633,10.4999647566177,1.51019856814805,1.53875422457978,2.35181128559689,2.36534940589633,0,9831600000,0,2.45574508368906,10.1253140871425,0.0686897247665174,0,17.7989762680316,3.06e+08,0.0764329301038339
"Malta","Government expenditure on health",2000,0,NA,196188000,NA,0,NA,NA,NA,NA,11.7958507571271,0,NA,NA,4.47897356285101,NA,196188000,NA,4.47897356285101,11.8337741613461,NA,NA,NA,NA,NA
"Malta","Government expenditure on health",1996,0,NA,131198000,NA,0,NA,NA,NA,NA,9.87773853558788,0,NA,NA,4.29938618844127,NA,131198000,NA,4.29938618844127,9.88631320046388,NA,NA,NA,NA,NA
"Malta","Government expenditure on health",2002,0,NA,244982000,NA,0,NA,NA,NA,NA,13.1145206611703,0,NA,NA,5.18645072509791,NA,244982000,NA,5.18645072509791,13.1511082099007,NA,NA,NA,NA,NA
"Marshall Islands","Government expenditure on health",2010,NA,NA,NA,14.9733889293032,NA,13115592.65,NA,NA,NA,NA,NA,NA,8.17833481646349,NA,NA,NA,NA,NA,NA,NA,NA,NA,NA,NA
"Mauritius","Government expenditure on health",1999,0,2.14e+09,NA,10.7536859470048,0,2.086e+09,5.4e+07,8.39907374700734,1.84850814565959,NA,0,1.91829484902309,1.80186354759154,NA,0,NA,0,NA,NA,0.0466445980680457,0,NA,NA,NA
"Malta","Government expenditure on health",2009,0,NA,314990000,NA,0,NA,NA,NA,NA,12.2181683336915,0,NA,NA,5.00962196033526,NA,314990000,NA,5.00962196033526,12.2639503944445,NA,NA,NA,NA,NA
"Malta","Government expenditure on health",2003,0,NA,263739000,NA,0,NA,NA,NA,NA,12.2646142170362,0,NA,NA,5.49914512093411,NA,263739000,NA,5.49914512093411,12.2964302265621,NA,NA,NA,NA,NA
"Mauritius","Government expenditure on health",2008,6.94248628791663e-05,4706400000,4706400000,7.78896981478769,2e+05,4679800000,129600000,8.34101317151324,1.63370587327254,8.5864455219243,0.0092047128129602,1.60961796413135,1.62447236650961,1.63370587327254,0,4891200000,0,1.69785444657289,8.05107361333498,0.0449873111456997,0,15.9343979283556,184600000,0.0640791484374705
"Malta","Government expenditure on health",2008,0,NA,322698000,NA,0,NA,NA,NA,NA,12.3367907400476,0,NA,NA,5.17442755435828,NA,322698000,NA,5.17442755435828,12.3732282631285,NA,NA,NA,NA,NA
"Mauritius","Government expenditure on health",2012,0.0208236534489573,7775300000,7775300000,10.0809534459175,7.4e+07,7753100000,1.89e+08,9.30350264855415,2.18797503596862,10.237975157148,2.5319054299107,1.27402274366528,2.18172793993393,2.18797503596862,0,8099600000,0,2.27923329020506,9.69462184329108,0.053184736511526,0,16.4389859450939,250300000,0.0704346007874866
"Malta","Government expenditure on health",2012,0,NA,395010000,NA,0,NA,NA,NA,NA,12.7284415465148,0,NA,NA,5.2812353766963,NA,395010000,NA,5.2812353766963,12.8167440194368,NA,NA,NA,NA,NA
"Malta","Government expenditure on health",2006,0,NA,325613000,NA,0,NA,NA,NA,NA,14.2998931503348,0,NA,NA,6.05161134445973,NA,325613000,NA,6.05161134445973,14.349665709326,NA,NA,NA,NA,NA
"Marshall Islands","Government expenditure on health",2008,NA,NA,NA,13.3933505909375,NA,12173498.55,NA,NA,NA,NA,NA,NA,8.01528707935997,NA,NA,NA,NA,NA,NA,NA,NA,NA,NA,NA
"Marshall Islands","Government expenditure on health",2012,NA,NA,NA,12.4962632460595,NA,12046880,NA,NA,NA,NA,NA,NA,6.67300854833488,NA,NA,NA,NA,NA,NA,NA,NA,NA,NA,NA
"Marshall Islands","Government expenditure on health",2011,NA,NA,NA,12.6210844004756,NA,11834661.35,NA,NA,NA,NA,NA,NA,6.8732451584744,NA,NA,NA,NA,NA,NA,NA,NA,NA,NA,NA
"Malta","Government expenditure on health",2010,0,NA,346711000,NA,0,NA,NA,NA,NA,12.6633453984974,0,NA,NA,5.05269677494571,NA,346711000,NA,5.05269677494571,12.7048579607499,NA,NA,NA,NA,NA
"Malta","Government expenditure on health",1999,0,NA,167184000,NA,0,NA,NA,NA,NA,10.5137780147936,0,NA,NA,4.42432488156874,NA,167184000,NA,4.42432488156874,10.5588249783056,NA,NA,NA,NA,NA
"Micronesia, Fed. Sts.","Government expenditure on health",2012,NA,NA,NA,10.8015684267797,NA,6166105.90486584,NA,NA,NA,NA,NA,NA,1.88422650944234,NA,NA,NA,NA,NA,NA,NA,NA,21.6493144379799,22644583.216117,6.91968718172851
"Malta","Government expenditure on health",2013,0,NA,434677000,NA,0,NA,NA,NA,NA,13.4126739967656,0,NA,NA,5.34697517651979,NA,434677000,NA,5.34697517651979,13.4910444458308,NA,NA,NA,NA,NA
"Micronesia, Fed. Sts.","Government expenditure on health",2010,NA,NA,NA,10.7428677422604,NA,5351507.43926417,NA,NA,NA,NA,NA,NA,1.80219342373632,NA,NA,NA,NA,NA,NA,NA,NA,21.8923906589773,22696428.8061902,7.64333324788195
"Micronesia, Fed. Sts.","Government expenditure on health",2008,NA,NA,NA,10.7627719949941,NA,5158878.99143927,NA,NA,NA,NA,NA,NA,1.9609574857425,NA,NA,NA,NA,NA,NA,NA,NA,21.6620341992651,21868715.4779141,8.31258523240228
"Micronesia, Fed. Sts.","Government expenditure on health",2011,NA,NA,NA,10.6905066814421,NA,5218705.43002509,NA,NA,NA,NA,NA,NA,1.67641481746959,NA,NA,NA,NA,NA,NA,NA,NA,21.995438186749,23551290.8529277,7.56542661504354
"Micronesia, Fed. Sts.","Government expenditure on health",2013,NA,NA,NA,9.08052742595594,NA,5241357.62838759,NA,NA,NA,NA,NA,NA,1.65230785644282,NA,NA,NA,NA,NA,NA,NA,NA,22.4278272260026,23452688.7703655,7.39332529039889
"Malta","Government expenditure on health",2014,0,NA,484093000,NA,0,NA,NA,NA,NA,13.7421246352933,0,NA,NA,5.40976700005588,NA,484093000,NA,5.40976700005588,13.8090394178041,NA,NA,NA,NA,NA
"Micronesia, Fed. Sts.","Government expenditure on health",2009,NA,NA,NA,10.742759023105,NA,5015131.57451118,NA,NA,NA,NA,NA,NA,1.78929992799538,NA,NA,NA,NA,NA,NA,NA,NA,21.6125143049274,21417589.4848489,7.64137306343952
"Marshall Islands","Government expenditure on health",2013,NA,NA,NA,12.1534267995991,NA,12283942.45,NA,NA,NA,NA,NA,NA,6.64625545174599,NA,NA,NA,NA,NA,NA,NA,NA,NA,NA,NA
"Micronesia, Fed. Sts.","Government expenditure on health",2014,NA,NA,NA,8.1941267259452,NA,4735308.54710104,NA,NA,NA,NA,NA,NA,1.4831620247778,NA,NA,NA,NA,NA,NA,NA,NA,23.1475629147446,24803976.8963284,7.76893759512713
"Malta","Government expenditure on health",1992,NA,72746331.2368973,NA,9.35618203061805,NA,72746331.2368973,0,9.35618203061805,3.20499210014105,NA,NA,NA,3.20499210014105,NA,NA,NA,NA,NA,NA,0,NA,NA,NA,NA
"Mauritius","Government expenditure on health",1992,0,930900000,NA,10.1366966076568,0,929900000,1e+06,8.0824130027089,1.76048661479347,NA,0,0.0828569061231254,1.75859544859432,NA,0,NA,0,NA,NA,0.001891166199155,0,NA,NA,NA
"Malta","Government expenditure on health",1991,NA,61938038.6675984,NA,7.37832288140296,NA,61938038.6675984,0,7.37832288140296,2.99307591964503,NA,NA,NA,2.99307591964503,NA,NA,NA,NA,NA,NA,0,NA,NA,NA,NA
"Malta","Government expenditure on health",1990,NA,54390868.8562777,NA,7.13630806845966,NA,54390868.8562777,0,7.13630806845966,2.90763825631861,NA,NA,NA,2.90763825631861,NA,NA,NA,NA,NA,NA,0,NA,NA,NA,NA
"Mauritius","Government expenditure on health",1993,0,1145800000,NA,11.7981904870727,0,1135800000,1e+07,9.43216055582081,1.85398028505247,NA,0,0.778270682543389,1.83779962276366,NA,0,NA,0,NA,NA,0.0161806622888154,0,NA,NA,NA
"Mauritius","Government expenditure on health",1994,0,1306100000,NA,11.3490630641848,0,1276100000,3e+07,9.15187017391426,1.87095705851544,NA,0,1.89777327935223,1.82798277495716,NA,0,NA,0,NA,NA,0.0429742835582751,0,NA,NA,NA
"Mauritius","Government expenditure on health",1991,0,870600000,NA,10.7572452477407,0,8.63e+08,7600000,8.75546839643988,1.84348910322962,NA,0,0.725606263127745,1.82739615907094,NA,0,NA,0,NA,NA,0.016092944158678,0,NA,NA,NA
"Mauritius","Government expenditure on health",1990,0,768400000,NA,10.317751922161,0,758200000,10200000,8.65325059966892,1.88502970147538,NA,0,1.15633148169142,1.8600071833142,NA,0,NA,0,NA,NA,0.0250225181611775,0,NA,NA,NA
"Malta","Government expenditure on health",1994,NA,101863498.718845,NA,10.8654061172262,NA,101863498.718845,0,10.8654061172262,3.82977969136145,NA,NA,NA,3.82977969136145,NA,NA,NA,NA,NA,NA,0,NA,NA,NA,NA
"Malta","Government expenditure on health",1993,NA,103191241.556021,NA,12.0452444396106,NA,103191241.556021,0,12.0452444396106,4.24464484950772,NA,NA,NA,4.24464484950772,NA,NA,NA,NA,NA,NA,0,NA,NA,NA,NA
"Marshall Islands","Government expenditure on health",2015,NA,NA,NA,14.9952223262586,NA,15254710.3,NA,NA,NA,NA,NA,NA,8.30017449324305,NA,NA,NA,NA,NA,NA,NA,NA,NA,NA,NA
"Mauritius","Government expenditure on health",2015,0,4500400000,4500400000,10.1258242512793,0,4497800000,125100000,8.70827173584935,1.06914115209913,9.84597137577372,0,1.40523903666427,1.06852348100424,1.06914115209913,0,4648800000,0,1.10439591766919,9.55207914361548,0.0297194822965962,0,14.3008576659921,148400000,0.0352547655700629
"Mexico","Government expenditure on health",1996,NA,1.2861e+10,1.2861e+10,3.99431025861614,NA,1.2861e+10,NA,3.31631469018334,0.391606768646365,NA,NA,NA,0.391606768646365,0.391606768646365,0,NA,0,NA,3.99431025861614,NA,0,NA,NA,NA
"Mexico","Government expenditure on health",1997,NA,1.7764e+10,1.7764e+10,4.11255110592528,NA,1.7764e+10,NA,3.44110183445364,0.428573412069343,NA,NA,NA,0.428573412069343,0.428573412069343,0,NA,0,NA,4.11255110592528,NA,0,NA,NA,NA
"Micronesia, Fed. Sts.","Government expenditure on health",2015,NA,NA,NA,7.11514423141111,NA,4650719.94971333,NA,NA,NA,NA,NA,NA,1.46946845753959,NA,NA,NA,NA,NA,NA,NA,NA,24.8345330038202,26502003.516893,8.37372678870462
"Mexico","Government expenditure on health",2000,NA,4.3387e+10,4.3387e+10,6.11987835565736,NA,4.3387e+10,NA,4.95412634523707,0.618347571898894,NA,NA,NA,0.618347571898894,0.618347571898894,0,NA,0,NA,6.11987835565736,NA,0,NA,NA,NA
"Mexico","Government expenditure on health",1991,NA,3.738e+09,3.738e+09,3.20624437105974,NA,3.738e+09,NA,2.64399442625038,0.335875228013611,NA,NA,NA,0.335875228013611,0.335875228013611,0,NA,0,NA,3.20624437105974,NA,0,NA,NA,NA
"Mexico","Government expenditure on health",1993,NA,5.688e+09,5.688e+09,3.85797130939058,NA,5.688e+09,NA,3.08558595212134,0.34435622367874,NA,NA,NA,0.34435622367874,0.34435622367874,0,NA,0,NA,3.85797130939058,NA,0,NA,NA,NA
"Mexico","Government expenditure on health",1992,NA,4.931e+09,4.931e+09,3.74562276390651,NA,4.931e+09,NA,3.03403210622497,0.372607070693332,NA,NA,NA,0.372607070693332,0.372607070693332,0,NA,0,NA,3.74562276390651,NA,0,NA,NA,NA
"Mexico","Government expenditure on health",1999,NA,3.0052e+10,3.0052e+10,5.28175078825543,NA,3.0052e+10,NA,4.21997452737324,0.49796229122886,NA,NA,NA,0.49796229122886,0.49796229122886,0,NA,0,NA,5.28175078825543,NA,0,NA,NA,NA
"Mexico","Government expenditure on health",1990,NA,2.474e+09,NA,2.14781181904208,NA,2.474e+09,NA,1.87289450774064,0.285948164497981,NA,NA,NA,0.285948164497981,NA,0,NA,0,NA,NA,NA,0,NA,NA,NA
"Mexico","Government expenditure on health",1998,NA,2.4548e+10,2.4548e+10,5.40789418609518,NA,2.4548e+10,NA,4.35255944254331,0.481996028254946,NA,NA,NA,0.481996028254946,0.481996028254946,0,NA,0,NA,5.40789418609518,NA,0,NA,NA,NA
"Mexico","Government expenditure on health",1995,NA,9.255e+09,9.255e+09,3.84476376824238,NA,9.255e+09,NA,3.16432974675105,0.379242296838047,NA,NA,NA,0.379242296838047,0.379242296838047,0,NA,0,NA,3.84476376824238,NA,0,NA,NA,NA
"Mexico","Government expenditure on health",1994,NA,7.132e+09,7.132e+09,4.20271066588097,NA,7.132e+09,NA,3.35754671236295,0.381691165340002,NA,NA,NA,0.381691165340002,0.381691165340002,0,NA,0,NA,4.20271066588097,NA,0,NA,NA,NA
"Mauritius","Government expenditure on health",2017,0,11115930000,11115930000,10.6072186122001,0,11094580000,311350000,9.65941560289249,2.35078173078346,10.0074427246338,0,1.2851109036057,2.34626666187315,2.35078173078346,0,11529030000,0,2.4381435559287,9.71170479488564,0.06584387378109,0,15.2998276162756,413100000,0.087361825145233
"Marshall Islands","Government expenditure on health",2017,NA,NA,NA,19.25892299887,NA,25010848.6,NA,NA,NA,NA,NA,NA,11.8029399201156,NA,NA,NA,NA,NA,NA,NA,NA,NA,NA,NA
"Micronesia, Fed. Sts.","Government expenditure on health",2017,NA,NA,NA,6.63844688668249,NA,5395328.20261229,NA,NA,NA,NA,NA,NA,1.47145257667571,NA,NA,NA,NA,NA,NA,NA,NA,26.0751248760794,29413945,8.02198189527967
"Malta","Government expenditure on health",2018,0,NA,660981000,NA,0,NA,NA,NA,NA,14.092140516964,0,NA,NA,4.83222698229351,NA,660981000,NA,4.83222698229351,14.1496601843234,NA,NA,NA,NA,NA
"Mauritius","Government expenditure on health",2016,0,9728812000,9728812000,9.81295734052611,0,9685950000,268162000,8.88531849696668,2.17345337563112,10.0471079388808,0,1.47030731693944,2.1638778428131,2.17345337563112,0,10081992000,0,2.25235512264868,9.7413454098312,0.0599084044502033,0,12.6922178498913,353180000,0.0789017470175595
"Micronesia, Fed. Sts.","Government expenditure on health",2016,NA,NA,NA,6.79911359094293,NA,5007433.00261228,NA,NA,NA,NA,NA,NA,1.50705929113144,NA,NA,NA,NA,NA,NA,NA,NA,26.348961559254,28853072,8.68374878158132
"Marshall Islands","Government expenditure on health",2016,NA,NA,NA,14.9971276001775,NA,17069493.45,NA,NA,NA,NA,NA,NA,8.47195682526294,NA,NA,NA,NA,NA,NA,NA,NA,NA,NA,NA
"Malta","Government expenditure on health",2019,0,NA,732151000,NA,0,NA,NA,NA,NA,14.3705345462546,0,NA,NA,5.01672582258706,NA,732151000,NA,5.01672582258706,14.4284288632033,NA,NA,NA,NA,NA
"Malta","Government expenditure on health",2017,0,NA,609721000,NA,0,NA,NA,NA,NA,14.8243915935927,0,NA,NA,4.86387676795073,NA,609721000,NA,4.86387676795073,14.863453277782,NA,NA,NA,NA,NA
"Malta","Government expenditure on health",2016,0,NA,558195000,NA,0,NA,NA,NA,NA,14.5650523806455,0,NA,NA,5.13788279042368,NA,558195000,NA,5.13788279042368,14.6116657212539,NA,NA,NA,NA,NA
"Mauritius","Government expenditure on health",2019,0,12340917575.4426,12340917575.4426,10.4306609703022,0,12318385575.4426,287532000,9.68013655057649,2.40982714104107,9.91803184774179,0,1.07612087482718,2.40542728788509,2.40982714104107,0,12744915966.5426,0,2.48871643609211,9.71763379414748,0.0561467502948597,0,13.347959581993,403998391.1,0.0788892950510439
"Micronesia, Fed. Sts.","Government expenditure on health",2018,NA,NA,NA,7.08235776569486,NA,6122289.29404965,NA,NA,NA,NA,NA,NA,1.52321413671701,NA,NA,NA,NA,NA,NA,NA,NA,25.6409598134329,30901674,7.6882787506903
"Marshall Islands","Government expenditure on health",2019,NA,NA,NA,17.8282303478329,NA,27103497.8672214,NA,NA,NA,NA,NA,NA,11.3184853236442,NA,NA,NA,NA,NA,NA,NA,NA,NA,NA,NA
"Marshall Islands","Government expenditure on health",2018,NA,NA,NA,19.0002656107038,NA,25803624.4070015,NA,NA,NA,NA,NA,NA,11.6448166494463,NA,NA,NA,NA,NA,NA,NA,NA,NA,NA,NA
"Marshall Islands","Government expenditure on health",2014,NA,NA,NA,14.2090932427601,NA,13000002.85,NA,NA,NA,NA,NA,NA,7.1375890935711,NA,NA,NA,NA,NA,NA,NA,NA,NA,NA,NA
"Mauritius","Government expenditure on health",2021,0,14174700000,14174700000,7.63820945204002,0,13529400000,925300000,8.56204374991926,2.96042037814819,8.82636610329915,0,2.67693117743891,2.82564791241565,2.96042037814819,0,14634200000,0,3.05638806450198,8.71436761662584,0.193251142944861,0,14.649620608302,459500000,0.0959676863537918
"Malta","Government expenditure on health",2015,0,NA,538846000,NA,0,NA,NA,NA,NA,14.0032707891708,0,NA,NA,5.27174359676757,NA,538846000,NA,5.27174359676757,14.0617578932755,NA,NA,NA,NA,NA
"Malta","Government expenditure on health",2022,0,NA,966069000,NA,0,NA,NA,NA,NA,14.0772148573079,0,NA,NA,5.2958212047955,NA,966069000,NA,5.2958212047955,14.1261164464505,NA,NA,NA,NA,NA
"Malta","Government expenditure on health",2020,0,NA,935281000,NA,0,NA,NA,NA,NA,15.4778837845974,0,NA,NA,6.51945490032065,NA,935281000,NA,6.51945490032065,15.5127976961045,NA,NA,NA,NA,NA
"Malta","Government expenditure on health",2021,0,NA,997924000,NA,0,NA,NA,NA,NA,15.1787310009949,0,NA,NA,5.98566450134658,NA,997924000,NA,5.98566450134658,15.2168304252437,NA,NA,NA,NA,NA
"Micronesia, Fed. Sts.","Government expenditure on health",2019,NA,NA,NA,6.06538855933717,NA,5665157.5239499,NA,NA,NA,NA,NA,NA,1.37209048985838,NA,NA,NA,NA,NA,NA,NA,NA,27.2624565799095,31393749,7.60350692135177
"Mauritius","Government expenditure on health",2018,0,11440546425.2005,11440546425.2005,10.0125277046692,0,11440545425.2005,220391000,9.45268560581413,2.28789422298314,9.76062195144642,0,0.816841468242805,2.28789402300194,2.28789422298314,0,11796995125.2005,0,2.35917726237744,9.5708335716581,0.0440740570386384,0,12.1996146666893,356448700,0.0712830393942969
"Micronesia, Fed. Sts.","Government expenditure on health",2020,NA,NA,NA,7.45260360510334,NA,6510244.93932137,NA,NA,NA,NA,NA,NA,1.59829519763431,NA,NA,NA,NA,NA,NA,NA,NA,27.7078227251487,34174672,8.39003979841372
"Mauritius","Government expenditure on health",2023,0,15987928538.1318,15987928538.1318,9.11031635593196,0,15523714435.1318,464214103,8.13777402642879,2.45761847426965,8.53666291104863,0,1.01020328406311,2.38626081509396,2.45761847426965,0,16590491580.2118,0,2.55024273516724,8.45084131469153,0.0713576591756911,0,15.6473949176208,602563042.08,0.092624260897589
"Mauritius","Government expenditure on health",2022,0,15783500000,15783500000,9.78591332731925,0,15121800000,1000700000,9.28651515547221,2.75881778186401,9.56102029441995,0,2.4510383180642,2.64315840807116,2.75881778186401,0,16345791072.04,0,2.85710134432654,9.53818383722501,0.174913609421948,0,15.8229743792064,562291072.04,0.0982835624625291
"Mauritius","Government expenditure on health",2020,0,14228331307.0653,14228331307.0653,9.34041589231798,0,14186303307.0653,314628000,9.45945989877536,3.16978290278905,9.75718306726577,0,1.28223073997668,3.1604199189673,3.16978290278905,0,14673690415.2353,0,3.26899985635953,9.57737827037398,0.0700927208971783,0,14.2315670738052,445359108.17,0.0992169535704897
"Mongolia","Government expenditure on health",1997,2.64533239259694,3.751e+09,3.751e+09,3.09172134120207,2.4679e+10,3.751e+09,0,2.12598335940511,0.402068228235792,8.65554575973803,27.5401457410363,0,0.402068228235792,0.402068228235792,0,1.993e+10,0,2.13628893328161,2.75543410391461,0,0,NA,NA,NA
"Moldova","Government expenditure on health",2004,0.16514850237625,1927600000,990100000,16.3100818098483,52900000,9.43e+08,47100000,20.8854313389819,6.01777416220149,17.6565508879538,1.81089963028892,5.54117647058824,2.94395156409836,3.09099304731049,25.2940859054608,1980500000,2.926781114891,6.18292266457774,14.9298068368593,0.147041483212124,937500000,NA,NA,NA
"Moldova","Government expenditure on health",2010,0.133989561637466,3882800000,515100000,2.73232159812435,115600000,515100000,NA,14.6541768253561,4.50047292323488,13.6232150705795,1.52383965410422,NA,0.597041723178708,0.597041723178708,28.0711844627824,3998400000,3.90343120005618,4.63446248487235,2.73232159812435,NA,3367700000,NA,NA,NA
"Morocco","Government expenditure on health",1997,NA,2.925e+09,NA,3.26297940697441,NA,2.925e+09,0,3.00690817879025,0.724684673526723,NA,NA,0,0.724684673526723,NA,0,NA,0,NA,NA,0,0,NA,NA,NA
"Moldova","Government expenditure on health",2002,2.34794881223317,340300000,340300000,7.38834514568568,529600000,262700000,77600000,6.05354442764387,1.50869898187868,11.9863863091465,22.4435309573251,13.1614654002714,1.1646641861285,1.50869898187868,0,869900000,0,3.85664779411184,8.20949531988806,0.344034795750177,0,NA,NA,NA
"Moldova","Government expenditure on health",2008,0.236802831208293,3241900000,669900000,4.08542869862721,1.49e+08,669900000,NA,14.1539254123626,5.15228925163869,13.0225895401442,2.32969026064387,NA,1.0646591719895,1.0646591719895,28.9408243408986,3390900000,4.08763007964919,5.38909208284698,4.08542869862721,NA,2.572e+09,NA,NA,NA
"Moldova","Government expenditure on health",2003,2.08009596900212,421800000,409500000,7.27450432839989,574500000,312600000,96900000,6.17705206121403,1.52721406392531,11.3944897469035,20.6989731579895,13.2142370107732,1.13183289801577,1.48267937216078,0.562620071356692,996300000,0.0445346917645362,3.60731003292743,8.14180054079847,0.350846474145005,12300000,NA,NA,NA
"Moldova","Government expenditure on health",2013,0.0819858164623739,5130300000,3066600000,12.7809615104091,9.8e+07,3066600000,NA,15.1134324928635,4.29195749180527,13.4960882026389,1.02864460328956,NA,2.56548678330118,2.56548678330118,28.2827944827771,5226900000,3.53551284644529,4.37277208231819,12.7809615104091,NA,4226100000,NA,NA,NA
"Moldova","Government expenditure on health",1998,2.5828445668235,158800000,NA,6.72966902572361,235610000,158800000,0,4.85389411908546,1.74082474093447,NA,21.1430776409778,NA,1.74082474093447,NA,0,NA,0,NA,NA,0,0,NA,NA,NA
"Moldova","Government expenditure on health",2007,0.172376454229812,2536500000,641900000,4.49100958511159,92100000,641900000,NA,13.0441490319097,4.74737107658978,11.7450983896624,1.65727961420114,NA,1.20139463594046,1.20139463594046,26.5379874495742,2628600000,3.54597644064932,4.91974753081959,4.49100958511159,NA,1894600000,NA,NA,NA
"Morocco","Government expenditure on health",1999,NA,3.627e+09,NA,3.51593171705813,NA,3.627e+09,0,3.2243439300192,0.821081368735542,NA,NA,0,0.821081368735542,NA,0,NA,0,NA,NA,0,0,NA,NA,NA
"Moldova","Government expenditure on health",2012,0.0751799978823691,4670500000,2775400000,12.7424153382796,79300000,2775400000,NA,15.1326639385427,4.4278459030215,13.3964355519705,0.890460951097636,NA,2.63120512134586,2.63120512134586,28.827619415889,4749800000,3.74591686800525,4.50302590090387,12.7424153382796,NA,3951200000,NA,NA,NA
"Mongolia","Government expenditure on health",1995,2.26078282598495,2.12e+09,2.12e+09,3.17199072342336,1.4728e+10,2.12e+09,0,2.17088555746703,0.325425012974477,10.8165177177356,27.5738116188943,0,0.325425012974477,0.325425012974477,0,1.4548e+10,0,2.23315240035505,2.97489580848407,0,0,NA,NA,NA
"Moldova","Government expenditure on health",2001,1.96467150067887,168100000,NA,5.67407007358401,374300000,168100000,NA,3.87693443114463,0.882343786439001,NA,21.1744074220739,NA,0.882343786439001,NA,0,NA,0,NA,NA,NA,0,NA,NA,NA
"Mongolia","Government expenditure on health",2000,2.37724867063526,1.6853e+10,1.6853e+10,7.52853409573161,2.9099e+10,1.6853e+10,0,5.50685047886367,1.37680923214598,9.18501611520614,21.2873822204015,0,1.37680923214598,1.37680923214598,0,3.5252e+10,0,2.87991924592715,7.2636605780586,0,0,NA,NA,NA
"Mongolia","Government expenditure on health",1998,3.0104883894924,4.263e+09,2.651e+09,1.86146122248359,2.8463e+10,2.651e+09,0,2.11795567346817,0.450891051695398,15.2504989758357,26.8258201935855,0,0.280392253822308,0.280392253822308,2.99500213663304,4.0726e+10,0.17049879787309,4.30752732145127,1.79782443576389,0,1.612e+09,NA,NA,NA
"Morocco","Government expenditure on health",1998,NA,3.407e+09,NA,3.46697873206472,NA,3.407e+09,0,3.18777660301094,0.784058063192158,NA,NA,0,0.784058063192158,NA,0,NA,0,NA,NA,0,0,NA,NA,NA
"Mongolia","Government expenditure on health",2007,NA,NA,NA,NA,NA,NA,NA,NA,NA,NA,NA,NA,NA,NA,NA,NA,0,NA,NA,NA,0,NA,NA,NA
"Mongolia","Government expenditure on health",2013,NA,NA,NA,NA,NA,NA,0,NA,NA,NA,NA,0,NA,NA,0,NA,0,NA,NA,0,0,NA,NA,NA
"Moldova","Government expenditure on health",1997,4.05922412028743,179800000,NA,6.7964467964468,361960000,179800000,0,4.8470144224289,2.0163788728801,NA,25.7857692417291,NA,2.0163788728801,NA,0,NA,0,NA,NA,0,0,NA,NA,NA
"Moldova","Government expenditure on health",2006,0.192830344354999,3027100000,1541700000,14.7286110431449,86300000,1444700000,9.7e+07,19.8182568104594,6.76380921665142,17.2439767377458,1.69541471847865,7.65769321859951,3.22806487241793,3.44480349817036,25.3329922401296,3113400000,3.31900571848106,6.95663956100642,13.9224274168059,0.216738625752432,1485400000,NA,NA,NA
"Moldova","Government expenditure on health",2000,1.88501955807212,163800000,NA,4.82317952946026,308100000,163800000,NA,3.45671717384882,1.00216229669657,NA,22.1974063400576,NA,1.00216229669657,NA,0,NA,0,NA,NA,NA,0,NA,NA,NA
"Moldova","Government expenditure on health",1999,1.48828629895223,174200000,NA,6.26596165605554,183380000,174200000,NA,4.75930277034042,1.41378270955108,NA,19.0979056664688,NA,1.41378270955108,NA,0,NA,0,NA,NA,NA,0,NA,NA,NA
"Mongolia","Government expenditure on health",2012,0,NA,435789622823.1,10.0990651592138,0,435789622823.1,0,NA,NA,7.1694907354472,0,0,2.61132950800464,2.61132950800464,0,435789622823.1,0,2.61132950800464,8.45907724278597,0,0,NA,NA,NA
"Morocco","Government expenditure on health",1995,NA,2.933e+09,NA,3.38445206032702,NA,2.933e+09,0,3.16865270140337,0.813092005013434,NA,NA,0,0.813092005013434,NA,0,NA,0,NA,NA,0,0,NA,NA,NA
"Mongolia","Government expenditure on health",2001,2.42722405072686,3.0192e+10,1.9312e+10,7.28043157819339,3.3784e+10,1.9312e+10,0,8.53894451043611,2.1691554741755,10.8591170548676,21.2031254903191,0,1.38747782582397,1.38747782582397,13.9795446368916,4.8216e+10,0.781677648351533,3.4640964607461,7.00339435434739,0,1.088e+10,NA,NA,NA
"Mongolia","Government expenditure on health",2010,0,NA,2.4751e+11,11.6791317683143,0,2.4751e+11,0,NA,NA,8.43244606007747,0,0,2.53684989454767,2.53684989454767,0,2.4751e+11,0,2.53684989454767,10.2095450233057,0,0,NA,NA,NA
"Moldova","Government expenditure on health",2005,0.102518151223781,1531400000,423400000,3.88872667427601,38600000,2.93e+08,130400000,13.0141410021076,4.06726157471758,11.2187732235751,1.01989589663646,13.1147540983607,0.77818182146549,1.12451257067743,23.0554746348163,1.57e+09,2.94274900404014,4.16977972594136,4.97024193832392,0.346330749211945,1.108e+09,NA,NA,NA
"Moldova","Government expenditure on health",1996,4.64286144823215,161200000,NA,10.9548080190282,362030000,161200000,0,7.27043117445427,2.06731283444749,NA,26.7099991884374,NA,2.06731283444749,NA,0,NA,0,NA,NA,0,0,NA,NA,NA
"Moldova","Government expenditure on health",2011,0.0782604009951738,4183800000,2552500000,12.7537636718848,77300000,2552500000,NA,14.76511961942,4.23578092734293,13.2709808674304,0.949643116008796,NA,2.58421311177466,2.58421311177466,28.1833629532629,4259600000,3.66062266336675,4.31252269183755,12.7537636718848,NA,3615700000,NA,NA,NA
"Mongolia","Government expenditure on health",1996,2.6638333455143,2.615e+09,2.615e+09,3.23774855756135,1.9659e+10,2.615e+09,0,2.15700345615468,0.354337667150917,8.85200034973333,29.3742342288498,0,0.354337667150917,0.354337667150917,0,1.4174e+10,0,1.92060500734115,2.953834336771,0,0,NA,NA,NA
"Moldova","Government expenditure on health",2009,0.120801320500747,3773800000,702400000,4.08566874905478,7.3e+07,702400000,NA,15.4377955590464,6.24493182610574,14.0875915081868,1.12311148035324,NA,1.16234037698253,1.16234037698253,28.7621972917798,3846800000,5.08259144912321,6.36573314660648,4.08566874905478,NA,3071400000,NA,NA,NA
"Mongolia","Government expenditure on health",2011,0,NA,328833800000,10.4658849964374,0,328833800000,0,NA,NA,7.17774200190292,0,0,2.49612652445334,2.49612652445334,0,328833800000,0,2.49612652445334,8.40350753852791,0,0,NA,NA,NA
"Mongolia","Government expenditure on health",2002,2.31314949685282,19695821600,18410833900,5.33187241545585,35867925100,18410833900,0,4.66042774013805,1.27019836517231,10.453776703411,21.1206917710105,0,1.18732854085351,1.18732854085351,2.81729634798523,52539350900,0.169040130596354,3.38830229963062,4.96053326942917,0,2621153000,NA,NA,NA
"Mongolia","Government expenditure on health",2014,NA,NA,NA,NA,NA,NA,NA,NA,NA,NA,NA,NA,NA,NA,NA,NA,0,NA,NA,NA,0,NA,NA,NA
"Mongolia","Government expenditure on health",1999,2.12413878651276,NA,NA,NA,2.2952e+10,NA,NA,NA,NA,NA,21.4540763866819,NA,NA,NA,NA,NA,NA,NA,NA,NA,NA,NA,NA,NA
"Moldova","Government expenditure on health",1995,3.92455532380668,NA,NA,NA,254300000,NA,NA,NA,NA,NA,26.2880416804499,NA,NA,NA,NA,NA,NA,NA,NA,NA,NA,NA,NA,NA
"Moldova","Government expenditure on health",2014,0.103385009254081,5752600000,3.302e+09,11.1971298453358,1.38e+08,3.302e+09,NA,14.2745833705545,4.30965655242774,13.2425213915405,1.21953374927093,NA,2.4737485547607,2.4737485547607,28.0226360859932,5890300000,3.5057257304672,4.41281681166171,11.1971298453358,NA,4679500000,NA,NA,NA
"Mongolia","Government expenditure on health",1993,2.39154160016361,9.92e+08,9.92e+08,2.99942551325855,5.445e+09,9.92e+08,0,2.33587642460205,0.435704181333755,15.526670731482,23.4364911978651,0,0.435704181333755,0.435704181333755,0,8403500000,0,3.69096783048207,2.87045342747186,0,0,NA,NA,NA
"Morocco","Government expenditure on health",1992,NA,2.152e+09,NA,3.11513853102111,NA,2.152e+09,0,2.94762217839141,0.690877123731188,NA,NA,0,0.690877123731188,NA,0,NA,0,NA,NA,0,0,NA,NA,NA
"Mongolia","Government expenditure on health",1994,2.42395221645473,2.252e+09,2.252e+09,5.00399964447605,9.262e+09,2.252e+09,0,3.52845324642768,0.589369508902619,11.6850107534302,27.5835368395974,0,0.589369508902619,0.589369508902619,0,1.016e+10,0,2.65896723377025,4.71149420477844,0,0,NA,NA,NA
"Moldova","Government expenditure on health",1994,4.36985433818873,NA,NA,NA,2.07e+08,NA,NA,NA,NA,NA,29.2372881355932,NA,NA,NA,NA,NA,NA,NA,NA,NA,NA,NA,NA,NA
"Morocco","Government expenditure on health",1991,NA,2.045e+09,NA,3.21263058675674,NA,2.045e+09,0,3.03412462908012,0.672242450626327,NA,NA,0,0.672242450626327,NA,0,NA,0,NA,NA,0,0,NA,NA,NA
"Mongolia","Government expenditure on health",1992,3.1765393142889,1.05e+08,1.05e+08,1.47658557164956,1.783e+09,1.05e+08,0,1.03072543437715,0.187064850252571,12.996489295794,26.3835454276413,0,0.187064850252571,0.187064850252571,0,1.888e+09,0,3.36360416454147,1.38522427440633,0,0,NA,NA,NA
"Morocco","Government expenditure on health",1990,NA,1.839e+09,NA,3.16474212256277,NA,1.839e+09,0,2.99794594242118,0.683124308958122,NA,NA,0,0.683124308958122,NA,0,NA,0,NA,NA,0,0,NA,NA,NA
"Morocco","Government expenditure on health",1994,NA,2.823e+09,NA,3.32983403908987,NA,2.823e+09,0,3.13415933919531,0.796101080915567,NA,NA,0,0.796101080915567,NA,0,NA,0,NA,NA,0,0,NA,NA,NA
"Morocco","Government expenditure on health",1993,NA,2.568e+09,NA,3.20459225057715,NA,2.568e+09,0,3.02715956242927,0.806115332293837,NA,NA,0,0.806115332293837,NA,0,NA,0,NA,NA,0,0,NA,NA,NA
"Moldova","Government expenditure on health",2015,0.0904265566196505,6324100000,3389800000,11.1928520012944,131800000,3389800000,NA,14.8603399213759,4.33889671258218,13.871693442859,1.14410715370793,NA,2.32570517169417,2.32570517169417,27.6381639998498,6455900000,3.53507460533194,4.42932326920184,11.1928520012944,NA,5152500000,NA,NA,NA
"Moldova","Government expenditure on health",2016,0.0480056023931354,6428300000,3267500000,10.1119666266417,77200000,3267500000,NA,14.1521750138147,3.99733696714757,13.4237535749217,0.68229824918027,NA,2.03184333963174,2.03184333963174,27.4902850054753,6505500000,3.52797649193593,4.0453425695407,10.1119666266417,NA,5673500000,NA,NA,NA
"Mongolia","Government expenditure on health",2015,NA,NA,NA,NA,NA,NA,NA,NA,NA,NA,NA,NA,NA,NA,NA,NA,0,NA,NA,NA,0,NA,NA,NA
"Mongolia","Government expenditure on health",2016,NA,NA,483343282121.9,7.01908127327219,NA,483343282121.9,0,NA,NA,5.26643504664731,NA,0,2.01970817183445,2.01970817183445,0,483343282121.9,0,2.01970817183445,6.74614802854547,0,0,NA,NA,NA
"Mongolia","Government expenditure on health",2017,NA,548841211921.95,548841211921.95,8.01616937646116,NA,548841211921.95,NA,6.28142477829773,1.95939768083337,6.15021672854127,NA,NA,1.95939768083337,1.95939768083337,0,548841211921.95,0,1.95939768083337,8.01616937646116,NA,0,NA,NA,NA
"Moldova","Government expenditure on health",2017,0.0802807642749213,7127400000,3459600000,9.75109289694496,141300000,3459600000,NA,14.0246830013144,4.04949129011376,13.3315848165158,1.06443885314812,NA,1.96560036861654,1.96560036861654,26.2229165706818,7268700000,3.55712532889191,4.12977205438868,9.75109289694496,NA,6260800000,NA,NA,NA
"Moldova","Government expenditure on health",2018,0.0882776266511943,7632100000,3.646e+09,9.41916849874575,166900000,3.646e+09,NA,13.7637577163138,4.03681051147142,13.0836167082432,1.14722884775331,NA,1.92846151450122,1.92846151450122,25.6845673014391,7.799e+09,3.55125711862662,4.12508813812261,9.41916849874575,NA,6714100000,NA,NA,NA
"Mongolia","Government expenditure on health",2019,0.377273327424139,704634030586.2,704634030586.2,7.17314644022698,142757304738.1,704634030586.2,NA,5.90373101474688,1.86217879234441,6.82873153971379,4.24511196956621,NA,1.86217879234441,1.86217879234441,0,847391335324.3,0,2.23945211976855,7.17314644022698,NA,0,NA,NA,NA
"Moldova","Government expenditure on health",2019,0.0835368669744822,8462700000,3786700000,8.79117052321708,172300000,3786700000,NA,13.783976597519,4.10300315812507,13.0881719908572,1.01726937269373,NA,1.8359202215454,1.8359202215454,25.7446230737766,8.635e+09,3.63121136907766,4.18654002509956,8.79117052321708,NA,7489600000,NA,NA,NA
"Moldova","Government expenditure on health",2020,0.0876667352713526,9815100000,4943300000,9.95922265157529,175100000,4943300000,NA,14.2284531371861,4.91409350863423,13.634812705917,0.976717203833239,NA,2.47494558804613,2.47494558804613,25.744336123541,9990200000,4.20835375969934,5.00176024390558,9.95922265157529,NA,8405500000,NA,NA,NA
"Mongolia","Government expenditure on health",2018,0.3484483374531,963387128993.45,649159075080.9,9.30253438190477,113533629397.46,649159075080.9,NA,11.3320223940251,2.95675074603924,11.134446068289,3.96101561710826,NA,1.9923471279391,1.9923471279391,14.731933238921,1076920758390.91,0.964403618100143,3.30519908349234,9.30253438190477,NA,314228053912.55,NA,NA,NA
"Mongolia","Government expenditure on health",2021,0.465051833776295,572562812429.88,572562812429.88,4.28952713968413,202555579377.4,572562812429.88,NA,3.57396576774957,1.31455962206064,4.32929383901577,4.97006742456758,NA,1.31455962206064,1.31455962206064,0,775118391807.28,0,1.77961145583693,4.28952713968413,NA,0,NA,NA,NA
"Moldova","Government expenditure on health",2021,0.0672095676814164,13365100000,7648100000,14.1325537863403,162700000,7648100000,NA,17.5174321065325,5.52097475733804,16.4946014985338,0.799803367334398,NA,3.1593453877335,3.1593453877335,29.8202319121914,13527800000,4.7720032320573,5.58818432501945,14.1325537863403,NA,1.1552e+10,NA,NA,NA
"Moldova","Government expenditure on health",2022,0.05541432056848,13501700000,7633600000,11.1319970542557,152700000,7633600000,NA,14.45688055516,4.89972188617844,13.6034957190194,0.632046888193513,NA,2.77020797309463,2.77020797309463,26.1729740136429,13654400000,4.34144165852585,4.95513620674692,11.1319970542557,NA,11963300000,NA,NA,NA
"Mongolia","Government expenditure on health",2020,0.470426129364136,840709445317.48,840709445317.48,7.07493823542206,176189993784.31,840709445317.48,NA,5.66150322877185,2.24468871237222,6.52550830201999,4.71502269768636,NA,2.24468871237222,2.24468871237222,0,1016899439101.79,0,2.71511484173635,7.07493823542206,NA,0,NA,NA,NA
"Moldova","Government expenditure on health",2023,0.0354691246724056,15830400000,8918200000,11.0473297723692,109600000,8918200000,NA,14.4368801440916,5.1230878760406,13.5232470045669,0.377363687697117,NA,2.88613820851686,2.88613820851686,26.340132464513,1.594e+10,4.45826832481321,5.15855700071301,11.0473297723692,NA,13776100000,NA,NA,NA
"Nepal","Government expenditure on health",2014,NA,NA,NA,7.28851612475315,NA,26518430000,NA,NA,NA,NA,NA,NA,1.18782215796887,NA,NA,NA,NA,NA,NA,NA,NA,NA,NA,NA
"Namibia","Government expenditure on health",2012,NA,NA,NA,13.5227862864271,NA,5055793325.96,NA,NA,NA,NA,NA,NA,4.73107148022262,NA,NA,NA,NA,NA,NA,NA,NA,NA,NA,NA
"Namibia","Government expenditure on health",2001,NA,NA,NA,9.28746838987917,NA,950816000,NA,NA,NA,NA,NA,NA,3.08940879718241,NA,NA,NA,NA,NA,NA,NA,NA,NA,NA,NA
"Namibia","Government expenditure on health",2005,NA,NA,NA,10.0884927768847,NA,1320834000,NA,NA,NA,NA,NA,NA,2.83465809931431,NA,NA,NA,NA,NA,NA,NA,NA,NA,NA,NA
"Namibia","Government expenditure on health",2007,NA,NA,NA,10.3139626960305,NA,1668852000,NA,NA,NA,NA,NA,NA,2.70992783727999,NA,NA,NA,NA,NA,NA,NA,NA,NA,NA,NA
"Namibia","Government expenditure on health",2011,NA,NA,NA,12.5557103015662,NA,4441572931.66,NA,NA,NA,NA,NA,NA,4.92918993289419,NA,NA,NA,NA,NA,NA,NA,NA,NA,NA,NA
"Namibia","Government expenditure on health",2000,NA,NA,NA,11.1956398227641,NA,968517000,NA,NA,NA,NA,NA,NA,3.54335264327238,NA,NA,NA,NA,NA,NA,NA,NA,NA,NA,NA
"Nepal","Government expenditure on health",1999,NA,NA,NA,5.14437134502924,NA,2.815e+09,NA,NA,NA,NA,NA,NA,0.672194491521776,NA,NA,NA,NA,NA,NA,NA,NA,NA,NA,NA
"Nepal","Government expenditure on health",2008,NA,NA,NA,7.44497826982552,NA,10264600000,NA,NA,NA,NA,NA,NA,1.10341350352893,NA,NA,NA,NA,NA,NA,NA,NA,NA,NA,NA
"Nepal","Government expenditure on health",2011,NA,NA,NA,8.24576233277845,NA,21982116000,NA,NA,NA,NA,NA,NA,1.41000302834628,NA,NA,NA,NA,NA,NA,NA,NA,NA,NA,NA
"Namibia","Government expenditure on health",2004,NA,NA,NA,10.2820664605525,NA,1278394000,NA,NA,NA,NA,NA,NA,2.97018186874311,NA,NA,NA,NA,NA,NA,NA,NA,NA,NA,NA
"Nepal","Government expenditure on health",2006,NA,NA,NA,6.11239219511333,NA,5799500000,NA,NA,NA,NA,NA,NA,0.777430211185057,NA,NA,NA,NA,NA,NA,NA,NA,NA,NA,NA
"Namibia","Government expenditure on health",2003,NA,NA,NA,10.2062680838184,NA,1247965000,NA,NA,NA,NA,NA,NA,3.31691851335416,NA,NA,NA,NA,NA,NA,NA,NA,NA,NA,NA
"Namibia","Government expenditure on health",2013,NA,NA,NA,14.991928309123,NA,7006599296,NA,NA,NA,NA,NA,NA,5.96696591878399,NA,NA,NA,NA,NA,NA,NA,NA,NA,NA,NA
"Nepal","Government expenditure on health",1996,NA,NA,NA,3.94080746340679,NA,1.715e+09,NA,NA,NA,NA,NA,NA,0.562736278440149,NA,NA,NA,NA,NA,NA,NA,NA,NA,NA,NA
"Nepal","Government expenditure on health",2002,NA,NA,NA,5.25519797258632,NA,3.857e+09,NA,NA,NA,NA,NA,NA,0.736076403630914,NA,NA,NA,NA,NA,NA,NA,NA,NA,NA,NA
"Nepal","Government expenditure on health",1995,NA,NA,NA,4.12780751614149,NA,1.496e+09,NA,NA,NA,NA,NA,NA,0.55747955818139,NA,NA,NA,NA,NA,NA,NA,NA,NA,NA,NA
"Nepal","Government expenditure on health",2013,NA,NA,NA,7.25096539560665,NA,21871667000,NA,NA,NA,NA,NA,NA,1.12202971004557,NA,NA,NA,NA,NA,NA,NA,NA,NA,NA,NA
"Nepal","Government expenditure on health",1998,NA,NA,NA,6.01377876991764,NA,3.125e+09,NA,NA,NA,NA,NA,NA,0.848390101089973,NA,NA,NA,NA,NA,NA,NA,NA,NA,NA,NA
"Nepal","Government expenditure on health",2007,NA,NA,NA,6.67738657267453,NA,7786200000,NA,NA,NA,NA,NA,NA,0.93799793900602,NA,NA,NA,NA,NA,NA,NA,NA,NA,NA,NA
"Namibia","Government expenditure on health",2010,NA,NA,NA,12.0946227541867,NA,3296179588.57,NA,NA,NA,NA,NA,NA,3.99057139692084,NA,NA,NA,NA,NA,NA,NA,NA,NA,NA,NA
"Nepal","Government expenditure on health",2000,NA,NA,NA,5.67819192683489,NA,3.452e+09,NA,NA,NA,NA,NA,NA,0.742952602841935,NA,NA,NA,NA,NA,NA,NA,NA,NA,NA,NA
"Nepal","Government expenditure on health",2010,NA,NA,NA,7.71925108863393,NA,17957371000,NA,NA,NA,NA,NA,NA,1.32004646440741,NA,NA,NA,NA,NA,NA,NA,NA,NA,NA,NA
"Mozambique","Government expenditure on health",2010,NA,NA,NA,8.00222551156491,NA,8095700000,NA,NA,NA,NA,NA,NA,2.08894875228681,NA,NA,NA,NA,NA,NA,NA,NA,NA,NA,NA
"Namibia","Government expenditure on health",2002,NA,NA,NA,10.0982867339775,NA,1142668000,NA,NA,NA,NA,NA,NA,3.19935337601405,NA,NA,NA,NA,NA,NA,NA,NA,NA,NA,NA
"Nepal","Government expenditure on health",1993,NA,NA,NA,3.63605209047293,NA,1.061e+09,NA,NA,NA,NA,NA,NA,0.493260667032697,NA,NA,NA,NA,NA,NA,NA,NA,NA,NA,NA
"Nepal","Government expenditure on health",1992,NA,NA,NA,3.65242301265218,NA,9.18e+08,NA,NA,NA,NA,NA,NA,0.490965595439319,NA,NA,NA,NA,NA,NA,NA,NA,NA,NA,NA
"Namibia","Government expenditure on health",2009,NA,NA,NA,13.6717294960154,NA,3312881655.19,NA,NA,NA,NA,NA,NA,4.40459714176081,NA,NA,NA,NA,NA,NA,NA,NA,NA,NA,NA
"Nepal","Government expenditure on health",2009,NA,NA,NA,6.69322940582354,NA,13366600000,NA,NA,NA,NA,NA,NA,1.1859029253278,NA,NA,NA,NA,NA,NA,NA,NA,NA,NA,NA
"Namibia","Government expenditure on health",2008,NA,NA,NA,13.2316692238339,NA,2752220651.07,NA,NA,NA,NA,NA,NA,3.9255466311063,NA,NA,NA,NA,NA,NA,NA,NA,NA,NA,NA
"Namibia","Government expenditure on health",2006,NA,NA,NA,9.11837945538955,NA,1347023000,NA,NA,NA,NA,NA,NA,2.58139752637943,NA,NA,NA,NA,NA,NA,NA,NA,NA,NA,NA
"Nepal","Government expenditure on health",1997,NA,NA,NA,5.32577061160325,NA,2.507e+09,NA,NA,NA,NA,NA,NA,0.729944280481285,NA,NA,NA,NA,NA,NA,NA,NA,NA,NA,NA
"Nepal","Government expenditure on health",2005,NA,NA,NA,5.27395910183991,NA,4682300000,NA,NA,NA,NA,NA,NA,0.696538257070164,NA,NA,NA,NA,NA,NA,NA,NA,NA,NA,NA
"Nepal","Government expenditure on health",1990,NA,NA,NA,4.80273094263561,NA,855400000,NA,NA,NA,NA,NA,NA,0.675569258562229,NA,NA,NA,NA,NA,NA,NA,NA,NA,NA,NA
"Nepal","Government expenditure on health",1994,NA,NA,NA,3.63710805554608,NA,1.066e+09,NA,NA,NA,NA,NA,NA,0.436917353053004,NA,NA,NA,NA,NA,NA,NA,NA,NA,NA,NA
"Nepal","Government expenditure on health",2001,NA,NA,NA,4.76287125363642,NA,3.52e+09,NA,NA,NA,NA,NA,NA,0.699033814746819,NA,NA,NA,NA,NA,NA,NA,NA,NA,NA,NA
"Nepal","Government expenditure on health",2012,NA,NA,NA,7.76264340506415,NA,22870300000,NA,NA,NA,NA,NA,NA,1.30064665733059,NA,NA,NA,NA,NA,NA,NA,NA,NA,NA,NA
"Nepal","Government expenditure on health",2003,NA,NA,NA,4.92030986864264,NA,3652100000,NA,NA,NA,NA,NA,NA,0.650546531581595,NA,NA,NA,NA,NA,NA,NA,NA,NA,NA,NA
"Mozambique","Government expenditure on health",2011,NA,NA,NA,7.81674178512912,NA,9406800000,NA,NA,NA,NA,NA,NA,2.21364075990653,NA,NA,NA,NA,NA,NA,NA,NA,NA,NA,NA
"Nepal","Government expenditure on health",2004,NA,NA,NA,5.06549817028886,NA,3968600000,NA,NA,NA,NA,NA,NA,0.648291774405489,NA,NA,NA,NA,NA,NA,NA,NA,NA,NA,NA
"Nepal","Government expenditure on health",1991,NA,NA,NA,2.90574995604009,NA,6.61e+08,NA,NA,NA,NA,NA,NA,0.436079504611834,NA,NA,NA,NA,NA,NA,NA,NA,NA,NA,NA
"Namibia","Government expenditure on health",2014,NA,NA,NA,11.0642201777156,NA,6500388279,NA,NA,NA,NA,NA,NA,4.82095997258424,NA,NA,NA,NA,NA,NA,NA,NA,NA,NA,NA
"Nepal","Government expenditure on health",2015,NA,NA,NA,6.71022518098055,NA,29468271717.57,NA,NA,NA,NA,NA,NA,1.21586911274581,NA,NA,NA,NA,NA,NA,NA,NA,NA,NA,NA
"Namibia","Government expenditure on health",2015,NA,NA,NA,8.37671247773072,NA,5407541504.3,NA,NA,NA,NA,NA,NA,3.70332249997288,NA,NA,NA,NA,NA,NA,NA,NA,NA,NA,NA
"Nepal","Government expenditure on health",2016,NA,NA,NA,5.6585930929361,NA,34009026310.41,NA,NA,NA,NA,NA,NA,1.30393486819856,NA,NA,NA,NA,NA,NA,NA,NA,NA,NA,NA
"Myanmar","Government expenditure on health",2014,0,661601808000,661601808000,6.8761086907035,0,661601808000,0,4.30841961354227,1.07338663269089,4.02120683727922,0,0,1.07338663269089,1.07338663269089,NA,661601808000,NA,1.07338663269089,4.30841961354227,0,NA,NA,NA,NA
"Myanmar","Government expenditure on health",2013,0,485305679000,485305679000,6.32818547180656,0,485305679000,0,3.808912665682,0.888261634485145,3.60862635180179,0,0,0.888261634485145,0.888261634485145,NA,485305679000,NA,0.888261634485145,3.808912665682,0,NA,NA,NA,NA
"Myanmar","Government expenditure on health",2016,0,704035208000,704035208000,6.21803306939648,0,704035208000,0,4.35987670020044,0.948633205642887,4.25676021636578,0,0,0.948633205642887,0.948633205642887,0,704035208000,0,0.948633205642887,4.36542322680856,0,0,NA,NA,NA
"Myanmar","Government expenditure on health",2015,0,751890891000,751890891000,6.69373123693646,0,751890891000,0,4.40047231963524,1.08988559082745,4.23905179007023,0,0,1.08988559082745,1.08988559082745,NA,751890891000,NA,1.08988559082745,4.40047231963524,0,NA,NA,NA,NA
"Myanmar","Government expenditure on health",2017,0,1090891177000,1090891177000,7.83052120332051,0,1090891177000,0,5.39871952727503,1.31909415440602,5.24817103296251,0,0,1.31909415440602,1.31909415440602,NA,1090891177000,NA,1.31909415440602,5.39871952727503,0,NA,NA,NA,NA
"Myanmar","Government expenditure on health",2012,0,380603898000,380603898000,5.52208624968882,0,380603898000,0,3.85808443485795,0.780188633104829,3.70792622029512,0,0,0.780188633104829,0.780188633104829,NA,380603898000,NA,0.780188633104829,3.85808443485795,0,NA,NA,NA,NA
"Nepal","Government expenditure on health",2017,NA,NA,NA,6.23587865770363,NA,45357565717.7,NA,NA,NA,NA,NA,NA,1.47401461117684,NA,NA,NA,NA,NA,NA,NA,NA,NA,NA,NA
"Mozambique","Government expenditure on health",2017,NA,NA,NA,9.47233760626804,NA,19498543420,NA,NA,NA,NA,NA,NA,2.31183444368958,NA,NA,NA,NA,NA,NA,NA,NA,NA,NA,NA
"Mozambique","Government expenditure on health",2016,NA,NA,NA,9.67944501679172,NA,19466602000,NA,NA,NA,NA,NA,NA,2.5579316951128,NA,NA,NA,NA,NA,NA,NA,NA,NA,NA,NA
"Namibia","Government expenditure on health",2018,NA,NA,6908200000,10.1250826969205,NA,6908200000,NA,NA,NA,NA,NA,NA,3.81527188042981,3.81527188042981,NA,NA,NA,NA,10.1250826969205,NA,NA,NA,NA,NA
"Myanmar","Government expenditure on health",2018,0,348443361000,348443361000,6.30051388257821,0,348443361000,0,4.37626048122863,0.375522453749455,4.26172787183093,0,0,0.375522453749455,0.375522453749455,0,348443361000,0,0.375522453749455,4.38460192472431,0,0,NA,NA,NA
"Myanmar","Government expenditure on health",2019,0,926124136000,926124136000,6.29451258399239,0,926124136000,0,4.46816804410125,0.881926049509705,4.33047566438475,0,0,0.881926049509705,0.881926049509705,0,926124136000,0,0.881926049509705,4.47564665862304,0,0,NA,NA,NA
"Mozambique","Government expenditure on health",2019,NA,NA,NA,8.50454925551819,NA,22681188000,NA,NA,NA,NA,NA,NA,2.33755107972095,NA,NA,NA,NA,NA,NA,NA,NA,NA,NA,NA
"Nepal","Government expenditure on health",2018,NA,NA,NA,3.71225869212327,NA,35921048218.6,NA,NA,NA,NA,NA,NA,1.03939743341348,NA,NA,NA,NA,NA,NA,NA,NA,NA,NA,NA
"Nepal","Government expenditure on health",2020,0.602841000611889,40195740000,40195740000,4.13012350421204,23442700000,40195740000,NA,4.13012350421204,1.03365397850654,6.55845598066852,7.32771002614728,NA,1.03365397850654,1.03365397850654,NA,70563060000,NA,1.81456511820894,4.13012350421204,NA,NA,4.43561835708081,6924620000,0.17807013909051
"Nepal","Government expenditure on health",2019,NA,35999241000,35999241000,3.75782750442941,NA,35999241000,NA,3.75782748089347,0.932881323222293,NA,NA,NA,0.932881323222293,0.932881323222293,NA,NA,NA,NA,3.75782748089347,NA,NA,NA,NA,NA
"Nauru","Government expenditure on health",2017,NA,15975228.75,15975228.75,11.5159417360918,NA,15975228.75,NA,11.5159417360918,10.9911082129763,11.5159417360918,NA,NA,10.9911082129763,10.9911082129763,NA,15975228.75,NA,10.9911082129763,11.5159417360918,NA,NA,NA,NA,NA
"Nauru","Government expenditure on health",2015,NA,11453043.4790744,11453043.4790744,11.1452449570891,NA,11453043.4790744,NA,11.1452449570891,10.9790136102943,11.1452449570891,NA,NA,10.9790136102943,10.9790136102943,NA,11453043.4790744,NA,10.9790136102943,11.1452449570891,NA,NA,NA,NA,NA
"Nauru","Government expenditure on health",2016,NA,15737968.8077667,15737968.8077667,12.7336206917955,NA,15737968.8077667,NA,12.7336206917955,11.4463239040241,12.7336206917955,NA,NA,11.4463239040241,11.4463239040241,NA,15737968.8077667,NA,11.4463239040241,12.7336206917955,NA,NA,NA,NA,NA
"Nauru","Government expenditure on health",2014,NA,12225960.4353349,12225960.4353349,12.3449925409755,NA,12225960.4353349,NA,12.3449925409755,10.6819924639129,12.3449925409755,NA,NA,10.6819924639129,10.6819924639129,NA,12225960.4353349,NA,10.6819924639129,12.3449925409755,NA,NA,NA,NA,NA
"Namibia","Government expenditure on health",2020,NA,NA,8499290000,11.2983710375961,NA,8499290000,NA,NA,NA,NA,NA,NA,4.8778352988673,4.8778352988673,NA,NA,NA,NA,11.2983710375961,NA,NA,NA,NA,NA
"Namibia","Government expenditure on health",2019,NA,NA,6894700000,10.145023498633,NA,6894700000,NA,NA,NA,NA,NA,NA,3.80479542459173,3.80479542459173,NA,NA,NA,NA,10.145023498633,NA,NA,NA,NA,NA
"Nepal","Government expenditure on health",2021,0.65674391993884,49513124834.67,49513124834.67,4.60564144815296,28090920000,49513124834.67,NA,4.60564144815296,1.15757845212411,7.06308261481524,7.18120189084644,NA,1.15757845212411,1.15757845212411,NA,87237795932.57,NA,2.03955199999077,4.60564144815296,NA,NA,5.09994688720342,9633751097.9,0.225229627927813
"Namibia","Government expenditure on health",2016,NA,NA,7306900000,11.7371962896652,NA,7306900000,NA,NA,NA,NA,NA,NA,4.63319238355523,4.63319238355523,NA,NA,NA,NA,11.7371962896652,NA,NA,NA,NA,NA
"Namibia","Government expenditure on health",2017,NA,NA,7204200000,10.1873939166656,NA,7204200000,NA,NA,NA,NA,NA,NA,4.19898552443476,4.19898552443476,NA,NA,NA,NA,10.1873939166656,NA,NA,NA,NA,NA
"Mozambique","Government expenditure on health",2018,NA,NA,NA,8.8144215540696,NA,23073231000,NA,NA,NA,NA,NA,NA,2.54688290615273,NA,NA,NA,NA,NA,NA,NA,NA,NA,NA,NA
"Nauru","Government expenditure on health",2018,NA,17231245.0992093,17231245.0992093,11.7624586407761,NA,17231245.0992093,NA,11.7624586407761,10.7695828550987,11.7624586407761,NA,NA,10.7695828550987,10.7695828550987,NA,17231245.0992093,NA,10.7695828550987,11.7624586407761,NA,NA,NA,NA,NA
"Mozambique","Government expenditure on health",2020,NA,NA,NA,10.5374170102549,NA,32189343000,NA,NA,NA,NA,NA,NA,3.25518732119616,NA,NA,NA,NA,NA,NA,NA,NA,NA,NA,NA
"Mozambique","Government expenditure on health",2021,NA,NA,NA,9.77037960918748,NA,30841660000,NA,NA,NA,NA,NA,NA,2.91387341016324,NA,NA,NA,NA,NA,NA,NA,NA,NA,NA,NA
"Namibia","Government expenditure on health",2021,NA,NA,8966740000,12.3062012179197,NA,8966740000,NA,NA,NA,NA,NA,NA,4.87482618125458,4.87482618125458,NA,NA,NA,NA,12.3062012179197,NA,NA,NA,NA,NA
"Namibia","Government expenditure on health",2022,NA,NA,9078060000,11.6146064161129,NA,9078060000,NA,NA,NA,NA,NA,NA,4.40243448248025,4.40243448248025,NA,NA,NA,NA,11.6146064161129,NA,NA,NA,NA,NA
"Mozambique","Government expenditure on health",2022,NA,NA,NA,10.0778613907925,NA,39090985000,NA,NA,NA,NA,NA,NA,3.3260657776961,NA,NA,NA,NA,NA,NA,NA,NA,NA,NA,NA
"Myanmar","Government expenditure on health",2001,NA,8.818e+09,NA,NA,NA,NA,NA,3.24942606247536,0.250920130478745,NA,NA,NA,NA,NA,NA,NA,NA,NA,NA,NA,NA,NA,NA,NA
"Myanmar","Government expenditure on health",1999,NA,4.144e+09,NA,NA,NA,NA,NA,2.69972703049571,0.189324258674744,NA,NA,NA,NA,NA,NA,NA,NA,NA,NA,NA,NA,NA,NA,NA
"Myanmar","Government expenditure on health",1998,NA,3.233e+09,NA,NA,NA,NA,NA,2.60591307712149,0.205654328359423,NA,NA,NA,NA,NA,NA,NA,NA,NA,NA,NA,NA,NA,NA,NA
"Myanmar","Government expenditure on health",2003,NA,1.8808e+10,NA,NA,NA,NA,NA,3.18224655642955,0.244741089200133,NA,NA,NA,NA,NA,NA,NA,NA,NA,NA,NA,NA,NA,NA,NA
"Myanmar","Government expenditure on health",2004,NA,2.6545e+10,NA,NA,NA,NA,NA,3.45719949258809,0.274390861301807,NA,NA,NA,NA,NA,NA,NA,NA,NA,NA,NA,NA,NA,NA,NA
"Myanmar","Government expenditure on health",2002,NA,1.8852e+10,NA,NA,NA,NA,NA,5.33463124205903,0.356773534026287,NA,NA,NA,NA,NA,NA,NA,NA,NA,NA,NA,NA,NA,NA,NA
"Myanmar","Government expenditure on health",2005,NA,2.1963e+10,NA,NA,NA,NA,NA,2.17717353053426,0.178466072332803,NA,NA,NA,NA,NA,NA,NA,NA,NA,NA,NA,NA,NA,NA,NA
"Myanmar","Government expenditure on health",2000,NA,7.388e+09,NA,NA,NA,NA,NA,3.33913357890217,0.270426961689211,NA,NA,NA,NA,NA,NA,NA,NA,NA,NA,NA,NA,NA,NA,NA
"Myanmar","Government expenditure on health",1993,NA,1.675e+09,NA,NA,NA,NA,NA,4.69240251008516,NA,NA,NA,NA,NA,NA,NA,NA,NA,NA,NA,NA,NA,NA,NA,NA
"Myanmar","Government expenditure on health",1996,NA,3.061e+09,NA,NA,NA,NA,NA,3.82051922116825,NA,NA,NA,NA,NA,NA,NA,NA,NA,NA,NA,NA,NA,NA,NA,NA
"Myanmar","Government expenditure on health",1991,NA,1.886e+09,NA,NA,NA,NA,NA,6.82813801093371,NA,NA,NA,NA,NA,NA,NA,NA,NA,NA,NA,NA,NA,NA,NA,NA
"Myanmar","Government expenditure on health",1990,NA,1.588e+09,NA,NA,NA,NA,NA,6.52182841184443,NA,NA,NA,NA,NA,NA,NA,NA,NA,NA,NA,NA,NA,NA,NA,NA
"Myanmar","Government expenditure on health",1992,NA,2.077e+09,NA,NA,NA,NA,NA,7.4361820199778,NA,NA,NA,NA,NA,NA,NA,NA,NA,NA,NA,NA,NA,NA,NA,NA
"Myanmar","Government expenditure on health",1994,NA,1.913e+09,NA,NA,NA,NA,NA,3.98367380937506,NA,NA,NA,NA,NA,NA,NA,NA,NA,NA,NA,NA,NA,NA,NA,NA
"Myanmar","Government expenditure on health",1995,NA,2.309e+09,NA,NA,NA,NA,NA,3.55865852906726,NA,NA,NA,NA,NA,NA,NA,NA,NA,NA,NA,NA,NA,NA,NA,NA
"Myanmar","Government expenditure on health",1997,NA,3.457e+09,NA,NA,NA,NA,NA,3.51228333976795,NA,NA,NA,NA,NA,NA,NA,NA,NA,NA,NA,NA,NA,NA,NA,NA
"New Zealand","Government expenditure on health",2007,0,10002682920.5809,NA,NA,0,NA,NA,16.6027897748463,5.45911559883037,NA,0,NA,NA,NA,NA,NA,NA,NA,NA,NA,NA,NA,NA,NA
"New Zealand","Government expenditure on health",1998,NA,NA,NA,16.0036358127556,NA,5.282e+09,NA,NA,NA,NA,NA,NA,4.98932612925774,NA,NA,NA,NA,NA,NA,NA,NA,NA,NA,NA
"Netherlands","Government expenditure on health",2008,0.179543200071694,NA,1.0556e+10,NA,1.162e+09,NA,NA,NA,NA,15.0787440781892,1.24885807942393,NA,NA,1.63103099824165,39.2067258097793,4.2396e+10,5.87254595965995,6.5507000948705,6.26037861175689,NA,3.8007e+10,NA,NA,NA
"New Zealand","Government expenditure on health",2012,0,15030230000,NA,NA,0,NA,NA,19.4206130307606,6.96034101907465,17.7281577812565,0,NA,NA,NA,NA,15030230000,NA,6.96034101907465,NA,NA,NA,NA,NA,NA
"New Zealand","Government expenditure on health",2013,0,15855040000,NA,NA,0,NA,NA,20.2574238703528,6.95180009733811,18.2325209770368,0,NA,NA,NA,NA,15845760000,NA,6.94773118897186,NA,NA,NA,NA,NA,NA
"New Zealand","Government expenditure on health",1996,NA,NA,NA,15.2714673291276,NA,4.672e+09,NA,NA,NA,NA,NA,NA,4.64949643724374,NA,NA,NA,NA,NA,NA,NA,NA,NA,NA,NA
"Netherlands","Government expenditure on health",2013,0.218180276563562,NA,1.0222e+10,NA,1.441e+09,NA,NA,NA,NA,17.149663976105,1.58511902142826,NA,NA,1.54770214228503,40.2881576655414,5.3053e+10,7.35408342329548,8.03269827378672,5.79242032730405,NA,4.8571e+10,NA,NA,NA
"New Zealand","Government expenditure on health",1997,NA,NA,NA,15.8779596376927,NA,4.996e+09,NA,NA,NA,NA,NA,NA,4.81027527175744,NA,NA,NA,NA,NA,NA,NA,NA,NA,NA,NA
"Netherlands","Government expenditure on health",1995,0.159613044573308,NA,3.372e+09,NA,5.26e+08,NA,NA,NA,NA,8.67038337739646,0.757390315195323,NA,NA,1.02322278764486,25.6154074293764,1.5381e+10,4.19333205885655,4.66731604293166,3.06545454545455,NA,1.3819e+10,NA,NA,NA
"Netherlands","Government expenditure on health",1997,0.150658725470538,NA,4.208e+09,NA,5.56e+08,NA,NA,NA,NA,10.1413652043294,1.04779134629881,NA,NA,1.14023726039572,27.062381320768,1.7081e+10,4.17075378137143,4.62842030532779,4.14348592416082,NA,1.5392e+10,NA,NA,NA
"New Zealand","Government expenditure on health",2005,0,9189570005.36028,16384211005.3603,19.9946047352433,0,8817396948.61531,7566814056.74497,17.7149211673416,5.71476456142899,NA,0,31.0346614737187,5.48331941283507,10.188932492575,0,NA,0,NA,23.9252982564712,4.70561307973991,0,NA,NA,NA
"Netherlands","Government expenditure on health",2005,0.184794230353814,NA,1.0636e+10,NA,1.018e+09,NA,NA,NA,NA,12.5983580339055,1.28016498786484,NA,NA,1.93071850102472,32.036978392731,2.954e+10,4.77469807563494,5.36230016174033,7.55467479241691,NA,2.6303e+10,NA,NA,NA
"Netherlands","Government expenditure on health",2011,0.214958200009533,NA,1.2221e+10,NA,1.398e+09,NA,NA,NA,NA,16.7186964818711,1.42950631927686,NA,NA,1.87911599593455,40.8451079238853,5.1252e+10,7.07624558128664,7.88057057717353,6.72129795132683,NA,4.6021e+10,NA,NA,NA
"New Zealand","Government expenditure on health",2003,0,NA,NA,NA,0,NA,NA,NA,NA,NA,0,NA,NA,NA,NA,NA,NA,NA,NA,NA,NA,NA,NA,NA
"Netherlands","Government expenditure on health",2003,0.19695403755777,NA,8.889e+09,NA,1.01e+09,NA,NA,NA,NA,12.0671819963424,1.28705048805974,NA,NA,1.73339053450596,31.6979929913985,2.7647e+10,4.85072443985102,5.39127552114818,6.43054018273759,NA,2.4875e+10,NA,NA,NA
"New Zealand","Government expenditure on health",2004,0,8335565463.62947,14887833463.6295,19.5712100718304,0,8092663463.62947,6795170000,17.3886448391697,5.44769033836095,NA,0,30.853073168446,5.28894227449626,9.72991057089327,0,NA,0,NA,23.491974411812,4.44096829639699,0,NA,NA,NA
"New Zealand","Government expenditure on health",1999,NA,NA,NA,17.1749977855856,NA,5.817e+09,NA,NA,NA,NA,NA,NA,5.23055066000072,NA,NA,NA,NA,NA,NA,NA,NA,NA,NA,NA
"New Zealand","Government expenditure on health",2010,0,13780730000,NA,NA,0,NA,NA,19.298228662093,6.8380878186266,17.375417104549,0,NA,NA,NA,NA,13780730000,NA,6.8380878186266,NA,NA,NA,NA,NA,NA
"Netherlands","Government expenditure on health",1996,0.154951033732318,NA,3.713e+09,NA,5.34e+08,NA,NA,NA,NA,9.38292736989878,1.02171625370707,NA,NA,1.07740297424737,25.3915466790525,1.5239e+10,3.96575988393181,4.42190787087414,3.89832643890557,NA,1.3667e+10,NA,NA,NA
"Netherlands","Government expenditure on health",2009,0.200850775075939,NA,1.1265e+10,NA,1.255e+09,NA,NA,NA,NA,15.48172801882,1.25977454552755,NA,NA,1.80285576193662,39.5351061794528,4.633e+10,6.61447213855663,7.41467442969583,6.21270447049999,NA,4.133e+10,NA,NA,NA
"New Zealand","Government expenditure on health",2006,0,9068111762.61981,NA,NA,0,NA,NA,16.2543006015878,5.36704867016247,NA,0,NA,NA,NA,NA,NA,NA,NA,NA,NA,NA,NA,NA,NA
"Netherlands","Government expenditure on health",2012,0.221451040329818,NA,1.2386e+10,NA,1.446e+09,NA,NA,NA,NA,17.2876697160462,1.51524677774285,NA,NA,1.896882839229,40.5716904588121,5.3083e+10,7.32105500133238,8.12951976060009,6.86516866388054,NA,4.7804e+10,NA,NA,NA
"Netherlands","Government expenditure on health",1998,0.15470650147732,NA,4.249e+09,NA,6.1e+08,NA,NA,NA,NA,10.2315556594575,1.08916901760526,NA,NA,1.07761954881497,28.3197332631394,1.7944e+10,4.0928746243295,4.55090731558858,4.11171000299984,NA,1.6138e+10,NA,NA,NA
"New Zealand","Government expenditure on health",2009,0,13436220000,NA,NA,0,NA,NA,19.6551367001444,7.00259022801303,17.6949620755076,0,NA,NA,NA,NA,13436220000,NA,7.00259022801303,NA,NA,NA,NA,NA,NA
"Netherlands","Government expenditure on health",1999,0.156153521559914,NA,4.406e+09,NA,6.55e+08,NA,NA,NA,NA,10.3871137351984,1.10325080006737,NA,NA,1.05040063510379,28.7642081440322,1.8965e+10,4.06022996288076,4.52130005554774,4.10051186598418,NA,1.7031e+10,NA,NA,NA
"Netherlands","Government expenditure on health",2010,0.212144489797196,NA,1.7249e+10,NA,1.356e+09,NA,NA,NA,NA,16.1064362065044,1.35100129520773,NA,NA,2.6985842953627,40.36148955495,4.9574e+10,6.95226905428302,7.75578977670072,9.05026994978777,NA,4.4438e+10,NA,NA,NA
"New Zealand","Government expenditure on health",2011,0,14154630000,NA,NA,0,NA,NA,16.3987022037165,6.70826007213168,15.0435056163535,0,NA,NA,NA,NA,14154630000,NA,6.70826007213168,NA,NA,NA,NA,NA,NA
"Netherlands","Government expenditure on health",2001,0.177222177259531,NA,6.523e+09,NA,8.54e+08,NA,NA,NA,NA,11.080275019393,1.25743565581012,NA,NA,1.35365370288515,30.5828129646149,2.2997e+10,4.26868874265638,4.77234005906022,5.24217852177477,NA,2.057e+10,NA,NA,NA
"Netherlands","Government expenditure on health",2006,0.174665466875148,NA,9.237e+09,NA,1.021e+09,NA,NA,NA,NA,15.3254377174779,1.25442303911932,NA,NA,1.58020070276762,38.8805913198949,3.8846e+10,6.10114516222846,6.6454992421469,6.16548078335047,NA,3.5664e+10,NA,NA,NA
"Netherlands","Government expenditure on health",2004,0.19573538691747,NA,1.0442e+10,NA,1.036e+09,NA,NA,NA,NA,12.2935660610261,1.32484206757206,NA,NA,1.97284643840948,31.5783635893075,2.8384e+10,4.84105001832658,5.3626961604879,7.59937702865959,NA,2.5623e+10,NA,NA,NA
"Nicaragua","Government expenditure on health",2014,NA,NA,NA,18.8125069393175,NA,10287437794.37,NA,NA,NA,NA,NA,NA,3.33571153933602,NA,NA,NA,NA,NA,NA,NA,NA,NA,NA,NA
"Nigeria","Government expenditure on health",2005,NA,NA,NA,4.03687884154599,NA,7.75e+10,NA,NA,NA,NA,NA,NA,0.348002142577795,NA,NA,NA,NA,NA,NA,NA,NA,NA,NA,NA
"Netherlands","Government expenditure on health",2000,0.164156749784848,NA,4.532e+09,NA,7.42e+08,NA,NA,NA,NA,10.9534699944003,1.16778671367192,NA,NA,1.00263933965624,30.1199774539013,2.093e+10,4.13776777793264,4.63045926279903,4.03192085620491,NA,1.8703e+10,NA,NA,NA
"Netherlands","Government expenditure on health",2007,0.172973496777945,NA,9.738e+09,NA,1.071e+09,NA,NA,NA,NA,15.7434777507371,1.22857732810242,NA,NA,1.57275061776249,40.1434952719054,4.1596e+10,6.08152849782774,6.71802574414135,6.12583822955852,NA,3.7655e+10,NA,NA,NA
"Netherlands","Government expenditure on health",2002,0.183183440855495,NA,7.558e+09,NA,9.18e+08,NA,NA,NA,NA,11.7910256761821,1.25438968066354,NA,NA,1.50817042046387,31.5455994767608,2.5799e+10,4.61969481399298,5.14809323598138,5.77594705509236,NA,2.3151e+10,NA,NA,NA
"Nigeria","Government expenditure on health",2007,NA,NA,NA,7.29527928516055,NA,1.788e+11,NA,NA,NA,NA,NA,NA,0.541893975543279,NA,NA,NA,NA,NA,NA,NA,NA,NA,NA,NA
"Nigeria","Government expenditure on health",2004,NA,NA,NA,3.48334773648873,NA,5.24e+10,NA,NA,NA,NA,NA,NA,0.302517792543556,NA,NA,NA,NA,NA,NA,NA,NA,NA,NA,NA
"New Zealand","Government expenditure on health",1995,NA,NA,NA,14.6124056887227,NA,4.377e+09,NA,NA,NA,NA,NA,NA,4.6145574157635,NA,NA,NA,NA,NA,NA,NA,NA,NA,NA,NA
"Nigeria","Government expenditure on health",2003,NA,NA,NA,3.19465679568681,NA,3.97e+10,NA,NA,NA,NA,NA,NA,0.298461258697915,NA,NA,NA,NA,NA,NA,NA,NA,NA,NA,NA
"New Zealand","Government expenditure on health",2014,0,16365770000,NA,NA,0,NA,NA,20.3107289837282,6.79325645878993,18.3399682684652,0,NA,NA,NA,NA,16357790000,NA,6.78994404595869,NA,NA,NA,NA,NA,NA
"Nigeria","Government expenditure on health",2010,NA,NA,NA,3.19689131523112,NA,1.341e+11,NA,NA,NA,NA,NA,NA,0.241755128386603,NA,NA,NA,NA,NA,NA,NA,NA,NA,NA,NA
"New Zealand","Government expenditure on health",2000,NA,NA,NA,17.1930436805677,NA,5.912e+09,NA,NA,NA,NA,NA,NA,4.99569045647361,NA,NA,NA,NA,NA,NA,NA,NA,NA,NA,NA
"Nigeria","Government expenditure on health",2011,NA,NA,NA,5.75739569627775,NA,2.713e+11,NA,NA,NA,NA,NA,NA,0.425813357583276,NA,NA,NA,NA,NA,NA,NA,NA,NA,NA,NA
"Nigeria","Government expenditure on health",2008,NA,NA,NA,6.02918942269123,NA,1.954e+11,NA,NA,NA,NA,NA,NA,0.499005508198243,NA,NA,NA,NA,NA,NA,NA,NA,NA,NA,NA
"Nigeria","Government expenditure on health",2009,NA,NA,NA,4.13275797156014,NA,1.427e+11,NA,NA,NA,NA,NA,NA,0.322226925410597,NA,NA,NA,NA,NA,NA,NA,NA,NA,NA,NA
"Nigeria","Government expenditure on health",2012,NA,NA,NA,5.2744723356206,NA,2.429e+11,NA,NA,NA,NA,NA,NA,0.334574703279139,NA,NA,NA,NA,NA,NA,NA,NA,NA,NA,NA
"Nigeria","Government expenditure on health",2013,NA,NA,NA,4.09627401064568,NA,2.124e+11,NA,NA,NA,NA,NA,NA,0.262189965411576,NA,NA,NA,NA,NA,NA,NA,NA,NA,NA,NA
"Netherlands","Government expenditure on health",1994,0.417451830420097,20660613238.584,NA,0.93063583815029,1315962626.6614,730586147.905124,0,14.2758599065626,6.55399373759552,NA,2.84620669349298,0,0.231757740336675,NA,33.260128739114,NA,6.32223599725886,NA,NA,0,19930027090.6789,NA,NA,NA
"New Zealand","Government expenditure on health",1992,NA,NA,NA,12.1442058885237,NA,3.473e+09,NA,NA,NA,NA,NA,NA,4.49241993066694,NA,NA,NA,NA,NA,NA,NA,NA,NA,NA,NA
"Netherlands","Government expenditure on health",1992,0.442203514916187,18768349737.4881,NA,1.07363753063368,1288735813.69599,834955597.605856,0,13.863377354696,6.43997794962448,NA,2.85944422070076,0,0.286498051917531,NA,32.6881720430108,NA,6.15347989770697,NA,NA,0,17933394139.8823,NA,NA,NA
"New Zealand","Government expenditure on health",1993,NA,NA,NA,12.289029535865,NA,3.495e+09,NA,NA,NA,NA,NA,NA,4.21877263290039,NA,NA,NA,NA,NA,NA,NA,NA,NA,NA,NA
"Netherlands","Government expenditure on health",1990,NA,14248698785.2304,NA,0.958650220489551,NA,680670324.135208,0,11.7766192851517,5.37790245867333,NA,NA,0,0.256906168407961,NA,28.5523300229184,NA,5.12099629026537,NA,NA,0,13568028461.0952,NA,NA,NA
"Netherlands","Government expenditure on health",1991,0.6322542398455,16540288876.4856,NA,0.85147208730587,1769742842.75154,644367906.847997,0,12.8503437334744,5.90914539547912,NA,4.14188615123194,0,0.230205389892464,NA,31.5102995412432,NA,5.67894000558665,NA,NA,0,15895920969.6376,NA,NA,NA
"Netherlands","Government expenditure on health",1993,0.435905080664287,19281121381.67,NA,1.10740719814679,1306887022.3396,889409223.536672,0,13.7334755486603,6.4311134991061,NA,2.85063842423043,0,0.296657624340973,NA,32.6617777419615,NA,6.13445587476512,NA,NA,0,18391712158.1333,NA,NA,NA
"Nicaragua","Government expenditure on health",1990,NA,NA,NA,14.227294341417,NA,14960000,NA,NA,NA,NA,NA,NA,2.88128891011637,NA,0,NA,0,NA,NA,NA,0,NA,NA,NA
"Nicaragua","Government expenditure on health",1992,NA,NA,NA,14.7127237495846,NA,367490000,NA,NA,NA,NA,NA,NA,1.88742399568389,NA,0,NA,0,NA,NA,NA,0,NA,NA,NA
"New Zealand","Government expenditure on health",1994,NA,NA,NA,15.4136605758209,NA,4.572e+09,NA,NA,NA,NA,NA,NA,5.13102519499467,NA,NA,NA,NA,NA,NA,NA,NA,NA,NA,NA
"New Zealand","Government expenditure on health",1991,NA,NA,NA,11.8202366706555,NA,3.556e+09,NA,NA,NA,NA,NA,NA,4.72664920978826,NA,NA,NA,NA,NA,NA,NA,NA,NA,NA,NA
"Nicaragua","Government expenditure on health",1991,NA,NA,NA,15.130361288528,NA,282850000,NA,NA,NA,NA,NA,NA,1.80088515540376,NA,0,NA,0,NA,NA,NA,0,NA,NA,NA
"Nicaragua","Government expenditure on health",1994,NA,NA,NA,15.1187769769844,NA,531360000,NA,NA,NA,NA,NA,NA,2.04679367401991,NA,0,NA,0,NA,NA,NA,0,NA,NA,NA
"Nicaragua","Government expenditure on health",1993,NA,NA,NA,14.4412853387694,NA,430720000,NA,NA,NA,NA,NA,NA,1.84347706382252,NA,0,NA,0,NA,NA,NA,0,NA,NA,NA
"Nigeria","Government expenditure on health",2006,NA,NA,NA,4.6368989205103,NA,9.45e+10,NA,NA,NA,NA,NA,NA,0.329699443402132,NA,NA,NA,NA,NA,NA,NA,NA,NA,NA,NA
"New Zealand","Government expenditure on health",2015,0,16796530000,NA,NA,0,NA,NA,20.2048084146354,6.67495777614402,18.2033135119979,0,NA,NA,NA,NA,16788410000,NA,6.67173088004451,NA,NA,NA,NA,NA,NA
"Nicaragua","Government expenditure on health",2015,NA,NA,NA,18.4083673146571,NA,11715138072.09,NA,NA,NA,NA,NA,NA,3.36925283768561,NA,NA,NA,NA,NA,NA,NA,NA,NA,NA,NA
"Netherlands","Government expenditure on health",2017,0.217572133426179,NA,1.0768e+10,NA,1.606e+09,NA,NA,NA,NA,17.1612149905408,1.64310122567576,NA,NA,1.45878999547515,40.712995786235,5.3792e+10,6.59706887255367,7.28744719879265,5.75124580059713,NA,4.8696e+10,NA,NA,NA
"Netherlands","Government expenditure on health",2016,0.212045961173848,NA,1.1025e+10,NA,1.502e+09,NA,NA,NA,NA,16.6070539231222,1.55844694847372,NA,NA,1.55646253125278,39.631001980739,5.1352e+10,6.55323666559844,7.24965659001295,5.88116054901501,NA,4.6419e+10,NA,NA,NA
"New Zealand","Government expenditure on health",2017,0,17861320000,NA,NA,0,NA,NA,19.9149407211932,6.23738733547749,17.9931848545249,0,NA,NA,NA,NA,17861320000,NA,6.23738733547749,NA,NA,NA,NA,NA,NA
"New Zealand","Government expenditure on health",2016,0,17401310000,NA,NA,0,NA,NA,20.1921615288447,6.52403965117761,18.2823164911907,0,NA,NA,NA,NA,17394540000,NA,6.52150146592383,NA,NA,NA,NA,NA,NA
"Netherlands","Government expenditure on health",2015,0.222026411287985,NA,1.1455e+10,NA,1.532e+09,NA,NA,NA,NA,17.2104955363922,1.58511728005463,NA,NA,1.66012567970226,40.8684221685112,5.3267e+10,6.98397699736815,7.71976556793544,6.13291644135583,NA,4.819e+10,NA,NA,NA
"Netherlands","Government expenditure on health",2014,0.216957531717196,NA,1.0681e+10,NA,1.457e+09,NA,NA,NA,NA,17.2783259985912,1.60870045268853,NA,NA,1.59047590684377,39.6020850870945,5.3474e+10,7.28542498064209,7.96265411876824,5.96570598748883,NA,4.8926e+10,NA,NA,NA
"Nicaragua","Government expenditure on health",2016,NA,NA,NA,17.5555577540343,NA,12751797198.4,NA,NA,NA,NA,NA,NA,3.3534345897342,NA,NA,NA,NA,NA,NA,NA,NA,NA,NA,NA
"Netherlands","Government expenditure on health",2018,0.206592617188661,NA,1.1056e+10,NA,1.599e+09,NA,NA,NA,NA,17.3739133091931,1.5766587455752,NA,NA,1.42844776462654,41.5652652628341,5.6857e+10,6.63331554664355,7.34598901531938,5.60518337507478,NA,5.1341e+10,NA,NA,NA
"Nicaragua","Government expenditure on health",2017,NA,NA,NA,17.7093167822598,NA,14178627545.61,NA,NA,NA,NA,NA,NA,3.42248198029058,NA,NA,NA,NA,NA,NA,NA,NA,NA,NA,NA
"New Zealand","Government expenditure on health",2018,0,19060050000,NA,NA,0,NA,NA,20.1446564325175,6.30067634574953,18.1962662525824,0,NA,NA,NA,NA,19058540000,NA,6.30017718539675,NA,NA,NA,NA,NA,NA
"New Zealand","Government expenditure on health",2019,0,20854640000,NA,NA,0,NA,NA,20.5688948557741,6.52143621046575,18.6075358749276,0,NA,NA,NA,NA,20845280000,NA,6.51850925306299,NA,NA,NA,NA,NA,NA
"Nicaragua","Government expenditure on health",2018,NA,NA,NA,17.8076949101696,NA,14324652556.37,NA,NA,NA,NA,NA,NA,3.4854220799776,NA,NA,NA,NA,NA,NA,NA,NA,NA,NA,NA
"Nicaragua","Government expenditure on health",2019,NA,NA,NA,18.3887434853085,NA,14854788535.41,NA,NA,NA,NA,NA,NA,3.53169309599685,NA,NA,NA,NA,NA,NA,NA,NA,NA,NA,NA
"Netherlands","Government expenditure on health",2020,0.327545729602149,NA,1.4745e+10,NA,2.609e+09,NA,NA,NA,NA,17.4298154218423,2.33379848289681,NA,NA,1.8511543821325,38.1014515289393,6.6413e+10,7.07531417523508,8.33779016483999,5.94146777826579,NA,5.6357e+10,NA,NA,NA
"Nicaragua","Government expenditure on health",2020,NA,NA,NA,20.101415504989,NA,17568910793.59,NA,NA,NA,NA,NA,NA,4.03516317093685,NA,NA,NA,NA,NA,NA,NA,NA,NA,NA,NA
"Netherlands","Government expenditure on health",2019,0.203799250973181,NA,1.0987e+10,NA,1.657e+09,NA,NA,NA,NA,17.4687697971314,1.57055656657567,NA,NA,1.3513230962235,41.8467583497053,5.9837e+10,6.65416238753836,7.3595267232844,5.21908073495601,NA,5.4102e+10,NA,NA,NA
"Netherlands","Government expenditure on health",2021,0.530906158718198,NA,1.9686e+10,NA,4.622e+09,NA,NA,NA,NA,18.436696477432,3.97752209495452,NA,NA,2.26123293823593,39.7909690107904,7.3782e+10,6.87892192279462,8.47497148475684,7.30471953305603,NA,5.9887e+10,NA,NA,NA
"Nicaragua","Government expenditure on health",2021,NA,NA,NA,24.3878393936732,NA,26459161391.14,NA,NA,NA,NA,NA,NA,5.31816998325306,NA,NA,NA,NA,NA,NA,NA,NA,NA,NA,NA
"New Zealand","Government expenditure on health",2021,0,25848383141.7508,NA,NA,0,NA,NA,20.6825020603274,7.33345987296791,19.0363797371943,0,NA,NA,NA,NA,25841561878.9496,NA,7.33152460851592,NA,NA,NA,NA,NA,NA
"New Zealand","Government expenditure on health",2020,0,22444320000,NA,NA,0,NA,NA,18.3947807561734,6.94449188727583,16.8317660568696,0,NA,NA,NA,NA,22437680000,NA,6.94243740640354,NA,NA,NA,NA,NA,NA
"New Zealand","Government expenditure on health",2022,0,31203011015.4026,NA,NA,0,NA,NA,21.5579180011866,8.19886277735325,19.5655477612609,0,NA,NA,NA,NA,31192034451.5456,NA,8.19597858964502,NA,NA,NA,NA,NA,NA
"Netherlands","Government expenditure on health",2022,0.353346568615689,NA,1.5995e+10,NA,3.387e+09,NA,NA,NA,NA,17.289912438527,2.74551128764236,NA,NA,1.66866795542012,41.3541807375388,7.2073e+10,6.38767553875702,7.51896877467923,5.71396930639307,NA,6.1229e+10,NA,NA,NA
"Nicaragua","Government expenditure on health",2023,NA,NA,NA,18.8536497522969,NA,23237495427.73,NA,NA,NA,NA,NA,NA,3.57655301090065,NA,NA,NA,NA,NA,NA,NA,NA,NA,NA,NA
"Nicaragua","Government expenditure on health",2022,NA,NA,NA,20.6845156581024,NA,23694064014.15,NA,NA,NA,NA,NA,NA,4.21446282448822,NA,NA,NA,NA,NA,NA,NA,NA,NA,NA,NA
"Pakistan","Government expenditure on health",2007,NA,NA,NA,0.859544437187395,NA,1.4121e+10,NA,NA,NA,NA,NA,NA,0.152828214852595,NA,NA,NA,NA,NA,NA,NA,NA,NA,NA,NA
"Pakistan","Government expenditure on health",2012,NA,NA,NA,0.177507868807046,NA,7.433e+09,NA,NA,NA,NA,NA,NA,0.037078791809044,NA,NA,NA,NA,NA,NA,NA,NA,NA,NA,NA
"Pakistan","Government expenditure on health",2013,NA,NA,NA,0.202792295619412,NA,9.161e+09,NA,NA,NA,NA,NA,NA,0.040923525273348,NA,NA,NA,NA,NA,NA,NA,NA,NA,NA,NA
"Norway","Government expenditure on health",2001,5.34860015484688,NA,5.0837e+10,NA,8.3797e+10,NA,NA,NA,NA,16.1689728409637,31.6802074787625,NA,NA,3.24482721424336,NA,1.11758e+11,NA,7.13329661092136,9.71993315717623,NA,NA,NA,NA,NA
"Oman","Government expenditure on health",2002,NA,NA,NA,5.46891032218346,NA,159900000,NA,NA,NA,NA,NA,NA,2.13709140011894,NA,NA,NA,NA,NA,NA,NA,NA,NA,NA,NA
"Oman","Government expenditure on health",2011,NA,NA,NA,4.088831720603,NA,419600000,NA,NA,NA,NA,NA,NA,1.61180109817882,NA,NA,NA,NA,NA,NA,NA,NA,NA,NA,NA
"Pakistan","Government expenditure on health",2004,NA,NA,NA,0.786152930432257,NA,7.119e+09,NA,NA,NA,NA,NA,NA,0.117101899695329,NA,NA,NA,NA,NA,NA,NA,NA,NA,NA,NA
"Pakistan","Government expenditure on health",2001,NA,NA,NA,0.60527646411469,NA,4.477e+09,NA,NA,NA,NA,NA,NA,0.0986703822207113,NA,NA,NA,NA,NA,NA,NA,NA,NA,NA,NA
"Pakistan","Government expenditure on health",1998,NA,NA,4.245e+09,0.726107720517803,NA,4.245e+09,NA,NA,NA,NA,NA,NA,0.120991185788339,0.120991185788339,NA,NA,NA,NA,0.726107720517803,NA,NA,NA,NA,NA
"Oman","Government expenditure on health",2010,NA,NA,NA,5.13631650105667,NA,391300000,NA,NA,NA,NA,NA,NA,1.79083330158598,NA,NA,NA,NA,NA,NA,NA,NA,NA,NA,NA
"Oman","Government expenditure on health",1998,NA,NA,NA,7.21388934673919,NA,131300000,NA,NA,NA,NA,NA,NA,2.54988490178891,NA,NA,NA,NA,NA,NA,NA,NA,NA,NA,NA
"Oman","Government expenditure on health",2013,NA,NA,NA,4.27395121376385,NA,580300000,NA,NA,NA,NA,NA,NA,1.93038890533676,NA,NA,NA,NA,NA,NA,NA,NA,NA,NA,NA
"Norway","Government expenditure on health",2007,1.87676840775299,NA,1.22577e+11,NA,4.4295e+10,NA,NA,NA,NA,16.4747966021006,14.4249557107128,NA,NA,5.19355776311408,NA,1.61611e+11,NA,6.84741887674383,15.6477547769074,NA,NA,NA,NA,NA
"Norway","Government expenditure on health",2004,2.20639184217193,NA,1.04993e+11,NA,3.9453e+10,NA,NA,NA,NA,16.9410536113042,16.0358492866724,NA,NA,5.87168779776335,NA,1.37241e+11,NA,7.67514315290391,16.2030735421663,NA,NA,NA,NA,NA
"Norway","Government expenditure on health",2008,1.78538535377631,NA,1.29438e+11,NA,4.6815e+10,NA,NA,NA,NA,16.1976391224652,13.7105253138792,NA,NA,4.93638170291783,NA,1.71343e+11,NA,6.53451420852493,15.4490670619703,NA,NA,NA,NA,NA
"Norway","Government expenditure on health",2010,1.98698754985413,NA,1.40687e+11,NA,5.1768e+10,NA,NA,NA,NA,16.1963712783159,13.145558980818,NA,NA,5.39992500050857,NA,1.90515e+11,NA,7.31245041455067,15.0530167663517,NA,NA,NA,NA,NA
"Pakistan","Government expenditure on health",2000,NA,NA,4.624e+09,0.637228826335852,NA,4.624e+09,NA,NA,NA,NA,NA,NA,0.112131816432582,0.112131816432582,NA,NA,NA,NA,0.637228826335852,NA,NA,NA,NA,NA
"Pakistan","Government expenditure on health",2005,NA,NA,NA,0.757360845676063,NA,8.116e+09,NA,NA,NA,NA,NA,NA,0.115854246849965,NA,NA,NA,NA,NA,NA,NA,NA,NA,NA,NA
"Norway","Government expenditure on health",1995,5.31543214426993,NA,2.2816e+10,NA,5.1195e+10,NA,NA,NA,NA,13.9015447299438,29.3921770133024,NA,NA,2.36892078921111,NA,6.7828e+10,NA,7.04238952010042,5.98816853796933,NA,NA,NA,NA,NA
"Norway","Government expenditure on health",2011,1.95047632876133,NA,1.47126e+11,NA,5.4807e+10,NA,NA,NA,NA,16.1636119767079,13.2089568425949,NA,NA,5.23593300755998,NA,1.99442e+11,NA,7.09775940957939,14.8356318953078,NA,NA,NA,NA,NA
"Oman","Government expenditure on health",1997,NA,NA,NA,7.02922077922078,NA,129900000,NA,NA,NA,NA,NA,NA,2.21798616348536,NA,NA,NA,NA,NA,NA,NA,NA,NA,NA,NA
"Oman","Government expenditure on health",2012,NA,NA,NA,3.66212819761615,NA,4.75e+08,NA,NA,NA,NA,NA,NA,1.63771569243041,NA,NA,NA,NA,NA,NA,NA,NA,NA,NA,NA
"Oman","Government expenditure on health",2008,NA,NA,NA,4.44204700032834,NA,284100000,NA,NA,NA,NA,NA,NA,1.24704442613584,NA,NA,NA,NA,NA,NA,NA,NA,NA,NA,NA
"Norway","Government expenditure on health",2013,2.18037850265424,NA,1.6668e+11,NA,6.7381e+10,NA,NA,NA,NA,16.5939565821812,14.364163882914,NA,NA,5.39359001532196,NA,2.26319e+11,NA,7.3234455164246,15.1748826013252,NA,NA,NA,NA,NA
"Norway","Government expenditure on health",1996,5.14614482403551,NA,2.5482e+10,NA,5.4275e+10,NA,NA,NA,NA,14.3109464270277,29.8001427551749,NA,NA,2.41610432807135,NA,7.2841e+10,NA,6.90650087752318,6.44761345694506,NA,NA,NA,NA,NA
"Pakistan","Government expenditure on health",2003,NA,NA,NA,0.621602003532638,NA,5.592e+09,NA,NA,NA,NA,NA,NA,0.106415166659049,NA,NA,NA,NA,NA,NA,NA,NA,NA,NA,NA
"Pakistan","Government expenditure on health",2010,NA,NA,NA,0.871720479868997,NA,2.5467e+10,NA,NA,NA,NA,NA,NA,0.17129889588993,NA,NA,NA,NA,NA,NA,NA,NA,NA,NA,NA
"Norway","Government expenditure on health",1997,5.14369074946992,NA,3.0741e+10,NA,5.8707e+10,NA,NA,NA,NA,14.9103414855872,29.9779405006281,NA,NA,2.69341300576515,NA,7.9384e+10,NA,6.95533320482941,7.51455684134876,NA,NA,NA,NA,NA
"Norway","Government expenditure on health",2000,5.11234272416197,NA,4.7001e+10,NA,7.7152e+10,NA,NA,NA,NA,16.1597490355038,32.5227105069027,NA,NA,3.11443929358068,NA,1.03334e+11,NA,6.84724729182073,9.48936204578217,NA,NA,NA,NA,NA
"Oman","Government expenditure on health",2006,NA,NA,NA,4.2140536149472,NA,207500000,NA,NA,NA,NA,NA,NA,1.49318393650445,NA,NA,NA,NA,NA,NA,NA,NA,NA,NA,NA
"Norway","Government expenditure on health",2012,2.0969916023121,NA,1.55919e+11,NA,6.2555e+10,NA,NA,NA,NA,16.4708613305623,14.2514107882872,NA,NA,5.22677377733037,NA,2.11446e+11,NA,7.08817019171106,15.0298294674074,NA,NA,NA,NA,NA
"Oman","Government expenditure on health",2004,NA,NA,NA,4.75788807760234,NA,180500000,NA,NA,NA,NA,NA,NA,1.96154817891272,NA,NA,NA,NA,NA,NA,NA,NA,NA,NA,NA
"Norway","Government expenditure on health",2003,2.43951396901903,NA,9.6613e+10,NA,3.962e+10,NA,NA,NA,NA,16.8539655938811,16.4388790692657,NA,NA,5.94873203152034,NA,1.31947e+11,NA,8.12434501943853,15.5718165480671,NA,NA,NA,NA,NA
"Oman","Government expenditure on health",1999,NA,NA,NA,7.4486393460256,NA,138500000,NA,NA,NA,NA,NA,NA,2.40105817200094,NA,NA,NA,NA,NA,NA,NA,NA,NA,NA,NA
"Norway","Government expenditure on health",1999,5.71701998635571,NA,4.3008e+10,NA,7.2404e+10,NA,NA,NA,NA,16.0784848071944,31.9605194621748,NA,NA,3.39591176693534,NA,9.676e+10,NA,7.64016979558835,9.34533949866147,NA,NA,NA,NA,NA
"Norway","Government expenditure on health",2005,1.95764927858158,NA,1.07929e+11,NA,3.9095e+10,NA,NA,NA,NA,17.1028027434881,15.3870676999492,NA,NA,5.40445399636862,NA,1.44603e+11,NA,7.24087373400005,15.830728589889,NA,NA,NA,NA,NA
"Pakistan","Government expenditure on health",2006,NA,NA,NA,0.875898636858892,NA,1.2163e+10,NA,NA,NA,NA,NA,NA,0.148037526046231,NA,NA,NA,NA,NA,NA,NA,NA,NA,NA,NA
"Oman","Government expenditure on health",2005,NA,NA,NA,4.73888277248576,NA,1.98e+08,NA,NA,NA,NA,NA,NA,1.70677448666864,NA,NA,NA,NA,NA,NA,NA,NA,NA,NA,NA
"Pakistan","Government expenditure on health",2002,NA,NA,NA,0.768453634839431,NA,6.435e+09,NA,NA,NA,NA,NA,NA,0.134090593505298,NA,NA,NA,NA,NA,NA,NA,NA,NA,NA,NA
"Norway","Government expenditure on health",2002,2.41237225449047,NA,8.9207e+10,NA,3.7733e+10,NA,NA,NA,NA,16.6871247280934,16.7056271306504,NA,NA,5.70324362511148,NA,1.22895e+11,NA,7.85700814182828,14.7174212877723,NA,NA,NA,NA,NA
"Oman","Government expenditure on health",1995,NA,NA,NA,6.31594967532468,NA,124500000,NA,NA,NA,NA,NA,NA,2.44176823669726,NA,NA,NA,NA,NA,NA,NA,NA,NA,NA,NA
"Norway","Government expenditure on health",2009,2.04208529531355,NA,1.3336e+11,NA,4.9821e+10,NA,NA,NA,NA,16.0586055284726,13.4349247098417,NA,NA,5.4662189635498,NA,1.81341e+11,NA,7.43288552091394,14.8214831485649,NA,NA,NA,NA,NA
"Oman","Government expenditure on health",1996,NA,NA,NA,7.15121847398106,NA,134400000,NA,NA,NA,NA,NA,NA,2.37586175109533,NA,NA,NA,NA,NA,NA,NA,NA,NA,NA,NA
"Palau","Government expenditure on health",2013,NA,NA,NA,16.8006445044285,NA,18454301.8746805,NA,NA,NA,NA,NA,NA,8.23940409383359,NA,NA,NA,NA,NA,NA,NA,NA,NA,NA,NA
"Oman","Government expenditure on health",2009,NA,NA,NA,4.3957669396372,NA,326900000,NA,NA,NA,NA,NA,NA,1.82001679469555,NA,NA,NA,NA,NA,NA,NA,NA,NA,NA,NA
"Oman","Government expenditure on health",2007,NA,NA,NA,4.09514636579409,NA,238100000,NA,NA,NA,NA,NA,NA,1.5190678099706,NA,NA,NA,NA,NA,NA,NA,NA,NA,NA,NA
"Pakistan","Government expenditure on health",1999,NA,NA,4.32e+09,0.688833718410516,NA,4.32e+09,NA,NA,NA,NA,NA,NA,0.112203590886028,0.112203590886028,NA,NA,NA,NA,0.688833718410516,NA,NA,NA,NA,NA
"Norway","Government expenditure on health",1998,5.65617956092853,NA,3.8669e+10,NA,6.582e+10,NA,NA,NA,NA,15.6629217038497,31.2718254251058,NA,NA,3.32298400853153,NA,8.9099e+10,NA,7.65663844878717,8.86934183515488,NA,NA,NA,NA,NA
"Oman","Government expenditure on health",2000,NA,NA,NA,5.51612172468474,NA,146100000,NA,NA,NA,NA,NA,NA,2.00937338985494,NA,NA,NA,NA,NA,NA,NA,NA,NA,NA,NA
"Oman","Government expenditure on health",2001,NA,NA,NA,5.14677583009692,NA,147100000,NA,NA,NA,NA,NA,NA,2.0333126406866,NA,NA,NA,NA,NA,NA,NA,NA,NA,NA,NA
"Palau","Government expenditure on health",2008,NA,NA,NA,15.2529407870577,NA,15415908.8500147,NA,NA,NA,NA,NA,NA,7.89533793441517,NA,NA,NA,NA,NA,NA,NA,NA,NA,NA,NA
"Palau","Government expenditure on health",2009,NA,NA,NA,15.7405010711551,NA,15136068.1910979,NA,NA,NA,NA,NA,NA,8.2687499283438,NA,NA,NA,NA,NA,NA,NA,NA,NA,NA,NA
"Norway","Government expenditure on health",2006,1.8465781402256,NA,1.15603e+11,NA,4.1084e+10,NA,NA,NA,NA,16.7407472315629,14.9488230949202,NA,NA,5.19593936190486,NA,1.52838e+11,NA,6.86951878579981,15.6578496479107,NA,NA,NA,NA,NA
"Palau","Government expenditure on health",2012,NA,NA,NA,15.3057650989656,NA,17710528.8462282,NA,NA,NA,NA,NA,NA,8.3398027181586,NA,NA,NA,NA,NA,NA,NA,NA,NA,NA,NA
"Pakistan","Government expenditure on health",2011,NA,NA,NA,0.68626994970784,NA,2.3607e+10,NA,NA,NA,NA,NA,NA,0.129166292779119,NA,NA,NA,NA,NA,NA,NA,NA,NA,NA,NA
"Pakistan","Government expenditure on health",2009,NA,NA,NA,0.77885157067639,NA,1.8761e+10,NA,NA,NA,NA,NA,NA,0.142131942777215,NA,NA,NA,NA,NA,NA,NA,NA,NA,NA,NA
"Oman","Government expenditure on health",2003,NA,NA,NA,5.34821568935702,NA,170100000,NA,NA,NA,NA,NA,NA,2.11715409532016,NA,NA,NA,NA,NA,NA,NA,NA,NA,NA,NA
"Pakistan","Government expenditure on health",2008,NA,NA,NA,0.683236940414569,NA,1.4827e+10,NA,NA,NA,NA,NA,NA,0.139380689866261,NA,NA,NA,NA,NA,NA,NA,NA,NA,NA,NA
"Palau","Government expenditure on health",2010,NA,NA,NA,18.0837211200897,NA,17008901.0500147,NA,NA,NA,NA,NA,NA,9.31333315481517,NA,NA,NA,NA,NA,NA,NA,NA,NA,NA,NA
"Norway","Government expenditure on health",2014,2.26265166708468,NA,1.78973e+11,NA,7.154e+10,NA,NA,NA,NA,16.7177570968428,14.4633947127943,NA,NA,5.66051938514323,NA,2.42851e+11,NA,7.6808389712494,15.2132427881326,NA,NA,NA,NA,NA
"Norway","Government expenditure on health",1990,5.19482251400924,9.449e+09,NA,3.41008399719769,3.8954e+10,9.443e+09,6e+06,3.16217835234745,1.26009852479523,NA,27.5930949969187,0.0273985113475501,1.25929837756814,NA,NA,NA,NA,NA,NA,0.0008001472270897,NA,NA,NA,NA
"Norway","Government expenditure on health",1992,5.4894089605986,1.1704e+10,NA,3.73416527884772,4.4634e+10,1.1682e+10,2e+07,3.44792031839647,1.43944173667711,NA,28.5308838475847,0.0751597143930853,1.43673601912696,NA,NA,NA,NA,NA,NA,0.0024597432274044,NA,NA,NA,NA
"Norway","Government expenditure on health",1993,5.33761982698153,1.2361e+10,NA,3.86825187363063,4.5658e+10,1.2341e+10,2e+07,3.55239939993448,1.44505494505495,NA,28.5902140289797,0.0691347782501988,1.44271685761047,NA,NA,NA,NA,NA,NA,0.0023380874444704,NA,NA,NA,NA
"Norway","Government expenditure on health",1994,5.24083219373124,1.314e+10,NA,3.98140251952159,4.7023e+10,1.3119e+10,2.1e+07,3.67165255101613,1.46448620942153,NA,28.466698146332,0.074021854071202,1.46214570634711,NA,NA,NA,NA,NA,NA,0.0023405030744179,NA,NA,NA,NA
"Norway","Government expenditure on health",1991,5.4917933192252,1.0606e+10,NA,3.5664573706898,4.339e+10,1.0582e+10,2.4e+07,3.31040251697962,1.34238211439738,NA,28.6997473311021,0.101372756071806,1.33934447808345,NA,NA,NA,NA,NA,NA,0.0030376363139295,NA,NA,NA,NA
"Palau","Government expenditure on health",2011,NA,NA,NA,15.4818737370686,NA,16193223.2601341,NA,NA,NA,NA,NA,NA,8.3636573278487,NA,NA,NA,NA,NA,NA,NA,NA,NA,NA,NA
"Pakistan","Government expenditure on health",2014,NA,NA,NA,0.70839462568493,NA,3.7466e+10,NA,NA,NA,NA,NA,NA,0.148858875103526,NA,NA,NA,NA,NA,NA,NA,NA,NA,NA,NA
"Oman","Government expenditure on health",1993,NA,NA,NA,6.28940899861067,NA,117700000,NA,NA,NA,NA,NA,NA,2.55228233710949,NA,NA,NA,NA,NA,NA,NA,NA,NA,NA,NA
"Oman","Government expenditure on health",1991,NA,NA,NA,5.41552917275094,NA,85300000,NA,NA,NA,NA,NA,NA,2.03178774825339,NA,NA,NA,NA,NA,NA,NA,NA,NA,NA,NA
"Oman","Government expenditure on health",1990,NA,NA,NA,4.64084946908182,NA,74300000,NA,NA,NA,NA,NA,NA,1.71093088329575,NA,NA,NA,NA,NA,NA,NA,NA,NA,NA,NA
"Oman","Government expenditure on health",1992,NA,NA,NA,5.70962479608483,NA,108500000,NA,NA,NA,NA,NA,NA,2.35538042522025,NA,NA,NA,NA,NA,NA,NA,NA,NA,NA,NA
"Oman","Government expenditure on health",1994,NA,NA,NA,6.42024363465258,NA,122800000,NA,NA,NA,NA,NA,NA,2.57631621054552,NA,NA,NA,NA,NA,NA,NA,NA,NA,NA,NA
"Norway","Government expenditure on health",2015,2.20590936696033,NA,1.90461e+11,NA,6.9049e+10,NA,NA,NA,NA,16.7121708016076,13.5598645761327,NA,NA,6.08466022593567,NA,2.5623e+11,NA,8.18578338710548,15.2838441964468,NA,NA,NA,NA,NA
"Palau","Government expenditure on health",2014,NA,NA,NA,16.8397278172002,NA,19022235.8574274,NA,NA,NA,NA,NA,NA,7.83101773495263,NA,NA,NA,NA,NA,NA,NA,NA,NA,NA,NA
"Pakistan","Government expenditure on health",2015,NA,NA,NA,0.661078963056465,NA,3.8158e+10,NA,NA,NA,NA,NA,NA,0.139044451123287,NA,NA,NA,NA,NA,NA,NA,NA,NA,NA,NA
"Palau","Government expenditure on health",2015,NA,NA,NA,17.7812604600761,NA,19958142.30241,NA,NA,NA,NA,NA,NA,6.88723744953005,NA,NA,NA,NA,NA,NA,NA,NA,NA,NA,NA
"Norway","Government expenditure on health",2016,2.36903629131252,NA,1.96509e+11,NA,7.382e+10,NA,NA,NA,NA,16.7111989647963,13.8160788313791,NA,NA,6.30637974220444,NA,2.6681e+11,NA,8.56248405425485,15.1931059703466,NA,NA,NA,NA,NA
"Palau","Government expenditure on health",2016,NA,NA,NA,17.8445519395932,NA,22035964,NA,NA,NA,NA,NA,NA,7.34652509208019,NA,NA,NA,NA,NA,NA,NA,NA,NA,NA,NA
"Norway","Government expenditure on health",2017,2.26911413820155,NA,2.06624e+11,NA,7.5405e+10,NA,NA,NA,NA,16.661496601584,13.4578008127687,NA,NA,6.21780305936951,NA,2.77151e+11,NA,8.34012668280219,15.3057762593946,NA,NA,NA,NA,NA
"Norway","Government expenditure on health",2018,2.22763024240189,NA,2.16444e+11,NA,7.9673e+10,NA,NA,NA,NA,16.7624341106538,13.4861377474072,NA,NA,6.05170133152304,NA,2.90846e+11,NA,8.13195618944461,15.4938853112893,NA,NA,NA,NA,NA
"Norway","Government expenditure on health",2019,2.38939475153297,NA,2.29887e+11,NA,8.5945e+10,NA,NA,NA,NA,16.8850496689553,13.6466340313978,NA,NA,6.39118961249241,NA,3.10189e+11,NA,8.62370083871384,15.6652022724346,NA,NA,NA,NA,NA
"Palau","Government expenditure on health",2017,NA,NA,NA,19.0402916486815,NA,22991088,NA,NA,NA,NA,NA,NA,8.0137132928237,NA,NA,NA,NA,NA,NA,NA,NA,NA,NA,NA
"Norway","Government expenditure on health",2020,2.62057011620433,NA,2.4345e+11,NA,9.0713e+10,NA,NA,NA,NA,16.4767459759159,14.2132814813538,NA,NA,7.03292576356138,NA,3.28617e+11,NA,9.49327979315774,14.8470289475899,NA,NA,NA,NA,NA
"Palau","Government expenditure on health",2019,NA,NA,NA,18.9109937190235,NA,22621228,NA,NA,NA,NA,NA,NA,8.22495522105867,NA,NA,NA,NA,NA,NA,NA,NA,NA,NA,NA
"Norway","Government expenditure on health",2021,2.43519063087586,NA,2.70141e+11,NA,1.02561e+11,NA,NA,NA,NA,17.7858202739737,15.2927528625172,NA,NA,6.41418114308006,NA,3.61749e+11,NA,8.58930563790047,16.3385837486913,NA,NA,NA,NA,NA
"Norway","Government expenditure on health",2022,1.84611777808135,NA,2.85109e+11,NA,1.02841e+11,NA,NA,NA,NA,17.4835594928617,14.3201875920763,NA,NA,5.11804429742025,NA,3.81803e+11,NA,6.85381614360804,16.2994778729138,NA,NA,NA,NA,NA
"Palau","Government expenditure on health",2018,NA,NA,NA,19.5258969706954,NA,22899254,NA,NA,NA,NA,NA,NA,7.99757236085157,NA,NA,NA,NA,NA,NA,NA,NA,NA,NA,NA
"Panama","Government expenditure on health",2014,0,NA,NA,11.1330919215803,0,964654401.279999,NA,NA,NA,NA,0,NA,1.93234401259434,NA,NA,NA,NA,NA,NA,NA,NA,NA,NA,NA
"Panama","Government expenditure on health",2015,0,NA,NA,11.7516222887978,0,1119053573.71,NA,NA,NA,NA,0,NA,2.068807524904,NA,NA,NA,NA,NA,NA,NA,NA,NA,NA,NA
"Panama","Government expenditure on health",2016,0,NA,NA,10.1245186958762,0,980628466.67,NA,NA,NA,NA,0,NA,1.69343376514103,NA,NA,NA,NA,NA,NA,NA,NA,NA,NA,NA
"Panama","Government expenditure on health",2017,0,NA,NA,10.3131693098111,0,1086320306.07,NA,NA,NA,NA,0,NA,1.74641915205353,NA,NA,NA,NA,NA,NA,NA,NA,NA,NA,NA
"Panama","Government expenditure on health",2018,0,NA,NA,10.1023837176536,0,1087246628.45,NA,NA,NA,NA,0,NA,1.67450567434738,NA,NA,NA,NA,NA,NA,NA,NA,NA,NA,NA
"Panama","Government expenditure on health",2019,0,NA,NA,10.7894190017409,0,1180443907.05555,NA,NA,NA,NA,0,NA,1.76226685634356,NA,NA,NA,NA,NA,NA,NA,NA,NA,NA,NA
"Panama","Government expenditure on health",2020,0,NA,NA,14.2172533623806,0,1852864586.53,NA,NA,NA,NA,0,NA,3.43269069717928,NA,NA,NA,NA,NA,NA,NA,NA,NA,NA,NA
"Panama","Government expenditure on health",2021,0,NA,NA,12.4537927653466,0,1865893408.17967,NA,NA,NA,NA,0,NA,2.93356100694216,NA,NA,NA,NA,NA,NA,NA,NA,NA,NA,NA
"Paraguay","Government expenditure on health",1990,0.0404731402993156,NA,NA,4.26744237614135,2.441e+09,2.5981e+10,NA,NA,NA,NA,20.9870174533574,NA,0.430779458466415,NA,NA,NA,NA,NA,NA,NA,NA,NA,NA,NA
"Paraguay","Government expenditure on health",1991,0.0304137430742927,NA,NA,6.1115251984173,2.815e+09,6.0594e+10,NA,NA,NA,NA,15.3247318852414,NA,0.654667974367207,NA,NA,NA,NA,NA,NA,NA,NA,NA,NA,NA
"Paraguay","Government expenditure on health",1992,0.0366352786539985,NA,NA,5.42935135519626,3.934e+09,7.0986e+10,NA,NA,NA,NA,16.7532578144962,NA,0.66105538651061,NA,NA,NA,NA,NA,NA,NA,NA,NA,NA,NA
"Paraguay","Government expenditure on health",1993,0.053640222173704,NA,NA,7.32642803366975,6.783e+09,1.14247e+11,NA,NA,NA,NA,16.1496154853456,NA,0.903469624455132,NA,NA,NA,NA,NA,NA,NA,NA,NA,NA,NA
"Paraguay","Government expenditure on health",2023,NA,NA,NA,16.0298554404114,NA,9100160021831,NA,NA,NA,NA,NA,NA,2.9065178630669,NA,NA,NA,NA,NA,NA,NA,NA,NA,NA,NA
"Philippines","Government expenditure on health",1990,NA,NA,NA,3.95376348030225,NA,8.623e+09,NA,NA,NA,NA,NA,NA,0.702265606739404,NA,NA,NA,NA,NA,NA,NA,NA,NA,NA,NA
"Philippines","Government expenditure on health",1991,NA,NA,NA,4.24186745730154,NA,1.0158e+10,NA,NA,NA,NA,NA,NA,0.713865061372156,NA,NA,NA,NA,NA,NA,NA,NA,NA,NA,NA
"Philippines","Government expenditure on health",1992,NA,NA,NA,4.13019662762725,NA,1.0971e+10,NA,NA,NA,NA,NA,NA,0.711697831692642,NA,NA,NA,NA,NA,NA,NA,NA,NA,NA,NA
"Philippines","Government expenditure on health",1993,NA,NA,NA,3.0408158770017,NA,8.283e+09,NA,NA,NA,NA,NA,NA,0.492325944382563,NA,NA,NA,NA,NA,NA,NA,NA,NA,NA,NA
"Philippines","Government expenditure on health",1994,NA,NA,NA,2.54181677817808,NA,7.902e+09,NA,NA,NA,NA,NA,NA,0.408866324720166,NA,NA,NA,NA,NA,NA,NA,NA,NA,NA,NA
"Philippines","Government expenditure on health",1995,NA,NA,NA,2.45342759988997,NA,8.384e+09,NA,NA,NA,NA,NA,NA,0.385190739250128,NA,NA,NA,NA,NA,NA,NA,NA,NA,NA,NA
"Philippines","Government expenditure on health",1996,NA,NA,NA,2.80661418343861,NA,1.1255e+10,NA,NA,NA,NA,NA,NA,0.453592326289857,NA,NA,NA,NA,NA,NA,NA,NA,NA,NA,NA
"Philippines","Government expenditure on health",1997,NA,NA,NA,3.21108279355216,NA,1.5006e+10,NA,NA,NA,NA,NA,NA,0.541073991850357,NA,NA,NA,NA,NA,NA,NA,NA,NA,NA,NA
"Philippines","Government expenditure on health",1998,NA,NA,NA,2.64803538535544,NA,1.3542e+10,NA,NA,NA,NA,NA,NA,0.444550659800894,NA,NA,NA,NA,NA,NA,NA,NA,NA,NA,NA
"Philippines","Government expenditure on health",1999,NA,NA,NA,2.56988393246048,NA,1.5045e+10,NA,NA,NA,NA,NA,NA,0.449428200073665,NA,NA,NA,NA,NA,NA,NA,NA,NA,NA,NA
"Philippines","Government expenditure on health",2000,NA,NA,NA,2.19558935816627,NA,1.4665e+10,NA,NA,NA,NA,NA,NA,0.396613437798762,NA,NA,NA,NA,NA,NA,NA,NA,NA,NA,NA
"Philippines","Government expenditure on health",2001,NA,NA,NA,1.75700263053682,NA,1.2911e+10,NA,NA,NA,NA,NA,NA,0.320818089856398,NA,NA,NA,NA,NA,NA,NA,NA,NA,NA,NA
"Philippines","Government expenditure on health",2002,NA,NA,NA,1.81455418722599,NA,1.4515e+10,NA,NA,NA,NA,NA,NA,0.333635286867734,NA,NA,NA,NA,NA,NA,NA,NA,NA,NA,NA
"Philippines","Government expenditure on health",2003,NA,NA,NA,1.46435361778009,NA,1.24e+10,NA,NA,NA,NA,NA,NA,0.262833759131089,NA,NA,NA,NA,NA,NA,NA,NA,NA,NA,NA
"Philippines","Government expenditure on health",2004,NA,NA,NA,1.5989752423861,NA,1.448e+10,NA,NA,NA,NA,NA,NA,0.271980862164307,NA,NA,NA,NA,NA,NA,NA,NA,NA,NA,NA
"Philippines","Government expenditure on health",2005,NA,NA,NA,1.32268632268632,NA,1.292e+10,NA,NA,NA,NA,NA,NA,0.218343563258795,NA,NA,NA,NA,NA,NA,NA,NA,NA,NA,NA
"Philippines","Government expenditure on health",2006,NA,NA,NA,1.28452797534556,NA,1.3538e+10,NA,NA,NA,NA,NA,NA,0.206673865190567,NA,NA,NA,NA,NA,NA,NA,NA,NA,NA,NA
"Philippines","Government expenditure on health",2007,NA,NA,NA,1.59280365057532,NA,1.8238e+10,NA,NA,NA,NA,NA,NA,0.253367384235292,NA,NA,NA,NA,NA,NA,NA,NA,NA,NA,NA
"Philippines","Government expenditure on health",2008,NA,NA,NA,2.26489935404856,NA,2.8664e+10,NA,NA,NA,NA,NA,NA,0.356065732039668,NA,NA,NA,NA,NA,NA,NA,NA,NA,NA,NA
"Philippines","Government expenditure on health",2009,NA,NA,NA,2.69704259828714,NA,3.8442e+10,NA,NA,NA,NA,NA,NA,0.458165329248675,NA,NA,NA,NA,NA,NA,NA,NA,NA,NA,NA
"Philippines","Government expenditure on health",2010,NA,NA,NA,2.63430132774578,NA,4.003e+10,NA,NA,NA,NA,NA,NA,0.425875936796734,NA,NA,NA,NA,NA,NA,NA,NA,NA,NA,NA
"Philippines","Government expenditure on health",2011,NA,NA,NA,2.64635674370536,NA,4.0509e+10,NA,NA,NA,NA,NA,NA,0.399313451744375,NA,NA,NA,NA,NA,NA,NA,NA,NA,NA,NA
"Philippines","Government expenditure on health",2012,NA,NA,NA,3.0250457675677,NA,5.2414e+10,NA,NA,NA,NA,NA,NA,0.473880730944799,NA,NA,NA,NA,NA,NA,NA,NA,NA,NA,NA
"Philippines","Government expenditure on health",2013,NA,NA,NA,3.11523756802341,NA,5.7738e+10,NA,NA,NA,NA,NA,NA,0.479129948210847,NA,NA,NA,NA,NA,NA,NA,NA,NA,NA,NA
"Philippines","Government expenditure on health",2014,NA,NA,NA,4.59609957132455,NA,9.0512e+10,NA,NA,NA,NA,NA,NA,0.68534246073319,NA,NA,NA,NA,NA,NA,NA,NA,NA,NA,NA
"Philippines","Government expenditure on health",2015,NA,NA,NA,4.91158808779064,NA,1.09257e+11,NA,NA,NA,NA,NA,NA,0.783532373662693,NA,NA,NA,NA,NA,NA,NA,NA,NA,NA,NA
"Philippines","Government expenditure on health",2016,NA,NA,NA,5.00680308647647,NA,1.26475e+11,NA,NA,NA,NA,NA,NA,0.83579042612062,NA,NA,NA,NA,NA,NA,NA,NA,NA,NA,NA
"Philippines","Government expenditure on health",2017,NA,NA,NA,4.91061666868465,NA,162802884000,NA,NA,NA,NA,NA,NA,0.983308061515581,NA,NA,NA,NA,NA,NA,NA,NA,NA,NA,NA
"Philippines","Government expenditure on health",2018,NA,NA,NA,4.59174473480313,NA,172750850000,NA,NA,NA,NA,NA,NA,0.945792737672439,NA,NA,NA,NA,NA,NA,NA,NA,NA,NA,NA
"Philippines","Government expenditure on health",2019,NA,NA,NA,4.74591370702827,NA,173778669000,NA,NA,NA,NA,NA,NA,0.890357003204859,NA,NA,NA,NA,NA,NA,NA,NA,NA,NA,NA
"Philippines","Government expenditure on health",2020,NA,NA,NA,4.72463060463368,NA,189691470000,NA,NA,NA,NA,NA,NA,1.05668427422106,NA,NA,NA,NA,NA,NA,NA,NA,NA,NA,NA
"Philippines","Government expenditure on health",2021,NA,NA,NA,6.89011124357398,NA,316999343000,NA,NA,NA,NA,NA,NA,1.63312355980871,NA,NA,NA,NA,NA,NA,NA,NA,NA,NA,NA
"Philippines","Government expenditure on health",2022,NA,NA,NA,5.49883273826314,NA,2.8161e+11,NA,NA,NA,NA,NA,NA,1.27862066429159,NA,NA,NA,NA,NA,NA,NA,NA,NA,NA,NA
"Philippines","Government expenditure on health",2023,NA,NA,NA,6.05238661764936,NA,321313519000,NA,NA,NA,NA,NA,NA,1.32285348776871,NA,NA,NA,NA,NA,NA,NA,NA,NA,NA,NA
"Papua New Guinea","Government expenditure on health",1990,NA,NA,NA,8.50054382477591,NA,90660000,NA,NA,NA,NA,NA,NA,1.99542659307524,NA,NA,NA,NA,NA,NA,NA,NA,NA,NA,NA
"Papua New Guinea","Government expenditure on health",1991,NA,NA,NA,8.57910110242156,NA,109260000,NA,NA,NA,NA,NA,NA,2.05171100074568,NA,NA,NA,NA,NA,NA,NA,NA,NA,NA,NA
"Papua New Guinea","Government expenditure on health",1992,NA,NA,NA,7.88542956498528,NA,106350000,NA,NA,NA,NA,NA,NA,1.7050491540048,NA,NA,NA,NA,NA,NA,NA,NA,NA,NA,NA
"Papua New Guinea","Government expenditure on health",1993,NA,NA,NA,7.94921666005753,NA,126290000,NA,NA,NA,NA,NA,NA,1.75675121117217,NA,NA,NA,NA,NA,NA,NA,NA,NA,NA,NA
"Papua New Guinea","Government expenditure on health",1994,NA,NA,NA,7.48859891586917,NA,118394000,NA,NA,NA,NA,NA,NA,1.44944417568964,NA,NA,NA,NA,NA,NA,NA,NA,NA,NA,NA
"Papua New Guinea","Government expenditure on health",1995,NA,NA,NA,7.2938276198893,NA,125448000,NA,NA,NA,NA,NA,NA,1.37108365506853,NA,NA,NA,NA,NA,NA,NA,NA,NA,NA,NA
"Papua New Guinea","Government expenditure on health",1996,NA,NA,NA,4.97288818938381,NA,92261000,NA,NA,NA,NA,NA,NA,0.919323499954901,NA,NA,NA,NA,NA,NA,NA,NA,NA,NA,NA
"Papua New Guinea","Government expenditure on health",1997,NA,NA,NA,6.15816051191119,NA,127804000,NA,NA,NA,NA,NA,NA,1.22223922334814,NA,NA,NA,NA,NA,NA,NA,NA,NA,NA,NA
"Papua New Guinea","Government expenditure on health",1998,NA,NA,NA,6.91732110176755,NA,149300000,NA,NA,NA,NA,NA,NA,1.29534453870276,NA,NA,NA,NA,NA,NA,NA,NA,NA,NA,NA
"Papua New Guinea","Government expenditure on health",1999,NA,NA,NA,6.20377769705776,NA,170790000,NA,NA,NA,NA,NA,NA,1.30980259495731,NA,NA,NA,NA,NA,NA,NA,NA,NA,NA,NA
"Papua New Guinea","Government expenditure on health",2000,NA,NA,NA,5.19302425170185,NA,158253000,NA,NA,NA,NA,NA,NA,1.100527245419,NA,NA,NA,NA,NA,NA,NA,NA,NA,NA,NA
"Papua New Guinea","Government expenditure on health",2001,NA,NA,NA,7.60280985125684,NA,225672000,NA,NA,NA,NA,NA,NA,1.46966843066943,NA,NA,NA,NA,NA,NA,NA,NA,NA,NA,NA
"Papua New Guinea","Government expenditure on health",2002,NA,NA,NA,5.70061321715907,NA,174007000,NA,NA,NA,NA,NA,NA,1.01837189528921,NA,NA,NA,NA,NA,NA,NA,NA,NA,NA,NA
"Papua New Guinea","Government expenditure on health",2017,NA,NA,NA,8.42599011621883,NA,1122316605.51,NA,NA,NA,NA,NA,NA,1.54756085400248,NA,NA,NA,NA,NA,NA,NA,NA,NA,NA,NA
"Papua New Guinea","Government expenditure on health",2018,NA,NA,NA,8.35097567348186,NA,1347363117.11091,NA,NA,NA,NA,NA,NA,1.69683106175052,NA,NA,NA,NA,NA,NA,NA,NA,NA,NA,NA
"Papua New Guinea","Government expenditure on health",2019,NA,NA,NA,10.1161148495848,NA,1824724564.3384,NA,NA,NA,NA,NA,NA,2.17634105351218,NA,NA,NA,NA,NA,NA,NA,NA,NA,NA,NA
"Papua New Guinea","Government expenditure on health",2020,NA,NA,NA,10.1427090339142,NA,1967463104.93854,NA,NA,NA,NA,NA,NA,2.38436996717198,NA,NA,NA,NA,NA,NA,NA,NA,NA,NA,NA
"Papua New Guinea","Government expenditure on health",2021,NA,NA,NA,10.2172732140795,NA,2056811940.97541,NA,NA,NA,NA,NA,NA,2.24479726875683,NA,NA,NA,NA,NA,NA,NA,NA,NA,NA,NA
"Papua New Guinea","Government expenditure on health",2022,NA,NA,NA,11.4756307236204,NA,2798901005.86291,NA,NA,NA,NA,NA,NA,2.51606582415458,NA,NA,NA,NA,NA,NA,NA,NA,NA,NA,NA
"Russian Federation","Government expenditure on health",2002,1.80992324509435,2.946e+10,2.946e+10,1.92474420045041,2.10032e+11,2.946e+10,0,1.09271335265302,0.2538676906399,5.11576869288491,9.11087898778808,0,0.2538676906399,0.2538676906399,0,2.39492e+11,0,2.06379093573425,1.67806356249591,0,0,NA,NA,NA
"Russian Federation","Government expenditure on health",2011,0.867518367310138,1.1363e+12,4.421e+11,3.72715316652054,5.215e+11,4.421e+11,0,7.06918004230434,1.89024184232888,9.40453666106847,12.2831893424784,0,0.735435992689956,0.735435992689956,15.6897871688868,2.2119e+12,1.70459457523049,3.6795088718184,3.55883631445913,0,1.0247e+12,14.4937225067187,1.084e+12,1.80324047970123
"Russian Federation","Government expenditure on health",2013,0.103992972541293,1.6417e+12,4.643e+11,3.61126234735942,7.59e+10,4.643e+11,0,8.66035396829584,2.24934470383452,8.09534939724902,1.2600438276114,0,0.636152004623481,0.636152004623481,24.2911142822907,2.2859e+12,3.05525598774478,3.13198334561451,3.32624098232643,0,2.2299e+12,12.21629157158,1.2794e+12,1.75294610104519
"Portugal","Government expenditure on health",2007,0.445922520306764,NA,11700931000,NA,782520000,NA,NA,NA,NA,16.0162398536489,6.68839148851498,NA,NA,6.66782784012619,0.0551307731993994,12493687000,0.0058330303607064,7.11958339079366,20.129215842772,NA,10236000,NA,NA,NA
"Russian Federation","Government expenditure on health",2003,1.42356189492324,38193850500,38193850500,1.63441860978003,201464330000,38193850500,0,1.14059438367125,0.269880579813781,4.72415046474976,9.71913610910587,0,0.269880579813781,0.269880579813781,0,239658180500,0,1.69344247473702,1.46059052636017,0,0,NA,NA,NA
"Portugal","Government expenditure on health",2013,0.404447590888269,NA,10383868000,NA,689552000,NA,NA,NA,NA,13.025597405139,6.15941562942605,NA,NA,6.09052021704206,0.0001064095312975,11073445000,1.46634188171548e-05,6.49498247134915,16.3701089047005,NA,25000,NA,NA,NA
"Portugal","Government expenditure on health",1996,0.317441357645233,NA,5064429000,NA,299511000,NA,NA,NA,NA,13.2299603898489,5.77337436808449,NA,NA,5.36761326781952,0.106989781271741,5372292000,0.0088519961505687,5.69390662161532,15.8527498200048,NA,8352000,NA,NA,NA
"Portugal","Government expenditure on health",2006,0.39449441959721,NA,11126061000,NA,655888000,NA,NA,NA,NA,15.6943806100854,6.0890992916407,NA,NA,6.69194889462554,0.0679675379156039,11794158000,0.0073433000281486,7.0937866142509,19.6678019341938,NA,12209000,NA,NA,NA
"Portugal","Government expenditure on health",2002,0.320366569346957,NA,8875616000,NA,456696000,NA,NA,NA,NA,15.0109438377521,4.95546821229729,NA,NA,6.22613434048243,0.127862210115789,9349677000,0.012181331732071,6.55868224156145,18.9645015367018,NA,17365000,NA,NA,NA
"Portugal","Government expenditure on health",2010,0.441840357038664,NA,12635660000,NA,793593000,NA,NA,NA,NA,14.4172155347651,5.94619114101117,NA,NA,7.03502239286279,0.0110935852242435,13431721000,0.0013740821821404,7.47823683208359,17.9639866400415,NA,2468000,NA,NA,NA
"Portugal","Government expenditure on health",1999,0.272639634525134,NA,6942361000,NA,326086000,NA,NA,NA,NA,14.3209751940159,4.68345736434554,NA,NA,5.80448950823263,0.1243471819117,7281914000,0.0112597227668467,6.08838886552461,17.8045586840515,NA,13467000,NA,NA,NA
"Russian Federation","Government expenditure on health",2004,1.32855175082603,45958576900,45958576900,1.75442486527055,242380450000,45958576900,0,1.23927248887046,0.251911190881804,4.98294463367444,9.60515378862317,0,0.251911190881804,0.251911190881804,0,288339026900,0,1.58046294170783,1.58153943976207,0,0,NA,NA,NA
"Portugal","Government expenditure on health",2008,0.479469332696083,NA,12209695000,NA,858743000,NA,NA,NA,NA,16.1276349686424,6.76123949588102,NA,NA,6.8171435622447,0.0466729501281766,13077556000,0.0050909310183872,7.30170382595917,20.4197427285629,NA,9118000,NA,NA,NA
"Russian Federation","Government expenditure on health",1999,1.74464280876656,1.2629e+10,NA,1.34513697810743,9.016e+10,8.433e+09,0,1.20793762990184,0.24437770665387,NA,14.125683488179,0,0.163182928197964,NA,1.1277084083616,NA,0.081194778455906,NA,NA,0,4.196e+09,NA,NA,NA
"Russian Federation","Government expenditure on health",2009,1.24145746432914,8.539e+11,3.14e+11,3.21605981461566,5.162e+11,3.14e+11,0,6.99258895303607,2.05362365127984,10.5906148867314,13.0304177710463,0,0.755167849281965,0.755167849281965,13.1911358694324,1.9635e+12,1.29845580199788,4.72220405116286,3.03279084367605,0,5.399e+11,10.0704285108188,5.934e+11,1.42712293555388
"Portugal","Government expenditure on health",1998,0.252989131898981,NA,6484882000,NA,281712000,NA,NA,NA,NA,14.2659690271306,4.53618187623755,NA,NA,5.82369465144306,0.0933588253958819,6775924000,0.0083787293427951,6.08506251268484,17.5806517245849,NA,9330000,NA,NA,NA
"Russian Federation","Government expenditure on health",2005,0.706970316015876,4.06294e+11,84385400000,2.4106178091206,163691200000,84385400000,0,8.88256123067462,1.75475405871149,12.3443268453025,14.0448853019452,0,0.364454368378545,0.364454368378545,18.7975188171625,847288400000,1.39029969033295,3.65937660610092,2.94893222146343,0,321908600000,11.7806840050448,277303200000,1.19765223137355
"Portugal","Government expenditure on health",2012,0.360435448104407,NA,10542957000,NA,606597000,NA,NA,NA,NA,13.5635604011208,5.79105086326322,NA,NA,6.26454702321392,NA,11149554000,NA,6.62498247131832,17.1667003472742,NA,NA,NA,NA,NA
"Russian Federation","Government expenditure on health",2012,0.287503790189777,1.3661e+12,5.39e+11,4.22380691168404,1.958e+11,5.39e+11,0,7.8353436458638,2.00591893655901,8.37858835112766,3.66643322335282,0,0.791443017938152,0.791443017938152,22.4151132868888,2.1785e+12,2.62204043994834,3.19881004559975,3.90670300359504,0,1.7857e+12,13.2770940849543,1.3378e+12,1.96436450723128
"Romania","Government expenditure on health",1996,0.425361492374252,NA,177400000,NA,46800000,NA,NA,NA,NA,7.01599292775054,9.12636505460218,NA,NA,1.61237454588018,4.3013124517481,261900000,0.354467910311876,2.38038835155591,6.69206684522238,NA,3.9e+07,NA,NA,NA
"Romania","Government expenditure on health",1997,0.349132476855727,NA,322400000,NA,89200000,NA,NA,NA,NA,5.64949251285786,8.19551635428151,NA,NA,1.26188688944267,4.1041647256126,496500000,0.344827031513336,1.9433214659066,5.15073570527056,NA,88100000,NA,NA,NA
"Romania","Government expenditure on health",2006,0.0454833753740927,NA,7281900000,NA,155900000,NA,NA,NA,NA,9.25131213969934,0.520150406544753,NA,NA,2.12447332351896,32.0529621163614,11289700000,2.81871476059523,3.29373741475879,7.93812061704964,NA,9661500000,NA,NA,NA
"Romania","Government expenditure on health",2004,0.0407457160804174,NA,5908200000,NA,99700000,NA,NA,NA,NA,9.57483869563008,0.57468945441969,NA,NA,2.41458214389491,28.0114173896872,7915500000,2.83152075518118,3.23493195220205,9.70085659539044,NA,6928400000,NA,NA,NA
"Romania","Government expenditure on health",1999,0.0047164335055436,NA,1978300000,NA,2600000,NA,NA,NA,NA,9.6592753340938,0.118069115843967,NA,NA,3.58866169385267,24.7530169924309,2083100000,2.95430138735706,3.77877024438382,13.0606720802799,NA,1628600000,NA,NA,NA
"Poland","Government expenditure on health",2002,1.82833610702796,NA,9.359e+09,NA,1.485e+10,NA,NA,NA,NA,9.78501827371907,13.6834830684174,NA,NA,1.1522826683956,20.2786882221635,3.593e+10,4.06013736036776,4.4237115370717,4.32070837642192,NA,3.2977e+10,NA,NA,NA
"Poland","Government expenditure on health",2011,2.25547629799629,NA,1.7845e+10,NA,3.5042e+10,NA,NA,NA,NA,10.6025189369512,15.7910864764995,NA,NA,1.14859239021014,23.8385515496521,7.3163e+10,3.88133473322791,4.70913225244857,4.39619727088409,NA,6.0302e+10,NA,NA,NA
"Russian Federation","Government expenditure on health",2008,1.20493859764954,6.416e+11,1.862e+11,1.93023376354118,5.329e+11,1.862e+11,0,5.43378840746638,1.45071984284471,9.60112460235674,16.3526451454523,0,0.421016263618587,0.421016263618587,13.3646368305209,1.7143e+12,1.02970357922613,3.87619860752602,1.83484430429641,0,4.554e+11,9.58741097277232,5.398e+11,1.22054016703176
"Romania","Government expenditure on health",2012,1.20896159745373,NA,7813600000,NA,7510900000,NA,NA,NA,NA,10.1671849834444,13.1282357835272,NA,NA,1.2576844769421,25.7753330128114,22839300000,2.9339639997959,3.67623541955357,5.0081978666318,NA,18227800000,NA,NA,NA
"Romania","Government expenditure on health",2013,1.30829038308722,NA,7954100000,NA,8263200000,NA,NA,NA,NA,11.2576114020475,14.1361229674362,NA,NA,1.2593514057646,27.6523941550317,25572700000,3.17713867368247,4.04885728042097,4.94145990534682,NA,20066900000,NA,NA,NA
"Poland","Government expenditure on health",2008,2.28381042879941,NA,1.5219e+10,NA,2.936e+10,NA,NA,NA,NA,11.2332067178412,16.5122857930228,NA,NA,1.18383211566411,24.32091717806,6.3789e+10,3.97683270341859,4.9619204169852,4.48801691521455,NA,5.1125e+10,NA,NA,NA
"Poland","Government expenditure on health",1997,0.990765194289664,NA,6.428e+09,NA,5.116e+09,NA,NA,NA,NA,6.56145233212902,9.50664312923906,NA,NA,1.24484727695347,5.8130767297404,1.6127e+10,0.94060722217844,3.12315681945063,4.03001824417096,NA,4.857e+09,NA,NA,NA
"Poland","Government expenditure on health",2003,1.82186882379209,NA,9.112e+09,NA,1.5434e+10,NA,NA,NA,NA,9.48878854141059,14.1671715224615,NA,NA,1.07560377882555,18.4270233860771,3.6668e+10,3.68139322324763,4.32838447782872,3.85867885137396,NA,3.1187e+10,NA,NA,NA
"Portugal","Government expenditure on health",2009,0.435815009314979,NA,13316644000,NA,764491000,NA,NA,NA,NA,16.0066900800838,5.85257343247942,NA,NA,7.59144754994402,0.0373145426795829,14089164000,0.0045771090958428,8.03183966835484,20.3419860804364,NA,8029000,NA,NA,NA
"Portugal","Government expenditure on health",1997,0.272653714567154,NA,5622964000,NA,279009000,NA,NA,NA,NA,13.6255562642792,4.65437772643484,NA,NA,5.49488375456485,0.104560601741679,5910982000,0.0088037924028812,5.77634126153488,16.8688106923325,NA,9009000,NA,NA,NA
"Portugal","Government expenditure on health",2001,0.255751606885209,NA,8462914000,NA,347247000,NA,NA,NA,NA,14.7148345725919,3.99406400472414,NA,NA,6.23303831114836,0.0034399866175387,8810613000,0.0003329034557882,6.48912282148936,18.8460270843967,NA,452000,NA,NA,NA
"Poland","Government expenditure on health",1995,0.877810069340892,NA,2.925e+09,NA,2.966e+09,NA,NA,NA,NA,4.12467903686837,7.89207599382683,NA,NA,0.865675810122087,2.16931117813454,6.811e+09,0.34271883354577,2.01576681803129,2.67313702911663,NA,1.158e+09,NA,NA,NA
"Russian Federation","Government expenditure on health",2006,0.693121076705861,4.83e+11,1.475e+11,3.49468097708911,1.999e+11,1.475e+11,0,8.40760339785545,1.67472476262597,12.7162954279015,13.5608167695543,0,0.511432510325736,0.511432510325736,16.0296225513617,1.0847e+12,1.16329225230023,3.76102267084966,NA,0,3.355e+11,13.4891059858327,4.018e+11,1.39317683151783
"Portugal","Government expenditure on health",2011,0.394440652325263,NA,11554080000,NA,694595000,NA,NA,NA,NA,13.8978563655823,5.79958248717211,NA,NA,6.56123187212444,0.0008178943654893,12248855000,0.0001022168564682,6.95577474130617,17.6011169091178,NA,180000,NA,NA,NA
"Poland","Government expenditure on health",2004,1.89316910506633,NA,9.383e+09,NA,1.7665e+10,NA,NA,NA,NA,9.71150810874798,14.9316180075398,NA,NA,1.00558198204571,18.0282796543598,3.9379e+10,3.19743562126544,4.22027207406776,3.88884283819629,NA,2.9835e+10,NA,NA,NA
"Poland","Government expenditure on health",2012,2.05557168064486,NA,1.9277e+10,NA,3.3151e+10,NA,NA,NA,NA,10.7220053737804,15.1747214618561,NA,NA,1.19529592735637,23.467485469898,7.5101e+10,3.84811253056679,4.65673701511596,4.77141654909532,NA,6.206e+10,NA,NA,NA
"Romania","Government expenditure on health",1995,0.396613188895668,NA,123400000,NA,28900000,NA,NA,NA,NA,7.06134371957157,8.97515527950311,NA,NA,1.69349714566524,4.78163850812879,181300000,0.411709192625261,2.48809588743199,6.87120663734061,NA,3e+07,NA,NA,NA
"Poland","Government expenditure on health",2009,2.35148862137666,NA,1.5315e+10,NA,3.2263e+10,NA,NA,NA,NA,11.1154648890299,16.405221114292,NA,NA,1.11623371157002,24.0540756739461,6.8649e+10,4.16413846837283,5.00348208067713,4.27179970656655,NA,5.7133e+10,NA,NA,NA
"Romania","Government expenditure on health",2010,0.784437395747796,NA,10981500000,NA,4238600000,NA,NA,NA,NA,10.2674184982414,8.36945167908348,NA,NA,2.03234541155203,27.5969372623249,21923300000,3.28913678388811,4.05734354697251,6.93564186660755,NA,17772400000,NA,NA,NA
"Romania","Government expenditure on health",1998,0.0055616088909025,NA,390100000,NA,2100000,NA,NA,NA,NA,6.72539128579484,0.14633126611386,NA,NA,1.0331350611148,18.4604821108904,882600000,1.99370436812925,2.33746476529075,4.45558690164814,NA,752800000,NA,NA,NA
"Poland","Government expenditure on health",2000,1.82893327932107,NA,6.651e+09,NA,1.3641e+10,NA,NA,NA,NA,8.96386888502608,13.6554748032915,NA,NA,0.891740725809282,21.5923196140171,2.8878e+10,4.12820582584089,3.87185215455126,3.55822575554117,NA,3.079e+10,NA,NA,NA
"Portugal","Government expenditure on health",1995,0.181123818638056,NA,4675567000,NA,161252000,NA,NA,NA,NA,12.8488227888108,3.67368344792046,NA,NA,5.25175842369755,0.198879332771405,4850832000,0.0157398858344397,5.44862212817005,16.2031965047203,NA,14013000,NA,NA,NA
"Russian Federation","Government expenditure on health",2000,1.67372088299284,1.4427e+10,NA,1.3681884566508,1.3101e+11,1.4427e+10,0,0.862676719568177,0.184312427898159,5.67375028819922,13.2028733709301,0,0.184312427898159,NA,0,1.45437e+11,0,1.858033310891,NA,0,0,NA,NA,NA
"Portugal","Government expenditure on health",2004,0.451761726231606,NA,10460008000,NA,687800000,NA,NA,NA,NA,15.8587196913619,7.01763121174636,NA,NA,6.87035660144868,0.0481410348547913,11155431000,0.0050069491699091,7.3271252768502,19.6876954181084,NA,7623000,NA,NA,NA
"Romania","Government expenditure on health",2001,0.0267481263533785,NA,3724100000,NA,31400000,NA,NA,NA,NA,11.3312351739202,0.41308723507821,NA,NA,3.17237889658016,29.3199271268132,4824500000,3.24913068589351,4.10975591056926,12.1403865650866,NA,3814200000,NA,NA,NA
"Russian Federation","Government expenditure on health",2010,1.07199799748597,9.086e+11,3.5e+11,3.42663572904123,5.319e+11,3.5e+11,0,6.86710200133019,1.8312039490802,10.6402690266211,14.1855131213996,0,0.705394433389906,0.705394433389906,10.3490440195642,2.0788e+12,1.12580951569029,4.18963985180268,3.27099746731339,0,5.586e+11,10.498182595681,6.383e+11,1.28643790523651
"Romania","Government expenditure on health",2000,0.0040804668054025,NA,2691600000,NA,3300000,NA,NA,NA,NA,10.891808868231,0.0936356155832364,NA,NA,3.32817710709742,27.7088257427212,3386100000,3.23259526344359,4.18692989387077,11.9661235468024,NA,2614300000,NA,NA,NA
"Romania","Government expenditure on health",2002,0.0277136561996171,NA,4767400000,NA,42200000,NA,NA,NA,NA,11.7268682603122,0.430173292558614,NA,NA,3.13085508450367,30.1772584507635,6220400000,3.29372206880473,4.08507173042887,12.4293785310734,NA,5015400000,NA,NA,NA
"Romania","Government expenditure on health",2011,1.20256476760263,NA,7586800000,NA,7061500000,NA,NA,NA,NA,10.3971781204087,12.1568067099582,NA,NA,1.29202271172522,26.3698009998537,23232900000,3.09996554855874,3.95653430421798,4.85372855125786,NA,18203100000,NA,NA,NA
"Romania","Government expenditure on health",2007,0.0515397197639321,NA,10708200000,NA,219400000,NA,NA,NA,NA,9.72130752046721,0.540034952125434,NA,NA,2.51548599442178,32.9835887712928,15513700000,2.88519069343944,3.64435620101054,8.85171992781866,NA,1.2282e+10,NA,NA,NA
"Romania","Government expenditure on health",2005,0.0435401145986971,NA,6438700000,NA,124900000,NA,NA,NA,NA,9.8044346221606,0.611763092415901,NA,NA,2.24452951054148,32.9091238812498,9405100000,3.22629111778176,3.27861594725546,9.13434597504004,NA,9.255e+09,NA,NA,NA
"Poland","Government expenditure on health",2013,2.08296781966547,NA,2.0246e+10,NA,3.3955e+10,NA,NA,NA,NA,10.85275370592,15.4646687768998,NA,NA,1.24198988299064,23.1717743826548,7.6807e+10,3.94024756368526,4.71172167059479,5.07948136402866,NA,6.4231e+10,NA,NA,NA
"Poland","Government expenditure on health",1998,1.02327606109979,NA,8.259e+09,NA,6.161e+09,NA,NA,NA,NA,7.33716097268789,10.3965575430307,NA,NA,1.37173137293023,6.62475450665438,2.0089e+10,1.00284707951964,3.33656756880922,4.72004892071529,NA,6.038e+09,NA,NA,NA
"Poland","Government expenditure on health",2007,2.10154355999761,NA,1.2985e+10,NA,2.4956e+10,NA,NA,NA,NA,10.4535327660493,16.1534826820633,NA,NA,1.09346622561985,21.5586687163553,5.3255e+10,3.34212457161345,4.48460098924799,4.26349971434388,NA,3.9688e+10,NA,NA,NA
"Russian Federation","Government expenditure on health",2001,1.56764281704016,2.0203e+10,NA,1.52110979351366,1.5022e+11,2.0203e+10,0,0.917122587463252,0.210831366213968,5.06216654062464,10.7562529402119,0,0.210831366213968,NA,0,1.70423e+11,0,1.77847418325413,NA,0,0,NA,NA,NA
"Poland","Government expenditure on health",2001,1.93201964390032,NA,8.124e+09,NA,1.5091e+10,NA,NA,NA,NA,9.49418918186306,13.8309962423243,NA,NA,1.04007206858699,21.2449481807025,3.3274e+10,4.23313428702963,4.25989143404276,3.9639903388714,NA,3.3065e+10,NA,NA,NA
"Poland","Government expenditure on health",2005,1.87000822993418,NA,1.1619e+10,NA,1.8523e+10,NA,NA,NA,NA,9.95436697442428,14.3598497886684,NA,NA,1.17300791575907,19.8657472430451,4.3617e+10,3.35285014977834,4.40339842169407,4.59611069114919,NA,3.3211e+10,NA,NA,NA
"Portugal","Government expenditure on health",2005,0.415425912015374,NA,11050624000,NA,658669000,NA,NA,NA,NA,15.8248385020174,6.4003781910477,NA,NA,6.96968515831014,0.0918623821121597,11724833000,0.0098011575961809,7.39491222792169,19.6960046121339,NA,15540000,NA,NA,NA
"Poland","Government expenditure on health",1999,1.88770598223921,NA,5.355e+09,NA,1.2591e+10,NA,NA,NA,NA,8.73636652792361,12.981750695948,NA,NA,0.802848505670001,20.3236618992007,2.5544e+10,4.01799065396004,3.82968482331177,3.25551705270837,NA,2.68e+10,NA,NA,NA
"Poland","Government expenditure on health",1996,0.9150229008057,NA,5.49e+09,NA,3.873e+09,NA,NA,NA,NA,5.32062807686559,5.73140954495006,NA,NA,1.29705027767191,4.22975884766374,1.1748e+10,0.677112221458594,2.77554584008917,3.37684065494716,NA,2.866e+09,NA,NA,NA
"Poland","Government expenditure on health",2006,2.05305361335005,NA,1.3168e+10,NA,2.1956e+10,NA,NA,NA,NA,10.4016391201089,15.3173202363594,NA,NA,1.23130852525931,19.8245208698445,4.9447e+10,3.28959856611654,4.62367198120422,4.75566197528992,NA,3.518e+10,NA,NA,NA
"Portugal","Government expenditure on health",2003,0.413484012218983,NA,9674975000,NA,603967000,NA,NA,NA,NA,15.5461260151134,6.46113154930033,NA,NA,6.62361930555537,0.0971310217077486,10293257000,0.0098002434485903,7.04690356122294,19.4383232264172,NA,14315000,NA,NA,NA
"Romania","Government expenditure on health",2003,0.0400692797325519,NA,5257600000,NA,76900000,NA,NA,NA,NA,10.2816663804358,0.578883184535012,NA,NA,2.73950903929603,30.9768545508474,6765100000,3.15625039079272,3.52500239686199,10.7375971113707,NA,6057400000,NA,NA,NA
"Romania","Government expenditure on health",2009,0.197986642918064,NA,12794100000,NA,1051100000,NA,NA,NA,NA,10.0948000441194,2.08375873519354,NA,NA,2.4099142880392,28.1311729962229,21416300000,3.23505013426399,4.03400374914484,8.29258048646746,NA,17174700000,NA,NA,NA
"Romania","Government expenditure on health",2008,0.0488112470004701,NA,13886800000,NA,263500000,NA,NA,NA,NA,9.67268042249482,0.51799313536232,NA,NA,2.57241755159821,30.9337822063837,1.97e+10,2.96507485811395,3.64926590477898,9.22395326516176,NA,16006500000,NA,NA,NA
"Poland","Government expenditure on health",2010,2.29020677604211,NA,1.6943e+10,NA,3.285e+10,NA,NA,NA,NA,10.8394465399703,15.0990053501498,NA,NA,1.18121684646823,23.6242048211678,7.19e+10,4.0933001656548,5.01265957983037,4.25627589048185,NA,5.8713e+10,NA,NA,NA
"Russian Federation","Government expenditure on health",2014,0.0449946198087841,3209807022939.76,529640826948.29,3.25571133056515,35559266032.73,529640826948.29,0,12.2512606984403,4.06150246531542,7.7960426355638,0.604962900522651,0,0.670176589747759,0.670176589747759,28.2409578121331,2484616044945.16,3.39132587556766,3.1438881277868,3.16970673406607,0,2680166195991.47,11.6381166700649,1301948640169.39,1.64740982058138
"Portugal","Government expenditure on health",2000,0.261356778245447,NA,7708382000,NA,335620000,NA,NA,NA,NA,14.724450155179,4.35045464467614,NA,NA,6.00273489364519,0.104407207037272,8056467000,0.0097068477469444,6.27379851963758,18.6195576876109,NA,12465000,NA,NA,NA
"Poland","Government expenditure on health",2014,2.06594057707017,NA,20820800000,NA,35132400000,NA,NA,NA,NA,10.9334604446643,15.1367527045888,NA,NA,1.22435516978807,22.8849571061843,79777500000,3.85253073369164,4.69127000680896,5.30794469109803,NA,65514300000,NA,NA,NA
"Russian Federation","Government expenditure on health",2007,NA,NA,NA,2.65130278261383,NA,1.797e+11,0,NA,NA,NA,NA,0,0.504447106882152,NA,NA,NA,NA,NA,NA,0,NA,NA,NA,NA
"Portugal","Government expenditure on health",2014,0.381988365461126,NA,10226746000,NA,661045000,NA,NA,NA,NA,12.1733144871458,6.40219926239288,NA,NA,5.9095795120243,8.72027900009444e-06,10887793000,1.15571062623914e-06,6.29156903319605,14.9435328797743,NA,2000,NA,NA,NA
"Qatar","Government expenditure on health",2008,NA,NA,NA,6.07764665352902,NA,6034800536,NA,NA,NA,NA,NA,NA,1.43828528229218,NA,NA,NA,NA,NA,NA,NA,NA,NA,NA,NA
"Qatar","Government expenditure on health",2005,NA,NA,NA,6.92825840054093,NA,3517344774,NA,NA,NA,NA,NA,NA,2.16998153753139,NA,NA,NA,NA,NA,NA,NA,NA,NA,NA,NA
"Qatar","Government expenditure on health",2010,NA,NA,NA,4.96430852146331,NA,7074090000,NA,NA,NA,NA,NA,NA,1.55322530036919,NA,NA,NA,NA,NA,NA,NA,NA,NA,NA,NA
"Qatar","Government expenditure on health",2006,NA,NA,NA,5.73912089634006,NA,3853663874,NA,NA,NA,NA,NA,NA,1.73893167487173,NA,NA,NA,NA,NA,NA,NA,NA,NA,NA,NA
"Romania","Government expenditure on health",2014,1.33156140656181,NA,8126700000,NA,8906500000,NA,NA,NA,NA,11.2744432459602,14.5842271252051,NA,NA,1.21497783446987,27.4771891995241,26737500000,3.09391989312226,3.99737529983118,4.77867176598638,NA,20694500000,NA,NA,NA
"Qatar","Government expenditure on health",2009,NA,NA,NA,5.94664442448253,NA,6813348295,NA,NA,NA,NA,NA,NA,1.91393714780918,NA,NA,NA,NA,NA,NA,NA,NA,NA,NA,NA
"Qatar","Government expenditure on health",2007,NA,NA,NA,4.77721519128155,NA,4120330509,NA,NA,NA,NA,NA,NA,1.42005931684083,NA,NA,NA,NA,NA,NA,NA,NA,NA,NA,NA
"Qatar","Government expenditure on health",2004,NA,NA,NA,8.2762498580415,NA,2987900000,NA,NA,NA,NA,NA,NA,2.58665766327308,NA,NA,NA,NA,NA,NA,NA,NA,NA,NA,NA
"Romania","Government expenditure on health",1994,0.523629572760734,127260000,NA,8.83497678106135,26327000,94499000,32761000,7.99717968392099,2.53113151629624,NA,14.7642387671325,25.9836774188431,1.87953321670971,NA,0,NA,0,NA,NA,0.651598299586524,0,NA,NA,NA
"Poland","Government expenditure on health",1994,0.514180235426708,8.957e+09,NA,18.836559093175,1.214e+09,8.691e+09,2.66e+08,9.62714560560625,3.79366751953626,NA,6.74332055768483,5.44078543669462,3.6810052933225,NA,0,NA,0,NA,NA,0.11266222621376,0,NA,NA,NA
"Romania","Government expenditure on health",1992,0,18965000,NA,9.43288036106247,0,15299000,0,7.8822791070768,3.11394912056607,NA,0,0,2.51201200081942,NA,7.3641075087381,NA,0.0006019371197466,NA,NA,0,3666,NA,NA,NA
"Romania","Government expenditure on health",1993,0.50126327451094,45883000,NA,8.34751562035109,10145000,35070000,10813000,7.26944624003448,2.26707371359147,NA,14.4090786427486,20.0843270552398,1.73280463648089,NA,0,NA,0,NA,NA,0.534269077110576,0,NA,NA,NA
"Romania","Government expenditure on health",1990,0,2520000,NA,9.11357546888955,0,2449000,71000,8.69355228205747,2.90791848820147,NA,0,4.47667087011349,2.8259890387323,NA,0,NA,0,NA,NA,0.0819294494691683,0,NA,NA,NA
"Romania","Government expenditure on health",1991,0,7175000,NA,11.6360979448077,0,6211000,964000,9.1989538193287,3.22291147108376,NA,0,11.8108306787552,2.78989590897578,NA,0,NA,0,NA,NA,0.433015562107978,0,NA,NA,NA
"Portugal","Government expenditure on health",2015,0.349767852333607,NA,10438269000,NA,628579000,NA,NA,NA,NA,12.7741080432882,5.94072759048855,NA,NA,5.80829287998878,5.22648948635019e-05,11066860000,6.67730584063942e-06,6.15806740962823,15.8835498292524,NA,12000,NA,NA,NA
"Russian Federation","Government expenditure on health",2015,0.0252529781339063,3534910891283.09,332560945531.48,3.36791046534101,20982032852.84,511014071025.37,0,12.8621508305359,4.25445084701583,6.8907816366519,0.323689875002238,0,0.615032263662451,0.400254558011568,27.7410392904308,2265475980354.48,3.85419628900426,2.72661928403367,2.08641876882369,0,3202349945751.61,12.0769781040372,1379325372311.72,1.6600905027091
"Poland","Government expenditure on health",2015,2.03764187193274,NA,21628970000,NA,36646390000,NA,NA,NA,NA,11.2014870861151,15.7384801443702,NA,NA,1.20263128015548,23.3608715345589,84080860000,3.88289360971483,4.67513119202505,5.23635281673757,NA,69832700000,NA,NA,NA
"Romania","Government expenditure on health",2016,1.3806373587918,NA,9.724e+09,NA,1.0384e+10,NA,NA,NA,NA,11.7307170795108,14.9299654643904,NA,NA,1.29288498429232,30.6127340633976,30885500000,3.20942343498958,4.10647873121767,5.08740777634659,NA,24138600000,NA,NA,NA
"Portugal","Government expenditure on health",2016,0.357506952122851,NA,10684454000,NA,666714000,NA,NA,NA,NA,13.6272324105015,6.29885477944268,NA,NA,5.72924310069505,0.157644894875923,11387787000,0.0196359264689007,6.1063859792868,17.0320907683232,NA,36619000,NA,NA,NA
"Russian Federation","Government expenditure on health",2016,0.691210076835563,3.759996e+12,5.71513e+11,3.25209333024916,5.91787e+11,4.97839e+11,2.66604e+11,13.4689828517815,4.39169350469241,9.58296522055775,8.6765837202425,13.6626113337501,0.581478358669149,0.667529946826346,27.2198836227455,3.102988e+12,3.72416355786607,3.62430498456341,3.52738770633051,0.311394760825548,3.188483e+12,20.554639444168,2.485378e+12,2.90293351889348
"Portugal","Government expenditure on health",2017,0.351836286426285,NA,11520152000,NA,689413000,NA,NA,NA,NA,13.7759229132898,6.0426324485172,NA,NA,5.87921535965574,0.131558859044981,12240647000,0.0158624445067061,6.24691409058874,17.2114946705504,NA,31082000,NA,NA,NA
"Poland","Government expenditure on health",2017,2.02850185142783,NA,22991024000,NA,40221013000,NA,NA,NA,NA,11.3459751203356,15.0953708415102,NA,NA,1.15952660740349,24.5536975282279,93179357000,3.98424193335263,4.69939676032911,4.60839867002607,NA,78999310000,NA,NA,NA
"Russian Federation","Government expenditure on health",2017,0.642767560007793,3.984098e+12,5.98953e+11,2.63402271544219,5.90338e+11,4.27936e+11,2.80175e+11,13.4461277302789,4.33793682651622,8.25015847556225,8.64720167128632,13.6975418491865,0.465942186610882,0.652147682123373,27.3398209524382,2.77581e+12,3.68578914439284,3.02233740796837,3.47252567334165,0.305058121152939,3.385145e+12,16.6048749782518,2.173892e+12,2.36696139594683
"Poland","Government expenditure on health",2018,2.12930644698241,NA,26800580000,NA,45279840000,NA,NA,NA,NA,11.5661659186157,14.9569869492561,NA,NA,1.26031027885407,24.6363383049555,101941030000,3.94985390357377,4.79382640024848,5.59751793046696,NA,83993900000,NA,NA,NA
"Portugal","Government expenditure on health",2018,0.364431081925411,NA,12472595000,NA,747755000,NA,NA,NA,NA,14.9433061571703,6.3143005136019,NA,NA,6.07873072098144,0.1297412192931,13252317000,0.0155796596424091,6.45874146254926,19.1950208964432,NA,31967000,NA,NA,NA
"Romania","Government expenditure on health",2015,1.32930812935517,NA,10361700000,NA,9471900000,NA,NA,NA,NA,11.6642256532779,13.4920815800944,NA,NA,1.45418469831179,27.3927585366844,29936900000,3.02984968218085,4.2014130784418,5.47456593709086,NA,2.1589e+10,NA,NA,NA
"Poland","Government expenditure on health",2016,2.02199832301328,NA,21839176000,NA,37471772000,NA,NA,NA,NA,11.2528824736739,15.5822685745414,NA,NA,1.17845447095461,23.7146337986184,86197867000,3.9493744053882,4.65128637421582,5.02671719281943,NA,7.319e+10,NA,NA,NA
"Romania","Government expenditure on health",2018,1.75586788961592,NA,14943500000,NA,16839802000,NA,NA,NA,NA,13.3879953467533,21.7314681113669,NA,NA,1.55814253685854,34.4739651757683,44295602000,3.62261492676256,4.61865437628107,6.62512230773357,NA,3.4743e+10,NA,NA,NA
"Russian Federation","Government expenditure on health",2018,0.71888612669945,4.676396e+12,6.50342e+11,3.31086217128471,7.46647e+11,5.5299e+11,2.54104e+11,15.0299192518794,4.50252422811958,9.24889508326783,10.0312930847549,10.3054685852408,0.532429433458553,0.626161815971903,30.5969238420405,3.296789e+12,3.87636241214767,3.17421201016726,3.62195512685743,0.244656230238435,4.026054e+12,17.8900159674507,2.463211e+12,2.37162704066778
"Portugal","Government expenditure on health",2019,0.372153523713386,NA,13083344000,NA,797803000,NA,NA,NA,NA,15.2931311462389,6.47847122296316,NA,NA,6.10302615000744,0.130855597357079,13914955000,0.0157705176963513,6.49095019141718,19.6701275689172,NA,33808000,NA,NA,NA
"Romania","Government expenditure on health",2019,1.91318888063542,NA,18428600000,NA,20352400000,NA,NA,NA,NA,13.8457951692983,22.7811177437824,NA,NA,1.73234569906634,34.5932217655271,52974400000,3.747725359764,4.97975831048588,7.07355559726571,NA,39868100000,NA,NA,NA
"Portugal","Government expenditure on health",2020,0.459107844696934,NA,13987796000,NA,920598000,NA,NA,NA,NA,15.1538295518267,6.92057447057227,NA,NA,6.97579928874535,0.187890839058838,14963113000,0.0272886994692271,7.46219583291151,19.1593581625508,NA,54719000,NA,NA,NA
"Russian Federation","Government expenditure on health",2020,0.0315470830531138,6.099865e+12,1.26993e+12,5.50138891734799,3.3963e+10,1.26993e+12,2.53433e+11,15.3351266945816,5.66595847739545,5.32737591155353,0.335614175027293,8.57038893474874,1.17959506467747,1.17959506467747,30.865020782727,2.370039e+12,4.48636341271799,2.20144914089211,5.26319410436718,0.235405349921967,4.829935e+12,15.4619674610259,2.991258e+12,2.7784784783232
"Poland","Government expenditure on health",2019,2.19092111232385,NA,30050980000,NA,50139050000,NA,NA,NA,NA,11.6755988401107,15.2692528248196,NA,NA,1.31313470295152,24.9081346723564,111890290000,4.07069057446481,4.88925894337922,5.70243555319411,NA,93157420000,NA,NA,NA
"Poland","Government expenditure on health",2020,2.42772894190955,NA,34361880000,NA,56752330000,NA,NA,NA,NA,11.1166062487221,16.3647591091016,NA,NA,1.46991904252077,24.9302542143247,125380400000,4.47097872943317,5.36347363761445,4.88311297052103,NA,104516800000,NA,NA,NA
"Romania","Government expenditure on health",2017,1.53104725031607,NA,11600700000,NA,13038700000,NA,NA,NA,NA,12.9423894517028,17.1650603535776,NA,NA,1.36219253734971,32.0280898876404,37093600000,3.34715131648552,4.35565311605638,5.72083892026667,NA,2.8505e+10,NA,NA,NA
"Romania","Government expenditure on health",2021,2.0673614943005,NA,24692400000,NA,24547900000,NA,NA,NA,NA,13.7501989313577,23.1601223110024,NA,NA,2.07953091555146,32.3735906231306,64973100000,3.96062025813658,5.47186867737508,7.3604007198124,NA,47028500000,NA,NA,NA
"Russian Federation","Government expenditure on health",2019,0.748531776414827,5.358887e+12,9.22986e+11,3.82287925818091,8.20453e+11,7.08207e+11,3.9945e+11,15.8986569341931,4.88912491723027,8.86068997495996,8.85200647263856,14.7567273424481,0.646125303679084,0.842076694443211,32.0334787653952,3.670457e+12,4.04704822278706,3.34870333640591,4.64773464064057,0.36443406031656,4.435901e+12,16.4758172806398,2.825847e+12,2.57813217184471
"Portugal","Government expenditure on health",2022,0.454347161374741,NA,16123236000,NA,1101069000,NA,NA,NA,NA,16.1568232721418,7.03047959296521,NA,NA,6.65312211021747,0.134847379420463,17265335000,0.0169306955615003,7.12439996715371,20.778452563924,NA,41030000,NA,NA,NA
"Poland","Government expenditure on health",2021,2.55371665609966,NA,71439400000,NA,6.7196e+10,NA,NA,NA,NA,13.057569565503,18.0224059734958,NA,NA,2.7149828216228,27.8197646612645,151492380000,5.03692449453067,5.75731612117058,10.4307206927832,NA,132536700000,NA,NA,NA
"Romania","Government expenditure on health",2020,2.10901867816294,NA,22094699000,NA,22498600000,NA,NA,NA,NA,13.1804539950332,22.3984787997651,NA,NA,2.07115699996391,30.6137857751212,58396199000,3.91865055651092,5.47405947146578,7.06233287122768,NA,41803400000,NA,NA,NA
"Portugal","Government expenditure on health",2021,0.483793582416931,NA,15336776000,NA,1045252000,NA,NA,NA,NA,16.0319272979654,7.00237869394448,NA,NA,7.09860761210312,0.134847379420463,16437827000,0.0189906842431937,7.60822769196305,20.6581046011202,NA,41030000,NA,NA,NA
"Poland","Government expenditure on health",2022,2.31411854513779,NA,67310180000,NA,71154480000,NA,NA,NA,NA,12.0450221928856,16.8295502145366,NA,NA,2.18909246212695,27.8197646612645,162193440000,4.31041918065262,5.27492924414167,8.63225453866404,NA,132536700000,NA,NA,NA
"San Marino","Government expenditure on health",2002,NA,77423886.3,76662749.1,26.531305833628,NA,76662749.1,0,18.1378300182919,6.37443023469686,18.1378300182919,NA,0,6.31176461285462,6.31176461285462,32.9622926927675,77423886.3,5.23336783095635,6.37443023469686,21.548631997009,0,63564532.2,NA,0,0
"San Marino","Government expenditure on health",2003,NA,62460384.07,61344017.8,22.6712047000998,NA,61344017.8,0,14.9448006782514,4.83059481585274,14.9448006782514,NA,0,4.74425668014081,4.74425668014081,29.5143361862636,62460384.07,4.43204281549851,4.83059481585274,17.0775618377941,0,57307041.27,NA,0,0
"San Marino","Government expenditure on health",2004,NA,69636929.27,65870066.15,20.9903761165046,NA,65870066.15,0,14.7212786701712,5.05014833810955,14.7212786701712,NA,0,4.77697119309794,4.77697119309794,29.1034961063179,69636929.27,4.34671311720844,5.05014833810955,16.153179930586,0,59937200.58,NA,0,0
"San Marino","Government expenditure on health",2006,NA,NA,NA,NA,NA,NA,NA,NA,NA,NA,NA,NA,NA,NA,NA,NA,NA,NA,NA,NA,NA,NA,0,0
"San Marino","Government expenditure on health",2005,NA,NA,NA,NA,NA,NA,NA,NA,NA,NA,NA,NA,NA,NA,NA,NA,NA,NA,NA,NA,NA,NA,0,0
"San Marino","Government expenditure on health",2007,NA,NA,NA,NA,NA,NA,NA,NA,NA,NA,NA,NA,NA,NA,NA,NA,NA,NA,NA,NA,NA,NA,0,0
"Samoa","Government expenditure on health",2010,NA,NA,NA,11.7870664134542,NA,59803200,NA,NA,NA,NA,NA,NA,3.55342952361514,NA,NA,NA,NA,NA,NA,NA,NA,NA,NA,NA
"Samoa","Government expenditure on health",2011,NA,NA,NA,11.828548654239,NA,70715640.77,NA,NA,NA,NA,NA,NA,4.01685510565015,NA,NA,NA,NA,NA,NA,NA,NA,NA,NA,NA
"Samoa","Government expenditure on health",2013,NA,NA,NA,20.1351424766793,NA,112811890.650889,NA,NA,NA,NA,NA,NA,6.4118705791437,NA,0,NA,0,NA,NA,NA,0,NA,NA,NA
"Samoa","Government expenditure on health",2012,NA,NA,NA,18.7933968938133,NA,112369117.28965,NA,NA,NA,NA,NA,NA,6.42100223528008,NA,0,NA,0,NA,NA,NA,0,NA,NA,NA
"Samoa","Government expenditure on health",2014,NA,NA,NA,20.641924302496,NA,135020925.393603,NA,NA,NA,NA,NA,NA,7.68027403212491,NA,NA,NA,NA,NA,NA,NA,NA,NA,NA,NA
"Samoa","Government expenditure on health",2015,NA,NA,NA,16.9576089913618,NA,103443878.795949,NA,NA,NA,NA,NA,NA,5.41325777960612,NA,NA,NA,NA,NA,NA,NA,NA,NA,NA,NA
"Samoa","Government expenditure on health",2016,NA,NA,NA,14.3869565080039,NA,86785922.6031816,NA,NA,NA,NA,NA,NA,4.15361194847421,NA,NA,NA,NA,NA,NA,NA,NA,NA,NA,NA
"Samoa","Government expenditure on health",2017,NA,NA,NA,12.5051814200139,NA,82719378.18,NA,NA,NA,NA,NA,NA,3.92093680381313,NA,NA,NA,NA,NA,NA,NA,NA,NA,NA,NA
"San Marino","Government expenditure on health",2019,NA,91110212,70390902,22.4520371114308,NA,70390902,0,14.2813776180115,6.31070176638263,14.2813776180115,NA,0,4.87558946288772,4.87558946288772,25.5577312351813,91110212,6.28120188437483,6.31070176638263,17.4722304187668,0,90684310,NA,NA,NA
"Samoa","Government expenditure on health",2019,NA,NA,NA,17.2593568227732,NA,111652276.5,NA,NA,NA,NA,NA,NA,5.00558360881039,NA,NA,NA,NA,NA,NA,NA,NA,NA,NA,NA
"Samoa","Government expenditure on health",2020,NA,NA,NA,16.783364080271,NA,114759282.43,NA,NA,NA,NA,NA,NA,5.2704813973326,NA,0,NA,0,NA,NA,NA,0,NA,NA,NA
"San Marino","Government expenditure on health",2021,NA,90106509,86010123,22.577340629009,NA,86010123,0,13.1373623937916,5.74392840704592,13.1373623937916,NA,0,5.48280023580998,5.48280023580998,24.481405317182,90106509,5.72445585646216,5.74392840704592,17.8608363741549,0,89801038,NA,NA,NA
"Samoa","Government expenditure on health",2021,NA,NA,NA,16.9526583487708,NA,127731670.608227,NA,NA,NA,NA,NA,NA,6.30240191430855,NA,0,NA,0,NA,NA,NA,0,NA,NA,NA
"San Marino","Government expenditure on health",2022,NA,93906452,87738067,23.8831358317266,NA,87738067,0,12.0526872113045,5.54572581430347,12.0526872113045,NA,0,5.18144656406556,5.18144656406556,24.0046023303008,93906452,5.51394980756301,5.54572581430347,15.7035911050602,0,93368385,NA,NA,NA
"Sao Tome and Principe","Government expenditure on health",2022,NA,NA,NA,11.3215543969637,NA,437578503.029425,NA,NA,NA,NA,NA,NA,3.43622093081804,NA,NA,NA,NA,NA,NA,NA,NA,NA,NA,NA
"San Marino","Government expenditure on health",2020,NA,94542441,85958528,25.0613605675958,NA,85958528,0,14.9098163756382,6.99068065553548,14.9098163756382,NA,0,6.35596682835706,6.35596682835706,25.47948378081,94542441,6.96417028910578,6.99068065553548,20.4565177619982,0,94183913,NA,NA,NA
"Samoa","Government expenditure on health",2018,NA,NA,NA,12.4925175909116,NA,80440323.36,NA,NA,NA,NA,NA,NA,3.81640583285909,NA,NA,NA,NA,NA,NA,NA,NA,NA,NA,NA
"Seychelles","Government expenditure on health",1995,NA,102200000,102200000,9.09414486563445,NA,102200000,NA,8.00626713670192,4.22296599314078,8.00626713670192,NA,NA,4.22296599314078,4.22296599314078,0,102200000,0,4.22296599314078,9.09414486563445,NA,0,NA,NA,NA
"Seychelles","Government expenditure on health",1996,NA,111300000,111300000,8.56351465722859,NA,111300000,NA,7.4438202247191,4.45164386849052,7.4438202247191,NA,NA,4.45164386849052,4.45164386849052,0,111300000,0,4.45164386849052,8.56351465722859,NA,0,NA,NA,NA
"Seychelles","Government expenditure on health",1997,NA,136400000,136400000,9.4049506998552,NA,136400000,NA,8.11470045808793,4.82046932428612,8.11470045808793,NA,NA,4.82046932428612,4.82046932428612,0,136400000,0,4.82046932428612,9.4049506998552,NA,0,NA,NA,NA
"Seychelles","Government expenditure on health",1998,NA,141300000,141300000,8.73300370828183,NA,141300000,NA,7.5171569931372,4.41383188079843,7.5171569931372,NA,NA,4.41383188079843,4.41383188079843,0,141300000,0,4.41383188079843,8.73300370828183,NA,0,NA,NA,NA
"Seychelles","Government expenditure on health",1999,NA,141100000,141100000,8.50204868643046,NA,141100000,NA,7.40682414698163,4.23940149625935,7.40682414698163,NA,NA,4.23940149625935,4.23940149625935,0,141100000,0,4.23940149625935,8.50204868643046,NA,0,NA,NA,NA
"Seychelles","Government expenditure on health",2007,NA,200190000,200190000,7.92477030081587,NA,200190000,NA,7.92477030081587,2.89022312441589,7.92477030081587,NA,NA,2.89022312441589,2.89022312441589,NA,200190000,NA,2.89022312441589,7.92477030081587,NA,NA,NA,NA,NA
"Seychelles","Government expenditure on health",2006,NA,180400000,180400000,8.17114101559492,NA,180400000,NA,8.17114101559492,3.21550072139176,8.17114101559492,NA,NA,3.21550072139176,3.21550072139176,NA,180400000,NA,3.21550072139176,8.17114101559492,NA,NA,NA,NA,NA
"Singapore","Government expenditure on health",2009,NA,3.687e+09,3.687e+09,7.1636370736279,NA,3.669e+09,1.24e+08,7.71763898940333,1.30562032900782,7.71763898940333,NA,2.51181057383123,1.29924626719005,1.30562032900782,NA,3.687e+09,NA,1.30562032900782,7.71763898940333,0.0439102036335694,NA,NA,NA,NA
"Singapore","Government expenditure on health",1995,NA,1.466e+09,1.466e+09,8.57911985018726,NA,1.466e+09,0,7.62231581136588,1.1778572478795,7.62231581136588,NA,0,1.1778572478795,1.1778572478795,NA,1.466e+09,NA,1.1778572478795,7.62231581136588,0,NA,NA,NA,NA
"Singapore","Government expenditure on health",1998,NA,1.968e+09,1.968e+09,8.01237684227669,NA,1.968e+09,0,7.16157205240175,1.37166849393169,7.16157205240175,NA,0,1.37166849393169,1.37166849393169,NA,1.968e+09,NA,1.37166849393169,7.16157205240175,0,NA,NA,NA,NA
"Singapore","Government expenditure on health",2007,NA,2.23e+09,2.23e+09,5.89516171862552,NA,2.22e+09,1.09e+08,6.04123208625687,0.817755638480133,6.04123208625687,NA,2.25532795365198,0.814088572836725,0.817755638480133,NA,2.23e+09,NA,0.817755638480133,6.04123208625687,0.0399710155131545,NA,NA,NA,NA
"Singapore","Government expenditure on health",2002,NA,1.662e+09,1.662e+09,6.38616714697406,NA,1.662e+09,0,5.58824518341683,1.00302900274656,5.58824518341683,NA,0,1.00302900274656,1.00302900274656,NA,1.662e+09,NA,1.00302900274656,5.58824518341683,0,NA,NA,NA,NA
"Singapore","Government expenditure on health",2011,NA,4005600000,4005600000,7.38442490932107,NA,3984200000,165100000,7.88769447983475,1.14000169053576,7.88769447983475,NA,2.83876957994463,1.13391120816671,1.14000169053576,NA,4005600000,NA,1.14000169053576,7.88769447983475,0.0469877868752382,NA,NA,NA,NA
"Serbia","Government expenditure on health",2007,0.0150901794752557,154287100000,14234600000,2.37429676057426,380800000,14234600000,0,16.4911824653397,6.11402318728129,14.4581827963386,0.199943818307356,0,0.564082638546413,0.564082638546413,32.7316350655646,154582900000,5.7018013307335,6.12574502312368,2.28260813789104,0,143884700000,NA,NA,NA
"Singapore","Government expenditure on health",1996,NA,1.521e+09,1.521e+09,6.1185083873044,NA,1.521e+09,0,5.54401312192455,1.12021753284057,5.54401312192455,NA,0,1.12021753284057,1.12021753284057,NA,1.521e+09,NA,1.12021753284057,5.54401312192455,0,NA,NA,NA,NA
"Singapore","Government expenditure on health",1997,NA,1.596e+09,1.596e+09,7.60869565217391,NA,1.596e+09,0,6.71801995201414,1.07355896906051,6.71801995201414,NA,0,1.07355896906051,1.07355896906051,NA,1.596e+09,NA,1.07355896906051,6.71801995201414,0,NA,NA,NA,NA
"Singapore","Government expenditure on health",2014,NA,7074900000,7074900000,11.3068588825215,NA,7071400000,1.76e+08,12.1051857124281,1.77338945762091,12.1051857124281,NA,2.41861232118072,1.77251215008276,1.77338945762091,NA,7074900000,NA,1.77338945762091,12.1051857124281,0.0441160362042262,NA,NA,NA,NA
"Serbia","Government expenditure on health",2011,0.0613362258477821,198641685000,7704690000,0.868190793262293,2215628000,7704690000,0,14.8659346024316,5.4990870552024,13.1873345002814,0.876660551104132,0,0.213292396524664,0.213292396524664,28.8545314344241,200663813000,5.30175984242138,5.55506653357202,0.832677296638811,0,191513700000,NA,NA,NA
"Serbia","Government expenditure on health",2012,0.0668441285367343,2.12763e+11,8175200000,0.822264465968639,2546800000,8175200000,0,14.4535172038993,5.58424584571274,12.80374721756,0.904769686591873,0,0.214568917705949,0.214568917705949,27.9474351766601,2.15126e+11,5.40151896379317,5.64626590057857,0.799616584669255,0,2.05801e+11,NA,NA,NA
"Singapore","Government expenditure on health",2013,NA,5824300000,5824300000,10.1960454295222,NA,5815600000,164100000,11.0111429143996,1.51331500508093,11.0111429143996,NA,2.42974325564867,1.51105450329631,1.51331500508093,NA,5824300000,NA,1.51331500508093,11.0111429143996,0.0426377405583128,NA,NA,NA,NA
"Singapore","Government expenditure on health",2006,NA,1.956e+09,1.956e+09,5.63607549344475,NA,1.956e+09,0,5.73707983809468,0.828256241139437,5.73707983809468,NA,0,0.828256241139437,0.828256241139437,NA,1.956e+09,NA,0.828256241139437,5.73707983809468,0,NA,NA,NA,NA
"Singapore","Government expenditure on health",2003,NA,2.366e+09,2.366e+09,9.0672185176669,NA,2.366e+09,0,7.89324437030859,1.39080014507586,7.89324437030859,NA,0,1.39080014507586,1.39080014507586,NA,2.366e+09,NA,1.39080014507586,7.89324437030859,0,NA,NA,NA,NA
"Singapore","Government expenditure on health",2004,NA,1.79e+09,1.79e+09,6.5869365225391,NA,1.79e+09,0,5.75377692060431,0.920625613964708,5.75377692060431,NA,0,0.920625613964708,0.920625613964708,NA,1.79e+09,NA,0.920625613964708,5.75377692060431,0,NA,NA,NA,NA
"Seychelles","Government expenditure on health",2012,NA,NA,527736488.16,11.2274294651481,NA,527736488.16,NA,NA,NA,NA,NA,NA,3.6347058421309,3.6347058421309,NA,NA,NA,NA,11.2274294651481,NA,NA,NA,NA,NA
"Seychelles","Government expenditure on health",2013,NA,NA,578233911.5,11.3607962065706,NA,578233911.5,NA,NA,NA,NA,NA,NA,3.6106838923976,3.6106838923976,NA,NA,NA,NA,11.3607962065706,NA,NA,NA,NA,NA
"Singapore","Government expenditure on health",2005,NA,1.79e+09,1.79e+09,5.81244317443824,NA,1.79e+09,0,5.81830001625223,0.841469892771351,5.81830001625223,NA,0,0.841469892771351,0.841469892771351,NA,1.79e+09,NA,0.841469892771351,5.81830001625223,0,NA,NA,NA,NA
"Singapore","Government expenditure on health",1999,NA,1.752e+09,1.752e+09,7.55074774813602,NA,1.752e+09,0,6.67326883522511,1.1979282405429,6.67326883522511,NA,0,1.1979282405429,1.1979282405429,NA,1.752e+09,NA,1.1979282405429,6.67326883522511,0,NA,NA,NA,NA
"Serbia","Government expenditure on health",2010,0.046363719621472,186125400000,7416300000,0.906191582118885,1507090400,7416300000,0,14.9841311448592,5.72591123932203,13.2694763550753,0.650818129877413,0,0.228153038350402,0.228153038350402,28.6798878915812,187495590400,5.52100635046415,5.76806340453629,0.863384378753361,0,179464800000,NA,NA,NA
"Seychelles","Government expenditure on health",2011,NA,NA,411730044.25,10.0503336279818,NA,411730044.25,NA,NA,NA,NA,NA,NA,3.26532117552057,3.26532117552057,NA,NA,NA,NA,10.0503336279818,NA,NA,NA,NA,NA
"Seychelles","Government expenditure on health",2000,NA,132800000,NA,NA,NA,NA,NA,6.91774756472365,3.77992201064526,6.91774756472366,NA,NA,NA,NA,NA,132800000,NA,3.77992201064526,NA,NA,NA,NA,NA,NA
"Singapore","Government expenditure on health",2000,NA,1.543e+09,1.543e+09,5.79857196542653,NA,1.543e+09,0,5.12267189004349,0.931581019172577,5.12267189004349,NA,0,0.931581019172577,0.931581019172577,NA,1.543e+09,NA,0.931581019172577,5.12267189004349,0,NA,NA,NA,NA
"Singapore","Government expenditure on health",2012,NA,4729400000,4729400000,9.40548155635767,NA,4726800000,158900000,9.88487777146106,1.28247785546837,9.88487777146106,NA,2.95073443390095,1.28177280991836,1.28247785546837,NA,4729400000,NA,1.28247785546837,9.88487777146106,0.0430891299602327,NA,NA,NA,NA
"Seychelles","Government expenditure on health",2008,NA,242284900,242284900,9.61124998260413,NA,242284900,NA,9.61124998260413,2.64874483134763,9.61124998260413,NA,NA,2.64874483134763,2.64874483134763,NA,242284900,NA,2.64874483134763,9.61124998260413,NA,NA,NA,NA,NA
"Seychelles","Government expenditure on health",2009,NA,NA,359409146.37,10.565188418075,NA,359409146.37,NA,NA,NA,NA,NA,NA,3.1162457844333,3.1162457844333,NA,NA,NA,NA,10.565188418075,NA,NA,NA,NA,NA
"Singapore","Government expenditure on health",2001,NA,1.866e+09,1.866e+09,6.18228804293808,NA,1.866e+09,0,5.51565132570719,1.15983033907323,5.51565132570719,NA,0,1.15983033907323,1.15983033907323,NA,1.866e+09,NA,1.15983033907323,5.51565132570719,0,NA,NA,NA,NA
"Singapore","Government expenditure on health",2010,NA,3800900000,3800900000,7.53102353220443,NA,3775400000,142100000,8.12865034335416,1.16242548093905,8.12865034335416,NA,2.53908692933083,1.15462684120532,1.16242548093905,NA,3800900000,NA,1.16242548093905,8.12865034335416,0.0434583022024888,NA,NA,NA,NA
"Seychelles","Government expenditure on health",2010,NA,NA,442294222.26,11.5694848353556,NA,442294222.26,NA,NA,NA,NA,NA,NA,3.77854614350522,3.77854614350522,NA,NA,NA,NA,11.5694848353556,NA,NA,NA,NA,NA
"Serbia","Government expenditure on health",2009,0.0570485812310757,180630200000,6697300000,0.915695524162642,1741200000,6697300000,0,15.8843007213222,5.91815795858342,14.0436283214462,0.792630160096543,0,0.219429969606526,0.219429969606526,28.8152254903529,182371400000,5.78538534740676,5.9752065398145,0.877560906642158,0,176577800000,NA,NA,NA
"Singapore","Government expenditure on health",2008,NA,2.752e+09,2.752e+09,5.73821989528796,NA,2.74e+09,1.14e+08,6.15137019983012,1.00459367982081,6.15137019983012,NA,2.29699778359863,1.00021318412392,1.00459367982081,NA,2.752e+09,NA,1.00459367982081,6.15137019983012,0.0416147091204841,NA,NA,NA,NA
"Serbia","Government expenditure on health",2008,0.0156750444662056,170631400000,9597400000,1.40388683596082,455900000,9597400000,0,15.5748608127468,5.86675758352909,13.7403178011043,0.200042298919973,0,0.329983925773112,0.329983925773112,30.6468664056225,171005400000,5.6923550927408,5.87961668997867,1.34534132776024,0,1.65559e+11,NA,NA,NA
"Seychelles","Government expenditure on health",2014,NA,NA,628860857.84,11.0874705352791,NA,628860857.84,NA,NA,NA,NA,NA,NA,3.55529657304387,3.55529657304387,NA,NA,NA,NA,11.0874705352791,NA,NA,NA,NA,NA
"Senegal","Government expenditure on health",2000,NA,NA,NA,3.46225826575172,NA,2.22e+10,NA,NA,NA,NA,NA,NA,0.519831823255152,NA,NA,NA,NA,NA,NA,NA,NA,NA,NA,NA
"Senegal","Government expenditure on health",1997,0.110958789278438,NA,NA,3.27332242225859,3.8e+09,1.6e+10,NA,NA,NA,NA,11.9496855345912,NA,0.467194902225001,NA,NA,NA,NA,NA,NA,NA,NA,NA,NA,NA
"Senegal","Government expenditure on health",1996,NA,NA,NA,2.41727759064791,NA,1.22e+10,NA,NA,NA,NA,NA,NA,0.378543823383786,NA,NA,NA,NA,NA,NA,NA,NA,NA,NA,NA
"Senegal","Government expenditure on health",1998,0.119544693320253,NA,NA,2.79448864738987,4.5e+09,1.44e+10,NA,NA,NA,NA,12.9310344827586,NA,0.382543018624811,NA,NA,NA,NA,NA,NA,NA,NA,NA,NA,NA
"Senegal","Government expenditure on health",1999,NA,NA,NA,2.83176943699732,NA,1.69e+10,NA,NA,NA,NA,NA,NA,0.416490644382725,NA,NA,NA,NA,NA,NA,NA,NA,NA,NA,NA
"Singapore","Government expenditure on health",1993,NA,9.79e+08,9.79e+08,6.74288862869344,NA,9.79e+08,0,5.98630304512657,0.999764100605475,5.98630304512657,NA,0,0.999764100605475,0.999764100605475,NA,9.79e+08,NA,0.999764100605475,5.98630304512657,0,NA,NA,NA,NA
"Singapore","Government expenditure on health",1991,NA,9.94e+08,9.94e+08,6.83913581945782,NA,9.94e+08,0,6.22572967556057,1.26555203023065,6.22572967556057,NA,0,1.26555203023065,1.26555203023065,NA,9.94e+08,NA,1.26555203023065,6.22572967556057,0,NA,NA,NA,NA
"Singapore","Government expenditure on health",1990,NA,6.52e+08,6.52e+08,5.04526812659599,NA,6.52e+08,0,4.58412430570203,0.924923715072426,4.58412430570203,NA,0,0.924923715072426,0.924923715072426,NA,6.52e+08,NA,0.924923715072426,4.58412430570203,0,NA,NA,NA,NA
"Seychelles","Government expenditure on health",1994,NA,101400000,101400000,8.59905020352782,NA,101400000,NA,7.64763556829323,4.12295681873628,7.64763556829323,NA,NA,4.12295681873628,4.12295681873628,0,101400000,0,4.12295681873628,8.59905020352782,NA,0,NA,NA,NA
"Singapore","Government expenditure on health",1994,NA,1.1e+09,1.1e+09,8.37648492232714,NA,1.1e+09,0,7.30460189919649,0.97729651353911,7.30460189919649,NA,0,0.97729651353911,0.97729651353911,NA,1.1e+09,NA,0.97729651353911,7.30460189919649,0,NA,NA,NA,NA
"Seychelles","Government expenditure on health",1993,NA,98400000,98400000,7.69351055512119,NA,98400000,NA,6.81912681912682,4.00716729108975,6.81912681912682,NA,NA,4.00716729108975,4.00716729108975,0,98400000,0,4.00716729108975,7.69351055512119,NA,0,NA,NA,NA
"Singapore","Government expenditure on health",1992,NA,9.64e+08,9.64e+08,6.75353790107888,NA,9.64e+08,0,6.07895068735023,1.13518338392985,6.07895068735023,NA,0,1.13518338392985,1.13518338392985,NA,9.64e+08,NA,1.13518338392985,6.07895068735023,0,NA,NA,NA,NA
"Sierra Leone","Government expenditure on health",1990,NA,NA,NA,9.59648373115195,NA,7.86e+08,NA,NA,NA,NA,NA,NA,0.547454308093717,NA,NA,NA,NA,NA,NA,NA,NA,NA,NA,NA
"Singapore","Government expenditure on health",2015,NA,8936600000,8936600000,11.3343919816907,NA,8929200000,209400000,12.0810576975072,2.1104556658128,12.0810576975072,NA,2.50979828125562,2.10870809157572,2.1104556658128,NA,8936600000,NA,2.1104556658128,12.0810576975072,0.0494516277355146,NA,NA,NA,NA
"Singapore","Government expenditure on health",2016,NA,9815980740.31,9815980740.31,12.7243604329809,NA,9816431528.26,228887000,13.6899501745806,2.22691802432554,13.6899501745806,NA,2.36374207611274,2.2270202930481,2.22691802432554,NA,9815980740.31,NA,2.22691802432554,13.6899501745806,0.0519268119323656,NA,NA,NA,NA
"Singapore","Government expenditure on health",2017,NA,10196400000,10196400000,13.0784124780427,NA,10192700000,242800000,13.4699171981346,2.1510829674498,13.4699171981346,NA,2.11635230815763,2.15030239715248,2.1510829674498,NA,10196400000,NA,2.1510829674498,13.4699171981346,0.0512222886996205,NA,NA,NA,NA
"Singapore","Government expenditure on health",2018,NA,10444061247.99,10444061247.99,11.8697937853219,NA,10424844905.2,293260630,12.6176570534656,2.05442649163688,12.6176570534656,NA,2.33345589220719,2.0506464904704,2.05442649163688,NA,10444061247.99,NA,2.05442649163688,12.6176570534656,0.0576866022632786,NA,NA,NA,NA
"Singapore","Government expenditure on health",2019,NA,11304099184.86,11304099184.86,13.5120583154375,NA,11316232869.4,319529096,13.9448546437526,2.19858493299082,13.9448546437526,NA,2.74020216032549,2.20094486769902,2.19858493299082,NA,11304099184.86,NA,2.19858493299082,13.9448546437526,0.0621466465066651,NA,NA,NA,NA
"Singapore","Government expenditure on health",2020,NA,15744244347.3,15744244347.3,11.4546653250815,NA,15258530062.42,485714284.88,11.9023115892235,3.26506019805319,11.9023115892235,NA,3.88161248951298,3.16433218950576,3.26506019805319,NA,15744244347.3,NA,3.26506019805319,11.9023115892235,0.100728008547423,NA,NA,NA,NA
"Singapore","Government expenditure on health",2021,NA,17927182824.91,17927182824.91,16.390249308213,NA,17318557754.04,608625070.87,17.2860828159988,3.07382063674093,17.2860828159988,NA,4.51437945001126,2.96946490382128,3.07382063674093,NA,17927182824.91,NA,3.07382063674093,17.2860828159988,0.104355732919654,NA,NA,NA,NA
"Singapore","Government expenditure on health",2022,NA,17477645753.09,17477645753.09,12.1450061307121,NA,17112382787.63,365262965.46,12.7498306604387,2.54320032307797,12.7498306604387,NA,2.54030156195154,2.49005032193424,2.54320032307797,NA,17477645753.09,NA,2.54320032307797,12.7498306604387,0.0531500011437212,NA,NA,NA,NA
"Singapore","Government expenditure on health",2023,NA,17196150157.462,17196150157.462,10.9526106648219,NA,17252914899.502,385343420.12,11.1390925558834,2.55400898491535,11.1390925558834,NA,2.64969437247471,2.56243980576007,2.55400898491535,NA,17196150157.462,NA,2.55400898491535,11.1390925558834,0.0572320285792239,NA,NA,NA,NA
"South Africa","Government expenditure on health",2003,0.171752664890409,6.272e+09,6.272e+09,1.83670702326661,2559800000,6.272e+09,1.424e+09,1.68073306973622,0.420826906083539,9.94770185356916,2.92013602508775,2.88064345159346,0.420826906083539,0.420826906083539,0,45085800000,0,3.02508254500976,1.75330652869069,0.0955448842893749,0,21.3092110290185,3.6254e+10,2.43250297403581
"South Africa","Government expenditure on health",2011,0.195218161931587,30394137000,30394137000,3.11839949172667,6.495e+09,29338912000,1055225000,2.89862213352336,0.91354696822738,11.0526845550771,2.64440566388049,0.747680509914543,0.881830403958826,0.91354696822738,0,137378474000,0,4.12914136770536,3.03409025873926,0.0317165642685541,0,26.4765481865732,100489337000,3.02037623754639
"South Africa","Government expenditure on health",2001,0.132425225633201,6281900000,6281900000,2.31246265582495,1.544e+09,6.231e+09,2.41e+08,2.1634345500694,0.538783694886791,10.6657655493391,2.41866002475054,0.651968077911538,0.534418122357821,0.538783694886791,0,36849900000,0,3.16052870599799,2.24464200212962,0.0206699995968921,0,23.8032362034888,2.9024e+10,2.489319785478
"South Africa","Government expenditure on health",1995,NA,1036400000,NA,0.631586012484059,NA,9.41e+08,95400000,0.618561623396001,0.166382779928111,NA,NA,0.604639371276461,0.151067344570004,NA,0,NA,0,NA,NA,0.0153154353581067,0,21.2892561983471,1.61e+10,2.58468039062387
"South Africa","Government expenditure on health",2012,0.231242560744283,33082909000,33082909000,3.18682748904459,8.247e+09,31966143000,1116766000,3.00849659400214,0.927631453138122,11.6709521094185,3.07692129754297,0.722483005490794,0.896317783974529,0.927631453138122,0,152157490000,0,4.26643477919518,3.10224445371375,0.0313136691635928,0,27.6571370421638,110827581000,3.10756076531277
"Slovak Republic","Government expenditure on health",2003,0.171373811159729,NA,761585000,NA,71085000,NA,NA,NA,NA,13.7080886122812,2.42591133351239,NA,NA,1.83605154353355,37.2666597513286,2293494000,4.928270591497,5.52922286912812,7.05359261477271,NA,2044222000,NA,NA,NA
"Slovak Republic","Government expenditure on health",2013,0.155820428283002,NA,1352052000,NA,116075000,NA,NA,NA,NA,16.4378287834063,2.40242073770823,NA,NA,1.81501030972121,35.2998483731699,5198357000,5.00756180463078,6.97833481893552,6.68623799638957,NA,3730273000,NA,NA,NA
"Slovak Republic","Government expenditure on health",2010,0.157465280302479,NA,1287352000,NA,108281000,NA,NA,NA,NA,17.3885606825617,2.15537421314042,NA,NA,1.87210354104559,38.3411040602682,5032419000,5.31624372864102,7.31828546498946,6.76474635958316,NA,3655715000,NA,NA,NA
"South Africa","Government expenditure on health",2010,0.210694220766831,25522532000,25522532000,2.95755100283902,6.438e+09,2.4488e+10,1034532000,2.77795431616925,0.835267162431892,11.3108999080483,2.97051730480612,0.744477303639055,0.80141038803016,0.835267162431892,0,121970532000,0,3.9916878217235,2.85939369967115,0.0338567744017322,0,27.5607285831552,9.001e+10,2.94572643852477
"South Africa","Government expenditure on health",2004,0.198071570829196,9.706e+09,9.706e+09,2.18675415381402,3.273e+09,8.585e+09,1.527e+09,2.27502326355439,0.587376311172677,10.1405863707171,3.20489596083231,2.73278808812213,0.519536949455742,0.587376311172677,0,5.2338e+10,0,3.16732962849326,2.35314083448493,0.092409192989973,0,20.5372377339588,3.9359e+10,2.38188174649139
"South Africa","Government expenditure on health",2009,0.220633312445043,21966869000,21966869000,2.83803836474582,6.165e+09,2.1001e+10,965869000,2.65557766368635,0.786151349799891,10.5285285241985,2.43713524811962,0.793596532810979,0.7515847842106,0.786151349799891,0,109359869000,0,3.91377617940405,2.75135440557816,0.0345665655892914,0,26.7864210506798,8.1228e+10,2.90699151715912
"Slovenia","Government expenditure on health",2009,1.04411350170107,NA,1392721000,NA,374109000,NA,NA,NA,NA,14.0464455866132,10.5331545658902,NA,NA,3.88699229423142,29.8362353299427,2513721000,5.88478466549261,7.01562923000924,12.5816866812474,NA,2108536000,NA,NA,NA
"South Africa","Government expenditure on health",2007,0.186478517683286,NA,NA,2.28688984740576,4.376e+09,1.2995e+10,2.84e+09,NA,NA,NA,2.45906245434213,4.12832701001555,0.553767901575479,NA,0,NA,0,NA,NA,0.121023535242352,0,28.5799927873244,6.1022e+10,2.60038667871788
"Slovak Republic","Government expenditure on health",2006,0.156924774757192,NA,1015272000,NA,88445000,NA,NA,NA,NA,17.1740944821752,2.48025359748242,NA,NA,1.80136050559425,38.5558007737034,3739493000,4.83514603966545,6.63484760846963,6.93637306022322,NA,2725156000,NA,NA,NA
"South Africa","Government expenditure on health",2006,0.185362126833574,NA,1.3719e+10,2.29414796495251,3.814e+09,1.1484e+10,2.235e+09,NA,NA,11.1046096556154,3.42628193610981,3.75214048282577,0.558127599516717,0.66674961143938,0,6.9839e+10,0,3.3942070204326,2.64751516835719,0.108622011922663,0,28.1289156820883,5.2306e+10,2.54209528215965
"South Africa","Government expenditure on health",2008,0.202785156095942,1.9339e+10,1.9339e+10,2.41662070345862,5.296e+09,1.5817e+10,3.522e+09,2.68744285067106,0.740495115887352,11.3584945185392,2.97579915603279,4.11761267317472,0.605636860643789,0.740495115887352,0,9.7599e+10,0,3.73708996408758,2.84331411718177,0.134858255243562,0,28.6071631608869,7.2964e+10,2.79380969210428
"South Africa","Government expenditure on health",2013,0.229952145862451,37857949000,37857949000,3.254388963853,8.896e+09,35038066000,2819883000,3.09078785924315,0.978587748482603,10.4534703581366,2.97010405306823,1.52781650552608,0.905696769735857,0.978587748482603,0,170208308000,0,4.39970387457475,3.25841608985791,0.0728909787467453,0,28.2761471560737,123454359000,3.1911639802297
"Slovak Republic","Government expenditure on health",2007,0.152479366974176,NA,997965000,NA,96311000,NA,NA,NA,NA,17.0547292321479,2.56652756237042,NA,NA,1.57997603038473,37.1183137512242,3908302000,4.45521370796016,6.18761527659258,6.73807248448737,NA,2814060000,NA,NA,NA
"South Africa","Government expenditure on health",2000,NA,NA,NA,NA,NA,NA,NA,NA,NA,9.31699632264127,NA,NA,NA,NA,NA,2.9813e+10,NA,2.83087306696748,NA,NA,NA,NA,NA,NA
"Slovenia","Government expenditure on health",1995,1.25077827086665,NA,392599000,NA,132186000,NA,NA,NA,NA,12.5380008719538,16.4721656961349,NA,NA,3.71487372614328,27.471448550884,703143000,5.15214367495245,6.65332172629467,11.1330659991725,NA,544494000,NA,NA,NA
"Slovenia","Government expenditure on health",2002,1.2469513505152,NA,827003000,NA,290198000,NA,NA,NA,NA,14.217477816569,14.4449410998739,NA,NA,3.55354794909035,29.0555742243483,1582315000,5.6807189570568,6.799046947913,11.8672957028061,NA,1322051000,NA,NA,NA
"Slovenia","Government expenditure on health",2010,1.03091470924362,NA,1388922000,NA,371653000,NA,NA,NA,NA,13.6650761213054,10.4006971615127,NA,NA,3.85268010696018,29.1852386110099,2493322000,5.83893561307932,6.91613500948661,12.4359777550931,NA,2104983000,NA,NA,NA
"Slovak Republic","Government expenditure on health",1998,0.0856892346084239,NA,787280000,NA,22869000,NA,NA,NA,NA,12.9528994540202,2.46465060137087,NA,NA,2.94990688803708,29.6703323582616,1584630000,4.99959158132965,5.93754566607839,9.32531475661649,NA,1334306000,NA,NA,NA
"South Africa","Government expenditure on health",1997,NA,NA,NA,NA,NA,NA,NA,NA,NA,9.5618772146851,NA,NA,NA,NA,NA,2.441e+10,NA,3.13493312099866,NA,NA,NA,NA,NA,NA
"Slovak Republic","Government expenditure on health",2011,0.144421320093946,NA,1381213000,NA,103674000,NA,NA,NA,NA,16.8280634370585,2.09727950840548,NA,NA,1.92407551354168,36.6245986069738,4989784000,4.91167612536184,6.95093458594875,6.94349320577642,NA,3525886000,NA,NA,NA
"Slovenia","Government expenditure on health",2013,1.04750938506658,NA,1387258000,NA,377536000,NA,NA,NA,NA,11.255500160423,10.7503177092247,NA,NA,3.84907869582951,27.8260905621104,2472838000,5.58597497870499,6.86112321142689,9.1680355582249,NA,2013258000,NA,NA,NA
"Slovenia","Government expenditure on health",2005,1.03666750848449,NA,1187557000,NA,299656000,NA,NA,NA,NA,13.8665379024779,12.067074921484,NA,NA,4.10838346762057,28.8762200169606,1872934000,5.43648484554949,6.47946252815189,13.6373976799278,NA,1571454000,NA,NA,NA
"Slovenia","Government expenditure on health",2012,1.0496638243872,NA,1418294000,NA,377182000,NA,NA,NA,NA,14.03464207867,10.9416473708914,NA,NA,3.94698555112764,28.5758695993217,2511167000,5.78385967451077,6.98835351871229,12.9536407848791,NA,2078349000,NA,NA,NA
"South Africa","Government expenditure on health",2014,0.182830967472876,41766811000,41766811000,3.34401648035466,7.558e+09,3.9045e+10,2721811000,3.11958994455018,1.01035544633326,10.3263901962515,2.26840984131624,1.23938113728787,0.94451377678995,1.01035544633326,0,184022985000,0,4.45158777253196,3.2640772007905,0.0658416695433072,0,28.8284566363132,134698174000,3.25840135872582
"Slovak Republic","Government expenditure on health",1997,0.0897727365657788,NA,755491000,NA,21955000,NA,NA,NA,NA,12.7900029175479,2.05108131362626,NA,NA,3.0891593951636,31.8236215707041,1518555000,5.33223477073298,6.20928435325194,9.26903210767173,NA,1304062000,NA,NA,NA
"Slovenia","Government expenditure on health",1999,1.25905862595776,NA,602172000,NA,215921000,NA,NA,NA,NA,13.9592945374183,15.342500989456,NA,NA,3.51132984244347,28.0990223547113,1130654000,5.23918621059629,6.59296535155749,11.6169470239112,NA,898489000,NA,NA,NA
"Slovak Republic","Government expenditure on health",2005,0.166318383225349,NA,843938000,NA,83967000,NA,NA,NA,NA,16.1311393641674,2.53318188606157,NA,NA,1.6716377112727,38.3863799490759,3218558000,4.85701297595161,6.37518742931167,6.54145626924504,NA,2452097000,NA,NA,NA
"Slovenia","Government expenditure on health",1997,1.24754568358866,NA,501106000,NA,172316000,NA,NA,NA,NA,14.4752501207853,16.3150375078467,NA,NA,3.62794300773218,27.7957892315672,908708000,5.1444426746981,6.57892907821957,12.7406254806916,NA,710571000,NA,NA,NA
"Slovak Republic","Government expenditure on health",2012,0.149750438565524,NA,1362443000,NA,110290000,NA,NA,NA,NA,16.8807991069323,2.34194175829309,NA,NA,1.84990875664637,36.0789986532145,5107028000,4.96356104343292,6.93426133617201,6.77398062117987,NA,3655623000,NA,NA,NA
"Slovenia","Government expenditure on health",1998,1.24422209142633,NA,554507000,NA,190254000,NA,NA,NA,NA,14.4789741778456,16.186484803316,NA,NA,3.62636191223596,28.3045805317326,1027299000,5.28214636060428,6.71832450461056,12.3084828682288,NA,807693000,NA,NA,NA
"Slovak Republic","Government expenditure on health",2000,0.0596601497110009,NA,853909000,NA,18889000,NA,NA,NA,NA,10.5599181368538,2.33103138482195,NA,NA,2.69703736458103,31.005450063642,1762791000,4.81861280439658,5.56770474716528,6.8722155607565,NA,1525621000,NA,NA,NA
"Slovenia","Government expenditure on health",2004,1.07389254182029,NA,955330000,NA,294471000,NA,NA,NA,NA,13.8974055436637,12.5527523287755,NA,NA,3.48394837514451,29.1017094288772,1790302000,5.50910072244164,6.52896877928879,11.7377635231303,NA,1510645000,NA,NA,NA
"Slovak Republic","Government expenditure on health",1995,0.0811268831129412,NA,583590000,NA,16037000,NA,NA,NA,NA,8.41313915986755,1.32768932218881,NA,NA,2.95222533615273,8.50332743486824,801105000,1.01928388591548,4.05257540039863,8.89544050561599,NA,201490000,NA,NA,NA
"South Africa","Government expenditure on health",2002,0.188141361775996,7.882e+09,7.882e+09,2.33130929666642,2.56e+09,7.099e+09,1.188e+09,2.39602142496702,0.579269614655624,10.5556918091756,3.28293514920684,3.045060747424,0.521724815331169,0.579269614655624,0,4.2609e+10,0,3.13145128277867,2.51730206027856,0.087309350699173,0,22.1371156440113,3.2167e+10,2.36404030634705
"Slovak Republic","Government expenditure on health",1999,0.0789330982343084,NA,730766000,NA,22562000,NA,NA,NA,NA,11.408497634924,2.31263997867968,NA,NA,2.556582947624,29.0767387644088,1563324000,4.71250747803818,5.46928494211736,7.65761290998638,NA,1347009000,NA,NA,NA
"Slovenia","Government expenditure on health",2001,1.29036279229711,NA,732344000,NA,270171000,NA,NA,NA,NA,13.7412067486972,15.172588467595,NA,NA,3.49774568240868,29.2996388403028,1415532000,5.7012073972184,6.76071756075195,11.1836041080134,NA,1193696000,NA,NA,NA
"Slovak Republic","Government expenditure on health",2002,0.0788170213905892,NA,909779000,NA,29422000,NA,NA,NA,NA,12.7517897074829,2.28516128631389,NA,NA,2.43715827964478,25.2529350911908,2161461000,3.86144738075785,5.79022221031624,7.74109103062694,NA,1441459000,NA,NA,NA
"South Africa","Government expenditure on health",2005,0.196897114861187,1.1278e+10,1.1278e+10,2.24539818983019,3.617e+09,9.921e+09,1.764e+09,2.36765147364156,0.613935764833969,10.5601627889119,3.33324117847631,2.94004900081668,0.540065323897659,0.613935764833969,0,6.0511e+10,0,3.2940119760479,2.43965224464014,0.0960261295590637,0,21.2210871061985,4.5616e+10,2.48317909635275
"Slovenia","Government expenditure on health",2008,0.93523412846662,NA,1282067000,NA,352977000,NA,NA,NA,NA,13.6983432004816,10.277896917915,NA,NA,3.39691485105492,29.8085441911938,2340567000,5.36034030962771,6.20147527562059,12.4207335580897,NA,2023105000,NA,NA,NA
"Slovak Republic","Government expenditure on health",2009,0.1712650205787,NA,1235800000,NA,109773000,NA,NA,NA,NA,16.7235657857321,2.39747875208712,NA,NA,1.92806348037457,37.5641158959847,4745422000,5.37097514018167,7.40368575592008,6.60011118394127,NA,3442548000,NA,NA,NA
"Slovenia","Government expenditure on health",2011,1.00428739988364,NA,1436886000,NA,369399000,NA,NA,NA,NA,13.7297235346413,10.6844579474042,NA,NA,3.90647106480852,29.369570150239,2587595000,5.8835659639717,7.03491090799354,11.982331788321,NA,2164105000,NA,NA,NA
"Slovenia","Government expenditure on health",2007,0.92445809445028,NA,1120776000,NA,322977000,NA,NA,NA,NA,13.6451387874953,11.0716396380584,NA,NA,3.20800070985119,28.5064139447853,2077517000,4.95191044425808,5.94648351742713,12.0639207742516,NA,1730044000,NA,NA,NA
"South Africa","Government expenditure on health",1999,NA,NA,NA,NA,NA,NA,NA,NA,NA,8.87068646364771,NA,NA,NA,NA,NA,2.5662e+10,NA,2.7722023571606,NA,NA,NA,NA,NA,NA
"Slovak Republic","Government expenditure on health",2001,0.0690489007871266,NA,910890000,NA,23729000,NA,NA,NA,NA,12.6102332900101,2.43487736853879,NA,NA,2.65059434607382,23.6209082915305,1961832000,3.60666947956526,5.7087253204522,8.28766152997061,NA,1239450000,NA,NA,NA
"Slovenia","Government expenditure on health",1996,1.25351497109684,NA,448889000,NA,152010000,NA,NA,NA,NA,14.5545482610022,16.4282209623278,NA,NA,3.70165832419372,27.7508634848156,798187000,5.15398253440755,6.58206272110302,13.7580503730457,NA,625008000,NA,NA,NA
"Slovenia","Government expenditure on health",2000,1.2547472493447,NA,675310000,NA,235038000,NA,NA,NA,NA,13.9397332338268,14.9988704804861,NA,NA,3.60513348886125,28.7900963379915,1249217000,5.54154677315168,6.66892840555416,12.0352494100534,NA,1038037000,NA,NA,NA
"Slovenia","Government expenditure on health",2006,0.97851372769569,NA,1066781000,NA,306220000,NA,NA,NA,NA,13.8839864523192,11.3157820830617,NA,NA,3.40885589754077,28.8632171993333,1989757000,5.27986476813743,6.35818868551562,11.8884189380493,NA,1652302000,NA,NA,NA
"Slovak Republic","Government expenditure on health",2008,0.156203847471589,NA,1105443000,NA,107141000,NA,NA,NA,NA,18.4905448723329,2.60786934389842,NA,NA,1.61165613313797,41.22978632348,4681291000,5.11258847799622,6.82498450951662,6.88446015949604,NA,3506750000,NA,NA,NA
"Slovenia","Government expenditure on health",2003,1.18371078526026,NA,897893000,NA,300382000,NA,NA,NA,NA,14.0891149369719,13.7808303768989,NA,NA,3.53831330808668,29.3211008648213,1701664000,5.64177598783117,6.70572148027884,11.7612670778099,NA,1431674000,NA,NA,NA
"Slovak Republic","Government expenditure on health",2004,0.149194482764595,NA,783778000,NA,68891000,NA,NA,NA,NA,13.3927981772553,2.39431656096469,NA,NA,1.69739666011915,33.6906074826776,2336184000,4.31679490983275,5.05938023142243,6.75702203007916,NA,1993293000,NA,NA,NA
"Slovak Republic","Government expenditure on health",1996,0.0901519552666933,NA,709625000,NA,19863000,NA,NA,NA,NA,12.2494795233782,1.57972216677151,NA,NA,3.22076631204386,23.7227837241012,1429582000,3.4159934279801,6.48842634617479,8.80541767243139,NA,752639000,NA,NA,NA
"Solomon Islands","Government expenditure on health",2013,NA,NA,NA,12.7795435444471,NA,501404011.862217,NA,NA,NA,NA,NA,NA,5.3397658345284,NA,NA,NA,NA,NA,NA,NA,NA,NA,NA,NA
"Slovenia","Government expenditure on health",2014,0.998183569487187,NA,1354273000,NA,372032000,NA,NA,NA,NA,12.754679833232,10.0861478133377,NA,NA,3.63359350055942,28.5228016864482,2440496000,5.57682535168188,6.54799320649622,11.0077327958784,NA,2078533000,NA,NA,NA
"South Africa","Government expenditure on health",1998,NA,NA,NA,NA,NA,NA,NA,NA,NA,9.2002830856334,NA,NA,NA,NA,NA,2.4856e+10,NA,2.93898901899299,NA,NA,NA,NA,NA,NA
"South Africa","Government expenditure on health",1996,NA,NA,NA,NA,NA,NA,NA,NA,NA,9.06147617484439,NA,NA,NA,NA,NA,2.1117e+10,NA,3.00895976654451,NA,NA,NA,NA,NA,NA
"Slovenia","Government expenditure on health",1994,0.0555093177762866,442747454.515106,NA,0.796178343949046,5024202.97112335,12518778.1672509,0,14.316556470112,4.89164336882393,NA,1.31216146996959,NA,0.138312253595399,NA,28.3009286327988,NA,4.75333111522853,NA,NA,0,430228676.347855,NA,NA,NA
"Slovenia","Government expenditure on health",1993,0.0577753622960977,350525788.683025,NA,0.602813127930341,4510933.06626607,7511266.90035053,0,14.5530145530146,4.48948236158391,NA,1.50647323606059,NA,0.0962031934625123,NA,29.4702533508504,NA,4.38793454626236,NA,NA,0,342597229.177099,NA,NA,NA
"Slovenia","Government expenditure on health",1992,NA,NA,NA,NA,NA,NA,0,NA,NA,NA,NA,NA,NA,NA,NA,NA,NA,NA,NA,0,NA,NA,NA,NA
"Solomon Islands","Government expenditure on health",2011,NA,NA,NA,11.0560695078768,NA,239817963.392,NA,NA,NA,NA,NA,NA,2.98930884364624,NA,NA,NA,NA,NA,NA,NA,NA,NA,NA,NA
"Solomon Islands","Government expenditure on health",2012,NA,NA,NA,14.7655959344429,NA,377961395.239541,NA,NA,NA,NA,NA,NA,4.33561295814835,NA,NA,NA,NA,NA,NA,NA,NA,NA,NA,NA
"Solomon Islands","Government expenditure on health",2014,NA,NA,NA,13.4451213626464,NA,527648197.002999,NA,NA,NA,NA,NA,NA,5.35678010378574,NA,NA,NA,NA,NA,NA,NA,NA,NA,NA,NA
"Solomon Islands","Government expenditure on health",2015,NA,NA,NA,12.0649147782655,NA,517788185.855224,NA,NA,NA,NA,NA,NA,5.00186618741703,NA,NA,NA,NA,NA,NA,NA,NA,NA,NA,NA
"Slovenia","Government expenditure on health",2015,1.00693876172588,NA,1449494000,NA,387610000,NA,NA,NA,NA,13.6951517165174,11.1531661974554,NA,NA,3.76551609475787,29.2781498241514,2591848000,5.64728177711274,6.73313953639408,11.9476516770756,NA,2173859000,NA,NA,NA
"South Africa","Government expenditure on health",2015,0.170037570182544,45720048000,45720048000,3.28873033374775,7517009000,42451586000,3268462000,3.01688027797781,1.03420467775804,11.2792044136871,2.08339162817133,1.35097982857935,0.960270838286253,1.03420467775804,0,203680002000,0,4.60731823453394,3.21966764785175,0.0739338394717871,0,30.0203490488505,150442945000,3.40307598659336
"South Africa","Government expenditure on health",2016,0.15612804138202,12965673000,12965673000,0.668062660854956,7.431e+09,8.846e+09,4119673000,0.83631975147276,0.272413555468946,9.80139712244393,1.95856745552852,1.63889250022982,0.185857711487734,0.272413555468946,0,182468373000,0,3.83372758587725,0.887798055803316,0.0865558439812125,0,30.2700734384744,162071700000,3.40518598902629
"Slovak Republic","Government expenditure on health",2017,0.231309156275319,NA,1539862000,NA,195849000,NA,NA,NA,NA,13.8761817755079,3.32277764252091,NA,NA,1.81866734065747,35.9207476209527,4637486000,5.18245466506358,5.47714297187427,7.18468267544981,NA,4387974000,NA,NA,NA
"Slovak Republic","Government expenditure on health",2016,0.240485472256267,NA,1525779000,NA,195431000,NA,NA,NA,NA,17.5316075176514,3.65681466745105,NA,NA,1.87753060350556,36.5404436685373,6057990000,5.33662502522605,7.45459310996589,6.97238467200346,NA,4336819000,NA,NA,NA
"Slovenia","Government expenditure on health",2017,1.01683968516498,NA,1608551000,NA,433433000,NA,NA,NA,NA,14.8855768480006,12.3209841027629,NA,NA,3.77368242014756,29.8829252380304,2821573000,5.45451666256114,6.61944845221757,14.1506281104993,NA,2325015000,NA,NA,NA
"Slovenia","Government expenditure on health",2016,1.01205352233763,NA,1527189000,NA,404955000,NA,NA,NA,NA,14.5126536716216,12.2202422894528,NA,NA,3.81671298471504,29.7225159873408,2709466000,5.65987474133536,6.77143042795877,13.2859985776084,NA,2264697000,NA,NA,NA
"Solomon Islands","Government expenditure on health",2016,NA,NA,NA,12.0675066396535,NA,526670570.807006,NA,NA,NA,NA,NA,NA,4.80346002341219,NA,NA,NA,NA,NA,NA,NA,NA,NA,NA,NA
"Somalia","Government expenditure on health",2017,0,1188364,1188364,0.483928464263628,0,1188364,0,0.483928464263628,0.0263562821120241,0.541443657833542,0,NA,0.0263562821120241,0.0263562821120241,NA,1821254.67,NA,0.0403929283286615,0.483928464263628,0,NA,0.645633159197527,632890.67,0.0140366462166373
"Solomon Islands","Government expenditure on health",2017,NA,NA,NA,12.0621565576332,NA,567989466.069433,NA,NA,NA,NA,NA,NA,4.89954424827204,NA,NA,NA,NA,NA,NA,NA,NA,NA,NA,NA
"Slovak Republic","Government expenditure on health",2014,0.156868086533097,NA,1388042000,NA,119776000,NA,NA,NA,NA,16.4711115513357,2.35066369510454,NA,NA,1.81788916450351,35.608297259134,5437683000,5.14692500517323,7.12161808194922,6.54028035844552,NA,3929914000,NA,NA,NA
"South Africa","Government expenditure on health",2018,0.143554209341828,58426335000,58426335000,3.46611288835716,7699085000,53911028000,4515307000,3.19423811853896,1.08939521068618,11.4977013768683,1.87579049915194,1.67952403269527,1.00520451447739,1.08939521068618,0,247771395000,0,4.6198511520196,3.47525660542232,0.0841906962087862,0,29.9531379196884,181645975000,3.38690173199159
"Slovak Republic","Government expenditure on health",2015,0.212883192867243,NA,1442967000,NA,170575000,NA,NA,NA,NA,15.6167113696385,2.89157512908046,NA,NA,1.80087012846001,36.0952459719512,5698498000,5.0982077001127,7.11191234816121,6.02137901329082,NA,4084995000,NA,NA,NA
"South Africa","Government expenditure on health",2017,0.150585119779859,53537086000,53537086000,3.38784524044316,7.647e+09,49378463000,4158623000,3.13513190202191,1.05425506838951,11.6084000881946,1.92232725130192,1.51992494454662,0.97236324903888,1.05425506838951,0,233736986000,0,4.60276082565622,3.32682106848901,0.081891819350631,0,30.2959648870747,172552900000,3.39792063748685
"Slovenia","Government expenditure on health",2018,1.03678204406279,NA,1740002000,NA,471346000,NA,NA,NA,NA,15.0160296486194,12.1504351869897,NA,NA,3.82734303512353,30.7107413392008,2994513000,5.54097231998311,6.58679040261843,14.8113916154681,NA,2519059000,NA,NA,NA
"South Africa","Government expenditure on health",2019,0.169415987713874,69478060000,69478060000,3.40030255858038,9.53e+09,58417036000,11061024000,3.56120141892452,1.23512005869295,11.8901042703503,2.14753693332926,3.91419861007389,1.0384868681277,1.23512005869295,0,274558060000,0,4.88085256240348,3.78219279630948,0.196633190565254,0,30.0687069820015,1.9555e+11,3.47631651599666
"Somalia","Government expenditure on health",2019,0,2681401.19,2681401.19,0.849854322252723,0,2681401.19,0,0.849854322252723,0.0529780548382284,0.865451987287884,0,NA,0.0529780548382284,0.0529780548382284,NA,2829662.19,NA,0.0559073365203815,0.849854322252723,0,NA,1.93981130086222,148261,0.0029292816821531
"Slovenia","Government expenditure on health",2019,1.0954824374695,NA,1870010000,NA,527546000,NA,NA,NA,NA,15.332156579058,12.971455941712,NA,NA,3.8831933383863,32.4649563286047,3230892000,5.82383894178356,6.70915037430046,14.9498698368962,NA,2804557000,NA,NA,NA
"Slovak Republic","Government expenditure on health",2018,0.194802319228882,NA,1918188000,NA,175078000,NA,NA,NA,NA,13.9486015474773,2.75284375719351,NA,NA,2.13429140792681,36.9687404718187,4969651000,5.42194633194881,5.52953278286325,8.35195466874444,NA,4872958000,NA,NA,NA
"Slovak Republic","Government expenditure on health",2019,0.210507922825128,NA,1972950000,NA,198782000,NA,NA,NA,NA,14.169825111961,2.8066690688357,NA,NA,2.08933206395869,36.8291183183945,5418364000,5.35333586784666,5.7379870951618,8.00234665738214,NA,5055139000,NA,NA,NA
"South Africa","Government expenditure on health",2020,0.178000112787883,81099469000,81099469000,3.5833348222708,9.911e+09,66074271000,15025198000,3.85983526964938,1.45653462103092,12.6529334261777,2.2029544730515,5.37566459676733,1.1866842589423,1.45653462103092,0,306701469000,0,5.50831359844712,4.15242223336798,0.269850362088616,0,32.7535903350736,2.15691e+11,3.87377886462832
"Solomon Islands","Government expenditure on health",2019,NA,NA,NA,12.0457805478151,NA,572497271.543087,NA,NA,NA,NA,NA,NA,4.32589254766504,NA,NA,NA,NA,NA,NA,NA,NA,NA,NA,NA
"Slovenia","Government expenditure on health",2020,1.31281785757841,NA,2374995000,NA,613594000,NA,NA,NA,NA,15.5763146784185,14.722615391666,NA,NA,5.08143144760124,32.4030109903636,3763468000,6.35323832284595,8.05214522440718,15.3232611658904,NA,2969421000,NA,NA,NA
"Somalia","Government expenditure on health",2018,0,1168173,1168173,0.435038869350523,0,1168173,0,0.435038869350523,0.0251162512043396,0.597657107166453,0,NA,0.0251162512043396,0.0251162512043396,NA,2170579.9,NA,0.0466684558087631,0.435038869350523,0,NA,0.992041559864881,1002406.9,0.0215522046044236
"Slovak Republic","Government expenditure on health",2020,0.237712092935657,NA,2265251000,NA,222141000,NA,NA,NA,NA,13.6298274184775,3.0877880575393,NA,NA,2.42403498784371,35.9642087825491,5694703000,5.73590791185837,6.0938762712735,7.89950309087429,NA,5360183000,NA,NA,NA
"South Africa","Government expenditure on health",2021,0.150818533607053,94058154000,94058154000,3.80493975618303,9.364e+09,73451879000,20606275000,4.37180602482139,1.51492021145519,12.6689821395308,1.8838889901284,6.62201746954943,1.18303125602976,1.51492021145519,0,322978154000,0,5.2019533931432,4.55212029658697,0.331888955425425,0,31.030505319368,2.19556e+11,3.53621464808096
"Solomon Islands","Government expenditure on health",2018,NA,NA,NA,12.0691911795126,NA,542352943.958949,NA,NA,NA,NA,NA,NA,4.22166393417049,NA,NA,NA,NA,NA,NA,NA,NA,NA,NA,NA
"Slovenia","Government expenditure on health",2022,1.21187935784975,NA,2697488000,NA,689666000,NA,NA,NA,NA,16.1510879239562,13.4010836817197,NA,NA,4.74001911830859,32.7434046028639,4344449000,6.19233932186235,7.63405483861898,16.4892805445796,NA,3523986000,NA,NA,NA
"Slovak Republic","Government expenditure on health",2022,0.222719358903226,NA,3213266000,NA,244461000,NA,NA,NA,NA,15.1687099668322,2.79972069332831,NA,NA,2.92748758904501,38.8433051430098,7021012000,5.67852961728979,6.39658387837674,10.5470595423638,NA,6232862000,NA,NA,NA
"South Africa","Government expenditure on health",2022,0.144853198160483,97966016172.6692,97966016172.6692,3.80493974500779,9601666666.66667,77730195182.6699,20235820989.9993,4.35312894744301,1.47794036663628,13.8085228971257,1.8943609655782,6.03225766899757,1.17265759755406,1.47794036663628,0,357833349506.003,0,5.39836539674594,4.51501125121526,0.305282769082217,0,36.1448621342224,250265666666.667,3.77557183194917
"Solomon Islands","Government expenditure on health",2020,NA,NA,NA,12.9986586774014,NA,662318326.475865,NA,NA,NA,NA,NA,NA,5.24941211441599,NA,NA,NA,NA,NA,NA,NA,NA,NA,NA,NA
"Slovenia","Government expenditure on health",2021,1.38770073006732,NA,2878501000,NA,721918000,NA,NA,NA,NA,16.642055764844,15.4617119601359,NA,NA,5.53317404358875,32.7434046028639,4303830000,6.77395209005317,8.27300058051693,17.5211797115462,NA,3523986000,NA,NA,NA
"Slovak Republic","Government expenditure on health",2021,0.310152676705455,NA,3151557000,NA,310911000,NA,NA,NA,NA,15.220123098163,4.06446066685125,NA,NA,3.14387023726988,38.8433051430098,6915776000,6.21765982173586,6.89890816952551,10.1458163904108,NA,6232862000,NA,NA,NA
"Spain","Government expenditure on health",2012,0.0791384768170815,3.991e+09,2.521e+09,0.135432693636506,8.16e+08,2.94e+08,2.227e+09,0.985658435146836,0.387060859040407,12.6225841372942,1.3328106624853,3.35932903926508,0.0285131276767426,0.244495220656694,0.9180958567021,6.343e+10,0.142565638383713,6.15165880454348,0.917214230100344,0.215982092979952,1.47e+09,31.1862621490927,5.8623e+10,5.68545946868599
"Spain","Government expenditure on health",1996,0.0903345504852587,NA,1.347e+09,1.16065658523976,4.4e+08,1.347e+09,NA,NA,NA,12.4217416737975,1.61201685290346,NA,0.276546907962826,0.276546907962826,10.6591323456611,2.5694e+10,1.81243957200878,5.27512713674599,1.16065658523976,NA,8.828e+09,29.9501459868513,1.5079e+10,3.09580610628913
"Spain","Government expenditure on health",1998,0.0916061386147301,NA,1.548e+09,1.28579972091169,5.08e+08,1.548e+09,NA,NA,NA,12.5329985620863,1.54102836341574,NA,0.279146264912603,0.279146264912603,10.4955685377285,2.8153e+10,1.7040905706874,5.07674728429232,1.28579972091169,NA,9.45e+09,28.4214300348289,1.6647e+10,3.00190431007758
"Spain","Government expenditure on health",2007,0.0808896748514001,NA,2.42e+09,1.26421589882094,8.7e+08,2.42e+09,NA,NA,NA,14.5422611457306,1.25329530230347,NA,0.225003463379757,0.225003463379757,1.50764946737957,6.0442e+10,0.170147247101221,5.61969393950382,1.26421589882094,NA,1.83e+09,34.9023690104413,5.5322e+10,5.14365355417144
"Spain","Government expenditure on health",1995,0.0891915856785165,NA,1.375e+09,1.18134252059832,4.1e+08,1.375e+09,NA,NA,NA,11.9497514523567,1.57130264821983,NA,0.299118122702342,0.299118122702342,10.4668943371222,2.3943e+10,1.78687727991057,5.20857106317249,1.18134252059832,NA,8.214e+09,30.4793547399943,1.3944e+10,3.03338407488106
"Spain","Government expenditure on health",2010,0.0969508039925087,NA,2.73e+09,1.23990026296786,1.04e+09,2.73e+09,NA,NA,NA,14.3848622020487,1.36200529086671,NA,0.254495860480335,0.254495860480335,1.06180977601656,6.9848e+10,0.155867061803341,6.51136515121995,1.23990026296786,NA,1.672e+09,35.0403960719241,6.4406e+10,6.00405142494376
"Spain","Government expenditure on health",2011,0.0941939134938891,NA,2.687e+09,1.25308958634519,1.002e+09,2.687e+09,NA,NA,NA,14.0868017099502,1.3756555644032,NA,0.252593857842395,0.252593857842395,0.984079029699341,6.8047e+10,0.146367188932121,6.39681959233401,1.25308958634519,NA,1.557e+09,33.2037982848502,6.2801e+10,5.9036646320656
"Spain","Government expenditure on health",2013,0.0748522794184644,4.054e+09,2.556e+09,0.137162730793731,7.64e+08,2.95e+08,2.261e+09,1.1098396289949,0.39718735701892,13.3055633607959,1.26444010459766,7.36842105263158,0.0289023853775484,0.250422023813606,0.927789717513424,6.2032e+10,0.146765333205314,6.07753481267825,1.08141497818977,0.221519638436058,1.498e+09,35.7020729591773,5.7214e+10,5.60549517624087
"Spain","Government expenditure on health",2009,0.106983577459757,NA,3.193e+09,1.33716937199524,1.144e+09,3.193e+09,NA,NA,NA,14.7861235511064,1.50306788769035,NA,0.298600142333046,0.298600142333046,1.1479693344298,7.1844e+10,0.161878122887098,6.71864347816329,1.33716937199524,NA,1.731e+09,35.7641532003741,6.5776e+10,6.15118163548339
"Spain","Government expenditure on health",2006,0.0735189371034535,NA,2.253e+09,1.27755127499957,7.38e+08,2.253e+09,NA,NA,NA,14.7294657758544,1.21311744883702,NA,0.224441958393063,0.224441958393063,1.57762447189689,5.5954e+10,0.176325906061128,5.57409025296292,1.27755127499957,NA,1.77e+09,35.3750475071693,5.1193e+10,5.09980345140528
"Spain","Government expenditure on health",1997,0.0907365118084454,NA,1.509e+09,1.31082888861863,4.7e+08,1.509e+09,NA,NA,NA,12.3876810400418,1.57712828428576,NA,0.291322119827541,0.291322119827541,10.5549853030374,2.6318e+10,1.74696743692473,5.08085854845674,1.31082888861863,NA,9.049e+09,28.7578994884141,1.529e+10,2.95183247989602
"Spain","Government expenditure on health",2004,0.0723729604380542,NA,2.122e+09,1.34355668960801,6.22e+08,2.122e+09,NA,NA,NA,14.1040989334873,1.26667345484167,NA,0.246905823230789,0.246905823230789,1.50215250580307,4.6418e+10,0.170925850295019,5.40097761674212,1.34355668960801,NA,1.469e+09,35.4285762253729,4.2205e+10,4.91077298277826
"Spain","Government expenditure on health",2005,0.0769930026947551,NA,2.129e+09,1.31393798755801,7.14e+08,2.129e+09,NA,NA,NA,14.7535342447054,1.30965919512821,NA,0.229577174701868,0.229577174701868,1.50263318577316,5.1878e+10,0.169837505944313,5.59417786246289,1.31393798755801,NA,1.575e+09,35.7794430288135,4.746e+10,5.11777017912196
"Spain","Government expenditure on health",2008,0.087333410842862,NA,2.657e+09,1.29659722527218,9.69e+08,2.657e+09,NA,NA,NA,14.6781787902981,1.34875563721396,NA,0.239468392785846,0.239468392785846,1.40980047168046,6.6369e+10,0.169709816942321,5.98166268754377,1.29659722527218,NA,1.883e+09,34.6871544678377,6.086e+10,5.48515106697274
"Spain","Government expenditure on health",2002,0.102994855593741,NA,1.909e+09,1.39126759126322,7.72e+08,1.909e+09,NA,NA,NA,13.3033862560825,1.75506399618069,NA,0.254685465451363,0.254685465451363,4.99720826353992,3.8032e+10,0.59702328857771,5.07396418127095,1.39126759126322,NA,4.475e+09,31.5192769227157,3.0876e+10,4.11926057164813
"Spain","Government expenditure on health",2000,0.161919947642282,NA,1.685e+09,1.27713436817851,1.049e+09,1.685e+09,NA,NA,NA,13.2224238113126,2.79621484739438,NA,0.26009066899642,0.26009066899642,10.7672817622045,3.3087e+10,1.69236444799807,5.10719285761695,1.27713436817851,NA,1.0964e+10,25.8592405873645,1.9389e+10,2.99281779298018
"Spain","Government expenditure on health",2003,0.0944823786624386,NA,1.993e+09,1.39683207176899,7.58e+08,1.993e+09,NA,NA,NA,13.5354493589997,1.59605828350038,NA,0.248421346535937,0.248421346535937,1.49377135927682,4.1092e+10,0.168896600379425,5.12199195777959,1.39683207176899,NA,1.355e+09,34.0188738249848,3.6986e+10,4.61019163220179
"Spain","Government expenditure on health",1999,0.0919269128098758,NA,1.584e+09,1.27665747860148,5.48e+08,1.584e+09,NA,NA,NA,12.8936240881973,1.53115395361833,NA,0.265715747975991,0.265715747975991,10.7336643412314,3.0279e+10,1.71893261964014,5.07929743242742,1.27665747860148,NA,1.0247e+10,27.4102658336396,1.79e+10,3.00272215200142
"Sri Lanka","Government expenditure on health",2001,NA,NA,NA,5.05624030339597,NA,1.8772e+10,NA,NA,NA,NA,NA,NA,1.09015984863306,NA,NA,NA,NA,NA,NA,NA,NA,NA,NA,NA
"Sri Lanka","Government expenditure on health",2010,NA,NA,NA,5.9595299207387,NA,7.3835e+10,NA,NA,NA,NA,NA,NA,1.1137060126851,NA,NA,NA,NA,NA,NA,NA,NA,NA,NA,NA
"Spain","Government expenditure on health",2001,0.104423296666301,NA,1.79e+09,1.29448433963219,7.32e+08,1.79e+09,NA,NA,NA,13.1893898685946,1.80255608362678,NA,0.25535205059109,0.25535205059109,11.0066371681416,3.51e+10,1.70329803578638,5.00718266801523,1.29448433963219,NA,1.194e+10,25.3600393217007,2.0638e+10,2.94410928497146
"Sri Lanka","Government expenditure on health",2006,NA,NA,NA,8.17814426946533,NA,5.8038e+10,NA,NA,NA,NA,NA,NA,1.66945459669315,NA,NA,NA,NA,NA,NA,NA,NA,NA,NA,NA
"Sri Lanka","Government expenditure on health",2008,NA,NA,NA,7.63563473748793,NA,7.4548e+10,NA,NA,NA,NA,NA,NA,1.42871209269751,NA,NA,NA,NA,NA,NA,NA,NA,NA,NA,NA
"Sri Lanka","Government expenditure on health",2009,NA,NA,NA,6.17609102845244,NA,7.1452e+10,NA,NA,NA,NA,NA,NA,1.24912547381029,NA,NA,NA,NA,NA,NA,NA,NA,NA,NA,NA
"Sri Lanka","Government expenditure on health",1998,NA,NA,NA,5.68106600264767,NA,1.4419e+10,NA,NA,NA,NA,NA,NA,1.15768283624502,NA,NA,NA,NA,NA,NA,NA,NA,NA,NA,NA
"Sri Lanka","Government expenditure on health",1996,NA,NA,NA,5.54451164779803,NA,1.1798e+10,NA,NA,NA,NA,NA,NA,1.25536799821745,NA,NA,NA,NA,NA,NA,NA,NA,NA,NA,NA
"Spain","Government expenditure on health",2014,0.0730189965601661,4.074e+09,2.563e+09,0.144623279682762,7.54e+08,3.1e+08,2.253e+09,1.14350833071361,0.394535002634107,13.4951624799341,1.20593692022263,10.5393647378023,0.0300210728563017,0.248206483002262,0.943484586421565,6.221e+10,0.146328519631845,6.02455142706622,1.13328852650383,0.21818541014596,1.511e+09,35.7104183910335,5.7382e+10,5.55699742787195
"Sri Lanka","Government expenditure on health",2013,NA,NA,NA,7.20275506330258,NA,1.19529e+11,NA,NA,NA,NA,NA,NA,1.20269983367527,NA,NA,NA,NA,NA,NA,NA,NA,NA,NA,NA
"Sri Lanka","Government expenditure on health",1995,NA,NA,NA,5.59066775576884,NA,1.0951e+10,NA,NA,NA,NA,NA,NA,1.34036115191349,NA,NA,NA,NA,NA,NA,NA,NA,NA,NA,NA
"Sri Lanka","Government expenditure on health",2005,NA,NA,NA,7.68861544580118,NA,4.4851e+10,NA,NA,NA,NA,NA,NA,1.54570870054831,NA,NA,NA,NA,NA,NA,NA,NA,NA,NA,NA
"Sri Lanka","Government expenditure on health",1997,NA,NA,NA,5.30533550180998,NA,1.2135e+10,NA,NA,NA,NA,NA,NA,1.11407091507305,NA,NA,NA,NA,NA,NA,NA,NA,NA,NA,NA
"St. Vincent and the Grenadines","Government expenditure on health",1995,NA,NA,NA,13.0895091434071,NA,27200000,NA,NA,NA,NA,NA,NA,3.18791237763578,NA,NA,NA,NA,NA,NA,NA,NA,NA,NA,NA
"St. Vincent and the Grenadines","Government expenditure on health",1999,NA,NA,33600000,10.6632814979372,NA,33600000,NA,NA,NA,NA,NA,NA,3.1850102044741,3.1850102044741,NA,NA,NA,NA,10.6632814979372,NA,NA,NA,NA,NA
"Sri Lanka","Government expenditure on health",2004,NA,NA,NA,7.26950167375946,NA,3.442e+10,NA,NA,NA,NA,NA,NA,1.39156766779344,NA,NA,NA,NA,NA,NA,NA,NA,NA,NA,NA
"St. Vincent and the Grenadines","Government expenditure on health",1996,NA,NA,NA,12.0726044744618,NA,28600000,NA,NA,NA,NA,NA,NA,3.19545151119254,NA,NA,NA,NA,NA,NA,NA,NA,NA,NA,NA
"Sri Lanka","Government expenditure on health",2011,NA,NA,NA,6.51637548206147,NA,8.9217e+10,NA,NA,NA,NA,NA,NA,1.19096438520303,NA,NA,NA,NA,NA,NA,NA,NA,NA,NA,NA
"Sri Lanka","Government expenditure on health",2012,NA,NA,NA,6.47604671071118,NA,9.9101e+10,NA,NA,NA,NA,NA,NA,1.10243276980046,NA,NA,NA,NA,NA,NA,NA,NA,NA,NA,NA
"Sri Lanka","Government expenditure on health",2000,NA,NA,NA,6.42637122416534,NA,2.0696e+10,NA,NA,NA,NA,NA,NA,1.34501574343425,NA,NA,NA,NA,NA,NA,NA,NA,NA,NA,NA
"St. Vincent and the Grenadines","Government expenditure on health",1998,NA,NA,31600000,9.84730445621689,NA,31600000,NA,NA,NA,NA,NA,NA,3.13251650308824,3.13251650308824,NA,NA,NA,NA,9.84730445621689,NA,NA,NA,NA,NA
"Sri Lanka","Government expenditure on health",2014,NA,NA,NA,7.84085266467989,NA,138402654197.449,NA,NA,NA,NA,NA,NA,1.2844421971025,NA,NA,NA,NA,NA,NA,NA,NA,NA,NA,NA
"Sri Lanka","Government expenditure on health",2002,NA,NA,NA,6.4151457718825,NA,2.4946e+10,NA,NA,NA,NA,NA,NA,1.28890903522375,NA,NA,NA,NA,NA,NA,NA,NA,NA,NA,NA
"St. Vincent and the Grenadines","Government expenditure on health",1997,NA,NA,30900000,9.16913946587537,NA,30900000,NA,NA,NA,NA,NA,NA,3.29080844166361,3.29080844166361,NA,NA,NA,NA,9.16913946587537,NA,NA,NA,NA,NA
"Sri Lanka","Government expenditure on health",2003,NA,NA,NA,6.70502852736333,NA,2.7476e+10,NA,NA,NA,NA,NA,NA,1.27440676336025,NA,NA,NA,NA,NA,NA,NA,NA,NA,NA,NA
"Spain","Government expenditure on health",1993,NA,8864327527.55641,NA,0.602877369262388,NA,396667988.893296,49282992.5594701,6.14569834450744,2.20111421099813,NA,NA,1.04021311683369,0.0984972119641172,NA,11.4220710913227,NA,2.09037946663847,NA,NA,0.0122375323955418,8418376546.10364,31.7276658920732,11816498984.2895,2.93417224913106
"Spain","Government expenditure on health",1994,NA,8796413159.76104,NA,0.610833282064353,NA,417703412.546729,45075907.8287837,5.91640391300833,2.06029708672131,NA,NA,1.02305278952394,0.0978345501005267,NA,10.9812306961273,NA,1.95190485135813,NA,NA,0.0105576852626468,8333633839.38553,32.9725114726106,12998088781.5081,3.04441412233683
"Sri Lanka","Government expenditure on health",1999,NA,NA,NA,5.85588783719653,NA,1.5671e+10,NA,NA,NA,NA,NA,NA,1.158115777052,NA,NA,NA,NA,NA,NA,NA,NA,NA,NA,NA
"Spain","Government expenditure on health",1992,NA,7994062000.40869,NA,0.604768445437587,NA,354597141.586432,48080968.3507026,6.2521739947918,2.06891281165432,NA,NA,1.10588885816975,0.0917719388674572,NA,11.7007874015748,NA,1.96469722005907,NA,NA,0.0124436527277908,7591383890.47155,32.7886594280038,11107304701.1167,2.87463932577878
"Spain","Government expenditure on health",1990,NA,7105165098.02507,NA,0.627321088025695,NA,300506052.191891,51687040.9770053,6.96899850858006,2.17336872623961,NA,NA,1.59791898922334,0.0919205179428019,NA,13.2890208276661,NA,2.06563787921065,NA,NA,0.0158103290861619,6752972004.85618,NA,NA,NA
"Spain","Government expenditure on health",1991,NA,6989770773.98339,NA,0.652056782820008,NA,356400177.899583,47479956.2463188,6.09273743602099,1.94791838469749,NA,NA,1.2694841716214,0.0993220638113163,NA,11.6926491458327,NA,1.83536454510018,NA,NA,0.0132317757859932,6585890639.83749,NA,NA,NA
"Sri Lanka","Government expenditure on health",2007,NA,NA,NA,8.06237538594418,NA,6.8702e+10,NA,NA,NA,NA,NA,NA,1.62278137446825,NA,NA,NA,NA,NA,NA,NA,NA,NA,NA,NA
"Sri Lanka","Government expenditure on health",1992,NA,NA,NA,5.70837624142565,NA,6.541e+09,NA,NA,NA,NA,NA,NA,1.2570784584979,NA,NA,NA,NA,NA,NA,NA,NA,NA,NA,NA
"Sri Lanka","Government expenditure on health",1990,NA,NA,NA,5.43592552026287,NA,4.963e+09,NA,NA,NA,NA,NA,NA,1.26059647174728,NA,NA,NA,NA,NA,NA,NA,NA,NA,NA,NA
"Sri Lanka","Government expenditure on health",1991,NA,NA,NA,4.79552539886301,NA,5.23e+09,NA,NA,NA,NA,NA,NA,1.14802784158536,NA,NA,NA,NA,NA,NA,NA,NA,NA,NA,NA
"St. Vincent and the Grenadines","Government expenditure on health",1992,NA,NA,NA,10.9834558823529,NA,23900000,NA,NA,NA,NA,NA,NA,3.1846450242819,NA,NA,NA,NA,NA,NA,NA,NA,NA,NA,NA
"St. Vincent and the Grenadines","Government expenditure on health",1993,NA,NA,NA,12.4819971195391,NA,2.6e+07,NA,NA,NA,NA,NA,NA,3.36338363099347,NA,NA,NA,NA,NA,NA,NA,NA,NA,NA,NA
"St. Vincent and the Grenadines","Government expenditure on health",1991,NA,NA,NA,10.8469539375929,NA,21900000,NA,NA,NA,NA,NA,NA,3.1829544470079,NA,NA,NA,NA,NA,NA,NA,NA,NA,NA,NA
"St. Vincent and the Grenadines","Government expenditure on health",1994,NA,NA,NA,12.2309197651663,NA,2.5e+07,NA,NA,NA,NA,NA,NA,3.19904203995121,NA,NA,NA,NA,NA,NA,NA,NA,NA,NA,NA
"St. Vincent and the Grenadines","Government expenditure on health",1990,NA,NA,NA,12.8908392759188,NA,23500000,NA,NA,NA,NA,NA,NA,3.62103226141127,NA,NA,NA,NA,NA,NA,NA,NA,NA,NA,NA
"Sri Lanka","Government expenditure on health",1994,NA,NA,NA,5.83263481419391,NA,9.185e+09,NA,NA,NA,NA,NA,NA,1.29638456934116,NA,NA,NA,NA,NA,NA,NA,NA,NA,NA,NA
"Sri Lanka","Government expenditure on health",1993,NA,NA,NA,5.2431565821507,NA,7.064e+09,NA,NA,NA,NA,NA,NA,1.15572616322775,NA,NA,NA,NA,NA,NA,NA,NA,NA,NA,NA
"Spain","Government expenditure on health",2015,0.0769878637444671,4.105e+09,2.568e+09,0.126396113202051,8.3e+08,2.69e+08,2.299e+09,1.14995980043085,0.380765277916912,13.9657274886079,1.27812254577373,11.2845432680509,0.0249514883701948,0.238198595296134,0.963382682929887,6.528e+10,0.142566682620778,6.05514186173351,1.15297065043169,0.21324710692594,1.537e+09,36.120022984653,6.0345e+10,5.59738872007213
"Spain","Government expenditure on health",2016,0.0728630139444734,4.222e+09,2.658e+09,0.135888485011452,8.12e+08,2.83e+08,2.375e+09,1.16677214227877,0.378851779400944,14.2577831575604,1.25829046054671,12.7743115318417,0.0253943755496133,0.238509718059618,0.966649360923632,6.6433e+10,0.140342061341326,5.96121749430197,1.21667643181485,0.213115342510005,1.564e+09,37.3793825604685,6.1399e+10,5.50950270095655
"Sri Lanka","Government expenditure on health",2016,NA,NA,NA,7.91518776735246,NA,186148952115.876,NA,NA,NA,NA,NA,NA,1.45281612306305,NA,NA,NA,NA,NA,NA,NA,NA,NA,NA,NA
"Spain","Government expenditure on health",2017,0.0737209374344081,4.202e+09,2.585e+09,0.12539697029389,8.57e+08,2.61e+08,2.324e+09,1.14448511788033,0.361464853091462,14.3846292125326,1.26059072722994,12.0196534781484,0.0224517674100123,0.222367121666214,0.978754312692936,6.8017e+10,0.139097731425249,5.85096499588814,1.18811790174242,0.199915354256201,1.617e+09,37.1313143227861,6.2958e+10,5.41577920536227
"Spain","Government expenditure on health",2019,0.0738651463292635,4.39e+09,2.699e+09,0.124547152915722,9.2e+08,2.74e+08,2.425e+09,1.09703376065172,0.352465209114638,14.3736077224992,1.23329356408435,10.5636870534936,0.0219989674937154,0.21669785863335,0.924003322259136,7.4525e+10,0.135767350481288,5.983478293683,1.15799138478436,0.194698891139635,1.691e+09,36.8282430562946,6.9215e+10,5.5571479382391
"Spain","Government expenditure on health",2018,0.0750918504575702,4.352e+09,2.701e+09,0.1256637329897,9.04e+08,2.75e+08,2.426e+09,1.1276773267414,0.361504129636444,14.2942751472425,1.28995433789954,12.3284886675475,0.0228432067210529,0.224361823103868,0.956513678551151,7.0844e+10,0.137142306532576,5.88474231616826,1.18233630704849,0.201518616382816,1.651e+09,36.8790976462782,6.5588e+10,5.44814633607424
"Sri Lanka","Government expenditure on health",2017,NA,NA,NA,7.61985671431262,NA,196820168457.011,NA,NA,NA,NA,NA,NA,1.36801143046186,NA,NA,NA,NA,NA,NA,NA,NA,NA,NA,NA
"Spain","Government expenditure on health",2021,0.0637328293612809,4.64e+09,2.947e+09,0.144139846318982,7.79e+08,4.23e+08,2.524e+09,0.969869255771663,0.379615312241776,14.4508564988855,0.99119503257329,10.9834638816362,0.0346071717841102,0.241104811460455,0.786267944139215,8.7068e+10,0.13851050078132,7.12335043238511,0.966036300936534,0.206497639676345,1.693e+09,37.2399669784858,8.1649e+10,6.68000229078206
"Spain","Government expenditure on health",2022,0.0609041895397797,5.814e+09,4.026e+09,0.440452458866634,8.2e+08,1.35e+09,2.676e+09,1.18381026457569,0.431825558517414,14.5713526255557,0.9049074676937,11.6687742554398,0.100269092535003,0.299024715959943,0.833780223367297,9.1547e+10,0.132800842557471,6.79950712170514,1.27376443900263,0.19875562342494,1.788e+09,36.5138679853795,8.4913e+10,6.30677737364795
"Sri Lanka","Government expenditure on health",2015,NA,NA,NA,7.76462744109776,NA,177789395086.363,NA,NA,NA,NA,NA,NA,1.53704153974032,NA,NA,NA,NA,NA,NA,NA,NA,NA,NA,NA
"Sri Lanka","Government expenditure on health",2018,NA,NA,NA,8.04740693615855,NA,218461580050.352,NA,NA,NA,NA,NA,NA,1.42302318424735,NA,NA,NA,NA,NA,NA,NA,NA,NA,NA,NA
"Sri Lanka","Government expenditure on health",2022,NA,NA,NA,7.13590219668866,NA,323536503725.606,NA,NA,NA,NA,NA,NA,1.34449671784752,NA,NA,NA,NA,NA,NA,NA,NA,NA,NA,NA
"Sri Lanka","Government expenditure on health",2021,NA,NA,NA,10.9444284456179,NA,387120670239.407,NA,NA,NA,NA,NA,NA,2.19800441530247,NA,NA,NA,NA,NA,NA,NA,NA,NA,NA,NA
"Sri Lanka","Government expenditure on health",2019,NA,NA,NA,8.33133956030303,NA,244307402555.378,NA,NA,NA,NA,NA,NA,1.53546459095519,NA,NA,NA,NA,NA,NA,NA,NA,NA,NA,NA
"Sri Lanka","Government expenditure on health",2023,NA,NA,NA,7.37220316837807,NA,415233718455.271,NA,NA,NA,NA,NA,NA,NA,NA,NA,NA,NA,NA,NA,NA,NA,NA,NA,NA
"Spain","Government expenditure on health",2020,0.0735471532872807,5.059e+09,3.445e+09,0.363924228724502,8.23e+08,9.7e+08,2.475e+09,1.09900136207522,0.452096049186334,14.6853293455018,1.14827061794539,11.1250955184969,0.086683765113806,0.307861413213465,0.732364712181576,8.406e+10,0.144234635972869,7.51199721182116,1.23809078853266,0.22117764809966,1.614e+09,38.878086381381,7.8178e+10,6.98635400934755
"Sweden","Government expenditure on health",2000,6.02464307805994,NA,2.6937e+10,NA,1.45121e+11,NA,NA,NA,NA,11.5853730089254,27.076783571939,NA,NA,1.11827930205622,NA,1.48092e+11,NA,6.14798301221775,3.45475485694645,NA,NA,NA,NA,NA
"Sweden","Government expenditure on health",2010,6.67897872776557,NA,4.4583e+10,NA,2.37206e+11,NA,NA,NA,NA,13.5338870934577,28.1680206053596,NA,NA,1.25531777703756,NA,2.44188e+11,NA,6.87557000065605,3.93906783434763,NA,NA,NA,NA,NA
"Sweden","Government expenditure on health",2002,6.50085790305984,NA,2.8795e+10,NA,1.69246e+11,NA,NA,NA,NA,12.3585243553009,27.6969805077382,NA,NA,1.10603620362436,NA,1.72525e+11,NA,6.62680659941977,3.3814014115105,NA,NA,NA,NA,NA
"Sweden","Government expenditure on health",1999,6.15734521044144,NA,2.6851e+10,NA,1.39559e+11,NA,NA,NA,NA,11.208246500646,26.3472974758821,NA,NA,1.18466652989462,NA,1.42363e+11,NA,6.28105773324598,3.58117903761232,NA,NA,NA,NA,NA
"Sweden","Government expenditure on health",1996,5.55828816860274,NA,2.8198e+10,NA,1.08822e+11,NA,NA,NA,NA,10.6860685607702,23.6640042795354,NA,NA,1.44026584494183,NA,1.2753e+11,NA,6.51383442816624,3.96498752065244,NA,NA,NA,NA,NA
"Sweden","Government expenditure on health",1998,6.13151803189625,NA,2.6071e+10,NA,1.32045e+11,NA,NA,NA,NA,11.0697291000276,25.8508289023407,NA,NA,1.21060855473185,NA,1.34553e+11,NA,6.24797717252252,3.59328397294183,NA,NA,NA,NA,NA
"Sweden","Government expenditure on health",2008,6.55513785975897,NA,4.2676e+10,NA,2.22343e+11,NA,NA,NA,NA,13.3832993356261,27.8280426889482,NA,NA,1.25817796513978,NA,2.28778e+11,NA,6.74485515298407,4.04896788131276,NA,NA,NA,NA,NA
"Sweden","Government expenditure on health",1995,5.44308355835899,NA,2.5238e+10,NA,1.03689e+11,NA,NA,NA,NA,9.99250697117804,23.0676307007786,NA,NA,1.32485165105136,NA,1.20155e+11,NA,6.30745503336539,3.35607239265435,NA,NA,NA,NA,NA
"Sweden","Government expenditure on health",2004,6.41482887998191,NA,3.3533e+10,NA,1.81283e+11,NA,NA,NA,NA,12.5507150340968,28.0629486351893,NA,NA,1.18658923800044,NA,1.86751e+11,NA,6.6083179788811,3.70458751070235,NA,NA,NA,NA,NA
"Switzerland","Government expenditure on health",2004,0.31350278110087,204714008.18,204714008.18,NA,1572449693.29,NA,NA,0.224299037386272,0.0408142856134603,5.41444590191445,4.36199389069291,NA,NA,0.0408142856134603,0,8978481789.26,0,1.79005981749866,0.383917319323472,NA,0,10.9467116413821,7229253302.89,1.44131225654459
"Switzerland","Government expenditure on health",2005,0.286818370021408,190035257.58,190035257.58,NA,1493152054.77,NA,NA,0.204895687223999,0.0365037188621021,5.49665708322042,4.06114451318196,NA,NA,0.0365037188621021,0,9269742280.99,0,1.78061729417211,0.352426137531286,NA,0,11.3837867398193,7644339993.42,1.46839508394202
"Switzerland","Government expenditure on health",2000,0.322326699615366,205676819.51,205676819.51,NA,1520065962.27,NA,NA,0.236235509380821,0.0436133247277253,4.5014099509135,4.47642296250048,NA,NA,0.0436133247277253,0,6842359451.29,0,1.45090752260695,0.369056608714956,NA,0,8.98354930370308,5148854129.79,1.09180338199124
"Switzerland","Government expenditure on health",2010,0.239442966192835,374677526.04,374677526.04,NA,1493715379.9,NA,NA,0.355426139543262,0.0600609054496158,5.78757511962086,3.47985265452238,NA,NA,0.0600609054496158,0,11354045168.66,0,1.82005641105027,0.587835463994901,NA,0,12.4943556160858,9743833894.65,1.56193912255324
"Switzerland","Government expenditure on health",2014,0.277498670040778,297425756.35,297425756.35,NA,1847517602.96,NA,NA,0.265006189674311,0.0446735942817344,6.47000087353369,3.95280573982598,NA,NA,0.0446735942817344,0,13858643192.91,0,2.08157965501424,0.433396428055429,NA,0,13.7283992465731,12041634747.49,1.80866348563697
"Switzerland","Government expenditure on health",2013,0.294792750288532,382807098.11,382807098.11,NA,1930241906.79,NA,NA,0.344731914607382,0.0584635308584129,6.41585653358929,4.2515873152362,NA,NA,0.0584635308584129,0,13672670279.12,0,2.08813416659934,0.56090216102424,NA,0,13.3631507467357,11845034768.61,1.8090117950598
"Switzerland","Government expenditure on health",1997,0.373221481065632,178490010.57,178490010.57,NA,1596538486.87,NA,NA,0.225717057018391,0.0417254620845104,4.61109385279078,4.89792169867693,NA,NA,0.0417254620845104,0,6496480813.05,0,1.51867694434003,0.408125270049713,NA,0,9.08858129818778,4756913026.91,1.11201962232954
"Switzerland","Government expenditure on health",2003,0.312937758677606,214778195.8,214778195.8,NA,1526226865.22,NA,NA,0.240627824862908,0.0440381497260459,5.53476095353943,4.21598095146147,NA,NA,0.0440381497260459,0,8969624253.62,0,1.83913294548352,0.412099148787566,NA,0,11.2736652710011,7264495581.3,1.48951313657272
"Switzerland","Government expenditure on health",1995,0.416427678462892,192027780.39,192027780.39,NA,1738177042.03,NA,NA,0.260606148888069,0.0460054878499595,4.81260871121419,5.28501306460792,NA,NA,0.0460054878499595,0,6517893639.22,0,1.56153904407718,0.450289011131277,NA,0,9.3746270066689,4622723267.35,1.10749933513719
"Sweden","Government expenditure on health",2003,6.64135161357551,NA,3.1588e+10,NA,1.79411e+11,NA,NA,NA,NA,12.646476129282,28.2870215624074,NA,NA,1.16930965642922,NA,1.84224e+11,NA,6.81951697309159,3.55553754599473,NA,NA,NA,NA,NA
"Sweden","Government expenditure on health",2012,6.81775223170176,NA,4.6823e+10,NA,2.53928e+11,NA,NA,NA,NA,13.6960452166562,27.7996978388912,NA,NA,1.2571579847239,NA,2.61801e+11,NA,7.02913562904348,3.98444786341078,NA,NA,NA,NA,NA
"Sweden","Government expenditure on health",2006,6.35807890517894,NA,3.5984e+10,NA,1.98214e+11,NA,NA,NA,NA,12.7687863086827,27.8186888526794,NA,NA,1.15425303623336,NA,2.03311e+11,NA,6.52157456229547,3.67956758127535,NA,NA,NA,NA,NA
"Switzerland","Government expenditure on health",2001,0.335944334827391,224220470.57,224220470.57,NA,1625392084.42,NA,NA,0.265268595028205,0.0463430316674652,5.15675734840304,4.65003634638311,NA,NA,0.0463430316674652,0,7883500852.59,0,1.62940220727085,0.431944697812448,NA,0,10.0405045805661,6061047682.23,1.25272828105991
"Sweden","Government expenditure on health",2001,6.18161377419905,NA,2.7766e+10,NA,1.54837e+11,NA,NA,NA,NA,12.00729960253,26.9806806637613,NA,NA,1.10851210017251,NA,1.58176e+11,NA,6.31491788363058,3.50941497953705,NA,NA,NA,NA,NA
"Switzerland","Government expenditure on health",1999,0.341187052471063,194957409.02,194957409.02,NA,1524809291.81,NA,NA,0.227268019345154,0.043623123296928,4.49564242520788,4.56564026442023,NA,NA,0.043623123296928,0,6679970813.64,0,1.49469154256869,0.368346122636979,NA,0,9.07764868896206,4993689516.35,1.11737396682352
"Switzerland","Government expenditure on health",2008,0.235170339139371,369782745.37,369782745.37,NA,1443983509.57,NA,NA,0.37452792429657,0.0602236334834923,5.78019376550891,3.52153685288349,NA,NA,0.0602236334834923,0,10635732645.54,0,1.73215887624101,0.596275341126757,NA,0,12.3219883413408,9045089272.81,1.47310318832245
"Switzerland","Government expenditure on health",2009,0.242363638263769,402034296.88,402034296.88,NA,1460342228.54,NA,NA,0.389371281523612,0.0667230550444799,5.88973968273412,3.45035273342335,NA,NA,0.0667230550444799,0,11270662070.7,0,1.87051953419663,0.644124088576651,NA,0,12.7743975229608,9650088767.88,1.60156337168309
"Switzerland","Government expenditure on health",2002,0.317913616691328,232779315.72,232779315.72,NA,1533642627.49,NA,NA,0.248097004745643,0.0482535584398786,5.18039556710039,4.35782110833774,NA,NA,0.0482535584398786,0,8519241911.4,0,1.76598052178174,0.393100614886112,NA,0,10.8633926760958,6783782272.5,1.40623162035254
"Switzerland","Government expenditure on health",2006,0.26959614844848,196098142.72,196098142.72,NA,1493176600.72,NA,NA,0.210195216906526,0.0354059285215962,5.4581757184602,3.98663468449424,NA,NA,0.0354059285215962,0,9229079544.11,0,1.66632955379622,0.357682453819906,NA,0,11.2728350571512,7595972166.68,1.37146861186502
"Sweden","Government expenditure on health",2011,6.71247167552671,NA,4.5793e+10,NA,2.48686e+11,NA,NA,NA,NA,13.7788591848921,28.112946475001,NA,NA,1.2360334535816,NA,2.55908e+11,NA,6.90740613279674,3.95043090433837,NA,NA,NA,NA,NA
"Sweden","Government expenditure on health",2009,6.93115324785186,NA,4.6941e+10,NA,2.30402e+11,NA,NA,NA,NA,13.5860890241301,28.1796978291792,NA,NA,1.41211996687274,NA,2.38153e+11,NA,7.16432556764118,4.34783414116359,NA,NA,NA,NA,NA
"Switzerland","Government expenditure on health",1998,0.342225363835992,185890492.32,185890492.32,NA,1504231737.67,NA,NA,0.228568686411913,0.0422916494677896,4.46471681493097,4.52589522159155,NA,NA,0.0422916494677896,0,6413741048.15,0,1.45917999785915,0.392696789555301,NA,0,8.94719795632575,4760616183.13,1.08308019605992
"Switzerland","Government expenditure on health",2007,0.239678927279032,378453822.2,378453822.2,NA,1412158759.02,NA,NA,0.394759598111314,0.0642331505223208,5.56621287130413,3.7364909053933,NA,NA,0.0642331505223208,0,9659559341.69,0,1.63947063757271,0.591078540845254,NA,0,11.3051274175262,7943723663.45,1.34825008455709
"Switzerland","Government expenditure on health",2011,0.283570799824732,363276837.63,363276837.63,NA,1802370332.27,NA,NA,0.339236793291104,0.0571551259805726,6.01550213393079,4.14286905959305,NA,NA,0.0571551259805726,0,12023797451.79,0,1.89172990660606,0.538165641386299,NA,0,12.8063387780921,10272806549.94,1.61624274304513
"Switzerland","Government expenditure on health",2012,0.262786738331151,357390139.28,357390139.28,NA,1691346954.1,NA,NA,0.3324865514058,0.0555281627967824,6.40390986956008,3.81731226844485,NA,NA,0.0555281627967824,0,13048080687.88,0,2.02729697602124,0.535997878380675,NA,0,13.6372843805275,11403156572.57,1.77172301349586
"Switzerland","Government expenditure on health",1996,0.366098303893507,192986755.67,192986755.67,NA,1539180509.29,NA,NA,0.25111617943895,0.045902428921276,4.65195107280773,4.71098073175795,NA,NA,0.045902428921276,0,6448531066.3,0,1.53380079316754,0.431145991830358,NA,0,9.24640786812607,4750443190.22,1.12990593642862
"Sweden","Government expenditure on health",2013,6.88405816145834,NA,4.7688e+10,NA,2.61938e+11,NA,NA,NA,NA,13.5527824566437,27.2965819091288,NA,NA,1.25330026801619,NA,2.70188e+11,NA,7.10087847707513,3.95339621671721,NA,NA,NA,NA,NA
"Sweden","Government expenditure on health",2005,6.46733450831374,NA,3.5706e+10,NA,1.89308e+11,NA,NA,NA,NA,12.7084635309192,28.125714998856,NA,NA,1.21982507846393,NA,1.93998e+11,NA,6.62755910972515,3.78259957582679,NA,NA,NA,NA,NA
"Sweden","Government expenditure on health",1997,5.66350776850675,NA,2.2777e+10,NA,1.15993e+11,NA,NA,NA,NA,10.7715043999165,24.3170888172377,NA,NA,1.11211639015525,NA,1.29591e+11,NA,6.32744764967333,3.23229771708419,NA,NA,NA,NA,NA
"Sweden","Government expenditure on health",2014,6.91321682384792,NA,4.8574e+10,NA,2.74018e+11,NA,NA,NA,NA,13.7791533881452,27.2487438060415,NA,NA,1.22547640666522,NA,2.82428e+11,NA,7.12539322645126,3.9081338327051,NA,NA,NA,NA,NA
"Sweden","Government expenditure on health",2007,6.33032733109088,NA,4.0284e+10,NA,2.0967e+11,NA,NA,NA,NA,13.1849520127282,27.7750915702392,NA,NA,1.21624889686491,NA,2.15796e+11,NA,6.51528266676248,3.9894391373843,NA,NA,NA,NA,NA
"Sweden","Government expenditure on health",1993,NA,3.34e+09,3.34e+09,0.543929647422848,NA,3.34e+09,NA,0.447032055142876,0.201798422709694,NA,NA,NA,0.201798422709694,0.201798422709694,0,NA,0,NA,0.543929647422848,NA,0,NA,NA,NA
"Sweden","Government expenditure on health",1990,NA,5.08e+09,NA,1.07127794179671,NA,5.08e+09,NA,0.915595768073103,0.332159441762904,NA,NA,NA,0.332159441762904,NA,0,NA,0,NA,NA,NA,0,NA,NA,NA
"Sweden","Government expenditure on health",1991,NA,5.22e+09,5.22e+09,0.999885070681531,NA,5.22e+09,NA,0.84806342604627,0.318950031161785,NA,NA,NA,0.318950031161785,0.318950031161785,0,NA,0,NA,0.999885070681531,NA,0,NA,NA,NA
"Switzerland","Government expenditure on health",1993,0.460799133734374,174412811.74,174412811.74,NA,1852046643.1,NA,NA,0.246660458102934,0.0433948425982644,5.05264633667709,5.82571283975931,NA,NA,0.0433948425982644,0,6590897669.99,0,1.63985067448397,0.431655686040811,NA,0,9.78048417916653,4593747349.62,1.14294896793546
"Switzerland","Government expenditure on health",1994,0.394973532264626,171187894.3,171187894.3,NA,1627336769.86,NA,NA,0.234991336107951,0.0415492899471763,4.782698694923,5.03731010028694,NA,NA,0.0415492899471763,0,6403334074.79,0,1.55416354170368,0.405471691684576,NA,0,9.50014737030394,4630381253.56,1.12384730273614
"Switzerland","Government expenditure on health",1991,0.452010703951803,151903158.54,151903158.54,NA,1743622250.28,NA,NA,0.259023175070172,0.0393788583583065,5.71650184254004,5.92356917037464,NA,NA,0.0393788583583065,0,6497624202.87,0,1.68442200682051,0.409142542679554,NA,0,10.708080553155,4633322234.74,1.20112670311706
"Switzerland","Government expenditure on health",1992,0.42752548169372,162820351.11,162820351.11,NA,1681922439.7,NA,NA,0.251318044885045,0.0413870743351634,5.30796443387006,5.38321535036301,NA,NA,0.0413870743351634,0,6533398129.87,0,1.66071521292488,0.412800327359348,NA,0,10.3678556910197,4724087101.63,1.2008090064175
"Sweden","Government expenditure on health",1992,NA,4.97e+09,4.97e+09,0.897808768538758,NA,4.97e+09,NA,0.746291068532645,0.303063009665698,NA,NA,NA,0.303063009665698,0.303063009665698,0,NA,0,NA,0.897808768538758,NA,0,NA,NA,NA
"Switzerland","Government expenditure on health",1990,0.369035598522546,130277722.42,130277722.42,NA,1363188347.13,NA,NA,0.248563321301042,0.035268139849228,5.49568157047571,5.16737220167937,NA,NA,0.035268139849228,0,5608797829.94,0,1.51838597250456,0.392604268420595,NA,0,10.6122133075474,4140981952.52,1.12102612712075
"Sweden","Government expenditure on health",1994,NA,1.88e+09,1.88e+09,0.315600396179221,NA,1.88e+09,NA,0.253072542975218,0.106535982528099,NA,NA,NA,0.106535982528099,0.106535982528099,0,NA,0,NA,0.315600396179221,NA,0,NA,NA,NA
"Sweden","Government expenditure on health",2017,6.85896528120688,NA,5.5565e+10,NA,3.1434e+11,NA,NA,NA,NA,14.0857361220887,26.7909878505589,NA,NA,1.21244005169645,NA,3.23635e+11,NA,7.06178414704902,4.07723747257505,NA,NA,NA,NA,NA
"Sweden","Government expenditure on health",2015,6.8323823859897,NA,5.073e+10,NA,2.89129e+11,NA,NA,NA,NA,13.9818178999106,27.3651024408435,NA,NA,1.1987962412669,NA,2.97583e+11,NA,7.0321581286207,3.95013163212151,NA,NA,NA,NA,NA
"Sweden","Government expenditure on health",2016,6.82862368184118,NA,5.3271e+10,NA,3.00646e+11,NA,NA,NA,NA,13.9567399154066,26.7832978326309,NA,NA,1.20995327446685,NA,3.09448e+11,NA,7.0285450034206,4.05331373292002,NA,NA,NA,NA,NA
"Switzerland","Government expenditure on health",2017,0.290755766451723,345005028.69,345005028.69,NA,1990960287.23,NA,NA,0.289768442737366,0.0503838284419138,6.48061946645901,4.10012626169144,NA,NA,0.0503838284419138,0,14397482877.89,0,2.1025789394125,0.473313106256361,NA,0,13.755754816862,12399363474.43,1.81077767027551
"Switzerland","Government expenditure on health",2016,0.288481029102201,324748828.36,324748828.36,NA,1954653119.9,NA,NA,0.275165258212859,0.0479286453699876,6.62355313883383,4.14222222598764,NA,NA,0.0479286453699876,0,14560954120.57,0,2.1490048472779,0.450003875015466,NA,0,14.1132097753442,12611825311.98,1.86133913368901
"Sweden","Government expenditure on health",2018,6.99514679191218,NA,6.5004e+10,NA,3.35228e+11,NA,NA,NA,NA,14.2424553289473,27.0151480108213,NA,NA,1.35642763152678,NA,3.45699e+11,NA,7.21364340334712,4.53470510185716,NA,NA,NA,NA,NA
"Sudan","Government expenditure on health",1999,NA,NA,NA,0.960552658790399,NA,2.183e+09,NA,NA,NA,NA,NA,NA,8.06761141044278,NA,NA,NA,NA,NA,NA,NA,NA,NA,NA,NA
"Tajikistan","Government expenditure on health",1999,0.79182156133829,3426000,3426000,2.47982338677572,10650000,3426000,NA,2.05189018254995,0.254721189591078,NA,14.7284570385429,NA,0.254721189591078,0.254721189591078,0,NA,0,NA,2.47982338677572,NA,0,NA,NA,NA
"Switzerland","Government expenditure on health",2019,0.33386015677439,290872756.53,290872756.53,NA,2394751861.87,NA,NA,0.237344971239869,0.0405515183609351,6.8106008399625,4.79811035431228,NA,NA,0.0405515183609351,0,15616639465.19,0,2.17716657126478,0.391321416850961,NA,0,14.2403199141551,13350937697.55,1.86129770844338
"Switzerland","Government expenditure on health",2018,0.287177506748977,292132091.21,292132091.21,NA,2038205595.43,NA,NA,0.243147726220888,0.0411606001784886,6.665883662882,4.17983662999361,NA,NA,0.0411606001784886,0,15018253331.58,0,2.11603017730788,0.399918206610179,NA,0,14.0831930863335,13045223777.6,1.83803579375577
"Tajikistan","Government expenditure on health",1998,NA,2379000,2379000,2.1209257542258,NA,2379000,NA,1.82210886698376,0.232052282481467,NA,NA,NA,0.232052282481467,0.232052282481467,0,NA,0,NA,2.1209257542258,NA,0,NA,NA,NA
"Switzerland","Government expenditure on health",2020,0.34746921181306,1040802976.59,1040802976.59,NA,2417688690.98,NA,NA,0.733370231128334,0.149583770349615,6.9543694326753,4.75996726845139,NA,NA,0.149583770349615,0,17933425143.05,0,2.57738439312394,1.13549555566141,NA,0,14.3399334270329,14933288327.04,2.14620597934405
"Tajikistan","Government expenditure on health",2001,0.788025954380797,4554000,4554000,1.9158845084288,19796000,4554000,NA,1.55669955083373,0.181282592253493,NA,15.1105276013679,NA,0.181282592253493,0.181282592253493,0,NA,0,NA,1.9158845084288,NA,0,NA,NA,NA
"Switzerland","Government expenditure on health",2021,0.336113930523711,3494548244.09,3494548244.09,NA,2495464768.73,NA,NA,2.43754089393679,0.470680396070503,7.98723196100445,4.83600730449161,NA,NA,0.470680396070503,0,20497552055.97,0,2.76081348611973,3.767923277258,NA,0,14.4195098476048,15215686001.98,2.04939941121382
"Sweden","Government expenditure on health",2019,6.9242862191943,NA,6.9271e+10,NA,3.4853e+11,NA,NA,NA,NA,14.3727467165297,27.1640309043168,NA,NA,1.37621504802975,NA,3.59114e+11,NA,7.13455978343253,4.69338294728269,NA,NA,NA,NA,NA
"Tajikistan","Government expenditure on health",2000,0.754082028006863,3284000,3284000,1.95378501225578,13624000,3284000,NA,1.6074400391581,0.181767864061549,NA,15.4196140569294,NA,0.181767864061549,0.181767864061549,0,NA,0,NA,1.95378501225578,NA,0,NA,NA,NA
"Sweden","Government expenditure on health",2022,6.87182438960849,NA,1.02112e+11,NA,4.03047e+11,NA,NA,NA,NA,14.5917968613714,28.4418773684099,NA,NA,1.74097743457141,NA,4.18233e+11,NA,7.13074090599639,5.60046860705675,NA,NA,NA,NA,NA
"Sweden","Government expenditure on health",2020,7.24143782346786,NA,9.3454e+10,NA,3.63591e+11,NA,NA,NA,NA,14.1935942830107,27.6865825641791,NA,NA,1.86127085201329,NA,3.77093e+11,NA,7.51034957731342,5.62211499184543,NA,NA,NA,NA,NA
"Switzerland","Government expenditure on health",2022,0.340131784553899,1224934651.93,1224934651.93,NA,2658696215.71,NA,NA,0.923576281996113,0.156708091229444,7.29387084382458,4.98463880253297,NA,NA,0.156708091229444,0,18218771884.76,0,2.3307602263574,1.46661389900377,NA,0,14.2233004611856,15032847517.48,1.92317919694397
"Sweden","Government expenditure on health",2021,7.13430643257047,NA,1.23811e+11,NA,3.89881e+11,NA,NA,NA,NA,14.9528105135767,28.7117382163096,NA,NA,2.26557748062353,NA,4.07238e+11,NA,7.45191656681689,7.19549850552662,NA,NA,NA,NA,NA
"Switzerland","Government expenditure on health",2023,0.356197104904434,499998502.04,499998502.04,NA,2832801736.58,NA,NA,0.365136757656033,0.0628699201159828,6.87655005261307,5.16974263691382,NA,NA,0.0628699201159828,0,17665116244.53,0,2.22121554885039,0.580414157806318,NA,0,13.914563993006,15123469580.57,1.90162834594026
"Tajikistan","Government expenditure on health",2021,1.68426940341109,1489837961,1489837961,7.73110567753314,1702397195,1489837961,NA,6.56950367690289,1.4739735833227,10.4693849482589,18.6171267582047,NA,1.4739735833227,1.4739735833227,0,3192235156,0,3.15824298673378,7.73110567753314,NA,0,NA,NA,NA
"Tajikistan","Government expenditure on health",2022,1.62354383727581,916786182,916786182,4.16383241662162,1879079896,916786182,NA,3.59766845494272,0.792112437078471,8.2199913973699,19.0164649265862,NA,0.792112437078471,0.792112437078471,0,2795866078,0,2.41565627435428,4.16383241662162,NA,0,NA,NA,NA
"Switzerland","Government expenditure on health",2015,0.265149817402485,321193483.68,321193483.68,NA,1770661465.52,NA,NA,0.279094873298211,0.048097502095698,6.50861225810909,3.79178809187419,NA,NA,0.048097502095698,0,14114421944.05,0,2.11358098319908,0.454403494134504,NA,0,13.9513426178289,12366847039.95,1.85188829052888
"Tajikistan","Government expenditure on health",2023,1.89641613103583,1272473221.8,1272473221.8,4.35491667910018,2446071364,1272473221.8,NA,3.86514661330473,0.986536525322999,8.78071284943137,21.9306346787037,NA,0.986536525322999,0.986536525322999,0,3718544585.8,0,2.88295265635883,4.35491667910018,NA,0,NA,NA,NA
"Sudan","Government expenditure on health",1998,NA,NA,NA,1.21837911750784,NA,2.085e+09,NA,NA,NA,NA,NA,NA,9.504962280959,NA,NA,NA,NA,NA,NA,NA,NA,NA,NA,NA
"Thailand","Government expenditure on health",2013,0,137255701973.214,137255701973.214,4.95862550463722,0,132105477672.979,5150224300.23522,5.04998570595375,1.06274891854373,4.92858878984875,0,2.01879900525879,1.02287155660797,1.06274891854373,0,137255701973.214,0,1.06274891854373,5.11317432936179,0.0398773619357597,0,NA,NA,NA
"Thailand","Government expenditure on health",1995,0.0863521412817768,5.2647e+10,NA,7.4973034627258,3.642e+09,4.8378e+10,0,7.96834276269786,1.24826501429481,NA,6.98262970205913,0,1.14704664770176,NA,74.8947368421053,NA,0.101218366593055,NA,NA,0,4.269e+09,NA,NA,NA
"Thailand","Government expenditure on health",2002,NA,107754112597.09,99529112597.09,6.73855799994582,NA,88370202597.09,11158910000,8.106756182822,1.86762554552673,NA,NA,13.3835762201952,1.53165799296049,1.7250674589561,54.4694772254672,NA,0.14255808657063,NA,7.52912248829058,0.193409465995607,8.225e+09,NA,NA,NA
"Thailand","Government expenditure on health",1996,0.117168872359011,6.179e+10,NA,7.46921958051033,5.435e+09,5.5254e+10,0,8.15213447657597,1.33208180737136,NA,6.98280956908292,0,1.19117734559794,NA,78.0884109916368,NA,0.140904461773413,NA,NA,0,6.536e+09,NA,NA,NA
"Thailand","Government expenditure on health",1998,NA,7.7846e+10,NA,6.77544766126336,NA,7.0129e+10,0,7.40215296286752,1.65575077001153,NA,NA,0,1.49161351578936,NA,76.7173675315638,NA,0.164137254222169,NA,NA,0,7.717e+09,NA,NA,NA
"Thailand","Government expenditure on health",1997,NA,7.7367e+10,NA,7.51234955727197,NA,7.0427e+10,0,8.07835799466852,1.64250335965149,NA,NA,0,1.49516698476321,NA,75.4347826086957,NA,0.147336374888277,NA,NA,0,6.94e+09,NA,NA,NA
"Thailand","Government expenditure on health",2000,NA,7.4427e+10,NA,7.58119545540909,NA,6.5039e+10,0,8.40487305792516,1.46804028545392,NA,NA,0,1.28286605836105,NA,69.9917990009692,NA,0.185174227092875,NA,NA,0,9.388e+09,NA,NA,NA
"Thailand","Government expenditure on health",2003,NA,118998886000,109302600000,9.32607141211404,NA,97124900000,12177700000,11.1039672155026,1.88369761589716,NA,NA,12.5586925204381,1.53744248138802,1.73020986962316,57.8728225486942,NA,0.153487746274003,NA,10.272631423307,0.192767388235138,9696286000,NA,NA,NA
"Thailand","Government expenditure on health",2001,NA,80583600000,NA,7.16875703717647,NA,66038200000,6.065e+09,7.95466173973626,1.50764424552961,NA,NA,7.54817014434242,1.23551333292548,NA,73.8003655034375,NA,0.158660400624808,NA,NA,0.113470511979324,8480400000,NA,NA,NA
"Thailand","Government expenditure on health",2011,NA,242256916949.683,242256916949.683,10.4587787616273,NA,236586248318.503,5670668631.18,9.97649433157157,2.14255709696077,NA,NA,2.73884224767761,2.0924048392947,2.14255709696077,0,NA,0,NA,10.4263529356618,0.0501522576660671,0,NA,NA,NA
"Thailand","Government expenditure on health",2010,NA,203177670000,203177670000,9.69774056530014,NA,199834340000,3343330000,9.5913111139656,1.87985699673718,NA,NA,2.15557095619052,1.84892356643994,1.87985699673718,0,NA,0,NA,9.76058585939108,0.0309334302972434,0,NA,NA,NA
"Thailand","Government expenditure on health",2008,NA,2.654e+11,2.501e+11,10.0337218245282,NA,1.696e+11,8.05e+10,14.8800179412424,2.73412940385162,NA,NA,58.6734693877551,1.74720552710337,2.57651003731458,15.2542372881356,NA,0.157619366537038,NA,14.6626018643372,0.829304510211211,1.53e+10,NA,NA,NA
"Thailand","Government expenditure on health",2009,NA,265177320000,265177320000,9.78533662917851,NA,183725950000,81451370000,13.5123003405345,2.74548568658594,NA,NA,66.818214445535,1.902187434353,2.74548568658594,0,NA,0,NA,14.1403734896555,0.843298252232943,0,NA,NA,NA
"Thailand","Government expenditure on health",2004,NA,117962410526.88,107532280526.88,8.52815301952202,NA,102061660526.88,5470620000,9.81322726514705,1.69625578207614,NA,NA,7.3194491848971,1.46760888509957,1.54627437493734,56.9388360056403,NA,0.149981407138796,NA,9.01336496403402,0.0786654898377719,10430130000,NA,NA,NA
"Thailand","Government expenditure on health",2006,NA,125697173000,111824173000,7.48544229681264,NA,108406200000,3417973000,8.80944955617475,1.49628020185119,NA,NA,6.09793128171934,1.29045106541832,1.33113810084084,43.1696539706248,NA,0.165142101010351,NA,7.90733230346097,0.0406870354225224,1.3873e+10,NA,NA,NA
"Thailand","Government expenditure on health",2012,NA,245705017101.96,245705017101.96,9.98044185032913,NA,238966645169.31,6738371932.65,9.87955503576942,1.98833225706596,NA,NA,2.93781919681222,1.93380295834905,1.98833225706596,0,NA,0,NA,10.0665483112102,0.0545292987169085,0,NA,NA,NA
"Thailand","Government expenditure on health",2005,NA,115899945200,103677945200,7.73780968983412,NA,100259972200,3417973000,8.76884820563659,1.52211307217328,NA,NA,3.64039781908208,1.31671342931187,1.36160164193921,50.9044897326785,NA,0.160511430234065,NA,7.88205021390579,0.0448882126273457,1.2222e+10,NA,NA,NA
"Thailand","Government expenditure on health",1999,NA,7.5605e+10,NA,5.84042784560035,NA,6.6867e+10,0,6.51631859243037,1.57844982260316,NA,NA,0,1.39602148387019,NA,85.4154447702835,NA,0.182428338732973,NA,NA,0,8.738e+09,NA,NA,NA
"Thailand","Government expenditure on health",2007,NA,185550940000,171135340000,8.57141383908526,NA,137405100000,33730240000,11.2579769934132,2.04434537814469,NA,NA,31.7356421938591,1.51388875269782,1.88551856092036,15.6507187251346,NA,0.15882681722433,NA,10.850307801059,0.371629808222535,14415600000,NA,NA,NA
"Timor-Leste","Government expenditure on health",2012,NA,53311871.17,53311871.17,NA,NA,NA,NA,3.66044543258834,4.59430834147288,3.66044543258834,NA,NA,NA,4.59430834147288,NA,53311871.17,NA,4.59430834147288,3.66044543258834,NA,NA,NA,NA,NA
"Thailand","Government expenditure on health",1991,0.0696731670441275,2.6794e+10,NA,7.41525119737367,1.8e+09,2.584e+10,0,7.36060480359542,1.03712379876686,NA,5.5550411998889,0,1.00019702023347,NA,81.053525913339,NA,0.0369267785333876,NA,NA,0,9.54e+08,NA,NA,NA
"Thailand","Government expenditure on health",1990,0.0646795380714629,2.0798e+10,NA,6.93784400590683,1.464e+09,2.0672e+10,0,6.76520528517432,0.918855896728338,NA,5.9975419909873,0,0.913289215173007,NA,49.4117647058824,NA,0.0055666815553308,NA,NA,0,1.26e+08,NA,NA,NA
"Thailand","Government expenditure on health",1992,0.103656912311634,3.4673e+10,NA,7.76236680754807,3.043e+09,3.26e+10,0,8.15026021221282,1.1811028986465,NA,7.76136914326523,0,1.1104881174365,NA,77.3796192609182,NA,0.070614781209996,NA,NA,0,2.073e+09,NA,NA,NA
"Thailand","Government expenditure on health",1993,0.102407715082248,3.5054e+10,NA,6.59897246015352,3.342e+09,3.265e+10,0,6.94647563561421,1.07414723054851,NA,8.28355434378486,0,1.00048231521107,NA,71.2085308056872,NA,0.0736649153374399,NA,NA,0,2.404e+09,NA,NA,NA
"Thailand","Government expenditure on health",1994,0.0852513763556866,4.5785e+10,NA,7.30100928361094,3.145e+09,4.2224e+10,0,7.74111846777084,1.24109197661212,NA,6.61645593587613,0,1.14456410659539,NA,73.9717490652264,NA,0.096527870016725,NA,NA,0,3.561e+09,NA,NA,NA
"Thailand","Government expenditure on health",2014,0,140070257312.036,140070257312.036,4.94207049551651,0,133612973475.326,6457283836.71,4.97656131389995,1.05870777657139,4.80735578810348,0,2.57802552415059,1.00990100813501,1.05870777657139,0,140070257312.036,0,1.05870777657139,5.0527025238425,0.0488067684363866,0,NA,NA,NA
"Thailand","Government expenditure on health",2015,0,155999118233.953,155999118233.953,5.25127804068289,0,148514439142.301,7484679091.65195,5.32595108505705,1.13507727470737,5.15303802289455,0,3.14033846098462,1.08061742107749,1.13507727470737,0,155999118233.953,0,1.13507727470737,5.40103932990001,0.0544598536298809,0,NA,NA,NA
"Thailand","Government expenditure on health",2016,0,167211253682.93,167211253682.93,5.71046404958727,0,161325199522.9,5886054160.03,5.64882762479765,1.14604106596667,5.45822130435061,0,2.17101670808539,1.10569892609677,1.14604106596667,0,167211253682.93,0,1.14604106596667,5.74776466516655,0.0403421398699016,0,NA,NA,NA
"Thailand","Government expenditure on health",2017,0,184790029307.363,184790029307.363,5.57574985653684,0,174295712775.452,10494316531.9114,5.78422250815042,1.19306629227261,5.63304793920282,0,4.04079398577887,1.12531147150879,1.19306629227261,0,184790029307.363,0,1.19306629227261,5.86326510432874,0.067754820763827,0,NA,NA,NA
"Tanzania","Government expenditure on health",2017,NA,NA,NA,4.74177321952579,NA,1098604336137.61,NA,NA,NA,NA,NA,NA,0.912779166466844,NA,NA,NA,NA,NA,NA,NA,NA,NA,NA,NA
"Thailand","Government expenditure on health",2018,0,202311897153.642,202311897153.642,5.97137345308378,0,195565085038.322,6746812115.32,6.00577519137178,1.23561753487753,5.91380059252231,0,2.15294425905041,1.19441145915237,1.23561753487753,0,202311897153.642,0,1.23561753487753,6.093433234535,0.0412060757251589,0,NA,NA,NA
"Tonga","Government expenditure on health",2020,NA,NA,NA,13.1505749464608,NA,56972878.4,NA,NA,NA,NA,NA,NA,5.08817661132128,NA,NA,NA,NA,NA,NA,NA,NA,NA,NA,NA
"Thailand","Government expenditure on health",2021,0,289706723144.991,289706723144.991,6.84172134952891,0,283263898279.84,6442824865.15069,6.81274881812014,1.78957121858689,6.76371971699821,0,1.7622390143188,1.74977271539751,1.78957121858689,0,289706723144.991,0,1.78957121858689,6.9461118920104,0.0397985031893761,0,NA,0,0
"Thailand","Government expenditure on health",2020,0,222878885752.081,222878885752.081,5.8292822097294,0,216596590665.33,6282295086.75048,5.79202434010839,1.42311949731399,5.64143065831497,0,1.97598667492308,1.3830059773829,1.42311949731399,0,222878885752.081,0,1.42311949731399,5.89071921095767,0.0401135199310866,0,NA,NA,NA
"Thailand","Government expenditure on health",2022,0,332723198178.163,332723198178.163,8.31422054098213,0,326307324881.33,6415873296.83357,8.02767352034759,1.91462142355248,7.8760219128673,0,1.43524861703762,1.87770194053423,1.91462142355248,0,332723198178.163,0,1.91462142355248,8.30462483650145,0.0369194830182479,0,NA,0,0
"Tanzania","Government expenditure on health",2018,NA,NA,NA,6.11952241473,NA,1579527821360.98,NA,NA,NA,NA,NA,NA,1.2738356368392,NA,NA,NA,NA,NA,NA,NA,NA,NA,NA,NA
"Thailand","Government expenditure on health",2019,0,219088290390.87,219088290390.87,6.368057139981,0,211483425432.88,7604864957.99,6.48780425600919,1.29721139939034,6.34205447380648,0,2.612777352355,1.25218335386254,1.29721139939034,0,219088290390.87,0,1.29721139939034,6.59309412643062,0.0450280455278038,0,NA,NA,NA
"Togo","Government expenditure on health",2023,NA,NA,NA,7.28669609523063,NA,106501904983.147,NA,NA,NA,NA,NA,NA,1.93387453331352,NA,NA,NA,NA,NA,NA,NA,NA,NA,NA,NA
"Thailand","Government expenditure on health",2023,0,304783671117.91,304783671117.91,8.04364584307756,0,297653883018.72,7129788099.19022,7.64716980563065,1.70068661712748,7.47173214763859,0,1.50508663630568,1.66090254615421,1.70068661712748,0,304783671117.91,0,1.70068661712748,7.86604275994492,0.0397840709732663,0,NA,NA,NA
"Tunisia","Government expenditure on health",2007,NA,696900000,NA,6.15375105962136,NA,696900000,NA,4.81048657081127,1.39758746202208,NA,NA,NA,1.39758746202208,NA,0,NA,0,NA,NA,NA,0,NA,NA,NA
"Tunisia","Government expenditure on health",2012,NA,1.172e+09,NA,5.74870506984775,NA,1.172e+09,NA,4.46127785919568,1.66585087515395,NA,NA,NA,1.66585087515395,NA,0,NA,0,NA,NA,NA,0,NA,NA,NA
"Tunisia","Government expenditure on health",2005,NA,633700000,NA,6.54236483207896,NA,633700000,NA,5.18881828900825,1.5134580019584,NA,NA,NA,1.5134580019584,NA,0,NA,0,NA,NA,NA,0,NA,NA,NA
"Tunisia","Government expenditure on health",2001,NA,559800000,NA,7.35833431917662,NA,559800000,NA,6.06533398342272,1.76334954514528,NA,NA,NA,1.76334954514528,NA,0,NA,0,NA,NA,NA,0,NA,NA,NA
"Tunisia","Government expenditure on health",2003,NA,590300000,NA,7.12019781677824,NA,590300000,NA,5.71116206619646,1.66877749256499,NA,NA,NA,1.66877749256499,NA,0,NA,0,NA,NA,NA,0,NA,NA,NA
"Ukraine","Government expenditure on health",2013,3.32306119077422,14880844794,12879344794,3.19427402064975,48689426106,12879344794,NA,2.49667293495093,1.01562005913194,9.12012356674648,22.2871622354255,NA,0.879017361066559,0.879017361066559,0.7246796600903,63570270901,0.136602698065381,4.33868124997441,3.19427402064975,NA,2001500000,NA,NA,NA
"Turkiye","Government expenditure on health",2008,0.0755407818867005,51386052417.7926,29910782400.5127,5.69934514713084,757490092.965634,13181471574.5472,16729310825.9655,15.909306390975,5.12447966482796,15.2479606508975,1.95501861671529,57.7820724469609,1.31452368605933,2.98285602724074,23.785099468669,52143542510.7583,2.14162363758723,5.20002044671467,11.990634997207,1.66833234118141,21475270017.28,NA,NA,NA
"Tunisia","Government expenditure on health",2000,NA,528900000,NA,7.48927372877756,NA,528900000,NA,6.18784659662587,1.79693817228047,NA,NA,NA,1.79693817228047,NA,0,NA,0,NA,NA,NA,0,NA,NA,NA
"Turkiye","Government expenditure on health",2012,0.0586087924757037,80829941557.9584,41049501716.3982,4.35121157900752,926885891.678815,15817680647.9434,25231821068.4548,16.4455156405857,5.11103396127128,16.0018346017137,1.58162380748562,62.9086732092591,1.00018262319556,2.59563960237848,25.8855063905254,81756827449.6372,2.5153943588928,5.16964275374699,10.483029614979,1.59545697918293,39780439841.5602,NA,NA,NA
"Turkiye","Government expenditure on health",2013,0.0602054479594317,94252640458.6128,47180264779.7961,4.76803920929698,1097802586.22066,19769966152.87,27410298626.9261,16.8166058194701,5.16898257609811,16.1683547644875,1.50209970447265,50.3252134268791,1.08422013512828,2.5874497032213,27.2619919617536,95015646936.4835,2.58153287287682,5.2108272095256,10.6268598027998,1.50322956809302,47072375678.8168,NA,NA,NA
"Tunisia","Government expenditure on health",2010,NA,905400000,NA,6.19009202412044,NA,905400000,NA,4.71022786390594,1.43590068908643,NA,NA,NA,1.43590068908643,NA,0,NA,0,NA,NA,NA,0,NA,NA,NA
"Tunisia","Government expenditure on health",2009,NA,825700000,NA,5.97610138455637,NA,825700000,NA,4.62077417694034,1.40719052715535,NA,NA,NA,1.40719052715535,NA,0,NA,0,NA,NA,NA,0,NA,NA,NA
"Tunisia","Government expenditure on health",2002,NA,572500000,NA,7.20569911014336,NA,572500000,NA,5.85252655360301,1.74005811338188,NA,NA,NA,1.74005811338188,NA,0,NA,0,NA,NA,NA,0,NA,NA,NA
"Turkiye","Government expenditure on health",2011,0.0544784954069975,77725296445.1476,42253884181.9637,5.84753963473162,765383423.48549,18620047136.1721,23633837045.7916,17.5373694536427,5.53233461225433,16.9695780079957,1.47463100031024,62.6290583057181,1.32533854439462,3.00754885029014,25.4397194473333,78490679868.6331,2.5247857619642,5.58681310766133,12.134324454024,1.68221030589552,35471412263.1839,NA,NA,NA
"Tunisia","Government expenditure on health",2004,NA,603600000,NA,6.6762526269218,NA,603600000,NA,5.31024835704294,1.55412799155477,NA,NA,NA,1.55412799155477,NA,0,NA,0,NA,NA,NA,0,NA,NA,NA
"Turkiye","Government expenditure on health",1995,NA,45112000,NA,2.73852886454757,NA,41802000,3310000,2.61440938757959,0.421863600608835,NA,NA,1.66269829309704,0.390910228601049,NA,NA,NA,NA,NA,NA,0.0309533720077861,NA,NA,NA,NA
"Tunisia","Government expenditure on health",1998,NA,475300000,475300000,8.20374484290701,NA,465300000,1e+07,6.63808273511913,1.91440942503273,NA,NA,2.92568753657109,1.87413150740107,1.91440942503273,0,NA,0,NA,7.90375149660769,0.0402779176316584,0,NA,NA,NA
"Ukraine","Government expenditure on health",2002,2.60509896370694,2474476269,2059605069,4.63156327626119,5875056020,2059605069,NA,3.58593446197216,1.09722452724618,9.82000709263315,21.1474699880828,NA,0.913263637424426,0.913263637424426,1.52757419191579,8349532289,0.183960889821755,3.70232349095313,4.63156327626119,NA,414871200,NA,NA,NA
"Ukraine","Government expenditure on health",1999,2.55707376481011,388200000,388200000,1.77031507230383,3449600000,388200000,NA,1.1451259874573,0.287759750550581,NA,21.9027784832631,NA,0.287759750550581,0.287759750550581,0,NA,0,NA,1.77031507230383,NA,0,NA,NA,NA
"Ukraine","Government expenditure on health",2008,2.74472126722827,8597200000,7365500000,3.05002151226903,26194400000,7365500000,NA,2.36512017210478,0.900838258506202,8.06828904713459,19.4711486642687,NA,0.77177734530166,0.77177734530166,0.753032120485139,34791600000,0.129060913204542,3.64555952573447,3.05002151226903,NA,1231700000,NA,NA,NA
"Ukraine","Government expenditure on health",2009,3.18245238381435,8903400000,7534900000,3.10798397438674,2.903e+10,7534900000,NA,2.36482798462121,0.976047073856447,8.59282408330283,21.5178736219629,NA,0.826023440124103,0.826023440124103,0.749182386631761,37933400000,0.150023633732343,4.15849945767079,3.10798397438674,NA,1368500000,NA,NA,NA
"Turkiye","Government expenditure on health",2010,0.0599116735149513,73486953678.7275,39037330204.0475,5.51644086242395,699567336.998821,16098719542.1318,22938610661.9157,18.2715215700198,6.29349905799803,17.7636225550654,1.63722467587988,68.8433483027054,1.37871106640674,3.34319751421468,27.6456367252746,74186521015.7263,2.95030154378335,6.35341073151298,12.5050607324646,1.96448644780794,34449623474.68,NA,NA,NA
"Ukraine","Government expenditure on health",2001,2.52355561191591,1140400000,1140400000,2.83496120697156,5.133e+09,1140400000,NA,1.93374662560875,0.560659033670155,8.4628719048679,20.5982439525514,NA,0.560659033670155,0.560659033670155,0,6273400000,0,3.08421464558607,2.83496120697156,NA,0,NA,NA,NA
"Ukraine","Government expenditure on health",2004,2.49931827110727,4705800000,4105900000,5.16650623179379,8607300000,4105900000,NA,3.92561862821076,1.36643220524166,9.38744772352753,21.3281099002394,NA,1.19223808736065,1.19223808736065,1.28795539496368,13313100000,0.174194117881014,3.86575047634893,5.16650623179379,NA,599900000,NA,NA,NA
"Tunisia","Government expenditure on health",1999,NA,497100000,497100000,7.93876824492702,NA,490600000,6500000,6.32056759231004,1.82651254050956,NA,NA,1.66709412669915,1.80262935500702,1.82651254050956,0,NA,0,NA,7.56655555048176,0.023883185502539,0,NA,NA,NA
"Ukraine","Government expenditure on health",2011,2.97984832202684,11049560000,10223860000,3.0659975199387,38737760000,10223860000,NA,2.18388662311237,0.849972038267957,8.4477970492033,21.4035081903265,NA,0.786456213927635,0.786456213927635,0.357360646876005,49787320000,0.0635158243403224,3.8298203602948,3.0659975199387,NA,825700000,NA,NA,NA
"Ukraine","Government expenditure on health",2000,2.36849839802661,758400000,758400000,2.13533953137406,4165900000,758400000,NA,1.5775679161293,0.431183942260587,NA,22.7155741191097,NA,0.431183942260587,0.431183942260587,0,NA,0,NA,2.13533953137406,NA,0,NA,NA,NA
"Ukraine","Government expenditure on health",2010,3.33408842021002,10132720000,8759020000,2.88515913630542,35986350000,8759020000,NA,2.25252145767708,0.938783300257749,8.79978408420487,22.6835416388268,NA,0.811511785840685,0.811511785840685,0.652553423447175,46119070000,0.127271514417064,4.27287172046776,2.88515913630542,NA,1373700000,NA,NA,NA
"Turkiye","Government expenditure on health",2009,0.0636833048009158,68134250167.19,35392401287.03,5.8248762858886,640891253.870935,15593781458.0706,19798619828.9594,18.3169342216856,6.77028153305524,17.6578549590622,1.58414555063122,63.8877019584179,1.54950396279423,3.51682920493116,28.5460380577334,68775141421.061,3.25345232812408,6.83396483785616,12.2687611316908,1.96732524213693,32741848880.16,NA,NA,NA
"Ukraine","Government expenditure on health",2003,2.71533636761178,3473627262,2943941462,5.27993707294368,7253966030,2943941462,NA,4.1454213000711,1.30026338599167,10.3681001512063,21.4801295211634,NA,1.1019890750562,1.1019890750562,1.76492157147239,10727593292,0.198274310935468,4.01559975360345,5.27993707294368,NA,529685800,NA,NA,NA
"Ukraine","Government expenditure on health",2012,3.35277563611071,1.2808e+10,11358500000,2.87957916085689,47095400000,11358500000,NA,2.18795055587064,0.911816235711047,8.80405404412359,21.3274099836519,NA,0.808624665312611,0.808624665312611,0.56699720315281,59903400000,0.103191570398436,4.26459187182176,2.87957916085689,NA,1449500000,NA,NA,NA
"Tunisia","Government expenditure on health",2008,NA,740100000,NA,5.66107010364478,NA,740100000,NA,4.44307034711299,1.33898525867871,NA,NA,NA,1.33898525867871,NA,0,NA,0,NA,NA,NA,0,NA,NA,NA
"Turkiye","Government expenditure on health",2000,NA,NA,NA,3.5171326943538,NA,1580100000,86400000,NA,NA,NA,NA,2.05303678357571,0.921372267983407,NA,NA,NA,NA,NA,NA,0.0503807125838658,NA,NA,NA,NA
"Ukraine","Government expenditure on health",2007,2.78686863336846,8057700000,7.173e+09,4.11639770152013,2.0162e+10,7.173e+09,NA,3.09900334372527,1.11376606423435,9.0503015462967,20.000456314349,NA,0.991479451798032,0.991479451798032,0.79179759623603,28219700000,0.122286612436319,3.90063469760281,4.11639770152013,NA,884700000,NA,NA,NA
"Ukraine","Government expenditure on health",2006,2.83948945542467,5500700000,4745300000,3.4609942527059,15453200000,4745300000,NA,2.6842346171451,1.01074079462211,8.61937191899381,20.9103382578597,NA,0.871937806591946,0.871937806591946,0.871540633245687,20953900000,0.138802988030168,3.85023025004678,3.4609942527059,NA,755400000,NA,NA,NA
"Turkiye","Government expenditure on health",1996,NA,89526000,NA,2.33980644863319,NA,83084000,6442000,2.25736696497281,0.439932192751025,NA,NA,1.55207971936317,0.408276101942745,NA,NA,NA,NA,NA,NA,0.0316560908082803,NA,NA,NA,NA
"Turkiye","Government expenditure on health",1997,NA,349780000,NA,4.35166660778737,NA,333819000,15961000,4.05924939746061,0.880523281892913,NA,NA,1.68756072881985,0.840343648688347,NA,NA,NA,NA,NA,NA,0.0401796332045651,NA,NA,NA,NA
"Uganda","Government expenditure on health",2013,0.339158506402669,NA,NA,10.6992596425586,2.83662e+11,1.07519e+12,NA,NA,NA,NA,14.2106686972727,NA,1.28554347956048,NA,NA,NA,NA,NA,NA,NA,NA,NA,NA,NA
"Turkiye","Government expenditure on health",1998,NA,663193000,NA,4.13808272470118,NA,631575000,31618000,3.95644169436762,0.921809261584347,NA,NA,2.10806763578128,0.877861624572536,NA,NA,NA,NA,NA,NA,0.0439476370118109,NA,NA,NA,NA
"Ukraine","Government expenditure on health",2005,2.68257399335323,4987900000,4342800000,3.84400566846558,11816600000,4342800000,NA,3.05276654864603,1.1323401673448,8.74722753306269,22.0676337885081,NA,0.985891232531728,0.985891232531728,0.875840065168692,16804500000,0.146448934813074,3.81491416069803,3.84400566846558,NA,645100000,NA,NA,NA
"Tunisia","Government expenditure on health",1997,NA,444900000,444900000,8.19665985642256,NA,437300000,7600000,6.66277293557373,1.93908594042835,NA,NA,2.33846153846154,1.90596152337451,1.93908594042835,0,NA,0,NA,7.86028515397254,0.0331244170538446,0,NA,NA,NA
"Tunisia","Government expenditure on health",1995,NA,392100000,392100000,8.35940215502259,NA,384800000,7300000,7.02159664768454,2.10946606352758,NA,NA,5.08002783576896,2.07019265811123,2.10946606352758,0,NA,0,NA,8.26012766226379,0.0392734054163514,0,NA,NA,NA
"Tunisia","Government expenditure on health",2011,NA,977500000,NA,5.31065281641168,NA,977500000,NA,4.10724640116978,1.51568716837075,NA,NA,NA,1.51568716837075,NA,0,NA,0,NA,NA,NA,0,NA,NA,NA
"Turkiye","Government expenditure on health",1999,NA,NA,NA,4.04306240224183,NA,1086004000,55731000,NA,NA,NA,NA,2.13827028433151,1.01141931036358,NA,NA,NA,NA,NA,NA,0.0519035008949072,NA,NA,NA,NA
"Tunisia","Government expenditure on health",1996,NA,426300000,426300000,8.43796271880895,NA,4.16e+08,10300000,6.86661404893449,2.05771586491691,NA,NA,3.302340493748,2.00799859208406,2.05771586491691,0,NA,0,NA,8.13239221671118,0.0497172728328506,0,NA,NA,NA
"Tunisia","Government expenditure on health",2006,NA,684600000,NA,6.5771902350918,NA,684600000,NA,5.16422008659837,1.49619068017012,NA,NA,NA,1.49619068017012,NA,0,NA,0,NA,NA,NA,0,NA,NA,NA
"Turkiye","Government expenditure on health",2001,NA,NA,NA,3.18655839886081,NA,2598509000,136817000,NA,NA,NA,NA,1.99526620660689,1.05089530833995,NA,NA,NA,NA,NA,NA,0.0553318627725155,NA,NA,NA,NA
"Ukraine","Government expenditure on health",2014,2.9345806171093,11995300000,10580800000,2.46449290603469,46569300000,10580800000,NA,1.55679822310106,0.755887996521553,8.24171548190758,20.7436466337727,NA,0.66675278764143,0.66675278764143,0.53311091797592,58564600000,0.0891352088801228,3.69046861363085,2.46449290603469,NA,1414500000,NA,NA,NA
"Trinidad and Tobago","Government expenditure on health",2001,NA,842800000,NA,NA,NA,NA,NA,6.07550406931899,1.50899061096781,NA,NA,NA,NA,NA,NA,NA,NA,NA,NA,NA,NA,NA,NA,NA
"Trinidad and Tobago","Government expenditure on health",2010,NA,3749700000,NA,NA,NA,NA,NA,7.71416227781435,2.6114182212054,NA,NA,NA,NA,NA,NA,NA,NA,NA,NA,NA,NA,NA,NA,NA
"Uganda","Government expenditure on health",2002,0.631695983878545,NA,NA,13.3720213084437,95669256889.0581,390559904015.54,NA,NA,NA,NA,14.5305675712421,NA,2.57883389976267,NA,NA,NA,NA,NA,NA,NA,NA,NA,NA,NA
"Uganda","Government expenditure on health",2011,0.339783245995186,NA,NA,7.54560346653465,235738218239,664711145786.211,NA,NA,NA,NA,14.0491193176119,NA,0.958086951074837,NA,NA,NA,NA,NA,NA,NA,NA,NA,NA,NA
"Trinidad and Tobago","Government expenditure on health",2012,NA,3905800000,NA,NA,NA,NA,NA,7.17839387618199,2.23979752090614,NA,NA,NA,NA,NA,NA,NA,NA,NA,NA,NA,NA,NA,NA,NA
"Trinidad and Tobago","Government expenditure on health",2006,NA,2259100000,NA,NA,NA,NA,NA,5.91835184210044,1.92408571747024,NA,NA,NA,NA,NA,NA,NA,NA,NA,NA,NA,NA,NA,NA,NA
"Turkiye","Government expenditure on health",2014,0.056893280594263,103600024378.916,52772094347.8758,4.46402752581789,1169098794.03665,20388690647.3258,33281949215.46,16.6610560805591,5.04161434998228,16.1123010977241,1.55117857830967,53.7244302583358,0.992199721584495,2.56811279474,26.2779943046992,104526195767.313,2.47350155524228,5.08668575793106,10.7660440286198,1.61964008952679,50827930031.04,NA,NA,NA
"Uganda","Government expenditure on health",2007,0.491726130209861,NA,NA,8.38612663822586,148412002283,331803102241.861,NA,NA,NA,NA,14.0289607316416,NA,1.09934677079487,NA,NA,NA,NA,NA,NA,NA,NA,NA,NA,NA
"Trinidad and Tobago","Government expenditure on health",2002,NA,1013200000,NA,NA,NA,NA,NA,6.88670781109812,1.77247000210755,NA,NA,NA,NA,NA,NA,NA,NA,NA,NA,NA,NA,NA,NA,NA
"Trinidad and Tobago","Government expenditure on health",2011,NA,3575563000,NA,NA,NA,NA,NA,6.94517381567012,2.1631805416446,NA,NA,NA,NA,NA,NA,NA,NA,NA,NA,NA,NA,NA,NA,NA
"Uganda","Government expenditure on health",2008,0.383539718189068,NA,NA,8.25889906685674,147933414806,356616072259.748,NA,NA,NA,NA,13.2284371966485,NA,0.924581022046741,NA,NA,NA,NA,NA,NA,NA,NA,NA,NA,NA
"Uganda","Government expenditure on health",2006,0.522278653850716,NA,NA,10.2715128441281,134671261104.802,358238591115.441,NA,NA,NA,NA,13.8577852722598,NA,1.38931177736241,NA,NA,NA,NA,NA,NA,NA,NA,NA,NA,NA
"Trinidad and Tobago","Government expenditure on health",2005,NA,2221300000,NA,NA,NA,NA,NA,8.85293988705158,2.18067596645172,NA,NA,NA,NA,NA,NA,NA,NA,NA,NA,NA,NA,NA,NA,NA
"Uganda","Government expenditure on health",2003,0.593805994434954,NA,NA,12.7233461883894,101735468894,399379981664.035,NA,NA,NA,NA,13.4268798857067,NA,2.33108698222565,NA,NA,NA,NA,NA,NA,NA,NA,NA,NA,NA
"Uganda","Government expenditure on health",2012,0.343648469995896,NA,NA,7.95793062540878,266286326430.42,718109259344.782,NA,NA,NA,NA,14.4385089937425,NA,0.926736087322917,NA,NA,NA,NA,NA,NA,NA,NA,NA,NA,NA
"Uganda","Government expenditure on health",2009,0.369808655138106,NA,NA,9.44835239877771,181013940517,467596093107.659,NA,NA,NA,NA,14.615977700786,NA,0.955291519791736,NA,NA,NA,NA,NA,NA,NA,NA,NA,NA,NA
"Trinidad and Tobago","Government expenditure on health",2004,NA,1.577e+09,NA,NA,NA,NA,NA,7.77832033658375,1.85841008485272,NA,NA,NA,NA,NA,NA,NA,NA,NA,NA,NA,NA,NA,NA,NA
"Trinidad and Tobago","Government expenditure on health",2013,NA,4318200000,NA,NA,NA,NA,NA,7.05527135721906,2.34703821352563,NA,NA,NA,NA,NA,NA,NA,NA,NA,NA,NA,NA,NA,NA,NA
"Trinidad and Tobago","Government expenditure on health",2008,NA,3206200000,NA,NA,NA,NA,NA,5.80455826735873,1.80814956985671,NA,NA,NA,NA,NA,NA,NA,NA,NA,NA,NA,NA,NA,NA,NA
"Uganda","Government expenditure on health",2001,0.483862842465822,NA,NA,11.9672822565659,66557517601,314691961136.124,NA,NA,NA,NA,11.9643209780694,NA,2.28776180820454,NA,NA,NA,NA,NA,NA,NA,NA,NA,NA,NA
"Uganda","Government expenditure on health",2005,0.549429504056852,NA,NA,11.0572689185092,1.219e+11,355497544439.58,NA,NA,NA,NA,12.65573089701,NA,1.60230385180367,NA,NA,NA,NA,NA,NA,NA,NA,NA,NA,NA
"Trinidad and Tobago","Government expenditure on health",2007,NA,2799200000,NA,NA,NA,NA,NA,6.86347587289133,2.01642599792775,NA,NA,NA,NA,NA,NA,NA,NA,NA,NA,NA,NA,NA,NA,NA
"Uganda","Government expenditure on health",2000,0.370896545933152,NA,NA,NA,4.7307e+10,NA,NA,NA,NA,NA,11.1329448753671,NA,NA,NA,NA,NA,NA,NA,NA,NA,NA,NA,NA,NA
"Uganda","Government expenditure on health",2010,0.358942171690109,NA,NA,8.634637656866,192924238440,585902231300.018,NA,NA,NA,NA,13.5320618150528,NA,1.09009122441769,NA,NA,NA,NA,NA,NA,NA,NA,NA,NA,NA
"Uganda","Government expenditure on health",2004,0.503995853571003,NA,NA,11.610608185975,98079993197.9943,349989485688.741,NA,NA,NA,NA,12.5604655992866,NA,1.79846310984635,NA,NA,NA,NA,NA,NA,NA,NA,NA,NA,NA
"Trinidad and Tobago","Government expenditure on health",2003,NA,1254700000,NA,NA,NA,NA,NA,7.53211670068436,1.73867367903935,NA,NA,NA,NA,NA,NA,NA,NA,NA,NA,NA,NA,NA,NA,NA
"Trinidad and Tobago","Government expenditure on health",2009,NA,3439400000,NA,NA,NA,NA,NA,7.22418844978418,2.78582427875187,NA,NA,NA,NA,NA,NA,NA,NA,NA,NA,NA,NA,NA,NA,NA
"Trinidad and Tobago","Government expenditure on health",2014,NA,4619800000,NA,NA,NA,NA,NA,7.05519785952523,2.44436614477613,NA,NA,NA,NA,NA,NA,NA,NA,NA,NA,NA,NA,NA,NA,NA
"Tunisia","Government expenditure on health",1992,NA,293500000,293500000,8.10922860064675,NA,293400000,1e+05,6.68017115804807,1.95451969193573,NA,NA,0.0588235294117647,1.95385375677664,1.95451969193573,0,NA,0,NA,7.74794751986484,0.0006659351590922,0,NA,NA,NA
"Tunisia","Government expenditure on health",1991,NA,2.62e+08,2.62e+08,7.843019231348,NA,260600000,1400000,6.40273704789834,1.99514798286731,NA,NA,0.624442462087422,1.98448688677566,1.99514798286731,0,NA,0,NA,7.38673207589726,0.0106610960916574,0,NA,NA,NA
"Tunisia","Government expenditure on health",1993,NA,315900000,315900000,7.9058010911457,NA,315900000,0,6.5125963798293,1.97393505922368,NA,NA,0,1.97393505922368,1.97393505922368,0,NA,0,NA,7.56646706586826,0,0,NA,NA,NA
"Turkiye","Government expenditure on health",1993,NA,14762000,NA,3.27440493202139,NA,13634000,1128000,3.01186014294196,0.540691572503974,NA,NA,1.52953300428486,0.49937602625113,NA,NA,NA,NA,NA,NA,0.0413155462528439,NA,NA,NA,NA
"Tunisia","Government expenditure on health",1990,NA,229100000,229100000,7.28125897787851,NA,228100000,1e+06,6.12141292149842,1.93578091184829,NA,NA,0.70323488045007,1.92733140983236,1.93578091184829,0,NA,0,NA,6.99563345445662,0.0084495020159244,0,NA,NA,NA
"Turkiye","Government expenditure on health",1994,NA,26886000,NA,3.15981647892513,NA,25131000,1755000,2.98045510527372,0.504510926684208,NA,NA,1.64408970827947,0.471578669140104,NA,NA,NA,NA,NA,NA,0.0329322575441042,NA,NA,NA,NA
"Tunisia","Government expenditure on health",1994,NA,359100000,359100000,8.26571408294102,NA,349400000,9700000,7.03952011291461,2.08185173145887,NA,NA,9.70970970970971,2.02561680582492,2.08185173145887,0,NA,0,NA,8.29905246128958,0.0562349256339488,0,NA,NA,NA
"Turkiye","Government expenditure on health",1992,NA,7870000,NA,3.90618225960288,NA,7208000,662000,3.4938026068118,0.522501447845502,NA,NA,1.62541740326066,0.478550246006401,NA,NA,NA,NA,NA,NA,0.0439512018391007,NA,NA,NA,NA
"Turkiye","Government expenditure on health",1990,NA,2437000,NA,3.89106030144479,NA,2181200,255800,3.56722543927959,0.450065584103734,NA,NA,2.08651108917836,0.402824395587635,NA,NA,NA,NA,NA,NA,0.0472411885160998,NA,NA,NA,NA
"Turkiye","Government expenditure on health",1991,NA,3933900,NA,3.27233921536114,NA,3532500,401400,2.9723527896172,0.453190966258405,NA,NA,1.64512242104314,0.406949106054505,NA,NA,NA,NA,NA,NA,0.0462418602039004,NA,NA,NA,NA
"Uganda","Government expenditure on health",1999,0.252912707873809,NA,NA,NA,2.8783e+10,NA,NA,NA,NA,NA,8.08772496733495,NA,NA,NA,NA,NA,NA,NA,NA,NA,NA,NA,NA,NA
"Uganda","Government expenditure on health",1998,0.214632278415183,NA,NA,NA,2.191e+10,NA,NA,NA,NA,NA,9.63407234128624,NA,NA,NA,NA,NA,NA,NA,NA,NA,NA,NA,NA,NA
"Turkiye","Government expenditure on health",2015,0.046717288686129,121005589283.961,63379824744.6756,5.10211188924242,1098296052.64935,25608378069.1947,39360798011.7509,17.1043111227669,5.14711223224145,16.5784163571654,1.36280853900338,58.9821799826288,1.08928188183524,2.69593390810319,26.0342751496087,121955461494.211,2.45117832413827,5.18751614169203,11.5699359086432,1.67425691751845,57625764539.2857,NA,NA,NA
"Uganda","Government expenditure on health",2016,0.39687455351428,NA,NA,7.23893543350122,410356382097.16,1091302936658.14,NA,NA,NA,NA,15.558371434304,NA,1.05544932315071,NA,NA,NA,NA,NA,NA,NA,NA,NA,NA,NA
"Ukraine","Government expenditure on health",2015,2.99468857616427,11851400000,11450400000,2.06992822932774,59550700000,11450400000,NA,1.5890966255061,0.595983795178784,8.42874116203424,21.3860588955442,NA,0.575818287148788,0.575818287148788,0.139503250147418,71402100000,0.0201655080299958,3.59067237134305,2.06992822932774,NA,4.01e+08,NA,NA,NA
"Turkiye","Government expenditure on health",2016,0.050782101595615,138200581111.95,72026176579.64,4.8660345297154,1333822225.4799,29735952218.1,44007886507.91,16.1934817845574,5.26165767561341,15.594490901355,1.338267278767,52.825895143093,1.13212549448904,2.74222497326807,24.7518574308259,139334489076.895,2.51943270234533,5.30482851830588,10.8196186148712,1.67549537034361,66174404532.31,NA,NA,NA
"Turkiye","Government expenditure on health",2017,0.0409232117100428,163799444927.731,84995240155.0008,5.25831627418018,1282412428.68643,38222534278.9109,49423871491,16.2771110833877,5.22702307995493,15.5692201302822,0.96636091222731,42.5729141074777,1.21972372335196,2.71229296395062,25.7420695985385,164620831173.477,2.51473011600431,5.25323443168428,10.7153979051672,1.5771708939439,78804204772.73,NA,NA,NA
"Ukraine","Government expenditure on health",2016,2.64272960932217,12939700000,12464630000,1.83116111121827,63038800000,12464630000,NA,1.58937871452958,0.542461600248515,7.88419178273553,18.0568624401232,NA,0.522545587324718,0.522545587324718,0.172106128369219,75978500000,0.0199172705919047,3.18519120957069,1.83116111121827,NA,475100000,NA,NA,NA
"Uganda","Government expenditure on health",2014,0.354470734830031,NA,NA,7.10687099813937,320271398333.63,827441998374.954,NA,NA,NA,NA,14.1695598294085,NA,0.91579820964113,NA,NA,NA,NA,NA,NA,NA,NA,NA,NA,NA
"Uganda","Government expenditure on health",2015,0.371908654584776,NA,NA,6.78878673337604,363020037740.2,877027335010.18,NA,NA,NA,NA,14.5297667507864,NA,0.898501521370946,NA,NA,NA,NA,NA,NA,NA,NA,NA,NA,NA
"Trinidad and Tobago","Government expenditure on health",2016,NA,4774100000,NA,NA,NA,NA,NA,8.62101033813372,3.0467375216036,NA,NA,NA,NA,NA,NA,NA,NA,NA,NA,NA,NA,NA,NA,NA
"Uganda","Government expenditure on health",2017,0.344623914611312,NA,NA,6.98173138902279,393133176832,1166815789813.42,NA,NA,NA,NA,13.8775237194333,NA,1.02284072882413,NA,NA,NA,NA,NA,NA,NA,NA,NA,NA,NA
"Ukraine","Government expenditure on health",2017,2.87178670564413,16729400000,16729400000,2.00231006224592,85663100000,16729400000,NA,1.639796971692,0.560839714105641,8.28513279762004,17.3330875574545,NA,0.560839714105641,0.560839714105641,0,102392500000,0,3.43262641974978,2.00231006224592,NA,0,NA,NA,NA
"Turkiye","Government expenditure on health",2019,0.0420340660655913,236800780233.594,119901322344.154,5.10662210384482,1814951032.32539,53061885293.0543,70071847221.1,16.2381109621094,5.48427999623184,15.8567692187728,1.23514033570365,47.9393339239145,1.22890742077784,2.77690142323485,25.5228127835992,238077145786.57,2.70737857299699,5.51384048189899,10.540214493966,1.62285626607566,116899457889.44,NA,NA,NA
"Turkiye","Government expenditure on health",2018,0.0482869211662437,190098153964.312,95134437315.1021,4.70993890209453,1816151048.88911,41498140071.9621,56569674030,15.415726645457,5.05423520798994,14.8695363556428,1.22752157573477,45.176166838097,1.10333191692742,2.52938712208941,25.711905562198,191538927120.451,2.52484808590053,5.09254176836744,9.87366596560316,1.50404636880701,94963716649.21,NA,NA,NA
"Uganda","Government expenditure on health",2019,0.363004559894491,NA,NA,7.616892310403,508507677637,1421676159008.14,NA,NA,NA,NA,14.6912323971812,NA,1.01488129109752,NA,NA,NA,NA,NA,NA,NA,NA,NA,NA,NA
"Ukraine","Government expenditure on health",2018,2.61870481773737,2.3456e+10,2.2618e+10,2.32439287850746,93233800000,2.2618e+10,NA,1.93239644180699,0.658820515787706,7.90568553548453,16.4016900986243,NA,0.63528318665102,0.63528318665102,0.214388486263787,116689800000,0.0235373291366856,3.27752533352508,2.32439287850746,NA,8.38e+08,NA,NA,NA
"Trinidad and Tobago","Government expenditure on health",2019,NA,4573500000,NA,NA,NA,NA,NA,8.18989599449888,2.83913661095157,NA,NA,NA,NA,NA,NA,NA,NA,NA,NA,NA,NA,NA,NA,NA
"Trinidad and Tobago","Government expenditure on health",2018,NA,5096600000,NA,NA,NA,NA,NA,9.57176286758492,3.09483869931894,NA,NA,NA,NA,NA,NA,NA,NA,NA,NA,NA,NA,NA,NA,NA
"Ukraine","Government expenditure on health",2019,2.25832357353091,39383500000,38566500000,3.60673635273024,8.9818e+10,38566500000,NA,2.92652851826191,0.990232319336377,7.87794329532006,15.9442085837209,NA,0.969690219093945,0.969690219093945,0.173980261651833,129201500000,0.020542100242432,3.24855589286729,3.60673635273024,NA,8.17e+08,NA,NA,NA
"Turkiye","Government expenditure on health",2020,0.039233840267845,298568195264.516,165955222689.506,6.50355753953204,1980747089.24,83190077186.3359,85590852286.3,16.8436683351394,5.91391851372673,16.620847682213,1.31159198162294,48.1196789936402,1.64779553024648,3.28717418492483,24.0520241189738,300046661724.756,2.6267443288019,5.94320338167253,11.8949764579169,1.6953491161145,132612972575.01,NA,NA,NA
"Uganda","Government expenditure on health",2020,NA,NA,NA,7.02407693069287,NA,1908234198830.22,NA,NA,NA,NA,NA,NA,1.35159380583509,NA,NA,NA,NA,NA,NA,NA,NA,NA,NA,NA
"Trinidad and Tobago","Government expenditure on health",2015,NA,4.824e+09,NA,NA,NA,NA,NA,7.56404507066988,2.81698572902531,NA,NA,NA,NA,NA,NA,NA,NA,NA,NA,NA,NA,NA,NA,NA
"Ukraine","Government expenditure on health",2020,1.20477704305942,125234700000,124923800000,9.72916713557406,5.0866e+10,124923800000,NA,7.84223515415021,2.96622285130409,9.26491040930381,10.7168327762403,NA,2.95885908803025,2.95885908803025,0.0587302552810948,176100700000,0.0073637632738405,4.17099989436351,9.72916713557406,NA,310900000,NA,NA,NA
"Uganda","Government expenditure on health",2021,NA,NA,NA,8.24413439682482,NA,2784136498567.31,NA,NA,NA,NA,NA,NA,1.81479828865045,NA,NA,NA,NA,NA,NA,NA,NA,NA,NA,NA
"Ukraine","Government expenditure on health",2021,0.606369654482199,171664500000,171016500000,11.5542562888107,33105200000,171016500000,NA,9.30467205224269,3.14428378477881,9.32625253071241,5.84889052844111,NA,3.1324147268633,3.1324147268633,0.112902253480195,204769700000,0.0118690579155077,3.75065343926101,11.5542562888107,NA,6.48e+08,NA,NA,NA
"Turkiye","Government expenditure on health",2021,0.0307286288407196,376986208311.9,204736773639.09,6.41005942825071,2229712863.44113,107347369821.36,110135230062.55,16.3787271517922,5.19540854933603,16.1662284035864,1.10134015373426,49.5933603713727,1.47940012292759,2.82156524741605,26.54625631249,378469929816.031,2.37384330191998,5.21585635145036,11.3600094091907,1.51782082005678,172249434672.81,NA,NA,NA
"Turkiye","Government expenditure on health",2022,0.0263959014164814,658755596963.16,382908105417.84,5.73876096203359,3962493591.18343,195583862499.07,194499263034.19,15.1024547313481,4.38825890688741,14.8091723177371,0.89875335831206,47.2785936157463,1.3028695780523,2.550718220635,27.2993526115976,662038337747.233,1.83754068625241,4.41012667780445,10.5552174687423,1.29564458704789,275847491545.32,NA,NA,NA
"Ukraine","Government expenditure on health",2022,0.632810204081633,184605100000,1.84268e+11,6.84031588666966,31007700000,1.84268e+11,NA,5.97316569585992,3.76745102040816,6.29265567517442,6.43160227223937,NA,3.76057142857143,3.76057142857143,0.0528040749520244,215612800000,0.0068795918367346,4.4002612244898,6.84031588666966,NA,337100000,NA,NA,NA
"Uganda","Government expenditure on health",2018,0.308407149910982,NA,NA,5.53542219799356,391492036097,1024071899462.07,NA,NA,NA,NA,12.5545902734797,NA,0.806736961920648,NA,NA,NA,NA,NA,NA,NA,NA,NA,NA,NA
"Turkiye","Government expenditure on health",2023,0.0302626677279495,1379697556387.24,836607149639.33,6.51980589042975,7951911590.55781,465185583708.18,382426254467.08,15.174854958768,5.25072848691996,14.8270188826184,0.884977222879587,46.8874063318475,1.77036132649022,3.18388401330126,27.2605742053243,1385638309016.69,2.06684447361871,5.27333726731592,11.0235600837105,1.45540333762308,543090406747.91,NA,NA,NA
"Uganda","Government expenditure on health",2023,NA,NA,NA,11.1804581753797,NA,3996870396.55759,NA,NA,NA,NA,NA,NA,0.0020994281914274,NA,NA,NA,NA,NA,NA,NA,NA,NA,NA,NA
"Trinidad and Tobago","Government expenditure on health",2017,NA,5046100000,NA,NA,NA,NA,NA,8.85187524120268,3.12767658421319,NA,NA,NA,NA,NA,NA,NA,NA,NA,NA,NA,NA,NA,NA,NA
"Uganda","Government expenditure on health",2022,NA,NA,NA,8.12178256600409,NA,2769415264460.92,NA,NA,NA,NA,NA,NA,1.58215233257404,NA,NA,NA,NA,NA,NA,NA,NA,NA,NA,NA
"United States","Government expenditure on health",2013,NA,1.008989e+12,NA,NA,NA,NA,NA,25.8446344007361,5.97718396924294,22.14627406812,NA,NA,NA,NA,NA,1.45034e+12,NA,8.59171804445024,NA,NA,NA,22.8104010949853,7.2111e+11,4.27180785128557
"United States","Government expenditure on health",2007,NA,7.65523e+11,NA,NA,NA,NA,NA,24.8600103593795,5.28886125360554,20.5731535256823,NA,NA,NA,NA,NA,1.112871e+12,NA,7.68862635369708,NA,NA,NA,20.1917241545617,5.52638e+11,3.81807692972002
"United States","Government expenditure on health",1998,NA,369942293580,NA,NA,NA,NA,NA,20.2687086586283,4.08197547210721,17.8961814536763,NA,NA,NA,NA,NA,561178337970,NA,6.19209063366003,NA,NA,NA,19.3605470628099,298159044390,3.2899128515667
"United States","Government expenditure on health",1995,NA,322384099080,NA,NA,NA,NA,NA,18.9978470841846,4.21982524401976,17.5005472649999,NA,NA,NA,NA,NA,498643064680,NA,6.52695526267221,NA,NA,NA,19.9539273989707,270192965600,3.53667287018554
"United States","Government expenditure on health",2010,NA,9.66074e+11,NA,NA,NA,NA,NA,24.1439850968547,6.4195335562721,20.4952187121756,NA,NA,NA,NA,NA,1.326858e+12,NA,8.81693271468655,NA,NA,NA,21.5557556320812,6.56002e+11,4.35911415893773
"United Arab Emirates","Government expenditure on health",1999,NA,1.448e+09,NA,7.22194513715711,NA,1.448e+09,NA,7.22194513715711,0.467050548809583,NA,NA,NA,0.467050548809583,NA,NA,NA,NA,NA,NA,NA,NA,NA,NA,NA
"United States","Government expenditure on health",2006,NA,7.09611e+11,NA,NA,NA,NA,NA,24.5616968075827,5.13630244071919,20.2611911132727,NA,NA,NA,NA,NA,1.026483e+12,NA,7.42988360983236,NA,NA,NA,19.8312244511306,5.08707e+11,3.68212021193434
"United States","Government expenditure on health",1997,NA,361677910200,NA,NA,NA,NA,NA,20.1944313868705,4.2165642893367,17.979596212205,NA,NA,NA,NA,NA,547479909460,NA,6.38270729357451,NA,NA,NA,19.498548684353,286819999250,3.34384526175889
"United Arab Emirates","Government expenditure on health",1997,NA,1.391e+09,NA,7.70637119113573,NA,1.391e+09,NA,7.70637119113573,0.49101752476108,NA,NA,NA,0.49101752476108,NA,NA,NA,NA,NA,NA,NA,NA,NA,NA,NA
"Uzbekistan","Government expenditure on health",2012,NA,2.6921e+11,2.6921e+11,2.33132553215227,NA,2.6921e+11,0,1.29941520957852,0.210995770126939,9.39463270111677,NA,0,0.210995770126939,0.210995770126939,0,2.796684e+12,0,2.19192635630804,2.02654798181122,0,0,20.7706074054556,2.527474e+12,1.9809305861811
"Uzbekistan","Government expenditure on health",2013,NA,6.29336e+11,6.29336e+11,2.12289771436968,NA,3.17836e+11,3.115e+11,2.37385849700691,0.410495413642125,10.2157157894163,NA,9.74979185837606,0.207314090232179,0.410495413642125,0,3.746246e+12,0,2.44355447864917,3.61083475337223,0.203181323409946,0,21.1822871006544,3.11691e+12,2.03305906500705
"United States","Government expenditure on health",1996,NA,344761427500,NA,NA,NA,NA,NA,19.5943067475907,4.27048296043973,17.8058019683558,NA,NA,NA,NA,NA,526246080340,NA,6.51849290503987,NA,NA,NA,19.9234649665324,280054652850,3.46897456499187
"United States","Government expenditure on health",1999,NA,381356551230,NA,NA,NA,NA,NA,20.1574874095833,3.95960566836341,17.7636899515756,NA,NA,NA,NA,NA,584454358300,NA,6.06835986574847,NA,NA,NA,19.4360351829993,320601807070,3.32879225089358
"United States","Government expenditure on health",2000,NA,405199760840,NA,NA,NA,NA,NA,20.5744000570965,3.95280204117667,17.9679769477484,NA,NA,NA,NA,NA,623137107640,NA,6.07882301289149,NA,NA,NA,19.5125392351202,345052346800,3.36605238343763
"United States","Government expenditure on health",2005,NA,6.43331e+11,NA,NA,NA,NA,NA,23.3976151803308,4.93382262715504,19.6617141785104,NA,NA,NA,NA,NA,9.47417e+11,NA,7.26591355297871,NA,NA,NA,20.4936655950128,5.02053e+11,3.85033591017854
"United States","Government expenditure on health",2002,NA,5.03382e+11,NA,NA,NA,NA,NA,22.5456236009255,4.605887035529,18.9877626697166,NA,NA,NA,NA,NA,7.62345e+11,NA,6.97536851158833,NA,NA,NA,19.8830445339531,4.20083e+11,3.84371082705804
"Uzbekistan","Government expenditure on health",2011,NA,239120300000,239120300000,2.58512277977238,NA,239120300000,0,1.46092160576931,0.231632591183907,10.1782305446699,NA,0,0.231632591183907,0.231632591183907,0,2390571400000,0,2.31571408948609,2.32127669825247,0,0,22.273186285,2151451100000,2.08408149830218
"Uruguay","Government expenditure on health",2000,NA,4.428e+09,NA,12.6189797663152,NA,4.428e+09,0,5.78906770908235,1.47602378696313,NA,NA,0,1.47602378696313,NA,0,NA,0,NA,NA,0,0,NA,NA,NA
"United States","Government expenditure on health",2004,NA,6.037e+11,NA,NA,NA,NA,NA,23.7112762298874,4.94140421169378,19.7730260718756,NA,NA,NA,NA,NA,8.90655e+11,NA,7.29018778891192,NA,NA,NA,20.5046749989485,4.7777e+11,3.91064219019536
"United States","Government expenditure on health",2011,NA,9.70819e+11,NA,NA,NA,NA,NA,24.1507176289574,6.22330842370619,20.9731632441059,NA,NA,NA,NA,NA,1.370876e+12,NA,8.78782158018811,NA,NA,NA,21.9774498628114,6.70352e+11,4.29720395712104
"United States","Government expenditure on health",2008,NA,8.09459e+11,NA,NA,NA,NA,NA,23.6773504361007,5.48048219853282,20.119461783815,NA,NA,NA,NA,NA,1.179125e+12,NA,7.98332413667031,NA,NA,NA,20.3816837597111,5.83837e+11,3.95289728737936
"Uruguay","Government expenditure on health",1995,NA,2.141e+09,NA,13.2273104681612,NA,2.071e+09,7e+07,6.0497315625883,1.45652349772842,NA,NA,6.28930817610063,1.40890245856869,NA,0,NA,0,NA,NA,0.0476210391597335,0,NA,NA,NA
"Uruguay","Government expenditure on health",2005,NA,NA,NA,7.93208039033814,NA,7134639000,NA,NA,NA,NA,NA,NA,1.54524937873148,NA,NA,NA,NA,NA,NA,NA,NA,NA,NA,NA
"Uruguay","Government expenditure on health",1996,NA,2.88e+09,NA,14.1634399836968,NA,2.78e+09,1e+08,6.01076929498685,1.46779009131853,NA,NA,4.9800796812749,1.41682515759219,NA,0,NA,0,NA,NA,0.0509649337263377,0,NA,NA,NA
"United States","Government expenditure on health",2003,NA,5.55877e+11,NA,NA,NA,NA,NA,23.0742345317571,4.85208768859463,19.2346401387884,NA,NA,NA,NA,NA,8.21227e+11,NA,7.16825019966918,NA,NA,NA,19.8943468592162,4.41937e+11,3.85753876637178
"Uruguay","Government expenditure on health",1998,NA,4.209e+09,NA,12.2830721191377,NA,4.091e+09,1.18e+08,5.79169705392649,1.45745363418878,NA,NA,3.62965241464165,1.41659368435882,NA,0,NA,0,NA,NA,0.0408599498299539,0,NA,NA,NA
"United States","Government expenditure on health",2012,NA,9.81983e+11,NA,NA,NA,NA,NA,24.9095175282837,6.04150375754817,21.5303787044758,NA,NA,NA,NA,NA,1.403e+12,NA,8.63174797510759,NA,NA,NA,22.314164728134,6.87102e+11,4.22729244276007
"Uruguay","Government expenditure on health",1999,NA,4.459e+09,NA,11.8169473112439,NA,4.351e+09,1.08e+08,5.86101289449125,1.50926311798995,NA,NA,2.94679399727149,1.47270774307564,NA,0,NA,0,NA,NA,0.0365553749143114,0,NA,NA,NA
"Uruguay","Government expenditure on health",1997,NA,3.513e+09,NA,12.1328360859528,NA,3.416e+09,9.7e+07,5.63314786010936,1.42887053638854,NA,NA,3.45072927783707,1.38941695197929,NA,0,NA,0,NA,NA,0.039453584409248,0,NA,NA,NA
"United States","Government expenditure on health",2001,NA,4.58785e+11,NA,NA,NA,NA,NA,22.0043194721093,4.33555331378743,18.5499665095997,NA,NA,NA,NA,NA,6.99008e+11,NA,6.6056790234291,NA,NA,NA,19.4185850931289,3.85603e+11,3.64397782067062
"Uruguay","Government expenditure on health",2004,NA,NA,NA,7.52913163841712,NA,6520692471,NA,NA,NA,NA,NA,NA,1.52792372551381,NA,NA,NA,NA,NA,NA,NA,NA,NA,NA,NA
"United Kingdom","Government expenditure on health",2004,0,8.2814e+10,8.2814e+10,17.0313319417166,0,8.2814e+10,NA,17.0313319417166,6.26127954986894,15.4103969490413,0,NA,6.26127954986894,6.26127954986894,NA,8.1705e+10,NA,6.17743190308452,17.0313319417166,NA,NA,NA,NA,NA
"United Kingdom","Government expenditure on health",2002,0,6.6664e+10,6.6664e+10,16.2543187420605,0,6.6664e+10,NA,16.2543187420605,5.59525078497514,14.7784407052356,0,NA,5.59525078497514,5.59525078497514,NA,6.6135e+10,NA,5.55085069399273,16.2543187420605,NA,NA,NA,NA,NA
"Uzbekistan","Government expenditure on health",2014,NA,821613966300,821613966300,2.25466733281705,NA,414213966300,4.074e+11,2.5811863857373,0.439766731747129,10.4363704060287,NA,11.0830725335926,0.221706944715268,0.439766731747129,0,4571689247400,0,2.44698474144303,3.88624828271633,0.218059787031861,0,21.701864145826,3750075281100,2.0072180096959
"United Kingdom","Government expenditure on health",1999,0,5.2162e+10,5.2162e+10,15.5235269434169,0,5.2162e+10,NA,15.5235269434169,4.99996165820591,14.0874364258155,0,NA,4.99996165820591,4.99996165820591,NA,5.1409e+10,NA,4.92778323083294,15.5235269434169,NA,NA,NA,NA,NA
"United Kingdom","Government expenditure on health",1995,0,4.2917e+10,4.2917e+10,14.1088946164164,0,4.2917e+10,NA,14.1088946164164,5.03812313272955,12.9243119617166,0,NA,5.03812313272955,5.03812313272955,NA,4.2213e+10,NA,4.95547898972231,14.1088946164164,NA,NA,NA,NA,NA
"United Arab Emirates","Government expenditure on health",1995,NA,NA,NA,6.66741434419335,NA,1.189e+09,NA,NA,NA,NA,NA,NA,0.5106119737346,NA,NA,NA,NA,NA,NA,NA,NA,NA,NA,NA
"Uruguay","Government expenditure on health",2003,NA,NA,NA,7.79342170090793,NA,6116889961,NA,NA,NA,NA,NA,NA,1.65711402404691,NA,NA,NA,NA,NA,NA,NA,NA,NA,NA,NA
"United Kingdom","Government expenditure on health",2010,0,1.2254e+11,1.2254e+11,17.4514900131734,0,1.2254e+11,NA,17.4514900131734,7.6180268850327,16.0427561437965,0,NA,7.6180268850327,7.6180268850327,NA,1.22035e+11,NA,7.58663220919671,17.4514900131734,NA,NA,NA,NA,NA
"United Kingdom","Government expenditure on health",2011,0,1.2409e+11,1.2409e+11,17.6905486935596,0,1.2409e+11,NA,17.6905486935596,7.46365610282752,16.117127019522,0,NA,7.46365610282752,7.46365610282752,NA,1.22583e+11,NA,7.37301439320578,17.6905486935596,NA,NA,NA,NA,NA
"United Kingdom","Government expenditure on health",1996,0,4.4698e+10,4.4698e+10,14.3224260135092,0,4.4698e+10,NA,14.3224260135092,4.91190591575979,13.1437399520688,0,NA,4.91190591575979,4.91190591575979,NA,4.3985e+10,NA,4.83355366469852,14.3224260135092,NA,NA,NA,NA,NA
"United Arab Emirates","Government expenditure on health",1998,NA,1.45e+09,NA,7.56390193009911,NA,1.45e+09,NA,7.56390193009911,0.524311353793251,NA,NA,NA,0.524311353793251,NA,NA,NA,NA,NA,NA,NA,NA,NA,NA,NA
"United Kingdom","Government expenditure on health",1997,0,4.5096e+10,4.5096e+10,14.2035093023915,0,4.5096e+10,NA,14.2035093023915,4.72999407387207,12.9804191100127,0,NA,4.72999407387207,4.72999407387207,NA,4.4382e+10,NA,4.65510459878016,14.2035093023915,NA,NA,NA,NA,NA
"United States","Government expenditure on health",2009,NA,9.11606e+11,NA,NA,NA,NA,NA,24.1527900316083,6.29646948311409,20.1508180772534,NA,NA,NA,NA,NA,1.260157e+12,NA,8.7039138558024,NA,NA,NA,20.7955479178777,6.22846e+11,4.30200199612517
"Uruguay","Government expenditure on health",2006,NA,NA,NA,8.5915980870336,NA,8653911000,NA,NA,NA,NA,NA,NA,1.69008552849483,NA,NA,NA,NA,NA,NA,NA,NA,NA,NA,NA
"United Kingdom","Government expenditure on health",2008,0,1.09704e+11,1.09704e+11,16.9341506297206,0,1.09704e+11,NA,16.9341506297206,6.88403614457831,15.4621568119719,0,NA,6.88403614457831,6.88403614457831,NA,1.09274e+11,NA,6.8570532128514,16.9341506297206,NA,NA,NA,NA,NA
"United States","Government expenditure on health",2014,NA,1.107939e+12,NA,NA,NA,NA,NA,27.6164816659338,6.29220317325098,23.2072972937184,NA,NA,NA,NA,NA,1.559778e+12,NA,8.85828559258865,NA,NA,NA,23.8561719707159,7.80041e+11,4.43000603414617
"United Kingdom","Government expenditure on health",2005,0,8.9566e+10,8.9566e+10,16.9471128829921,0,8.9566e+10,NA,16.9471128829921,6.40329322844914,15.2879443242944,0,NA,6.40329322844914,6.40329322844914,NA,8.822e+10,NA,6.30706438396024,16.9471128829921,NA,NA,NA,NA,NA
"United Kingdom","Government expenditure on health",2009,0,1.20498e+11,1.20498e+11,17.9944716481567,0,1.20498e+11,NA,17.9944716481567,7.78007776332934,16.2771713906619,0,NA,7.78007776332934,7.78007776332934,NA,1.19242e+11,NA,7.69898282672672,17.9944716481567,NA,NA,NA,NA,NA
"United Kingdom","Government expenditure on health",2000,0,5.5166e+10,5.5166e+10,15.5911912002442,0,5.5166e+10,NA,15.5911912002442,5.01166475282352,14.0556789016198,0,NA,5.01166475282352,5.01166475282352,NA,5.4381e+10,NA,4.94034986990712,15.5911912002442,NA,NA,NA,NA,NA
"United Kingdom","Government expenditure on health",2001,0,6.0342e+10,6.0342e+10,15.9458166741099,0,6.0342e+10,NA,15.9458166741099,5.2648248243008,14.4300583169196,0,NA,5.2648248243008,5.2648248243008,NA,5.9782e+10,NA,5.21596496049767,15.9458166741099,NA,NA,NA,NA,NA
"United Kingdom","Government expenditure on health",2012,0,1.25938e+11,1.25938e+11,17.2065017945926,0,1.25938e+11,NA,17.2065017945926,7.34882988128131,16.0929495967794,0,NA,7.34882988128131,7.34882988128131,NA,1.256e+11,NA,7.3291066484217,17.2065017945926,NA,NA,NA,NA,NA
"United Kingdom","Government expenditure on health",2006,0,9.6875e+10,9.6875e+10,17.5554798467622,0,9.6875e+10,NA,17.5554798467622,6.58101217495744,15.8630723035634,0,NA,6.58101217495744,6.58101217495744,NA,9.5516e+10,NA,6.48869118867855,17.5554798467622,NA,NA,NA,NA,NA
"United Kingdom","Government expenditure on health",2007,0,1.0213e+11,1.0213e+11,17.5561037242043,0,1.0213e+11,NA,17.5561037242043,6.61190946481277,15.8557639797105,0,NA,6.61190946481277,6.61190946481277,NA,1.00748e+11,NA,6.52243860531633,17.5561037242043,NA,NA,NA,NA,NA
"United Kingdom","Government expenditure on health",2003,0,7.3949e+10,7.3949e+10,16.4044216004454,0,7.3949e+10,NA,16.4044216004454,5.87673860835041,14.9617370695037,0,NA,5.87673860835041,5.87673860835041,NA,7.3102e+10,NA,5.80942738573384,16.4044216004454,NA,NA,NA,NA,NA
"United Arab Emirates","Government expenditure on health",1996,NA,NA,NA,7.33836715431807,NA,1.244e+09,NA,NA,NA,NA,NA,NA,0.465145236289253,NA,NA,NA,NA,NA,NA,NA,NA,NA,NA,NA
"United Kingdom","Government expenditure on health",1998,0,4.8111e+10,4.8111e+10,14.7614167720082,0,4.8111e+10,NA,14.7614167720082,4.81832266567585,13.3925593437841,0,NA,4.81832266567585,4.81832266567585,NA,4.7381e+10,NA,4.74521307439852,14.7614167720082,NA,NA,NA,NA,NA
"United Kingdom","Government expenditure on health",2013,0.127149971286,1.30776e+11,1.30776e+11,18.140078760145,2.265e+09,1.30776e+11,NA,18.140078760145,7.34135304410504,16.7549519596517,1.15005559871438,NA,7.34135304410504,7.34135304410504,NA,1.30823e+11,NA,7.34399147618029,18.140078760145,NA,NA,NA,NA,NA
"United States","Government expenditure on health",1981,NA,81994660180,NA,NA,NA,NA,NA,11.0354594799721,2.5567203305244,11.6673753036152,NA,NA,NA,NA,NA,131510562710,NA,4.10070276065824,NA,NA,NA,14.718202096326,69024902540,2.15230322619874
"United States","Government expenditure on health",1992,NA,248701588160,NA,NA,NA,NA,NA,16.0962626316498,3.81425140863377,15.5815033378735,NA,NA,NA,NA,NA,394722878560,NA,6.05373012173473,NA,NA,NA,19.0589926080683,219608290390,3.36805742643196
"United States","Government expenditure on health",1991,NA,219059727610,NA,NA,NA,NA,NA,15.4122785856994,3.55724717523597,14.9289210216029,NA,NA,NA,NA,NA,349441534570,NA,5.67447940030448,NA,NA,NA,17.9908813300364,191530806960,3.11021304309347
"United States","Government expenditure on health",1982,NA,90591872100,NA,NA,NA,NA,NA,11.0069497384874,2.70924912076081,11.7306741185541,NA,NA,NA,NA,NA,146371622070,NA,4.37740361474969,NA,NA,NA,15.0251382478151,75928749960,2.27073239906693
"United States","Government expenditure on health",1972,NA,23244615640,NA,NA,NA,NA,NA,8.34554152042878,1.83045129385645,9.05544191346318,NA,NA,NA,NA,NA,39634549740,NA,3.12111475520189,NA,NA,NA,11.6526389808862,22780934100,1.79393761309806
"United States","Government expenditure on health",1973,NA,25632437160,NA,NA,NA,NA,NA,8.64779035214955,1.80706601047701,9.62058836238337,NA,NA,NA,NA,NA,45375574290,NA,3.19894114997739,NA,NA,NA,12.0319246631514,25813137130,1.8198052116635
"United States","Government expenditure on health",1993,NA,275188671160,NA,NA,NA,NA,NA,17.2688597649237,4.0123447545035,16.4340103393839,NA,NA,NA,NA,NA,431548045720,NA,6.29211780507542,NA,NA,NA,19.7628288872253,239442374560,3.49115154894256
"United States","Government expenditure on health",1984,NA,111557492310,NA,NA,NA,NA,NA,11.6182453199529,2.76293121766374,12.1081153277269,NA,NA,NA,NA,NA,176976488560,NA,4.38315576040519,NA,NA,NA,14.9083748021987,88176996250,2.18386923705621
"Uruguay","Government expenditure on health",1991,NA,2.75e+08,NA,10.4247104247104,NA,2.7e+08,5e+06,4.95495495495495,1.01376537584637,NA,NA,1.85873605947955,0.995333278103713,NA,0,NA,0,NA,NA,0.0184320977426614,0,NA,NA,NA
"United States","Government expenditure on health",1987,NA,140741219530,NA,NA,NA,NA,NA,12.321734916936,2.89874300046342,12.42740566438,NA,NA,NA,NA,NA,223261966520,NA,4.59836190762577,NA,NA,NA,14.9869447986953,112649746990,2.32016367828639
"United States","Government expenditure on health",1994,NA,296181181310,NA,NA,NA,NA,NA,18.1481845570484,4.06437519379739,17.0514407108819,NA,NA,NA,NA,NA,463854780600,NA,6.36529253970977,NA,NA,NA,19.8982852087887,254690599290,3.49501662890665
"United States","Government expenditure on health",1977,NA,47155602600,NA,NA,NA,NA,NA,10.2662843984167,2.26748367774207,10.8392778870234,NA,NA,NA,NA,NA,77093546110,NA,3.70705383507665,NA,NA,NA,13.2345658083247,42038943510,2.02144841721195
"United States","Government expenditure on health",1980,NA,70372458780,NA,NA,NA,NA,NA,10.7218412577851,2.46287904876064,11.4268469193345,NA,NA,NA,NA,NA,114279547550,NA,3.99952919426387,NA,NA,NA,14.0180555171929,60246088770,2.10847869143342
"Uruguay","Government expenditure on health",1992,NA,5.66e+08,NA,11.8000429092469,NA,5.5e+08,1.6e+07,5.56812592228234,1.21108729704969,NA,NA,3.59550561797753,1.17685161374087,NA,0,NA,0,NA,NA,0.0342356833088253,0,NA,NA,NA
"United States","Government expenditure on health",1979,NA,60162312000,NA,NA,NA,NA,NA,10.6692844187669,2.28986942993349,11.2720748079226,NA,NA,NA,NA,NA,98329093780,NA,3.7425554044513,NA,NA,NA,13.6719745642887,52854781780,2.01173367512584
"United States","Government expenditure on health",1985,NA,120744008880,NA,NA,NA,NA,NA,11.5738882081763,2.78276120949528,11.9998300420762,NA,NA,NA,NA,NA,191588254770,NA,4.4154933111316,NA,NA,NA,14.8145000112616,96136245890,2.21563138718599
"United Arab Emirates","Government expenditure on health",1994,NA,NA,NA,7.23095223189132,NA,1.155e+09,NA,NA,NA,NA,NA,NA,0.548184188220172,NA,NA,NA,NA,NA,NA,NA,NA,NA,NA,NA
"Uruguay","Government expenditure on health",1994,NA,1.661e+09,NA,11.5693012600229,NA,1.616e+09,4.5e+07,5.78403036528885,1.57074472128658,NA,NA,2.47388675096207,1.52818992751301,NA,0,NA,0,NA,NA,0.0425547937735678,0,NA,NA,NA
"United States","Government expenditure on health",1989,NA,170585738020,NA,NA,NA,NA,NA,13.4861190673261,3.02371203240216,13.2806758038512,NA,NA,NA,NA,NA,271403764330,NA,4.81075872677964,NA,NA,NA,15.6003328757981,138906026310,2.46217431774674
"Uruguay","Government expenditure on health",1993,NA,8.62e+08,NA,9.07179997787366,NA,8.2e+08,4.2e+07,4.76164171684251,1.21520190517966,NA,NA,7.07070707070707,1.15599253160942,NA,0,NA,0,NA,NA,0.0592093735702388,0,NA,NA,NA
"United States","Government expenditure on health",1976,NA,42154703870,NA,NA,NA,NA,NA,9.99214178364504,2.2575916246951,10.5307302623883,NA,NA,NA,NA,NA,69282170480,NA,3.71040082024294,NA,NA,NA,12.9587736653608,38289466600,2.05058916738639
"United States","Government expenditure on health",1975,NA,36584084690,NA,NA,NA,NA,NA,9.32457465520003,2.18541678173421,10.0888485569125,NA,NA,NA,NA,NA,62154419770,NA,3.71290721567348,NA,NA,NA,12.6727788912413,35074335090,2.09522914577134
"United States","Government expenditure on health",1990,NA,191419188640,NA,NA,NA,NA,NA,14.0352118166311,3.21004823209307,13.7519872264107,NA,NA,NA,NA,NA,304738746380,NA,5.11038669120637,NA,NA,NA,16.3712693662552,159996557750,2.68309917618698
"United States","Government expenditure on health",1986,NA,130117985330,NA,NA,NA,NA,NA,11.784449528718,2.84123668051423,12.107998898052,NA,NA,NA,NA,NA,206434501580,NA,4.50767260594481,NA,NA,NA,14.791845580413,104014516250,2.27124527117395
"United States","Government expenditure on health",1978,NA,52999687410,NA,NA,NA,NA,NA,10.3680192003546,2.25492129352326,11.0878354880056,NA,NA,NA,NA,NA,87003528140,NA,3.70164651532492,NA,NA,NA,13.4815186821178,47010840730,2.00012020766195
"United States","Government expenditure on health",1974,NA,31066554420,NA,NA,NA,NA,NA,9.42050677880183,2.02170932763037,9.99599154659293,NA,NA,NA,NA,NA,52915656260,NA,3.44357711486835,NA,NA,NA,12.4347950733848,30113101840,1.95966176521391
"United States","Government expenditure on health",1988,NA,152304262640,NA,NA,NA,NA,NA,12.8062159817607,2.90855426440749,12.7732215634937,NA,NA,NA,NA,NA,241773673310,NA,4.61715145944036,NA,NA,NA,15.2657277328982,123480410670,2.35810520861084
"United Arab Emirates","Government expenditure on health",1991,NA,NA,NA,6.80745015739769,NA,1.038e+09,NA,NA,NA,NA,NA,NA,0.573546316706847,NA,NA,NA,NA,NA,NA,NA,NA,NA,NA,NA
"Uruguay","Government expenditure on health",1990,NA,1.14e+08,NA,8.65533230293663,NA,1.12e+08,2e+06,4.48995667585664,0.873764001112894,NA,NA,1.55038759689922,0.858434808110914,NA,0,NA,0,NA,NA,0.0153291930019806,0,NA,NA,NA
"United States","Government expenditure on health",1983,NA,100713784990,NA,NA,NA,NA,NA,11.2339652761825,2.77141145121456,11.9386670544292,NA,NA,NA,NA,NA,162153531510,NA,4.46209179931343,NA,NA,NA,15.1382909274549,82517746520,2.27069837219062
"United Arab Emirates","Government expenditure on health",1993,NA,NA,NA,7.32772461627384,NA,1.141e+09,NA,NA,NA,NA,NA,NA,0.596072385104925,NA,NA,NA,NA,NA,NA,NA,NA,NA,NA,NA
"United Arab Emirates","Government expenditure on health",1990,NA,NA,NA,6.89655172413793,NA,9.96e+08,NA,NA,NA,NA,NA,NA,0.53533378081256,NA,NA,NA,NA,NA,NA,NA,NA,NA,NA,NA
"United Arab Emirates","Government expenditure on health",1992,NA,NA,NA,6.73046047138912,NA,1.048e+09,NA,NA,NA,NA,NA,NA,0.549511046984485,NA,NA,NA,NA,NA,NA,NA,NA,NA,NA,NA
"United Kingdom","Government expenditure on health",1992,0,3.4904e+10,3.4904e+10,NA,0,NA,NA,13.345466502512,4.77565216439496,NA,0,NA,NA,4.77565216439496,NA,NA,NA,NA,13.345466502512,NA,NA,NA,NA,NA
"United Kingdom","Government expenditure on health",1993,0,3.7065e+10,3.7065e+10,NA,0,NA,NA,13.5968451944241,4.81454299835683,NA,0,NA,NA,4.81454299835683,NA,NA,NA,NA,13.5968451944241,NA,NA,NA,NA,NA
"United Kingdom","Government expenditure on health",1994,0,3.9146e+10,3.9146e+10,NA,0,NA,NA,13.7813280009576,4.82810676941369,NA,0,NA,NA,4.82810676941369,NA,NA,NA,NA,13.7813280009576,NA,NA,NA,NA,NA
"United Kingdom","Government expenditure on health",1990,0,2.7541e+10,2.7541e+10,NA,0,NA,NA,13.1925982343445,4.10571305476918,NA,0,NA,NA,4.10571305476918,NA,NA,NA,NA,13.1925982343445,NA,NA,NA,NA,NA
"United Kingdom","Government expenditure on health",1991,0,3.0943e+10,3.0943e+10,NA,0,NA,NA,13.2094480659469,4.38358143830998,NA,0,NA,NA,4.38358143830998,NA,NA,NA,NA,13.2094480659469,NA,NA,NA,NA,NA
"United Kingdom","Government expenditure on health",2014,0.171166498614239,1.38819e+11,1.38819e+11,18.6146083220584,3.188e+09,1.38819e+11,NA,18.6146083220584,7.45331310261292,17.3195011346337,1.61597729115977,NA,7.45331310261292,7.45331310261292,NA,1.39135e+11,NA,7.4702794180339,18.6146083220584,NA,NA,NA,NA,NA
"United States","Government expenditure on health",2015,NA,1.200277e+12,NA,NA,NA,NA,NA,29.2743561920608,6.56068324678874,24.129931770902,NA,NA,NA,NA,NA,1.667615e+12,NA,9.11514074883848,NA,NA,NA,24.5299263428758,8.35935e+11,4.5691992347636
"Uzbekistan","Government expenditure on health",2015,NA,941783576900,941783576900,3.41829713756519,NA,492515476900,449268100000,3.09973049179029,0.425470848615552,10.2494091051431,NA,11.0109663904558,0.222504387475836,0.425470848615552,0,5236043736500,0,2.36549460682871,5.42437258012534,0.202966461139716,0,22.2742279365433,4294260159600,1.94002375821316
"United Kingdom","Government expenditure on health",2015,0.189986595013387,1.44797e+11,1.44797e+11,19.2706288503794,3.641e+09,1.44797e+11,NA,19.2706288503794,7.55547624228326,17.7773704985221,1.81736504529686,NA,7.55547624228326,7.55547624228326,NA,1.44527e+11,NA,7.5413877004943,19.2706288503794,NA,NA,NA,NA,NA
"United Kingdom","Government expenditure on health",2016,0.20465494603707,1.49485e+11,1.49485e+11,19.7025992906353,4.076e+09,1.49485e+11,NA,19.7025992906353,7.5056046634817,18.1858218085556,2.04455279169739,NA,7.5056046634817,7.5056046634817,NA,1.50723e+11,NA,7.5677643355116,19.7025992906353,NA,NA,NA,NA,NA
"United States","Government expenditure on health",2016,NA,1.26028e+12,NA,NA,NA,NA,NA,29.6512889092585,6.70187025722019,24.4256344022555,NA,NA,NA,NA,NA,1.748011e+12,NA,9.29550808565853,NA,NA,NA,24.9048523124862,8.7902e+11,4.67441996500912
"Uzbekistan","Government expenditure on health",2017,NA,1168045475700,1168045475700,2.24242048082893,NA,681620890700,486424585000,2.28636552522444,0.367915721810846,9.84750937286778,NA,8.8000287156793,0.214699724642958,0.367915721810846,0,6785340864200,0,2.13727430457164,3.39540689337487,0.153215997167889,0,24.3729703190219,5617295388500,1.7693585827608
"Uzbekistan","Government expenditure on health",2016,NA,1039963987800,1039963987800,2.15565585303618,NA,509643234700,530320753100,2.50600339372268,0.407155433161125,10.2079672526451,NA,11.3049292791151,0.199529997592399,0.407155433161125,0,5835796944800,0,2.28476799271377,3.85507764074379,0.207625435568726,0,22.3231293364093,4795832957000,1.87761255955265
"United Kingdom","Government expenditure on health",2017,0.194527491714214,1.5371e+11,1.5371e+11,19.6401624775916,4.051e+09,1.5371e+11,NA,19.6401624775916,7.38109621115573,18.0118084969837,2.00877693204076,NA,7.38109621115573,7.38109621115573,NA,1.54363e+11,NA,7.41245302480405,19.6401624775916,NA,NA,NA,NA,NA
"United States","Government expenditure on health",2017,NA,1.306433e+12,NA,NA,NA,NA,NA,29.7650095451131,6.66136211828412,24.5461173990704,NA,NA,NA,NA,NA,1.818221e+12,NA,9.27091438448713,NA,NA,NA,24.7894393654227,9.03671e+11,4.60772176360512
"United States","Government expenditure on health",2018,NA,1.386225e+12,NA,NA,NA,NA,NA,29.8499733202641,6.71083350176276,24.6021590763117,NA,NA,NA,NA,NA,1.917123e+12,NA,9.28095601752957,NA,NA,NA,24.7768939723063,9.41019e+11,4.55555326948749
"United Kingdom","Government expenditure on health",2018,0.181340554122466,1.61353e+11,1.61353e+11,20.0228828692438,3.903e+09,1.61353e+11,NA,20.0228828692438,7.4967569637003,18.3849240193378,1.92235706686631,NA,7.4967569637003,7.4967569637003,NA,1.61889e+11,NA,7.52166050892439,20.0228828692438,NA,NA,NA,NA,NA
"United States","Government expenditure on health",2019,NA,1.489337e+12,NA,NA,NA,NA,NA,30.2113177754896,6.91429307601332,24.8192557261684,NA,NA,NA,NA,NA,2.044581e+12,NA,9.49203051535575,NA,NA,NA,24.843894463778,9.90458e+11,4.5982318920983
"Uzbekistan","Government expenditure on health",2018,NA,1981194876500,1981194876500,1.86097654878814,NA,976194876500,1.005e+12,2.48913377391931,0.464370457515854,9.36520363096552,NA,11.5417794271112,0.22880942546438,0.464370457515854,0,9411450107800,0,2.20594119452172,3.35393854657742,0.235561032051474,0,20.6812301642055,7430255231300,1.74157073700586
"United Kingdom","Government expenditure on health",2019,0.170999780207089,1.70519e+11,1.70519e+11,20.5065330984264,3.82e+09,1.70519e+11,NA,20.5065330984264,7.63317055527031,18.6979878411998,1.8228147695714,NA,7.63317055527031,7.63317055527031,NA,1.70759e+11,NA,7.64391399695871,20.5065330984264,NA,NA,NA,NA,NA
"United Kingdom","Government expenditure on health",2020,0.20456518369982,2.11612e+11,2.11612e+11,20.5231755194513,4.303e+09,2.11612e+11,NA,20.5231755194513,10.0600622015074,18.9875198547765,1.8769738104793,NA,10.0600622015074,10.0600622015074,NA,2.09195e+11,NA,9.94515770487657,20.5231755194513,NA,NA,NA,NA,NA
"Uzbekistan","Government expenditure on health",2022,NA,6316582842461.5,6316582842461.5,2.43545023982251,NA,5117680100761.5,1198902741700,2.40351202115261,0.704489854370702,9.63848309113235,NA,5.10045083808864,0.570775971568884,0.704489854370702,0,29036710247157.5,0,3.23847059139539,2.90540341526089,0.133713882801818,0,22.2265002446754,22720127404696,2.53398073702469
"Uzbekistan","Government expenditure on health",2019,NA,1323957181650,1323957181650,1.69934728091664,NA,1323957181650,0,1.26227582238207,0.248531282491559,9.20514885354544,NA,0,0.248531282491559,0.248531282491559,0,12890794966040,0,2.41984095078733,1.68923553880996,0,0,22.225241794149,11566837784390,2.17130966829578
"Uzbekistan","Government expenditure on health",2020,NA,2851226688980,2851226688980,2.32510633389748,NA,2694623488330,156603200650,2.02080288910416,0.470876387844461,11.504514265085,NA,3.14363424404513,0.445013572470306,0.470876387844461,0,19382055724940,0,3.20092135221445,2.41141025613341,0.0258628153741551,0,33.1061906113624,16530829035960,2.73004496436999
"Uzbekistan","Government expenditure on health",2021,NA,4920744703728,4920744703728,3.13122994643694,NA,4916226326580,4518377148,2.40675420257605,0.666383636924634,10.288259391274,NA,0.0387245756469849,0.66577174324224,0.666383636924634,0,22814776037928,0,3.08965295847542,2.94412715485434,0.0006118936823932,0,27.3074612704761,17894031334200,2.42326932155078
"United States","Government expenditure on health",2020,NA,1.718837e+12,NA,NA,NA,NA,NA,24.9941289490724,8.04920360820216,22.3927661502451,NA,NA,NA,NA,NA,2.250269e+12,NA,10.5378656348598,NA,NA,NA,25.6364564955413,1.058135e+12,4.95517844912868
"United Kingdom","Government expenditure on health",2022,0.183183530264864,2.2491e+11,2.2491e+11,20.7804183062818,4.628e+09,2.2491e+11,NA,20.7804183062818,8.90229208985968,19.2271984487785,2.00341116680952,NA,8.90229208985968,8.90229208985968,NA,2.24496e+11,NA,8.88590531770547,20.7804183062818,NA,NA,NA,NA,NA
"United States","Government expenditure on health",2021,NA,1.838546e+12,NA,NA,NA,NA,NA,24.8490678217286,7.76374483107363,23.0983302060808,NA,NA,NA,NA,NA,2.441366e+12,NA,10.3093110878155,NA,NA,NA,27.0022462267915,1.175549e+12,4.9640653388187
"United Kingdom","Government expenditure on health",2021,0.21663603745515,2.26202e+11,2.26202e+11,21.9935808869499,4.951e+09,2.26202e+11,NA,21.9935808869499,9.89769843353461,20.315788044585,2.1300670297805,NA,9.89769843353461,9.89769843353461,NA,2.2446e+11,NA,9.82147545287477,21.9935808869499,NA,NA,NA,NA,NA
"United States","Government expenditure on health",2022,NA,1.980507e+12,NA,NA,NA,NA,NA,31.3962872773119,7.61531362830633,26.3641206023029,NA,NA,NA,NA,NA,2.641547e+12,NA,10.1571006156059,NA,NA,NA,26.8659129626762,1.301049e+12,5.00270697391846
"Zambia","Government expenditure on health",2003,0.0043914119776318,NA,NA,11.0191945058644,1018890.051,506436669.95346,NA,NA,NA,NA,1.10570653590225,NA,2.18273998864046,NA,NA,NA,NA,NA,NA,NA,NA,NA,NA,NA
"Zambia","Government expenditure on health",2002,0.0060476772608257,NA,NA,7.90586304678837,1115618.022,251179901.17629,NA,NA,NA,NA,1.46568231767449,NA,1.36162642299113,NA,NA,NA,NA,NA,NA,NA,NA,NA,NA,NA
"Zambia","Government expenditure on health",2011,NA,NA,NA,6.80597124845564,NA,1783731433.22222,NA,NA,NA,NA,NA,NA,1.56426962973866,NA,NA,NA,NA,NA,NA,NA,NA,NA,NA,NA
"Zambia","Government expenditure on health",1995,NA,NA,NA,7.43642611683849,NA,54100000,NA,NA,NA,NA,NA,NA,1.64453352893768,NA,NA,NA,NA,NA,NA,NA,NA,NA,NA,NA
"Yemen, Rep.","Government expenditure on health",2010,NA,NA,NA,NA,NA,NA,NA,NA,NA,3.68096075730822,NA,NA,NA,NA,NA,7.6945e+10,NA,1.13374272322126,NA,NA,NA,NA,NA,NA
"Yemen, Rep.","Government expenditure on health",2009,NA,NA,NA,NA,NA,NA,NA,NA,NA,4.09530036546994,NA,NA,NA,NA,NA,7.4786e+10,NA,1.46708451252628,NA,NA,NA,NA,NA,NA
"Vanuatu","Government expenditure on health",1995,NA,5.98e+08,5.98e+08,10.3174603174603,NA,5.98e+08,0,7.9765239429105,2.13928533194051,NA,NA,0,2.13928533194051,2.13928533194051,NA,NA,NA,NA,7.9765239429105,0,NA,NA,NA,NA
"Zambia","Government expenditure on health",2012,NA,NA,NA,8.49160778076824,NA,2358789048.4,NA,NA,NA,NA,NA,NA,1.79687274815347,NA,NA,NA,NA,NA,NA,NA,NA,NA,NA,NA
"West Bank and Gaza","Government expenditure on health",2011,NA,NA,341609378.888023,10.170264702837,NA,341609378.888023,NA,NA,NA,NA,NA,NA,0.853483357994329,0.853483357994329,NA,NA,NA,NA,10.170264702837,NA,NA,NA,NA,NA
"Zambia","Government expenditure on health",2013,NA,NA,NA,4.75717490701207,NA,1603749422.3,NA,NA,NA,NA,NA,NA,1.05976417466421,NA,NA,NA,NA,NA,NA,NA,NA,NA,NA,NA
"West Bank and Gaza","Government expenditure on health",2013,NA,NA,340137119.1,9.66376052059212,NA,340137119.1,NA,NA,NA,NA,NA,NA,0.696985093499941,0.696985093499941,NA,NA,NA,NA,9.66376052059212,NA,NA,NA,NA,NA
"West Bank and Gaza","Government expenditure on health",2008,NA,NA,351245129.67,11.2901078118059,NA,351245129.67,NA,NA,NA,NA,NA,NA,1.33910357860087,1.33910357860087,NA,NA,NA,NA,11.2901078118059,NA,NA,NA,NA,NA
"Vanuatu","Government expenditure on health",1997,NA,6.55e+08,6.55e+08,10.1961394769614,NA,6.55e+08,0,9.32649864730172,2.07236623003925,NA,NA,0,2.07236623003925,2.07236623003925,NA,NA,NA,NA,9.32649864730172,0,NA,NA,NA,NA
"Yemen, Rep.","Government expenditure on health",2002,NA,NA,NA,NA,NA,NA,NA,NA,NA,4.24736595347214,NA,NA,NA,NA,NA,2.3373e+10,NA,1.24456405114571,NA,NA,NA,NA,NA,NA
"Yemen, Rep.","Government expenditure on health",2012,NA,NA,NA,NA,NA,NA,NA,NA,NA,4.62149729735889,NA,NA,NA,NA,NA,1.21666e+11,NA,1.60370664089919,NA,NA,NA,NA,NA,NA
"Yemen, Rep.","Government expenditure on health",1998,NA,NA,NA,3.89330907072936,NA,1.2067e+10,NA,NA,NA,NA,NA,NA,1.40460293515104,NA,NA,NA,NA,NA,NA,NA,NA,NA,NA,NA
"Yemen, Rep.","Government expenditure on health",2007,NA,NA,NA,NA,NA,NA,NA,NA,NA,3.42233460494487,NA,NA,NA,NA,NA,5.9335e+10,NA,1.37711807710292,NA,NA,NA,NA,NA,NA
"West Bank and Gaza","Government expenditure on health",2009,NA,NA,342337948.19,11.1862777723584,NA,342337948.19,NA,NA,NA,NA,NA,NA,1.07668052590214,1.07668052590214,NA,NA,NA,NA,11.1862777723584,NA,NA,NA,NA,NA
"Zambia","Government expenditure on health",2009,NA,NA,NA,7.85475768443387,NA,1089379021.56937,NA,NA,NA,NA,NA,NA,1.40840631766815,NA,NA,NA,NA,NA,NA,NA,NA,NA,NA,NA
"West Bank and Gaza","Government expenditure on health",2006,NA,NA,162040516.751972,7.01524956562735,NA,162040516.751972,NA,NA,NA,NA,NA,NA,0.679956857578419,0.679956857578419,NA,NA,NA,NA,7.01524956562735,NA,NA,NA,NA,NA
"Vanuatu","Government expenditure on health",1996,NA,4.61e+08,4.61e+08,7.04139300442951,NA,4.61e+08,0,6.33067838505905,1.5787422523794,NA,NA,0,1.5787422523794,1.5787422523794,NA,NA,NA,NA,6.33067838505905,0,NA,NA,NA,NA
"Zambia","Government expenditure on health",1997,NA,NA,NA,7.81059683313033,NA,102600000,NA,NA,NA,NA,NA,NA,1.81378986777913,NA,NA,NA,NA,NA,NA,NA,NA,NA,NA,NA
"West Bank and Gaza","Government expenditure on health",2005,NA,NA,161697196,8.39857992318352,NA,161697196,NA,NA,NA,NA,NA,NA,0.702951703960329,0.702951703960329,NA,NA,NA,NA,8.39857992318352,NA,NA,NA,NA,NA
"Zambia","Government expenditure on health",2005,0.0034607269439283,NA,NA,6.1965544338931,1287020.2104,586481456.950246,NA,NA,NA,NA,1.46783282620893,NA,1.57701655636883,NA,NA,NA,NA,NA,NA,NA,NA,NA,NA,NA
"West Bank and Gaza","Government expenditure on health",2014,NA,NA,512300000,13.243185596286,NA,512300000,NA,NA,NA,NA,NA,NA,1.02349263475373,1.02349263475373,NA,NA,NA,NA,13.243185596286,NA,NA,NA,NA,NA
"West Bank and Gaza","Government expenditure on health",2012,NA,NA,364060058.387013,11.1301258267335,NA,364060058.387013,NA,NA,NA,NA,NA,NA,0.773367760687785,0.773367760687785,NA,NA,NA,NA,11.1301258267335,NA,NA,NA,NA,NA
"West Bank and Gaza","Government expenditure on health",2010,NA,NA,351383719.79,11.3296678118467,NA,351383719.79,NA,NA,NA,NA,NA,NA,0.970703118600109,0.970703118600109,0,NA,0,NA,11.3296678118467,NA,0,NA,NA,NA
"Zambia","Government expenditure on health",1998,NA,NA,NA,11.4728321006348,NA,1.97e+08,NA,NA,NA,NA,NA,NA,2.99050342680886,NA,NA,NA,NA,NA,NA,NA,NA,NA,NA,NA
"Zambia","Government expenditure on health",1999,NA,NA,NA,13.2316064664141,NA,2.48e+08,NA,NA,NA,NA,NA,NA,3.0506192402163,NA,NA,NA,NA,NA,NA,NA,NA,NA,NA,NA
"Yemen, Rep.","Government expenditure on health",2003,NA,NA,NA,NA,NA,NA,NA,NA,NA,4.17471581392233,NA,NA,NA,NA,NA,2.9909e+10,NA,1.38428627497445,NA,NA,NA,NA,NA,NA
"Yemen, Rep.","Government expenditure on health",1996,NA,NA,NA,3.21918252695399,NA,6.945e+09,NA,NA,NA,NA,NA,NA,0.936404073526259,NA,NA,NA,NA,NA,NA,NA,NA,NA,NA,NA
"Yemen, Rep.","Government expenditure on health",2005,NA,NA,NA,NA,NA,NA,NA,NA,NA,4.3437272531969,NA,NA,NA,NA,NA,4.7919e+10,NA,1.49350117079596,NA,NA,NA,NA,NA,NA
"Yemen, Rep.","Government expenditure on health",1997,NA,NA,NA,3.31747752789339,NA,9.485e+09,NA,NA,NA,NA,NA,NA,1.07273080959792,NA,NA,NA,NA,NA,NA,NA,NA,NA,NA,NA
"Yemen, Rep.","Government expenditure on health",2006,NA,NA,NA,NA,NA,NA,NA,NA,NA,4.14539324090017,NA,NA,NA,NA,NA,5.5276e+10,NA,1.47009143684059,NA,NA,NA,NA,NA,NA
"Zambia","Government expenditure on health",2001,0.0050699710001048,NA,NA,7.48045291594099,749583.11419,175772130.866,NA,NA,NA,NA,1.23909354698993,NA,1.18887364089069,NA,NA,NA,NA,NA,NA,NA,NA,NA,NA,NA
"Yemen, Rep.","Government expenditure on health",2004,NA,NA,NA,NA,NA,NA,NA,NA,NA,5.56786703601108,NA,NA,NA,NA,NA,4.6029e+10,NA,1.79555995927427,NA,NA,NA,NA,NA,NA
"Zambia","Government expenditure on health",2008,NA,NA,NA,9.28743488307517,NA,1146529301.46863,NA,NA,NA,NA,NA,NA,1.70897520230106,NA,NA,NA,NA,NA,NA,NA,NA,NA,NA,NA
"Yemen, Rep.","Government expenditure on health",1995,NA,NA,NA,3.80732128716435,NA,4.231e+09,NA,NA,NA,NA,NA,NA,0.816398200103425,NA,NA,NA,NA,NA,NA,NA,NA,NA,NA,NA
"Zambia","Government expenditure on health",2004,0.0029494725353036,NA,NA,11.1455179837551,876875.475,649372000.279,NA,NA,NA,NA,0.834927879495335,NA,2.18423816679111,NA,NA,NA,NA,NA,NA,NA,NA,NA,NA,NA
"Yemen, Rep.","Government expenditure on health",1999,NA,NA,NA,4.40035789920889,NA,1.3672e+10,NA,NA,NA,NA,NA,NA,1.14904564161912,NA,NA,NA,NA,NA,NA,NA,NA,NA,NA,NA
"Yemen, Rep.","Government expenditure on health",2011,NA,NA,NA,NA,NA,NA,NA,NA,NA,5.99766704289629,NA,NA,NA,NA,NA,1.07924e+11,NA,1.54245272059982,NA,NA,NA,NA,NA,NA
"West Bank and Gaza","Government expenditure on health",2007,NA,NA,218256449.2,9.71318452709427,NA,218256449.2,NA,NA,NA,NA,NA,NA,0.913536461302747,0.913536461302747,NA,NA,NA,NA,9.71318452709427,NA,NA,NA,NA,NA
"Zambia","Government expenditure on health",2014,NA,NA,NA,5.48719348715678,NA,2242841262.21,NA,NA,NA,NA,NA,NA,1.34259664386471,NA,NA,NA,NA,NA,NA,NA,NA,NA,NA,NA
"Zambia","Government expenditure on health",2007,NA,NA,NA,8.15947546768497,NA,932138271.48911,NA,NA,NA,NA,NA,NA,1.65675256673578,NA,NA,NA,NA,NA,NA,NA,NA,NA,NA,NA
"Zambia","Government expenditure on health",1990,NA,NA,NA,6.07649628984249,NA,1876100,NA,NA,NA,NA,NA,NA,1.51636231023306,NA,NA,NA,NA,NA,NA,NA,NA,NA,NA,NA
"Zambia","Government expenditure on health",2006,NA,NA,NA,9.04657167447643,NA,662200000,NA,NA,NA,NA,NA,NA,1.44068524803728,NA,NA,NA,NA,NA,NA,NA,NA,NA,NA,NA
"Zambia","Government expenditure on health",1994,NA,NA,NA,10.1787891101178,NA,50100000,NA,NA,NA,NA,NA,NA,2.04676933248624,NA,NA,NA,NA,NA,NA,NA,NA,NA,NA,NA
"Vanuatu","Government expenditure on health",1990,NA,513300000,513300000,11.7261751862317,NA,456500000,56800000,7.57783781389787,2.59653589649411,NA,NA,1.97174297913702,2.30921222822825,2.59653589649411,NA,NA,NA,NA,7.57783781389787,0.287323668265859,NA,NA,NA,NA
"Zambia","Government expenditure on health",1993,NA,NA,NA,5.16037386350766,NA,20183600,NA,NA,NA,NA,NA,NA,1.24629151882153,NA,NA,NA,NA,NA,NA,NA,NA,NA,NA,NA
"Zambia","Government expenditure on health",1992,NA,NA,NA,4.69464485316533,NA,8038800,NA,NA,NA,NA,NA,NA,1.2916753215763,NA,NA,NA,NA,NA,NA,NA,NA,NA,NA,NA
"Yemen, Rep.","Government expenditure on health",1991,NA,NA,NA,4.43415707899335,NA,1.954e+09,NA,NA,NA,NA,NA,NA,1.10939522630754,NA,NA,NA,NA,NA,NA,NA,NA,NA,NA,NA
"Zambia","Government expenditure on health",1991,NA,NA,NA,3.49481090864927,NA,4460200,NA,NA,NA,NA,NA,NA,1.87004056265514,NA,NA,NA,NA,NA,NA,NA,NA,NA,NA,NA
"Yemen, Rep.","Government expenditure on health",1994,NA,NA,NA,3.4806404657933,NA,2.989e+09,NA,NA,NA,NA,NA,NA,0.88822456123668,NA,NA,NA,NA,NA,NA,NA,NA,NA,NA,NA
"Zambia","Government expenditure on health",1996,NA,NA,NA,8.55583244333689,NA,72100000,NA,NA,NA,NA,NA,NA,1.65934682905093,NA,NA,NA,NA,NA,NA,NA,NA,NA,NA,NA
"Yemen, Rep.","Government expenditure on health",1993,NA,NA,NA,4.680674973562,NA,3.054e+09,NA,NA,NA,NA,NA,NA,1.16985049356659,NA,NA,NA,NA,NA,NA,NA,NA,NA,NA,NA
"Zambia","Government expenditure on health",2010,NA,NA,NA,7.20525269574379,NA,1279991764.6366,NA,NA,NA,NA,NA,NA,1.31664836947136,NA,NA,NA,NA,NA,NA,NA,NA,NA,NA,NA
"Yemen, Rep.","Government expenditure on health",1990,NA,NA,NA,4.08888131162447,NA,1.439e+09,NA,NA,NA,NA,NA,NA,0.972573297827762,NA,NA,NA,NA,NA,NA,NA,NA,NA,NA,NA
"Yemen, Rep.","Government expenditure on health",1992,NA,NA,NA,4.08036756126021,NA,2.238e+09,NA,NA,NA,NA,NA,NA,1.03759063850305,NA,NA,NA,NA,NA,NA,NA,NA,NA,NA,NA
"Yemen, Rep.","Government expenditure on health",2008,NA,NA,NA,NA,NA,NA,NA,NA,NA,3.15029349375414,NA,NA,NA,NA,NA,7.0172e+10,NA,1.30532530355776,NA,NA,NA,NA,NA,NA
"Viet Nam","Government expenditure on health",1996,NA,NA,NA,4.39027492884288,NA,2.761e+12,NA,NA,NA,NA,NA,NA,0.79933944723064,NA,NA,NA,NA,NA,NA,NA,NA,NA,NA,NA
"West Bank and Gaza","Government expenditure on health",2015,NA,NA,487245525.776862,12.9211089774563,NA,487245525.776862,NA,NA,NA,NA,NA,NA,0.897182783689115,0.897182783689115,NA,NA,NA,NA,12.9211089774563,NA,NA,NA,NA,NA
"Zambia","Government expenditure on health",2015,NA,NA,NA,4.54573713007845,NA,2357536426.91,NA,NA,NA,NA,NA,NA,1.28559420113398,NA,NA,NA,NA,NA,NA,NA,NA,NA,NA,NA
"Viet Nam","Government expenditure on health",1998,NA,NA,NA,4.17330663724649,NA,3.064e+12,NA,NA,NA,NA,NA,NA,0.668426301819336,NA,NA,NA,NA,NA,NA,NA,NA,NA,NA,NA
"Viet Nam","Government expenditure on health",1995,NA,NA,NA,4.37267581380864,NA,2.387e+12,NA,NA,NA,NA,NA,NA,0.821321184219714,NA,NA,NA,NA,NA,NA,NA,NA,NA,NA,NA
"Zambia","Government expenditure on health",2018,NA,NA,NA,5.85307584196838,NA,4707885214.2,NA,NA,NA,NA,NA,NA,1.71087260319406,NA,NA,NA,NA,NA,NA,NA,NA,NA,NA,NA
"Zambia","Government expenditure on health",2016,NA,NA,NA,7.06340845423998,NA,3895781156.69,NA,NA,NA,NA,NA,NA,1.80278382194004,NA,NA,NA,NA,NA,NA,NA,NA,NA,NA,NA
"Zambia","Government expenditure on health",2017,NA,NA,NA,9.74916834592119,NA,6013553423.17,NA,NA,NA,NA,NA,NA,2.44203451466481,NA,NA,NA,NA,NA,NA,NA,NA,NA,NA,NA
"Viet Nam","Government expenditure on health",1999,NA,NA,NA,3.6749708195291,NA,3.117e+12,NA,NA,NA,NA,NA,NA,0.613805828164281,NA,NA,NA,NA,NA,NA,NA,NA,NA,NA,NA
"Zambia","Government expenditure on health",2019,NA,NA,NA,5.3912315376188,NA,4664578961.98,NA,NA,NA,NA,NA,NA,1.55253743209562,NA,NA,NA,NA,NA,NA,NA,NA,NA,NA,NA
"Zambia","Government expenditure on health",2020,NA,NA,NA,8.09145328439308,NA,7119573463.28,NA,NA,NA,NA,NA,NA,2.14300890592471,NA,NA,NA,NA,NA,NA,NA,NA,NA,NA,NA
"West Bank and Gaza","Government expenditure on health",2016,NA,NA,360453708.655527,8.77321857893287,NA,360453708.655527,NA,NA,NA,NA,NA,NA,0.609229901646942,0.609229901646942,NA,NA,NA,NA,8.77321857893287,NA,NA,NA,NA,NA
"West Bank and Gaza","Government expenditure on health",2017,NA,NA,629276296.093075,14.004315526552,NA,629276296.093075,NA,NA,NA,NA,NA,NA,1.08395680978497,1.08395680978497,NA,NA,NA,NA,14.004315526552,NA,NA,NA,NA,NA
"Viet Nam","Government expenditure on health",2000,NA,NA,NA,3.34751965565045,NA,3.453e+12,NA,NA,NA,NA,NA,NA,0.615762868305539,NA,NA,NA,NA,NA,NA,NA,NA,NA,NA,NA
"Viet Nam","Government expenditure on health",1994,NA,NA,NA,4.20109730153398,NA,1.876e+12,NA,NA,NA,NA,NA,NA,0.82756691206121,NA,NA,NA,NA,NA,NA,NA,NA,NA,NA,NA
"Zambia","Government expenditure on health",2021,NA,NA,NA,7.16044989674883,NA,8586346735.52,NA,NA,NA,NA,NA,NA,2.01245011230422,NA,NA,NA,NA,NA,NA,NA,NA,NA,NA,NA
"West Bank and Gaza","Government expenditure on health",2018,NA,NA,520395961.870898,12.4192094671043,NA,520395961.870898,NA,NA,NA,NA,NA,NA,0.89044739003854,0.89044739003854,NA,NA,NA,NA,12.4192094671043,NA,NA,NA,NA,NA
"Viet Nam","Government expenditure on health",1997,NA,NA,NA,4.28698638850019,NA,3.033e+12,NA,NA,NA,NA,NA,NA,0.761650488725896,NA,NA,NA,NA,NA,NA,NA,NA,NA,NA,NA
"West Bank and Gaza","Government expenditure on health",2019,NA,NA,588244656.527467,13.5459755983035,NA,588244656.527467,NA,NA,NA,NA,NA,NA,0.963185533297971,0.963185533297971,NA,NA,NA,NA,13.5459755983035,NA,NA,NA,NA,NA
"West Bank and Gaza","Government expenditure on health",2020,NA,NA,606489270.7934,12.9742821304971,NA,606489270.7934,NA,NA,NA,NA,NA,NA,1.1343368937654,1.1343368937654,NA,NA,NA,NA,12.9742821304971,NA,NA,NA,NA,NA
"West Bank and Gaza","Government expenditure on health",2021,NA,NA,660848566.851008,13.6523830647165,NA,660848566.851008,NA,NA,NA,NA,NA,NA,1.13426172047523,1.13426172047523,NA,NA,NA,NA,13.6523830647165,NA,NA,NA,NA,NA
"Zimbabwe","Government expenditure on health",1993,NA,909600000,909600000,NA,NA,NA,NA,7.34122660468269,12.016776559045,NA,NA,NA,NA,12.016776559045,NA,NA,NA,NA,7.34122660468269,NA,NA,NA,NA,NA
"Zimbabwe","Government expenditure on health",1994,NA,1250300000,1250300000,NA,NA,NA,NA,8.60004264597649,15.7089353772165,NA,NA,NA,NA,15.7089353772165,NA,NA,NA,NA,8.60004264597649,NA,NA,NA,NA,NA
"Zimbabwe","Government expenditure on health",1995,NA,1468500000,1468500000,NA,NA,NA,NA,6.67515170799336,17.7723772837807,NA,NA,NA,NA,17.7723772837807,NA,NA,NA,NA,6.67515170799336,NA,NA,NA,NA,NA
"Zimbabwe","Government expenditure on health",1996,NA,1963900000,1963900000,NA,NA,NA,NA,6.61441773993641,19.4110758760096,NA,NA,NA,NA,19.4110758760096,NA,NA,NA,NA,6.61441773993641,NA,NA,NA,NA,NA
"Zimbabwe","Government expenditure on health",1997,NA,2957400000,2957400000,NA,NA,NA,NA,8.11260094803371,28.4755572636028,NA,NA,NA,NA,28.4755572636028,NA,NA,NA,NA,8.11260094803371,NA,NA,NA,NA,NA
"Zimbabwe","Government expenditure on health",1990,0.762048258452657,NA,NA,NA,77300000,NA,NA,NA,NA,NA,8.42782381160052,NA,NA,NA,NA,NA,NA,NA,NA,NA,NA,NA,NA,NA
"Zimbabwe","Government expenditure on health",1991,1.02330221413032,NA,NA,NA,96700000,NA,NA,NA,NA,NA,7.4816247582205,NA,NA,NA,NA,NA,NA,NA,NA,NA,NA,NA,NA,NA
